fit_group_id,sample_id,experiment_id,curve_id,observation_id,time,time_unit,response,response_unit,concentration,concentration_unit,phase,association_start,dissociation_start
SS,S,E,SS0,SS0-0,0.0,s,0.05092827131295131,RU,1e-10,M,association,0,2000
SS,S,E,SS0,SS0-1,10.045226130653266,s,-0.002517863894118358,RU,1e-10,M,association,0,2000
SS,S,E,SS0,SS0-2,20.09045226130653,s,0.2004628926979865,RU,1e-10,M,association,0,2000
SS,S,E,SS0,SS0-3,30.135678391959797,s,0.18770762996847976,RU,1e-10,M,association,0,2000
SS,S,E,SS0,SS0-4,40.18090452261306,s,0.28336153104380957,RU,1e-10,M,association,0,2000
SS,S,E,SS0,SS0-5,50.226130653266324,s,0.4161705550787911,RU,1e-10,M,association,0,2000
SS,S,E,SS0,SS0-6,60.27135678391959,s,0.5158830628665203,RU,1e-10,M,association,0,2000
SS,S,E,SS0,SS0-7,70.31658291457286,s,0.6143424396460612,RU,1e-10,M,association,0,2000
SS,S,E,SS0,SS0-8,80.36180904522612,s,0.4861968014826127,RU,1e-10,M,association,0,2000
SS,S,E,SS0,SS0-9,90.40703517587939,s,0.6575567451223513,RU,1e-10,M,association,0,2000
SS,S,E,SS0,SS0-10,100.45226130653265,s,0.6297748768390508,RU,1e-10,M,association,0,2000
SS,S,E,SS0,SS0-11,110.49748743718592,s,0.5755652846725511,RU,1e-10,M,association,0,2000
SS,S,E,SS0,SS0-12,120.54271356783919,s,0.7245809933067523,RU,1e-10,M,association,0,2000
SS,S,E,SS0,SS0-13,130.58793969849245,s,0.6816455964485791,RU,1e-10,M,association,0,2000
SS,S,E,SS0,SS0-14,140.63316582914572,s,0.7811380236678678,RU,1e-10,M,association,0,2000
SS,S,E,SS0,SS0-15,150.67839195979897,s,0.7402735249810021,RU,1e-10,M,association,0,2000
SS,S,E,SS0,SS0-16,160.72361809045225,s,0.8542432452191422,RU,1e-10,M,association,0,2000
SS,S,E,SS0,SS0-17,170.76884422110552,s,0.7497950938363853,RU,1e-10,M,association,0,2000
SS,S,E,SS0,SS0-18,180.81407035175877,s,0.8269893694433617,RU,1e-10,M,association,0,2000
SS,S,E,SS0,SS0-19,190.85929648241205,s,0.809335143645745,RU,1e-10,M,association,0,2000
SS,S,E,SS0,SS0-20,200.9045226130653,s,0.8791407886402687,RU,1e-10,M,association,0,2000
SS,S,E,SS0,SS0-21,210.94974874371857,s,0.8001836266415504,RU,1e-10,M,association,0,2000
SS,S,E,SS0,SS0-22,220.99497487437185,s,0.8664255761118548,RU,1e-10,M,association,0,2000
SS,S,E,SS0,SS0-23,231.0402010050251,s,0.941449196467721,RU,1e-10,M,association,0,2000
SS,S,E,SS0,SS0-24,241.08542713567837,s,1.0240343195578838,RU,1e-10,M,association,0,2000
SS,S,E,SS0,SS0-25,251.13065326633165,s,0.9592581081854119,RU,1e-10,M,association,0,2000
SS,S,E,SS0,SS0-26,261.1758793969849,s,1.0364972512066604,RU,1e-10,M,association,0,2000
SS,S,E,SS0,SS0-27,271.22110552763814,s,0.9374922725308515,RU,1e-10,M,association,0,2000
SS,S,E,SS0,SS0-28,281.26633165829145,s,0.9652840054539651,RU,1e-10,M,association,0,2000
SS,S,E,SS0,SS0-29,291.3115577889447,s,1.0908568591876542,RU,1e-10,M,association,0,2000
SS,S,E,SS0,SS0-30,301.35678391959794,s,1.0474512499055786,RU,1e-10,M,association,0,2000
SS,S,E,SS0,SS0-31,311.40201005025125,s,0.8786862556702709,RU,1e-10,M,association,0,2000
SS,S,E,SS0,SS0-32,321.4472361809045,s,1.0255878531550169,RU,1e-10,M,association,0,2000
SS,S,E,SS0,SS0-33,331.49246231155774,s,1.0412601421397594,RU,1e-10,M,association,0,2000
SS,S,E,SS0,SS0-34,341.53768844221105,s,0.8581790545305358,RU,1e-10,M,association,0,2000
SS,S,E,SS0,SS0-35,351.5829145728643,s,0.9865042802561652,RU,1e-10,M,association,0,2000
SS,S,E,SS0,SS0-36,361.62814070351754,s,1.0638995057066458,RU,1e-10,M,association,0,2000
SS,S,E,SS0,SS0-37,371.67336683417085,s,0.9870578706962445,RU,1e-10,M,association,0,2000
SS,S,E,SS0,SS0-38,381.7185929648241,s,0.9517298077062861,RU,1e-10,M,association,0,2000
SS,S,E,SS0,SS0-39,391.76381909547734,s,0.8451276222770141,RU,1e-10,M,association,0,2000
SS,S,E,SS0,SS0-40,401.8090452261306,s,1.027565700274238,RU,1e-10,M,association,0,2000
SS,S,E,SS0,SS0-41,411.8542713567839,s,0.8221638118797745,RU,1e-10,M,association,0,2000
SS,S,E,SS0,SS0-42,421.89949748743715,s,1.0745840754568035,RU,1e-10,M,association,0,2000
SS,S,E,SS0,SS0-43,431.9447236180904,s,1.0213990211892496,RU,1e-10,M,association,0,2000
SS,S,E,SS0,SS0-44,441.9899497487437,s,0.742166618534372,RU,1e-10,M,association,0,2000
SS,S,E,SS0,SS0-45,452.03517587939695,s,0.9063958495452773,RU,1e-10,M,association,0,2000
SS,S,E,SS0,SS0-46,462.0804020100502,s,1.0707880271197758,RU,1e-10,M,association,0,2000
SS,S,E,SS0,SS0-47,472.1256281407035,s,1.0224041053758226,RU,1e-10,M,association,0,2000
SS,S,E,SS0,SS0-48,482.17085427135675,s,0.8627425019193573,RU,1e-10,M,association,0,2000
SS,S,E,SS0,SS0-49,492.21608040201,s,0.9369638346089966,RU,1e-10,M,association,0,2000
SS,S,E,SS0,SS0-50,502.2613065326633,s,1.0361986416876308,RU,1e-10,M,association,0,2000
SS,S,E,SS0,SS0-51,512.3065326633165,s,0.832100673391898,RU,1e-10,M,association,0,2000
SS,S,E,SS0,SS0-52,522.3517587939698,s,0.8690879495293501,RU,1e-10,M,association,0,2000
SS,S,E,SS0,SS0-53,532.3969849246231,s,1.014311358753355,RU,1e-10,M,association,0,2000
SS,S,E,SS0,SS0-54,542.4422110552763,s,0.9597826950309741,RU,1e-10,M,association,0,2000
SS,S,E,SS0,SS0-55,552.4874371859296,s,0.8841677803645297,RU,1e-10,M,association,0,2000
SS,S,E,SS0,SS0-56,562.5326633165829,s,0.993476324188842,RU,1e-10,M,association,0,2000
SS,S,E,SS0,SS0-57,572.5778894472361,s,0.9960637155384857,RU,1e-10,M,association,0,2000
SS,S,E,SS0,SS0-58,582.6231155778894,s,1.0310328928810917,RU,1e-10,M,association,0,2000
SS,S,E,SS0,SS0-59,592.6683417085427,s,1.073553581477171,RU,1e-10,M,association,0,2000
SS,S,E,SS0,SS0-60,602.7135678391959,s,0.8458969092079904,RU,1e-10,M,association,0,2000
SS,S,E,SS0,SS0-61,612.7587939698492,s,0.8765158097211776,RU,1e-10,M,association,0,2000
SS,S,E,SS0,SS0-62,622.8040201005025,s,1.0453387484921426,RU,1e-10,M,association,0,2000
SS,S,E,SS0,SS0-63,632.8492462311557,s,0.9743172395051715,RU,1e-10,M,association,0,2000
SS,S,E,SS0,SS0-64,642.894472361809,s,0.9991802034255471,RU,1e-10,M,association,0,2000
SS,S,E,SS0,SS0-65,652.9396984924623,s,1.0172114531883967,RU,1e-10,M,association,0,2000
SS,S,E,SS0,SS0-66,662.9849246231155,s,1.006650785704482,RU,1e-10,M,association,0,2000
SS,S,E,SS0,SS0-67,673.0301507537688,s,0.9717743397100097,RU,1e-10,M,association,0,2000
SS,S,E,SS0,SS0-68,683.0753768844221,s,0.9763646654157379,RU,1e-10,M,association,0,2000
SS,S,E,SS0,SS0-69,693.1206030150753,s,1.0848139502775835,RU,1e-10,M,association,0,2000
SS,S,E,SS0,SS0-70,703.1658291457286,s,1.0428990764922277,RU,1e-10,M,association,0,2000
SS,S,E,SS0,SS0-71,713.2110552763819,s,1.112772207346882,RU,1e-10,M,association,0,2000
SS,S,E,SS0,SS0-72,723.2562814070351,s,0.9968835855735914,RU,1e-10,M,association,0,2000
SS,S,E,SS0,SS0-73,733.3015075376884,s,0.9983617091107548,RU,1e-10,M,association,0,2000
SS,S,E,SS0,SS0-74,743.3467336683417,s,1.066952710917045,RU,1e-10,M,association,0,2000
SS,S,E,SS0,SS0-75,753.3919597989949,s,1.0886331238741904,RU,1e-10,M,association,0,2000
SS,S,E,SS0,SS0-76,763.4371859296482,s,0.9540604987403605,RU,1e-10,M,association,0,2000
SS,S,E,SS0,SS0-77,773.4824120603015,s,1.0924037577251555,RU,1e-10,M,association,0,2000
SS,S,E,SS0,SS0-78,783.5276381909547,s,0.9711587371344175,RU,1e-10,M,association,0,2000
SS,S,E,SS0,SS0-79,793.572864321608,s,0.8100727331471063,RU,1e-10,M,association,0,2000
SS,S,E,SS0,SS0-80,803.6180904522612,s,0.7584519006992549,RU,1e-10,M,association,0,2000
SS,S,E,SS0,SS0-81,813.6633165829145,s,1.0224147621280915,RU,1e-10,M,association,0,2000
SS,S,E,SS0,SS0-82,823.7085427135678,s,0.9690788396266447,RU,1e-10,M,association,0,2000
SS,S,E,SS0,SS0-83,833.753768844221,s,0.8596440241061346,RU,1e-10,M,association,0,2000
SS,S,E,SS0,SS0-84,843.7989949748743,s,1.0155358751404506,RU,1e-10,M,association,0,2000
SS,S,E,SS0,SS0-85,853.8442211055276,s,0.9391774089914565,RU,1e-10,M,association,0,2000
SS,S,E,SS0,SS0-86,863.8894472361808,s,0.9644022743606427,RU,1e-10,M,association,0,2000
SS,S,E,SS0,SS0-87,873.9346733668341,s,0.8566359896649073,RU,1e-10,M,association,0,2000
SS,S,E,SS0,SS0-88,883.9798994974874,s,0.8828081976849552,RU,1e-10,M,association,0,2000
SS,S,E,SS0,SS0-89,894.0251256281406,s,0.9080508063057808,RU,1e-10,M,association,0,2000
SS,S,E,SS0,SS0-90,904.0703517587939,s,0.8991212642672496,RU,1e-10,M,association,0,2000
SS,S,E,SS0,SS0-91,914.1155778894472,s,0.936236962451017,RU,1e-10,M,association,0,2000
SS,S,E,SS0,SS0-92,924.1608040201004,s,0.8242684435672649,RU,1e-10,M,association,0,2000
SS,S,E,SS0,SS0-93,934.2060301507537,s,1.05292865896864,RU,1e-10,M,association,0,2000
SS,S,E,SS0,SS0-94,944.251256281407,s,1.0974581667663288,RU,1e-10,M,association,0,2000
SS,S,E,SS0,SS0-95,954.2964824120602,s,1.0449925681218237,RU,1e-10,M,association,0,2000
SS,S,E,SS0,SS0-96,964.3417085427135,s,1.0570154914534902,RU,1e-10,M,association,0,2000
SS,S,E,SS0,SS0-97,974.3869346733668,s,0.9043044486490353,RU,1e-10,M,association,0,2000
SS,S,E,SS0,SS0-98,984.43216080402,s,0.8057233729110035,RU,1e-10,M,association,0,2000
SS,S,E,SS0,SS0-99,994.4773869346733,s,1.018288418646645,RU,1e-10,M,association,0,2000
SS,S,E,SS0,SS0-100,1004.5226130653266,s,1.1228638257929402,RU,1e-10,M,association,0,2000
SS,S,E,SS0,SS0-101,1014.5678391959798,s,1.0185020966114184,RU,1e-10,M,association,0,2000
SS,S,E,SS0,SS0-102,1024.613065326633,s,1.2196976013712586,RU,1e-10,M,association,0,2000
SS,S,E,SS0,SS0-103,1034.6582914572864,s,1.0751167439296239,RU,1e-10,M,association,0,2000
SS,S,E,SS0,SS0-104,1044.7035175879396,s,1.0323192307072842,RU,1e-10,M,association,0,2000
SS,S,E,SS0,SS0-105,1054.7487437185928,s,0.9743765926851156,RU,1e-10,M,association,0,2000
SS,S,E,SS0,SS0-106,1064.7939698492462,s,0.9251414179704944,RU,1e-10,M,association,0,2000
SS,S,E,SS0,SS0-107,1074.8391959798994,s,0.8535860018364412,RU,1e-10,M,association,0,2000
SS,S,E,SS0,SS0-108,1084.8844221105526,s,1.0485695192981186,RU,1e-10,M,association,0,2000
SS,S,E,SS0,SS0-109,1094.929648241206,s,0.9319451349432037,RU,1e-10,M,association,0,2000
SS,S,E,SS0,SS0-110,1104.9748743718592,s,1.0432431808829272,RU,1e-10,M,association,0,2000
SS,S,E,SS0,SS0-111,1115.0201005025124,s,1.0451915356365427,RU,1e-10,M,association,0,2000
SS,S,E,SS0,SS0-112,1125.0653266331658,s,1.0418364818145425,RU,1e-10,M,association,0,2000
SS,S,E,SS0,SS0-113,1135.110552763819,s,0.9550464704782033,RU,1e-10,M,association,0,2000
SS,S,E,SS0,SS0-114,1145.1557788944722,s,1.0946257451294386,RU,1e-10,M,association,0,2000
SS,S,E,SS0,SS0-115,1155.2010050251256,s,1.0662474131597535,RU,1e-10,M,association,0,2000
SS,S,E,SS0,SS0-116,1165.2462311557788,s,0.9917613889458909,RU,1e-10,M,association,0,2000
SS,S,E,SS0,SS0-117,1175.291457286432,s,1.034351904901011,RU,1e-10,M,association,0,2000
SS,S,E,SS0,SS0-118,1185.3366834170854,s,0.9580005109216181,RU,1e-10,M,association,0,2000
SS,S,E,SS0,SS0-119,1195.3819095477386,s,1.0261384414827337,RU,1e-10,M,association,0,2000
SS,S,E,SS0,SS0-120,1205.4271356783918,s,1.0499589024414135,RU,1e-10,M,association,0,2000
SS,S,E,SS0,SS0-121,1215.4723618090452,s,1.0272396143985687,RU,1e-10,M,association,0,2000
SS,S,E,SS0,SS0-122,1225.5175879396984,s,0.9963863748177793,RU,1e-10,M,association,0,2000
SS,S,E,SS0,SS0-123,1235.5628140703516,s,0.9703947333169761,RU,1e-10,M,association,0,2000
SS,S,E,SS0,SS0-124,1245.608040201005,s,1.1861940837193063,RU,1e-10,M,association,0,2000
SS,S,E,SS0,SS0-125,1255.6532663316582,s,0.996975153233671,RU,1e-10,M,association,0,2000
SS,S,E,SS0,SS0-126,1265.6984924623114,s,1.0897900910389617,RU,1e-10,M,association,0,2000
SS,S,E,SS0,SS0-127,1275.7437185929648,s,0.9535570116057375,RU,1e-10,M,association,0,2000
SS,S,E,SS0,SS0-128,1285.788944723618,s,0.9959927666510981,RU,1e-10,M,association,0,2000
SS,S,E,SS0,SS0-129,1295.8341708542712,s,0.9744566696567005,RU,1e-10,M,association,0,2000
SS,S,E,SS0,SS0-130,1305.8793969849246,s,0.7665842860483681,RU,1e-10,M,association,0,2000
SS,S,E,SS0,SS0-131,1315.9246231155778,s,1.045231225901878,RU,1e-10,M,association,0,2000
SS,S,E,SS0,SS0-132,1325.969849246231,s,1.1157638537677936,RU,1e-10,M,association,0,2000
SS,S,E,SS0,SS0-133,1336.0150753768844,s,0.8818514608897197,RU,1e-10,M,association,0,2000
SS,S,E,SS0,SS0-134,1346.0603015075376,s,0.9692198700268709,RU,1e-10,M,association,0,2000
SS,S,E,SS0,SS0-135,1356.1055276381908,s,1.0680015189540457,RU,1e-10,M,association,0,2000
SS,S,E,SS0,SS0-136,1366.1507537688442,s,1.025763889122175,RU,1e-10,M,association,0,2000
SS,S,E,SS0,SS0-137,1376.1959798994974,s,1.0399829823261135,RU,1e-10,M,association,0,2000
SS,S,E,SS0,SS0-138,1386.2412060301506,s,0.9732956998669984,RU,1e-10,M,association,0,2000
SS,S,E,SS0,SS0-139,1396.286432160804,s,1.0301247261151238,RU,1e-10,M,association,0,2000
SS,S,E,SS0,SS0-140,1406.3316582914572,s,0.9189497896680778,RU,1e-10,M,association,0,2000
SS,S,E,SS0,SS0-141,1416.3768844221104,s,1.0230266276964004,RU,1e-10,M,association,0,2000
SS,S,E,SS0,SS0-142,1426.4221105527638,s,0.9810158814629799,RU,1e-10,M,association,0,2000
SS,S,E,SS0,SS0-143,1436.467336683417,s,0.7911816597954265,RU,1e-10,M,association,0,2000
SS,S,E,SS0,SS0-144,1446.5125628140702,s,1.0103569495815927,RU,1e-10,M,association,0,2000
SS,S,E,SS0,SS0-145,1456.5577889447236,s,0.9537168051997915,RU,1e-10,M,association,0,2000
SS,S,E,SS0,SS0-146,1466.6030150753768,s,0.9161026129785889,RU,1e-10,M,association,0,2000
SS,S,E,SS0,SS0-147,1476.64824120603,s,0.9154829227489237,RU,1e-10,M,association,0,2000
SS,S,E,SS0,SS0-148,1486.6934673366834,s,0.8985977673702351,RU,1e-10,M,association,0,2000
SS,S,E,SS0,SS0-149,1496.7386934673366,s,0.9634442024303795,RU,1e-10,M,association,0,2000
SS,S,E,SS0,SS0-150,1506.7839195979898,s,0.9346392515011955,RU,1e-10,M,association,0,2000
SS,S,E,SS0,SS0-151,1516.8291457286432,s,1.0144814526350137,RU,1e-10,M,association,0,2000
SS,S,E,SS0,SS0-152,1526.8743718592964,s,1.0986473257997198,RU,1e-10,M,association,0,2000
SS,S,E,SS0,SS0-153,1536.9195979899496,s,0.9428045022990769,RU,1e-10,M,association,0,2000
SS,S,E,SS0,SS0-154,1546.964824120603,s,1.0376387682060286,RU,1e-10,M,association,0,2000
SS,S,E,SS0,SS0-155,1557.0100502512562,s,0.9051171218976403,RU,1e-10,M,association,0,2000
SS,S,E,SS0,SS0-156,1567.0552763819094,s,1.0213319512455232,RU,1e-10,M,association,0,2000
SS,S,E,SS0,SS0-157,1577.1005025125628,s,1.0258270435507166,RU,1e-10,M,association,0,2000
SS,S,E,SS0,SS0-158,1587.145728643216,s,0.9745485933054556,RU,1e-10,M,association,0,2000
SS,S,E,SS0,SS0-159,1597.1909547738692,s,0.8847788677287174,RU,1e-10,M,association,0,2000
SS,S,E,SS0,SS0-160,1607.2361809045224,s,1.0620310137920783,RU,1e-10,M,association,0,2000
SS,S,E,SS0,SS0-161,1617.2814070351758,s,1.0667045471505707,RU,1e-10,M,association,0,2000
SS,S,E,SS0,SS0-162,1627.326633165829,s,1.105226928722833,RU,1e-10,M,association,0,2000
SS,S,E,SS0,SS0-163,1637.3718592964822,s,1.0733720676951122,RU,1e-10,M,association,0,2000
SS,S,E,SS0,SS0-164,1647.4170854271356,s,0.8632961475710239,RU,1e-10,M,association,0,2000
SS,S,E,SS0,SS0-165,1657.4623115577888,s,0.9488418636346145,RU,1e-10,M,association,0,2000
SS,S,E,SS0,SS0-166,1667.507537688442,s,0.9185319356402919,RU,1e-10,M,association,0,2000
SS,S,E,SS0,SS0-167,1677.5527638190954,s,0.97653620093477,RU,1e-10,M,association,0,2000
SS,S,E,SS0,SS0-168,1687.5979899497486,s,1.0248357741241905,RU,1e-10,M,association,0,2000
SS,S,E,SS0,SS0-169,1697.6432160804018,s,0.9787319639334976,RU,1e-10,M,association,0,2000
SS,S,E,SS0,SS0-170,1707.6884422110552,s,0.9962337229289887,RU,1e-10,M,association,0,2000
SS,S,E,SS0,SS0-171,1717.7336683417084,s,1.0017352035599052,RU,1e-10,M,association,0,2000
SS,S,E,SS0,SS0-172,1727.7788944723616,s,0.9577271788277697,RU,1e-10,M,association,0,2000
SS,S,E,SS0,SS0-173,1737.824120603015,s,0.9171621305508744,RU,1e-10,M,association,0,2000
SS,S,E,SS0,SS0-174,1747.8693467336682,s,1.0523650439435333,RU,1e-10,M,association,0,2000
SS,S,E,SS0,SS0-175,1757.9145728643214,s,0.9696045562318303,RU,1e-10,M,association,0,2000
SS,S,E,SS0,SS0-176,1767.9597989949748,s,0.9332504073934502,RU,1e-10,M,association,0,2000
SS,S,E,SS0,SS0-177,1778.005025125628,s,0.940683441769295,RU,1e-10,M,association,0,2000
SS,S,E,SS0,SS0-178,1788.0502512562812,s,1.043396524456346,RU,1e-10,M,association,0,2000
SS,S,E,SS0,SS0-179,1798.0954773869346,s,0.8349099108188738,RU,1e-10,M,association,0,2000
SS,S,E,SS0,SS0-180,1808.1407035175878,s,0.9908809985178139,RU,1e-10,M,association,0,2000
SS,S,E,SS0,SS0-181,1818.185929648241,s,0.9480781058492083,RU,1e-10,M,association,0,2000
SS,S,E,SS0,SS0-182,1828.2311557788944,s,0.7393124842331837,RU,1e-10,M,association,0,2000
SS,S,E,SS0,SS0-183,1838.2763819095476,s,0.9753897524575776,RU,1e-10,M,association,0,2000
SS,S,E,SS0,SS0-184,1848.3216080402008,s,0.974280429011732,RU,1e-10,M,association,0,2000
SS,S,E,SS0,SS0-185,1858.3668341708542,s,0.9090842196725943,RU,1e-10,M,association,0,2000
SS,S,E,SS0,SS0-186,1868.4120603015074,s,0.9655070220026307,RU,1e-10,M,association,0,2000
SS,S,E,SS0,SS0-187,1878.4572864321606,s,0.9254490095603369,RU,1e-10,M,association,0,2000
SS,S,E,SS0,SS0-188,1888.502512562814,s,0.9852083423908694,RU,1e-10,M,association,0,2000
SS,S,E,SS0,SS0-189,1898.5477386934672,s,1.0403094510556237,RU,1e-10,M,association,0,2000
SS,S,E,SS0,SS0-190,1908.5929648241204,s,0.905576082356261,RU,1e-10,M,association,0,2000
SS,S,E,SS0,SS0-191,1918.6381909547738,s,0.9437143527736064,RU,1e-10,M,association,0,2000
SS,S,E,SS0,SS0-192,1928.683417085427,s,1.0649487300571319,RU,1e-10,M,association,0,2000
SS,S,E,SS0,SS0-193,1938.7286432160802,s,0.9029367044848898,RU,1e-10,M,association,0,2000
SS,S,E,SS0,SS0-194,1948.7738693467336,s,0.8740200756405231,RU,1e-10,M,association,0,2000
SS,S,E,SS0,SS0-195,1958.8190954773868,s,0.9142501904646688,RU,1e-10,M,association,0,2000
SS,S,E,SS0,SS0-196,1968.86432160804,s,1.0220246456337732,RU,1e-10,M,association,0,2000
SS,S,E,SS0,SS0-197,1978.9095477386934,s,0.9621417652061851,RU,1e-10,M,association,0,2000
SS,S,E,SS0,SS0-198,1988.9547738693466,s,0.8775490736471354,RU,1e-10,M,association,0,2000
SS,S,E,SS0,SS0-199,1999.0,s,1.0708382045102756,RU,1e-10,M,association,0,2000
SS,S,E,SS0,SS0-200,2000.0,s,1.0002927636375991,RU,1e-10,M,dissociation,0,2000
SS,S,E,SS0,SS0-201,2004.040404040404,s,0.9069360844782892,RU,1e-10,M,dissociation,0,2000
SS,S,E,SS0,SS0-202,2008.080808080808,s,0.9061779146333104,RU,1e-10,M,dissociation,0,2000
SS,S,E,SS0,SS0-203,2012.121212121212,s,0.9477999072838571,RU,1e-10,M,dissociation,0,2000
SS,S,E,SS0,SS0-204,2016.1616161616162,s,0.8861561109130958,RU,1e-10,M,dissociation,0,2000
SS,S,E,SS0,SS0-205,2020.20202020202,s,0.6838043297692832,RU,1e-10,M,dissociation,0,2000
SS,S,E,SS0,SS0-206,2024.2424242424242,s,0.7849084133898817,RU,1e-10,M,dissociation,0,2000
SS,S,E,SS0,SS0-207,2028.2828282828282,s,0.683410404555061,RU,1e-10,M,dissociation,0,2000
SS,S,E,SS0,SS0-208,2032.3232323232323,s,0.7038280978409419,RU,1e-10,M,dissociation,0,2000
SS,S,E,SS0,SS0-209,2036.3636363636363,s,0.6417719296568459,RU,1e-10,M,dissociation,0,2000
SS,S,E,SS0,SS0-210,2040.4040404040404,s,0.7155039001946942,RU,1e-10,M,dissociation,0,2000
SS,S,E,SS0,SS0-211,2044.4444444444443,s,0.630244749485225,RU,1e-10,M,dissociation,0,2000
SS,S,E,SS0,SS0-212,2048.4848484848485,s,0.6196986489747001,RU,1e-10,M,dissociation,0,2000
SS,S,E,SS0,SS0-213,2052.5252525252527,s,0.5388885653420605,RU,1e-10,M,dissociation,0,2000
SS,S,E,SS0,SS0-214,2056.5656565656564,s,0.6633161379255295,RU,1e-10,M,dissociation,0,2000
SS,S,E,SS0,SS0-215,2060.6060606060605,s,0.598464178213765,RU,1e-10,M,dissociation,0,2000
SS,S,E,SS0,SS0-216,2064.6464646464647,s,0.4366010842721599,RU,1e-10,M,dissociation,0,2000
SS,S,E,SS0,SS0-217,2068.686868686869,s,0.431128511359431,RU,1e-10,M,dissociation,0,2000
SS,S,E,SS0,SS0-218,2072.7272727272725,s,0.5499499435163682,RU,1e-10,M,dissociation,0,2000
SS,S,E,SS0,SS0-219,2076.7676767676767,s,0.5141467100564108,RU,1e-10,M,dissociation,0,2000
SS,S,E,SS0,SS0-220,2080.808080808081,s,0.4242841771824397,RU,1e-10,M,dissociation,0,2000
SS,S,E,SS0,SS0-221,2084.848484848485,s,0.353705198239624,RU,1e-10,M,dissociation,0,2000
SS,S,E,SS0,SS0-222,2088.8888888888887,s,0.4289508678451007,RU,1e-10,M,dissociation,0,2000
SS,S,E,SS0,SS0-223,2092.929292929293,s,0.42955539146466676,RU,1e-10,M,dissociation,0,2000
SS,S,E,SS0,SS0-224,2096.969696969697,s,0.30525331058527394,RU,1e-10,M,dissociation,0,2000
SS,S,E,SS0,SS0-225,2101.010101010101,s,0.3128195659969376,RU,1e-10,M,dissociation,0,2000
SS,S,E,SS0,SS0-226,2105.050505050505,s,0.3460176905047936,RU,1e-10,M,dissociation,0,2000
SS,S,E,SS0,SS0-227,2109.090909090909,s,0.32359573159497995,RU,1e-10,M,dissociation,0,2000
SS,S,E,SS0,SS0-228,2113.131313131313,s,0.22174239039224627,RU,1e-10,M,dissociation,0,2000
SS,S,E,SS0,SS0-229,2117.1717171717173,s,0.27367479377352516,RU,1e-10,M,dissociation,0,2000
SS,S,E,SS0,SS0-230,2121.212121212121,s,0.2468270054751145,RU,1e-10,M,dissociation,0,2000
SS,S,E,SS0,SS0-231,2125.252525252525,s,0.1607868918988492,RU,1e-10,M,dissociation,0,2000
SS,S,E,SS0,SS0-232,2129.2929292929293,s,0.33702201160125217,RU,1e-10,M,dissociation,0,2000
SS,S,E,SS0,SS0-233,2133.3333333333335,s,0.35231770040070576,RU,1e-10,M,dissociation,0,2000
SS,S,E,SS0,SS0-234,2137.373737373737,s,0.2185329796709887,RU,1e-10,M,dissociation,0,2000
SS,S,E,SS0,SS0-235,2141.4141414141413,s,0.11037698491458972,RU,1e-10,M,dissociation,0,2000
SS,S,E,SS0,SS0-236,2145.4545454545455,s,0.17140791936680383,RU,1e-10,M,dissociation,0,2000
SS,S,E,SS0,SS0-237,2149.4949494949497,s,0.09527685311930453,RU,1e-10,M,dissociation,0,2000
SS,S,E,SS0,SS0-238,2153.5353535353534,s,0.12276866254487424,RU,1e-10,M,dissociation,0,2000
SS,S,E,SS0,SS0-239,2157.5757575757575,s,0.2901069197322718,RU,1e-10,M,dissociation,0,2000
SS,S,E,SS0,SS0-240,2161.6161616161617,s,0.24886778190836845,RU,1e-10,M,dissociation,0,2000
SS,S,E,SS0,SS0-241,2165.656565656566,s,0.2341286972122347,RU,1e-10,M,dissociation,0,2000
SS,S,E,SS0,SS0-242,2169.6969696969695,s,0.2540144507768246,RU,1e-10,M,dissociation,0,2000
SS,S,E,SS0,SS0-243,2173.7373737373737,s,0.14748929836309865,RU,1e-10,M,dissociation,0,2000
SS,S,E,SS0,SS0-244,2177.777777777778,s,0.2202751429402533,RU,1e-10,M,dissociation,0,2000
SS,S,E,SS0,SS0-245,2181.818181818182,s,0.07215623134025909,RU,1e-10,M,dissociation,0,2000
SS,S,E,SS0,SS0-246,2185.8585858585857,s,0.12458619712226793,RU,1e-10,M,dissociation,0,2000
SS,S,E,SS0,SS0-247,2189.89898989899,s,0.14373611048235138,RU,1e-10,M,dissociation,0,2000
SS,S,E,SS0,SS0-248,2193.939393939394,s,0.15185444524992772,RU,1e-10,M,dissociation,0,2000
SS,S,E,SS0,SS0-249,2197.979797979798,s,0.17213192020491325,RU,1e-10,M,dissociation,0,2000
SS,S,E,SS0,SS0-250,2202.020202020202,s,0.21475613228159524,RU,1e-10,M,dissociation,0,2000
SS,S,E,SS0,SS0-251,2206.060606060606,s,0.08447794711668047,RU,1e-10,M,dissociation,0,2000
SS,S,E,SS0,SS0-252,2210.10101010101,s,0.2052520044868471,RU,1e-10,M,dissociation,0,2000
SS,S,E,SS0,SS0-253,2214.1414141414143,s,0.03252336681773038,RU,1e-10,M,dissociation,0,2000
SS,S,E,SS0,SS0-254,2218.181818181818,s,0.23151231782280807,RU,1e-10,M,dissociation,0,2000
SS,S,E,SS0,SS0-255,2222.222222222222,s,-0.005505997437885032,RU,1e-10,M,dissociation,0,2000
SS,S,E,SS0,SS0-256,2226.2626262626263,s,0.2046818301815102,RU,1e-10,M,dissociation,0,2000
SS,S,E,SS0,SS0-257,2230.3030303030305,s,0.08522735900307969,RU,1e-10,M,dissociation,0,2000
SS,S,E,SS0,SS0-258,2234.343434343434,s,0.12961376936942934,RU,1e-10,M,dissociation,0,2000
SS,S,E,SS0,SS0-259,2238.3838383838383,s,0.13818772213430353,RU,1e-10,M,dissociation,0,2000
SS,S,E,SS0,SS0-260,2242.4242424242425,s,0.036842565909134546,RU,1e-10,M,dissociation,0,2000
SS,S,E,SS0,SS0-261,2246.4646464646466,s,0.00931237613886729,RU,1e-10,M,dissociation,0,2000
SS,S,E,SS0,SS0-262,2250.5050505050503,s,0.09912565189135579,RU,1e-10,M,dissociation,0,2000
SS,S,E,SS0,SS0-263,2254.5454545454545,s,-0.07165506121543729,RU,1e-10,M,dissociation,0,2000
SS,S,E,SS0,SS0-264,2258.5858585858587,s,0.01722497013200195,RU,1e-10,M,dissociation,0,2000
SS,S,E,SS0,SS0-265,2262.626262626263,s,0.07673260397619283,RU,1e-10,M,dissociation,0,2000
SS,S,E,SS0,SS0-266,2266.6666666666665,s,0.05532530538832537,RU,1e-10,M,dissociation,0,2000
SS,S,E,SS0,SS0-267,2270.7070707070707,s,0.02180882251407222,RU,1e-10,M,dissociation,0,2000
SS,S,E,SS0,SS0-268,2274.747474747475,s,-0.07029086098120575,RU,1e-10,M,dissociation,0,2000
SS,S,E,SS0,SS0-269,2278.787878787879,s,0.17459615323204727,RU,1e-10,M,dissociation,0,2000
SS,S,E,SS0,SS0-270,2282.8282828282827,s,0.15978625546360453,RU,1e-10,M,dissociation,0,2000
SS,S,E,SS0,SS0-271,2286.868686868687,s,-0.12737389123366247,RU,1e-10,M,dissociation,0,2000
SS,S,E,SS0,SS0-272,2290.909090909091,s,-0.019759749725023555,RU,1e-10,M,dissociation,0,2000
SS,S,E,SS0,SS0-273,2294.949494949495,s,0.013280178392435386,RU,1e-10,M,dissociation,0,2000
SS,S,E,SS0,SS0-274,2298.989898989899,s,-0.008753981406134079,RU,1e-10,M,dissociation,0,2000
SS,S,E,SS0,SS0-275,2303.030303030303,s,0.0978248452477209,RU,1e-10,M,dissociation,0,2000
SS,S,E,SS0,SS0-276,2307.070707070707,s,0.09476328966514626,RU,1e-10,M,dissociation,0,2000
SS,S,E,SS0,SS0-277,2311.1111111111113,s,0.06545825728851631,RU,1e-10,M,dissociation,0,2000
SS,S,E,SS0,SS0-278,2315.151515151515,s,-0.09880467017565463,RU,1e-10,M,dissociation,0,2000
SS,S,E,SS0,SS0-279,2319.191919191919,s,0.05310635622901838,RU,1e-10,M,dissociation,0,2000
SS,S,E,SS0,SS0-280,2323.2323232323233,s,0.01728069948930673,RU,1e-10,M,dissociation,0,2000
SS,S,E,SS0,SS0-281,2327.2727272727275,s,-0.008519522822996436,RU,1e-10,M,dissociation,0,2000
SS,S,E,SS0,SS0-282,2331.313131313131,s,0.06339343016182467,RU,1e-10,M,dissociation,0,2000
SS,S,E,SS0,SS0-283,2335.3535353535353,s,0.1371657299350892,RU,1e-10,M,dissociation,0,2000
SS,S,E,SS0,SS0-284,2339.3939393939395,s,0.02087097402181764,RU,1e-10,M,dissociation,0,2000
SS,S,E,SS0,SS0-285,2343.4343434343436,s,0.015908381462124456,RU,1e-10,M,dissociation,0,2000
SS,S,E,SS0,SS0-286,2347.4747474747473,s,0.08690344593037772,RU,1e-10,M,dissociation,0,2000
SS,S,E,SS0,SS0-287,2351.5151515151515,s,-0.031194855055563787,RU,1e-10,M,dissociation,0,2000
SS,S,E,SS0,SS0-288,2355.5555555555557,s,0.06910952030367128,RU,1e-10,M,dissociation,0,2000
SS,S,E,SS0,SS0-289,2359.59595959596,s,0.023434411157858864,RU,1e-10,M,dissociation,0,2000
SS,S,E,SS0,SS0-290,2363.6363636363635,s,-0.04642570864041383,RU,1e-10,M,dissociation,0,2000
SS,S,E,SS0,SS0-291,2367.6767676767677,s,0.06152521680921828,RU,1e-10,M,dissociation,0,2000
SS,S,E,SS0,SS0-292,2371.717171717172,s,0.017102743907439225,RU,1e-10,M,dissociation,0,2000
SS,S,E,SS0,SS0-293,2375.757575757576,s,0.08571173484047159,RU,1e-10,M,dissociation,0,2000
SS,S,E,SS0,SS0-294,2379.7979797979797,s,0.050098768696259253,RU,1e-10,M,dissociation,0,2000
SS,S,E,SS0,SS0-295,2383.838383838384,s,0.057783241550414664,RU,1e-10,M,dissociation,0,2000
SS,S,E,SS0,SS0-296,2387.878787878788,s,-0.0074518626215928155,RU,1e-10,M,dissociation,0,2000
SS,S,E,SS0,SS0-297,2391.9191919191917,s,-0.08996282517676038,RU,1e-10,M,dissociation,0,2000
SS,S,E,SS0,SS0-298,2395.959595959596,s,0.0106182032166184,RU,1e-10,M,dissociation,0,2000
SS,S,E,SS0,SS0-299,2400.0,s,0.04091120370742386,RU,1e-10,M,dissociation,0,2000
SS,S,E,SS1,SS1-0,0.0,s,-0.19074290497535396,RU,2.6826957952797273e-10,M,association,0,2000
SS,S,E,SS1,SS1-1,10.045226130653266,s,0.3865454035219383,RU,2.6826957952797273e-10,M,association,0,2000
SS,S,E,SS1,SS1-2,20.09045226130653,s,0.5920966073028273,RU,2.6826957952797273e-10,M,association,0,2000
SS,S,E,SS1,SS1-3,30.135678391959797,s,0.536088694001311,RU,2.6826957952797273e-10,M,association,0,2000
SS,S,E,SS1,SS1-4,40.18090452261306,s,0.8925158518914452,RU,2.6826957952797273e-10,M,association,0,2000
SS,S,E,SS1,SS1-5,50.226130653266324,s,1.1348594059539365,RU,2.6826957952797273e-10,M,association,0,2000
SS,S,E,SS1,SS1-6,60.27135678391959,s,1.2795718179690818,RU,2.6826957952797273e-10,M,association,0,2000
SS,S,E,SS1,SS1-7,70.31658291457286,s,1.3810819071311302,RU,2.6826957952797273e-10,M,association,0,2000
SS,S,E,SS1,SS1-8,80.36180904522612,s,1.60116821580578,RU,2.6826957952797273e-10,M,association,0,2000
SS,S,E,SS1,SS1-9,90.40703517587939,s,1.5705130591444554,RU,2.6826957952797273e-10,M,association,0,2000
SS,S,E,SS1,SS1-10,100.45226130653265,s,1.4896263873691398,RU,2.6826957952797273e-10,M,association,0,2000
SS,S,E,SS1,SS1-11,110.49748743718592,s,1.7489403572553406,RU,2.6826957952797273e-10,M,association,0,2000
SS,S,E,SS1,SS1-12,120.54271356783919,s,1.9191458272643511,RU,2.6826957952797273e-10,M,association,0,2000
SS,S,E,SS1,SS1-13,130.58793969849245,s,1.9697444475483201,RU,2.6826957952797273e-10,M,association,0,2000
SS,S,E,SS1,SS1-14,140.63316582914572,s,2.012993978101967,RU,2.6826957952797273e-10,M,association,0,2000
SS,S,E,SS1,SS1-15,150.67839195979897,s,2.091531699417649,RU,2.6826957952797273e-10,M,association,0,2000
SS,S,E,SS1,SS1-16,160.72361809045225,s,1.955628328730419,RU,2.6826957952797273e-10,M,association,0,2000
SS,S,E,SS1,SS1-17,170.76884422110552,s,2.2345135888417236,RU,2.6826957952797273e-10,M,association,0,2000
SS,S,E,SS1,SS1-18,180.81407035175877,s,2.2367390929017015,RU,2.6826957952797273e-10,M,association,0,2000
SS,S,E,SS1,SS1-19,190.85929648241205,s,2.283406452730892,RU,2.6826957952797273e-10,M,association,0,2000
SS,S,E,SS1,SS1-20,200.9045226130653,s,2.166493773219211,RU,2.6826957952797273e-10,M,association,0,2000
SS,S,E,SS1,SS1-21,210.94974874371857,s,2.3177866252171238,RU,2.6826957952797273e-10,M,association,0,2000
SS,S,E,SS1,SS1-22,220.99497487437185,s,2.3332440749442145,RU,2.6826957952797273e-10,M,association,0,2000
SS,S,E,SS1,SS1-23,231.0402010050251,s,2.2024349244884283,RU,2.6826957952797273e-10,M,association,0,2000
SS,S,E,SS1,SS1-24,241.08542713567837,s,2.5274718698670036,RU,2.6826957952797273e-10,M,association,0,2000
SS,S,E,SS1,SS1-25,251.13065326633165,s,2.467597414099025,RU,2.6826957952797273e-10,M,association,0,2000
SS,S,E,SS1,SS1-26,261.1758793969849,s,2.356898114617157,RU,2.6826957952797273e-10,M,association,0,2000
SS,S,E,SS1,SS1-27,271.22110552763814,s,2.412190026347153,RU,2.6826957952797273e-10,M,association,0,2000
SS,S,E,SS1,SS1-28,281.26633165829145,s,2.5958313524019787,RU,2.6826957952797273e-10,M,association,0,2000
SS,S,E,SS1,SS1-29,291.3115577889447,s,2.5269380861304276,RU,2.6826957952797273e-10,M,association,0,2000
SS,S,E,SS1,SS1-30,301.35678391959794,s,2.386072117445894,RU,2.6826957952797273e-10,M,association,0,2000
SS,S,E,SS1,SS1-31,311.40201005025125,s,2.5216362398335175,RU,2.6826957952797273e-10,M,association,0,2000
SS,S,E,SS1,SS1-32,321.4472361809045,s,2.4794935263928233,RU,2.6826957952797273e-10,M,association,0,2000
SS,S,E,SS1,SS1-33,331.49246231155774,s,2.5986804998935886,RU,2.6826957952797273e-10,M,association,0,2000
SS,S,E,SS1,SS1-34,341.53768844221105,s,2.4115020032675445,RU,2.6826957952797273e-10,M,association,0,2000
SS,S,E,SS1,SS1-35,351.5829145728643,s,2.5721127042854808,RU,2.6826957952797273e-10,M,association,0,2000
SS,S,E,SS1,SS1-36,361.62814070351754,s,2.5890332275311336,RU,2.6826957952797273e-10,M,association,0,2000
SS,S,E,SS1,SS1-37,371.67336683417085,s,2.6085419329187705,RU,2.6826957952797273e-10,M,association,0,2000
SS,S,E,SS1,SS1-38,381.7185929648241,s,2.5184949060605657,RU,2.6826957952797273e-10,M,association,0,2000
SS,S,E,SS1,SS1-39,391.76381909547734,s,2.6148530665758627,RU,2.6826957952797273e-10,M,association,0,2000
SS,S,E,SS1,SS1-40,401.8090452261306,s,2.6019431982387013,RU,2.6826957952797273e-10,M,association,0,2000
SS,S,E,SS1,SS1-41,411.8542713567839,s,2.5107171567627016,RU,2.6826957952797273e-10,M,association,0,2000
SS,S,E,SS1,SS1-42,421.89949748743715,s,2.4759911753295567,RU,2.6826957952797273e-10,M,association,0,2000
SS,S,E,SS1,SS1-43,431.9447236180904,s,2.54389829444802,RU,2.6826957952797273e-10,M,association,0,2000
SS,S,E,SS1,SS1-44,441.9899497487437,s,2.612001928030011,RU,2.6826957952797273e-10,M,association,0,2000
SS,S,E,SS1,SS1-45,452.03517587939695,s,2.6412173521940416,RU,2.6826957952797273e-10,M,association,0,2000
SS,S,E,SS1,SS1-46,462.0804020100502,s,2.5288711601176423,RU,2.6826957952797273e-10,M,association,0,2000
SS,S,E,SS1,SS1-47,472.1256281407035,s,2.597791109108898,RU,2.6826957952797273e-10,M,association,0,2000
SS,S,E,SS1,SS1-48,482.17085427135675,s,2.6409600721668336,RU,2.6826957952797273e-10,M,association,0,2000
SS,S,E,SS1,SS1-49,492.21608040201,s,2.5285168537710896,RU,2.6826957952797273e-10,M,association,0,2000
SS,S,E,SS1,SS1-50,502.2613065326633,s,2.6173566556482237,RU,2.6826957952797273e-10,M,association,0,2000
SS,S,E,SS1,SS1-51,512.3065326633165,s,2.5115817538657983,RU,2.6826957952797273e-10,M,association,0,2000
SS,S,E,SS1,SS1-52,522.3517587939698,s,2.561508895260431,RU,2.6826957952797273e-10,M,association,0,2000
SS,S,E,SS1,SS1-53,532.3969849246231,s,2.5661055810443503,RU,2.6826957952797273e-10,M,association,0,2000
SS,S,E,SS1,SS1-54,542.4422110552763,s,2.604309580679893,RU,2.6826957952797273e-10,M,association,0,2000
SS,S,E,SS1,SS1-55,552.4874371859296,s,2.471204409514941,RU,2.6826957952797273e-10,M,association,0,2000
SS,S,E,SS1,SS1-56,562.5326633165829,s,2.4949610399388717,RU,2.6826957952797273e-10,M,association,0,2000
SS,S,E,SS1,SS1-57,572.5778894472361,s,2.7206117845850413,RU,2.6826957952797273e-10,M,association,0,2000
SS,S,E,SS1,SS1-58,582.6231155778894,s,2.660233542216769,RU,2.6826957952797273e-10,M,association,0,2000
SS,S,E,SS1,SS1-59,592.6683417085427,s,2.517967755036843,RU,2.6826957952797273e-10,M,association,0,2000
SS,S,E,SS1,SS1-60,602.7135678391959,s,2.608892486621325,RU,2.6826957952797273e-10,M,association,0,2000
SS,S,E,SS1,SS1-61,612.7587939698492,s,2.5013750668427943,RU,2.6826957952797273e-10,M,association,0,2000
SS,S,E,SS1,SS1-62,622.8040201005025,s,2.4887684285300846,RU,2.6826957952797273e-10,M,association,0,2000
SS,S,E,SS1,SS1-63,632.8492462311557,s,2.6104142875465706,RU,2.6826957952797273e-10,M,association,0,2000
SS,S,E,SS1,SS1-64,642.894472361809,s,2.495041325470299,RU,2.6826957952797273e-10,M,association,0,2000
SS,S,E,SS1,SS1-65,652.9396984924623,s,2.5706125796404615,RU,2.6826957952797273e-10,M,association,0,2000
SS,S,E,SS1,SS1-66,662.9849246231155,s,2.6807521015288187,RU,2.6826957952797273e-10,M,association,0,2000
SS,S,E,SS1,SS1-67,673.0301507537688,s,2.5191067284230253,RU,2.6826957952797273e-10,M,association,0,2000
SS,S,E,SS1,SS1-68,683.0753768844221,s,2.616567966027031,RU,2.6826957952797273e-10,M,association,0,2000
SS,S,E,SS1,SS1-69,693.1206030150753,s,2.7258224182710675,RU,2.6826957952797273e-10,M,association,0,2000
SS,S,E,SS1,SS1-70,703.1658291457286,s,2.6159969181265543,RU,2.6826957952797273e-10,M,association,0,2000
SS,S,E,SS1,SS1-71,713.2110552763819,s,2.611155534096869,RU,2.6826957952797273e-10,M,association,0,2000
SS,S,E,SS1,SS1-72,723.2562814070351,s,2.6948600443246824,RU,2.6826957952797273e-10,M,association,0,2000
SS,S,E,SS1,SS1-73,733.3015075376884,s,2.5673994032001235,RU,2.6826957952797273e-10,M,association,0,2000
SS,S,E,SS1,SS1-74,743.3467336683417,s,2.823271910011244,RU,2.6826957952797273e-10,M,association,0,2000
SS,S,E,SS1,SS1-75,753.3919597989949,s,2.735609312923623,RU,2.6826957952797273e-10,M,association,0,2000
SS,S,E,SS1,SS1-76,763.4371859296482,s,2.5510598323624154,RU,2.6826957952797273e-10,M,association,0,2000
SS,S,E,SS1,SS1-77,773.4824120603015,s,2.5609100053209826,RU,2.6826957952797273e-10,M,association,0,2000
SS,S,E,SS1,SS1-78,783.5276381909547,s,2.6245056670977878,RU,2.6826957952797273e-10,M,association,0,2000
SS,S,E,SS1,SS1-79,793.572864321608,s,2.68971690789675,RU,2.6826957952797273e-10,M,association,0,2000
SS,S,E,SS1,SS1-80,803.6180904522612,s,2.5763330763631695,RU,2.6826957952797273e-10,M,association,0,2000
SS,S,E,SS1,SS1-81,813.6633165829145,s,2.690719264646995,RU,2.6826957952797273e-10,M,association,0,2000
SS,S,E,SS1,SS1-82,823.7085427135678,s,2.6575782823109932,RU,2.6826957952797273e-10,M,association,0,2000
SS,S,E,SS1,SS1-83,833.753768844221,s,2.653526296142348,RU,2.6826957952797273e-10,M,association,0,2000
SS,S,E,SS1,SS1-84,843.7989949748743,s,2.6119743043617887,RU,2.6826957952797273e-10,M,association,0,2000
SS,S,E,SS1,SS1-85,853.8442211055276,s,2.6008373646044882,RU,2.6826957952797273e-10,M,association,0,2000
SS,S,E,SS1,SS1-86,863.8894472361808,s,2.5617348360351437,RU,2.6826957952797273e-10,M,association,0,2000
SS,S,E,SS1,SS1-87,873.9346733668341,s,2.487380579457671,RU,2.6826957952797273e-10,M,association,0,2000
SS,S,E,SS1,SS1-88,883.9798994974874,s,2.679027691482813,RU,2.6826957952797273e-10,M,association,0,2000
SS,S,E,SS1,SS1-89,894.0251256281406,s,2.549804843616599,RU,2.6826957952797273e-10,M,association,0,2000
SS,S,E,SS1,SS1-90,904.0703517587939,s,2.5840882194977657,RU,2.6826957952797273e-10,M,association,0,2000
SS,S,E,SS1,SS1-91,914.1155778894472,s,2.611131593012434,RU,2.6826957952797273e-10,M,association,0,2000
SS,S,E,SS1,SS1-92,924.1608040201004,s,2.527169365184124,RU,2.6826957952797273e-10,M,association,0,2000
SS,S,E,SS1,SS1-93,934.2060301507537,s,2.4608348578115606,RU,2.6826957952797273e-10,M,association,0,2000
SS,S,E,SS1,SS1-94,944.251256281407,s,2.546907064144329,RU,2.6826957952797273e-10,M,association,0,2000
SS,S,E,SS1,SS1-95,954.2964824120602,s,2.550522100342419,RU,2.6826957952797273e-10,M,association,0,2000
SS,S,E,SS1,SS1-96,964.3417085427135,s,2.681625428205592,RU,2.6826957952797273e-10,M,association,0,2000
SS,S,E,SS1,SS1-97,974.3869346733668,s,2.5817108800393505,RU,2.6826957952797273e-10,M,association,0,2000
SS,S,E,SS1,SS1-98,984.43216080402,s,2.5862379389887185,RU,2.6826957952797273e-10,M,association,0,2000
SS,S,E,SS1,SS1-99,994.4773869346733,s,2.777092898640337,RU,2.6826957952797273e-10,M,association,0,2000
SS,S,E,SS1,SS1-100,1004.5226130653266,s,2.573708407556637,RU,2.6826957952797273e-10,M,association,0,2000
SS,S,E,SS1,SS1-101,1014.5678391959798,s,2.590580910524449,RU,2.6826957952797273e-10,M,association,0,2000
SS,S,E,SS1,SS1-102,1024.613065326633,s,2.6030157215259755,RU,2.6826957952797273e-10,M,association,0,2000
SS,S,E,SS1,SS1-103,1034.6582914572864,s,2.5618587583514465,RU,2.6826957952797273e-10,M,association,0,2000
SS,S,E,SS1,SS1-104,1044.7035175879396,s,2.7301479775264403,RU,2.6826957952797273e-10,M,association,0,2000
SS,S,E,SS1,SS1-105,1054.7487437185928,s,2.5361943457095344,RU,2.6826957952797273e-10,M,association,0,2000
SS,S,E,SS1,SS1-106,1064.7939698492462,s,2.4888114310574476,RU,2.6826957952797273e-10,M,association,0,2000
SS,S,E,SS1,SS1-107,1074.8391959798994,s,2.558052533751592,RU,2.6826957952797273e-10,M,association,0,2000
SS,S,E,SS1,SS1-108,1084.8844221105526,s,2.651212980773708,RU,2.6826957952797273e-10,M,association,0,2000
SS,S,E,SS1,SS1-109,1094.929648241206,s,2.543886914863457,RU,2.6826957952797273e-10,M,association,0,2000
SS,S,E,SS1,SS1-110,1104.9748743718592,s,2.648689674305076,RU,2.6826957952797273e-10,M,association,0,2000
SS,S,E,SS1,SS1-111,1115.0201005025124,s,2.638141376688248,RU,2.6826957952797273e-10,M,association,0,2000
SS,S,E,SS1,SS1-112,1125.0653266331658,s,2.754597549776924,RU,2.6826957952797273e-10,M,association,0,2000
SS,S,E,SS1,SS1-113,1135.110552763819,s,2.5376447034192293,RU,2.6826957952797273e-10,M,association,0,2000
SS,S,E,SS1,SS1-114,1145.1557788944722,s,2.585653193419919,RU,2.6826957952797273e-10,M,association,0,2000
SS,S,E,SS1,SS1-115,1155.2010050251256,s,2.6608448513928544,RU,2.6826957952797273e-10,M,association,0,2000
SS,S,E,SS1,SS1-116,1165.2462311557788,s,2.627056772374265,RU,2.6826957952797273e-10,M,association,0,2000
SS,S,E,SS1,SS1-117,1175.291457286432,s,2.480150377840842,RU,2.6826957952797273e-10,M,association,0,2000
SS,S,E,SS1,SS1-118,1185.3366834170854,s,2.521834950250935,RU,2.6826957952797273e-10,M,association,0,2000
SS,S,E,SS1,SS1-119,1195.3819095477386,s,2.6973120529220407,RU,2.6826957952797273e-10,M,association,0,2000
SS,S,E,SS1,SS1-120,1205.4271356783918,s,2.583557409065524,RU,2.6826957952797273e-10,M,association,0,2000
SS,S,E,SS1,SS1-121,1215.4723618090452,s,2.642993026629683,RU,2.6826957952797273e-10,M,association,0,2000
SS,S,E,SS1,SS1-122,1225.5175879396984,s,2.598108259101573,RU,2.6826957952797273e-10,M,association,0,2000
SS,S,E,SS1,SS1-123,1235.5628140703516,s,2.6840712520611953,RU,2.6826957952797273e-10,M,association,0,2000
SS,S,E,SS1,SS1-124,1245.608040201005,s,2.565650536792621,RU,2.6826957952797273e-10,M,association,0,2000
SS,S,E,SS1,SS1-125,1255.6532663316582,s,2.6663689465655085,RU,2.6826957952797273e-10,M,association,0,2000
SS,S,E,SS1,SS1-126,1265.6984924623114,s,2.7160292136927024,RU,2.6826957952797273e-10,M,association,0,2000
SS,S,E,SS1,SS1-127,1275.7437185929648,s,2.594913032358083,RU,2.6826957952797273e-10,M,association,0,2000
SS,S,E,SS1,SS1-128,1285.788944723618,s,2.6428895821633813,RU,2.6826957952797273e-10,M,association,0,2000
SS,S,E,SS1,SS1-129,1295.8341708542712,s,2.722969841190154,RU,2.6826957952797273e-10,M,association,0,2000
SS,S,E,SS1,SS1-130,1305.8793969849246,s,2.5455060985659084,RU,2.6826957952797273e-10,M,association,0,2000
SS,S,E,SS1,SS1-131,1315.9246231155778,s,2.536875826128563,RU,2.6826957952797273e-10,M,association,0,2000
SS,S,E,SS1,SS1-132,1325.969849246231,s,2.6260187757522244,RU,2.6826957952797273e-10,M,association,0,2000
SS,S,E,SS1,SS1-133,1336.0150753768844,s,2.4917152789095307,RU,2.6826957952797273e-10,M,association,0,2000
SS,S,E,SS1,SS1-134,1346.0603015075376,s,2.644870851781558,RU,2.6826957952797273e-10,M,association,0,2000
SS,S,E,SS1,SS1-135,1356.1055276381908,s,2.625040154673396,RU,2.6826957952797273e-10,M,association,0,2000
SS,S,E,SS1,SS1-136,1366.1507537688442,s,2.5901438825882135,RU,2.6826957952797273e-10,M,association,0,2000
SS,S,E,SS1,SS1-137,1376.1959798994974,s,2.662067131586629,RU,2.6826957952797273e-10,M,association,0,2000
SS,S,E,SS1,SS1-138,1386.2412060301506,s,2.6574091399140753,RU,2.6826957952797273e-10,M,association,0,2000
SS,S,E,SS1,SS1-139,1396.286432160804,s,2.6995493549569862,RU,2.6826957952797273e-10,M,association,0,2000
SS,S,E,SS1,SS1-140,1406.3316582914572,s,2.548575791051141,RU,2.6826957952797273e-10,M,association,0,2000
SS,S,E,SS1,SS1-141,1416.3768844221104,s,2.736894278732824,RU,2.6826957952797273e-10,M,association,0,2000
SS,S,E,SS1,SS1-142,1426.4221105527638,s,2.579185398669963,RU,2.6826957952797273e-10,M,association,0,2000
SS,S,E,SS1,SS1-143,1436.467336683417,s,2.549302113611081,RU,2.6826957952797273e-10,M,association,0,2000
SS,S,E,SS1,SS1-144,1446.5125628140702,s,2.582303257282131,RU,2.6826957952797273e-10,M,association,0,2000
SS,S,E,SS1,SS1-145,1456.5577889447236,s,2.618467173793678,RU,2.6826957952797273e-10,M,association,0,2000
SS,S,E,SS1,SS1-146,1466.6030150753768,s,2.5655889528063165,RU,2.6826957952797273e-10,M,association,0,2000
SS,S,E,SS1,SS1-147,1476.64824120603,s,2.7275446114209907,RU,2.6826957952797273e-10,M,association,0,2000
SS,S,E,SS1,SS1-148,1486.6934673366834,s,2.5935484297856983,RU,2.6826957952797273e-10,M,association,0,2000
SS,S,E,SS1,SS1-149,1496.7386934673366,s,2.5964151415548056,RU,2.6826957952797273e-10,M,association,0,2000
SS,S,E,SS1,SS1-150,1506.7839195979898,s,2.731132401785034,RU,2.6826957952797273e-10,M,association,0,2000
SS,S,E,SS1,SS1-151,1516.8291457286432,s,2.7056199204795903,RU,2.6826957952797273e-10,M,association,0,2000
SS,S,E,SS1,SS1-152,1526.8743718592964,s,2.6725720726799143,RU,2.6826957952797273e-10,M,association,0,2000
SS,S,E,SS1,SS1-153,1536.9195979899496,s,2.628820345637833,RU,2.6826957952797273e-10,M,association,0,2000
SS,S,E,SS1,SS1-154,1546.964824120603,s,2.6440446417173535,RU,2.6826957952797273e-10,M,association,0,2000
SS,S,E,SS1,SS1-155,1557.0100502512562,s,2.65001668526855,RU,2.6826957952797273e-10,M,association,0,2000
SS,S,E,SS1,SS1-156,1567.0552763819094,s,2.716769196394369,RU,2.6826957952797273e-10,M,association,0,2000
SS,S,E,SS1,SS1-157,1577.1005025125628,s,2.664164317238823,RU,2.6826957952797273e-10,M,association,0,2000
SS,S,E,SS1,SS1-158,1587.145728643216,s,2.5242746274222085,RU,2.6826957952797273e-10,M,association,0,2000
SS,S,E,SS1,SS1-159,1597.1909547738692,s,2.5417394901079016,RU,2.6826957952797273e-10,M,association,0,2000
SS,S,E,SS1,SS1-160,1607.2361809045224,s,2.5820759574536236,RU,2.6826957952797273e-10,M,association,0,2000
SS,S,E,SS1,SS1-161,1617.2814070351758,s,2.619168324526945,RU,2.6826957952797273e-10,M,association,0,2000
SS,S,E,SS1,SS1-162,1627.326633165829,s,2.6068629494681264,RU,2.6826957952797273e-10,M,association,0,2000
SS,S,E,SS1,SS1-163,1637.3718592964822,s,2.5666019862892235,RU,2.6826957952797273e-10,M,association,0,2000
SS,S,E,SS1,SS1-164,1647.4170854271356,s,2.552299307777257,RU,2.6826957952797273e-10,M,association,0,2000
SS,S,E,SS1,SS1-165,1657.4623115577888,s,2.6040156653153734,RU,2.6826957952797273e-10,M,association,0,2000
SS,S,E,SS1,SS1-166,1667.507537688442,s,2.565860404078922,RU,2.6826957952797273e-10,M,association,0,2000
SS,S,E,SS1,SS1-167,1677.5527638190954,s,2.7254001046452925,RU,2.6826957952797273e-10,M,association,0,2000
SS,S,E,SS1,SS1-168,1687.5979899497486,s,2.546876741860123,RU,2.6826957952797273e-10,M,association,0,2000
SS,S,E,SS1,SS1-169,1697.6432160804018,s,2.6794004030978553,RU,2.6826957952797273e-10,M,association,0,2000
SS,S,E,SS1,SS1-170,1707.6884422110552,s,2.765419665790671,RU,2.6826957952797273e-10,M,association,0,2000
SS,S,E,SS1,SS1-171,1717.7336683417084,s,2.670730043953149,RU,2.6826957952797273e-10,M,association,0,2000
SS,S,E,SS1,SS1-172,1727.7788944723616,s,2.6588417690649813,RU,2.6826957952797273e-10,M,association,0,2000
SS,S,E,SS1,SS1-173,1737.824120603015,s,2.5240967302410184,RU,2.6826957952797273e-10,M,association,0,2000
SS,S,E,SS1,SS1-174,1747.8693467336682,s,2.5708330460621647,RU,2.6826957952797273e-10,M,association,0,2000
SS,S,E,SS1,SS1-175,1757.9145728643214,s,2.539113059861612,RU,2.6826957952797273e-10,M,association,0,2000
SS,S,E,SS1,SS1-176,1767.9597989949748,s,2.40798680909812,RU,2.6826957952797273e-10,M,association,0,2000
SS,S,E,SS1,SS1-177,1778.005025125628,s,2.6363101021096207,RU,2.6826957952797273e-10,M,association,0,2000
SS,S,E,SS1,SS1-178,1788.0502512562812,s,2.628437255444386,RU,2.6826957952797273e-10,M,association,0,2000
SS,S,E,SS1,SS1-179,1798.0954773869346,s,2.716982858532992,RU,2.6826957952797273e-10,M,association,0,2000
SS,S,E,SS1,SS1-180,1808.1407035175878,s,2.4777855998497076,RU,2.6826957952797273e-10,M,association,0,2000
SS,S,E,SS1,SS1-181,1818.185929648241,s,2.5607291440076776,RU,2.6826957952797273e-10,M,association,0,2000
SS,S,E,SS1,SS1-182,1828.2311557788944,s,2.690946662542079,RU,2.6826957952797273e-10,M,association,0,2000
SS,S,E,SS1,SS1-183,1838.2763819095476,s,2.683602188500754,RU,2.6826957952797273e-10,M,association,0,2000
SS,S,E,SS1,SS1-184,1848.3216080402008,s,2.6015670150427432,RU,2.6826957952797273e-10,M,association,0,2000
SS,S,E,SS1,SS1-185,1858.3668341708542,s,2.5037603591390685,RU,2.6826957952797273e-10,M,association,0,2000
SS,S,E,SS1,SS1-186,1868.4120603015074,s,2.4580125927031733,RU,2.6826957952797273e-10,M,association,0,2000
SS,S,E,SS1,SS1-187,1878.4572864321606,s,2.522143585727733,RU,2.6826957952797273e-10,M,association,0,2000
SS,S,E,SS1,SS1-188,1888.502512562814,s,2.605358066652938,RU,2.6826957952797273e-10,M,association,0,2000
SS,S,E,SS1,SS1-189,1898.5477386934672,s,2.6380832606464284,RU,2.6826957952797273e-10,M,association,0,2000
SS,S,E,SS1,SS1-190,1908.5929648241204,s,2.5951811378823284,RU,2.6826957952797273e-10,M,association,0,2000
SS,S,E,SS1,SS1-191,1918.6381909547738,s,2.6432171170501517,RU,2.6826957952797273e-10,M,association,0,2000
SS,S,E,SS1,SS1-192,1928.683417085427,s,2.6230987696859644,RU,2.6826957952797273e-10,M,association,0,2000
SS,S,E,SS1,SS1-193,1938.7286432160802,s,2.6842329018087057,RU,2.6826957952797273e-10,M,association,0,2000
SS,S,E,SS1,SS1-194,1948.7738693467336,s,2.7052172559182313,RU,2.6826957952797273e-10,M,association,0,2000
SS,S,E,SS1,SS1-195,1958.8190954773868,s,2.526350109976294,RU,2.6826957952797273e-10,M,association,0,2000
SS,S,E,SS1,SS1-196,1968.86432160804,s,2.507497696636415,RU,2.6826957952797273e-10,M,association,0,2000
SS,S,E,SS1,SS1-197,1978.9095477386934,s,2.6486654642227148,RU,2.6826957952797273e-10,M,association,0,2000
SS,S,E,SS1,SS1-198,1988.9547738693466,s,2.734784379633855,RU,2.6826957952797273e-10,M,association,0,2000
SS,S,E,SS1,SS1-199,1999.0,s,2.6408581725198594,RU,2.6826957952797273e-10,M,association,0,2000
SS,S,E,SS1,SS1-200,2000.0,s,2.7437611898537817,RU,2.6826957952797273e-10,M,dissociation,0,2000
SS,S,E,SS1,SS1-201,2004.040404040404,s,2.6005133901391733,RU,2.6826957952797273e-10,M,dissociation,0,2000
SS,S,E,SS1,SS1-202,2008.080808080808,s,2.5032508766199095,RU,2.6826957952797273e-10,M,dissociation,0,2000
SS,S,E,SS1,SS1-203,2012.121212121212,s,2.2221749235289603,RU,2.6826957952797273e-10,M,dissociation,0,2000
SS,S,E,SS1,SS1-204,2016.1616161616162,s,2.223706666198045,RU,2.6826957952797273e-10,M,dissociation,0,2000
SS,S,E,SS1,SS1-205,2020.20202020202,s,2.0644620989251035,RU,2.6826957952797273e-10,M,dissociation,0,2000
SS,S,E,SS1,SS1-206,2024.2424242424242,s,2.0968734432385085,RU,2.6826957952797273e-10,M,dissociation,0,2000
SS,S,E,SS1,SS1-207,2028.2828282828282,s,1.9394658359510204,RU,2.6826957952797273e-10,M,dissociation,0,2000
SS,S,E,SS1,SS1-208,2032.3232323232323,s,1.9270585963549793,RU,2.6826957952797273e-10,M,dissociation,0,2000
SS,S,E,SS1,SS1-209,2036.3636363636363,s,1.8335158902263065,RU,2.6826957952797273e-10,M,dissociation,0,2000
SS,S,E,SS1,SS1-210,2040.4040404040404,s,1.8287619937062913,RU,2.6826957952797273e-10,M,dissociation,0,2000
SS,S,E,SS1,SS1-211,2044.4444444444443,s,1.5999606626343912,RU,2.6826957952797273e-10,M,dissociation,0,2000
SS,S,E,SS1,SS1-212,2048.4848484848485,s,1.6964047163482863,RU,2.6826957952797273e-10,M,dissociation,0,2000
SS,S,E,SS1,SS1-213,2052.5252525252527,s,1.4815129934021096,RU,2.6826957952797273e-10,M,dissociation,0,2000
SS,S,E,SS1,SS1-214,2056.5656565656564,s,1.4057981412256102,RU,2.6826957952797273e-10,M,dissociation,0,2000
SS,S,E,SS1,SS1-215,2060.6060606060605,s,1.3876683771425578,RU,2.6826957952797273e-10,M,dissociation,0,2000
SS,S,E,SS1,SS1-216,2064.6464646464647,s,1.3375233057452967,RU,2.6826957952797273e-10,M,dissociation,0,2000
SS,S,E,SS1,SS1-217,2068.686868686869,s,1.452786782150983,RU,2.6826957952797273e-10,M,dissociation,0,2000
SS,S,E,SS1,SS1-218,2072.7272727272725,s,1.3093157022589885,RU,2.6826957952797273e-10,M,dissociation,0,2000
SS,S,E,SS1,SS1-219,2076.7676767676767,s,1.2176052612731878,RU,2.6826957952797273e-10,M,dissociation,0,2000
SS,S,E,SS1,SS1-220,2080.808080808081,s,1.0374144705279604,RU,2.6826957952797273e-10,M,dissociation,0,2000
SS,S,E,SS1,SS1-221,2084.848484848485,s,1.1832376977325922,RU,2.6826957952797273e-10,M,dissociation,0,2000
SS,S,E,SS1,SS1-222,2088.8888888888887,s,1.0590942636076328,RU,2.6826957952797273e-10,M,dissociation,0,2000
SS,S,E,SS1,SS1-223,2092.929292929293,s,1.0212836417008104,RU,2.6826957952797273e-10,M,dissociation,0,2000
SS,S,E,SS1,SS1-224,2096.969696969697,s,0.9919931912854592,RU,2.6826957952797273e-10,M,dissociation,0,2000
SS,S,E,SS1,SS1-225,2101.010101010101,s,0.9194714935002817,RU,2.6826957952797273e-10,M,dissociation,0,2000
SS,S,E,SS1,SS1-226,2105.050505050505,s,0.924854961937229,RU,2.6826957952797273e-10,M,dissociation,0,2000
SS,S,E,SS1,SS1-227,2109.090909090909,s,1.0003670388863883,RU,2.6826957952797273e-10,M,dissociation,0,2000
SS,S,E,SS1,SS1-228,2113.131313131313,s,0.7221985487594332,RU,2.6826957952797273e-10,M,dissociation,0,2000
SS,S,E,SS1,SS1-229,2117.1717171717173,s,0.7089716149038938,RU,2.6826957952797273e-10,M,dissociation,0,2000
SS,S,E,SS1,SS1-230,2121.212121212121,s,0.5683991713282254,RU,2.6826957952797273e-10,M,dissociation,0,2000
SS,S,E,SS1,SS1-231,2125.252525252525,s,0.8172022556222412,RU,2.6826957952797273e-10,M,dissociation,0,2000
SS,S,E,SS1,SS1-232,2129.2929292929293,s,0.6766204459144269,RU,2.6826957952797273e-10,M,dissociation,0,2000
SS,S,E,SS1,SS1-233,2133.3333333333335,s,0.7512088376079274,RU,2.6826957952797273e-10,M,dissociation,0,2000
SS,S,E,SS1,SS1-234,2137.373737373737,s,0.7041590746495903,RU,2.6826957952797273e-10,M,dissociation,0,2000
SS,S,E,SS1,SS1-235,2141.4141414141413,s,0.6238886234679183,RU,2.6826957952797273e-10,M,dissociation,0,2000
SS,S,E,SS1,SS1-236,2145.4545454545455,s,0.6520437909520715,RU,2.6826957952797273e-10,M,dissociation,0,2000
SS,S,E,SS1,SS1-237,2149.4949494949497,s,0.6283648172875101,RU,2.6826957952797273e-10,M,dissociation,0,2000
SS,S,E,SS1,SS1-238,2153.5353535353534,s,0.5547368358506753,RU,2.6826957952797273e-10,M,dissociation,0,2000
SS,S,E,SS1,SS1-239,2157.5757575757575,s,0.509605763362694,RU,2.6826957952797273e-10,M,dissociation,0,2000
SS,S,E,SS1,SS1-240,2161.6161616161617,s,0.6162222371526901,RU,2.6826957952797273e-10,M,dissociation,0,2000
SS,S,E,SS1,SS1-241,2165.656565656566,s,0.5144539048744747,RU,2.6826957952797273e-10,M,dissociation,0,2000
SS,S,E,SS1,SS1-242,2169.6969696969695,s,0.3700473547356089,RU,2.6826957952797273e-10,M,dissociation,0,2000
SS,S,E,SS1,SS1-243,2173.7373737373737,s,0.39671155979587147,RU,2.6826957952797273e-10,M,dissociation,0,2000
SS,S,E,SS1,SS1-244,2177.777777777778,s,0.4597338999115745,RU,2.6826957952797273e-10,M,dissociation,0,2000
SS,S,E,SS1,SS1-245,2181.818181818182,s,0.4429281273258651,RU,2.6826957952797273e-10,M,dissociation,0,2000
SS,S,E,SS1,SS1-246,2185.8585858585857,s,0.4757240691127249,RU,2.6826957952797273e-10,M,dissociation,0,2000
SS,S,E,SS1,SS1-247,2189.89898989899,s,0.4961829911580573,RU,2.6826957952797273e-10,M,dissociation,0,2000
SS,S,E,SS1,SS1-248,2193.939393939394,s,0.4376872155988758,RU,2.6826957952797273e-10,M,dissociation,0,2000
SS,S,E,SS1,SS1-249,2197.979797979798,s,0.3166253569196206,RU,2.6826957952797273e-10,M,dissociation,0,2000
SS,S,E,SS1,SS1-250,2202.020202020202,s,0.3389721637493789,RU,2.6826957952797273e-10,M,dissociation,0,2000
SS,S,E,SS1,SS1-251,2206.060606060606,s,0.3341568376324059,RU,2.6826957952797273e-10,M,dissociation,0,2000
SS,S,E,SS1,SS1-252,2210.10101010101,s,0.23225547508418737,RU,2.6826957952797273e-10,M,dissociation,0,2000
SS,S,E,SS1,SS1-253,2214.1414141414143,s,0.3981536956221081,RU,2.6826957952797273e-10,M,dissociation,0,2000
SS,S,E,SS1,SS1-254,2218.181818181818,s,0.3334486409842985,RU,2.6826957952797273e-10,M,dissociation,0,2000
SS,S,E,SS1,SS1-255,2222.222222222222,s,0.33712096062175145,RU,2.6826957952797273e-10,M,dissociation,0,2000
SS,S,E,SS1,SS1-256,2226.2626262626263,s,0.1618674915543996,RU,2.6826957952797273e-10,M,dissociation,0,2000
SS,S,E,SS1,SS1-257,2230.3030303030305,s,0.19607564496196334,RU,2.6826957952797273e-10,M,dissociation,0,2000
SS,S,E,SS1,SS1-258,2234.343434343434,s,0.3466029562327868,RU,2.6826957952797273e-10,M,dissociation,0,2000
SS,S,E,SS1,SS1-259,2238.3838383838383,s,0.22763629171325359,RU,2.6826957952797273e-10,M,dissociation,0,2000
SS,S,E,SS1,SS1-260,2242.4242424242425,s,0.2898306865421882,RU,2.6826957952797273e-10,M,dissociation,0,2000
SS,S,E,SS1,SS1-261,2246.4646464646466,s,0.09710506736408961,RU,2.6826957952797273e-10,M,dissociation,0,2000
SS,S,E,SS1,SS1-262,2250.5050505050503,s,0.18675370771938182,RU,2.6826957952797273e-10,M,dissociation,0,2000
SS,S,E,SS1,SS1-263,2254.5454545454545,s,0.4117470565960849,RU,2.6826957952797273e-10,M,dissociation,0,2000
SS,S,E,SS1,SS1-264,2258.5858585858587,s,0.2377356868291432,RU,2.6826957952797273e-10,M,dissociation,0,2000
SS,S,E,SS1,SS1-265,2262.626262626263,s,0.19663820793941195,RU,2.6826957952797273e-10,M,dissociation,0,2000
SS,S,E,SS1,SS1-266,2266.6666666666665,s,0.0950351546362364,RU,2.6826957952797273e-10,M,dissociation,0,2000
SS,S,E,SS1,SS1-267,2270.7070707070707,s,0.3475865702475698,RU,2.6826957952797273e-10,M,dissociation,0,2000
SS,S,E,SS1,SS1-268,2274.747474747475,s,0.1475106712761884,RU,2.6826957952797273e-10,M,dissociation,0,2000
SS,S,E,SS1,SS1-269,2278.787878787879,s,0.2095822722822056,RU,2.6826957952797273e-10,M,dissociation,0,2000
SS,S,E,SS1,SS1-270,2282.8282828282827,s,0.3232988495432623,RU,2.6826957952797273e-10,M,dissociation,0,2000
SS,S,E,SS1,SS1-271,2286.868686868687,s,0.2194602844865372,RU,2.6826957952797273e-10,M,dissociation,0,2000
SS,S,E,SS1,SS1-272,2290.909090909091,s,0.24281761964831788,RU,2.6826957952797273e-10,M,dissociation,0,2000
SS,S,E,SS1,SS1-273,2294.949494949495,s,0.10804581779824897,RU,2.6826957952797273e-10,M,dissociation,0,2000
SS,S,E,SS1,SS1-274,2298.989898989899,s,0.15749716057386454,RU,2.6826957952797273e-10,M,dissociation,0,2000
SS,S,E,SS1,SS1-275,2303.030303030303,s,0.0762003276188595,RU,2.6826957952797273e-10,M,dissociation,0,2000
SS,S,E,SS1,SS1-276,2307.070707070707,s,-0.1489375275152197,RU,2.6826957952797273e-10,M,dissociation,0,2000
SS,S,E,SS1,SS1-277,2311.1111111111113,s,0.17571986237304504,RU,2.6826957952797273e-10,M,dissociation,0,2000
SS,S,E,SS1,SS1-278,2315.151515151515,s,0.01789706616624226,RU,2.6826957952797273e-10,M,dissociation,0,2000
SS,S,E,SS1,SS1-279,2319.191919191919,s,0.0498054554088875,RU,2.6826957952797273e-10,M,dissociation,0,2000
SS,S,E,SS1,SS1-280,2323.2323232323233,s,0.1584369872784199,RU,2.6826957952797273e-10,M,dissociation,0,2000
SS,S,E,SS1,SS1-281,2327.2727272727275,s,0.18974577443946988,RU,2.6826957952797273e-10,M,dissociation,0,2000
SS,S,E,SS1,SS1-282,2331.313131313131,s,0.0860599003879251,RU,2.6826957952797273e-10,M,dissociation,0,2000
SS,S,E,SS1,SS1-283,2335.3535353535353,s,0.09451855802345245,RU,2.6826957952797273e-10,M,dissociation,0,2000
SS,S,E,SS1,SS1-284,2339.3939393939395,s,0.07518275230814228,RU,2.6826957952797273e-10,M,dissociation,0,2000
SS,S,E,SS1,SS1-285,2343.4343434343436,s,0.07216485965346356,RU,2.6826957952797273e-10,M,dissociation,0,2000
SS,S,E,SS1,SS1-286,2347.4747474747473,s,0.018442233329269704,RU,2.6826957952797273e-10,M,dissociation,0,2000
SS,S,E,SS1,SS1-287,2351.5151515151515,s,-0.06176776372101944,RU,2.6826957952797273e-10,M,dissociation,0,2000
SS,S,E,SS1,SS1-288,2355.5555555555557,s,0.05418644191102323,RU,2.6826957952797273e-10,M,dissociation,0,2000
SS,S,E,SS1,SS1-289,2359.59595959596,s,0.07817597712329799,RU,2.6826957952797273e-10,M,dissociation,0,2000
SS,S,E,SS1,SS1-290,2363.6363636363635,s,-0.0007529203591169764,RU,2.6826957952797273e-10,M,dissociation,0,2000
SS,S,E,SS1,SS1-291,2367.6767676767677,s,0.2239906324448359,RU,2.6826957952797273e-10,M,dissociation,0,2000
SS,S,E,SS1,SS1-292,2371.717171717172,s,-0.11207808039508789,RU,2.6826957952797273e-10,M,dissociation,0,2000
SS,S,E,SS1,SS1-293,2375.757575757576,s,0.28327891351443457,RU,2.6826957952797273e-10,M,dissociation,0,2000
SS,S,E,SS1,SS1-294,2379.7979797979797,s,-0.009849418856073704,RU,2.6826957952797273e-10,M,dissociation,0,2000
SS,S,E,SS1,SS1-295,2383.838383838384,s,0.07154010871644863,RU,2.6826957952797273e-10,M,dissociation,0,2000
SS,S,E,SS1,SS1-296,2387.878787878788,s,-0.07228734933958408,RU,2.6826957952797273e-10,M,dissociation,0,2000
SS,S,E,SS1,SS1-297,2391.9191919191917,s,-0.13129705859305524,RU,2.6826957952797273e-10,M,dissociation,0,2000
SS,S,E,SS1,SS1-298,2395.959595959596,s,0.037963795426716976,RU,2.6826957952797273e-10,M,dissociation,0,2000
SS,S,E,SS1,SS1-299,2400.0,s,0.00604267390001649,RU,2.6826957952797273e-10,M,dissociation,0,2000
SS,S,E,SS2,SS2-0,0.0,s,-0.09813503711881065,RU,7.196856730011529e-10,M,association,0,2000
SS,S,E,SS2,SS2-1,10.045226130653266,s,0.6691750562265649,RU,7.196856730011529e-10,M,association,0,2000
SS,S,E,SS2,SS2-2,20.09045226130653,s,1.1763531436142414,RU,7.196856730011529e-10,M,association,0,2000
SS,S,E,SS2,SS2-3,30.135678391959797,s,1.8544011139960743,RU,7.196856730011529e-10,M,association,0,2000
SS,S,E,SS2,SS2-4,40.18090452261306,s,2.308438036562649,RU,7.196856730011529e-10,M,association,0,2000
SS,S,E,SS2,SS2-5,50.226130653266324,s,2.80413429471899,RU,7.196856730011529e-10,M,association,0,2000
SS,S,E,SS2,SS2-6,60.27135678391959,s,3.1791633348802364,RU,7.196856730011529e-10,M,association,0,2000
SS,S,E,SS2,SS2-7,70.31658291457286,s,3.6214964502177214,RU,7.196856730011529e-10,M,association,0,2000
SS,S,E,SS2,SS2-8,80.36180904522612,s,3.879339944148806,RU,7.196856730011529e-10,M,association,0,2000
SS,S,E,SS2,SS2-9,90.40703517587939,s,4.034716061468854,RU,7.196856730011529e-10,M,association,0,2000
SS,S,E,SS2,SS2-10,100.45226130653265,s,4.624308512272798,RU,7.196856730011529e-10,M,association,0,2000
SS,S,E,SS2,SS2-11,110.49748743718592,s,4.671461085960042,RU,7.196856730011529e-10,M,association,0,2000
SS,S,E,SS2,SS2-12,120.54271356783919,s,4.81881821261417,RU,7.196856730011529e-10,M,association,0,2000
SS,S,E,SS2,SS2-13,130.58793969849245,s,5.162033050921698,RU,7.196856730011529e-10,M,association,0,2000
SS,S,E,SS2,SS2-14,140.63316582914572,s,5.2339186127699,RU,7.196856730011529e-10,M,association,0,2000
SS,S,E,SS2,SS2-15,150.67839195979897,s,5.279798460053894,RU,7.196856730011529e-10,M,association,0,2000
SS,S,E,SS2,SS2-16,160.72361809045225,s,5.405625339286953,RU,7.196856730011529e-10,M,association,0,2000
SS,S,E,SS2,SS2-17,170.76884422110552,s,5.664986682634708,RU,7.196856730011529e-10,M,association,0,2000
SS,S,E,SS2,SS2-18,180.81407035175877,s,5.900304458600967,RU,7.196856730011529e-10,M,association,0,2000
SS,S,E,SS2,SS2-19,190.85929648241205,s,5.845818644308759,RU,7.196856730011529e-10,M,association,0,2000
SS,S,E,SS2,SS2-20,200.9045226130653,s,5.86987806624974,RU,7.196856730011529e-10,M,association,0,2000
SS,S,E,SS2,SS2-21,210.94974874371857,s,6.0039242011320635,RU,7.196856730011529e-10,M,association,0,2000
SS,S,E,SS2,SS2-22,220.99497487437185,s,6.041949450794211,RU,7.196856730011529e-10,M,association,0,2000
SS,S,E,SS2,SS2-23,231.0402010050251,s,6.135333494329533,RU,7.196856730011529e-10,M,association,0,2000
SS,S,E,SS2,SS2-24,241.08542713567837,s,6.1667123022709225,RU,7.196856730011529e-10,M,association,0,2000
SS,S,E,SS2,SS2-25,251.13065326633165,s,6.323600883854496,RU,7.196856730011529e-10,M,association,0,2000
SS,S,E,SS2,SS2-26,261.1758793969849,s,6.193869178521206,RU,7.196856730011529e-10,M,association,0,2000
SS,S,E,SS2,SS2-27,271.22110552763814,s,6.245898140859224,RU,7.196856730011529e-10,M,association,0,2000
SS,S,E,SS2,SS2-28,281.26633165829145,s,6.4629297298596695,RU,7.196856730011529e-10,M,association,0,2000
SS,S,E,SS2,SS2-29,291.3115577889447,s,6.450769899189915,RU,7.196856730011529e-10,M,association,0,2000
SS,S,E,SS2,SS2-30,301.35678391959794,s,6.456129266431023,RU,7.196856730011529e-10,M,association,0,2000
SS,S,E,SS2,SS2-31,311.40201005025125,s,6.565143386397937,RU,7.196856730011529e-10,M,association,0,2000
SS,S,E,SS2,SS2-32,321.4472361809045,s,6.517210679732707,RU,7.196856730011529e-10,M,association,0,2000
SS,S,E,SS2,SS2-33,331.49246231155774,s,6.461390394845254,RU,7.196856730011529e-10,M,association,0,2000
SS,S,E,SS2,SS2-34,341.53768844221105,s,6.531661823912294,RU,7.196856730011529e-10,M,association,0,2000
SS,S,E,SS2,SS2-35,351.5829145728643,s,6.526563036771237,RU,7.196856730011529e-10,M,association,0,2000
SS,S,E,SS2,SS2-36,361.62814070351754,s,6.453607078656408,RU,7.196856730011529e-10,M,association,0,2000
SS,S,E,SS2,SS2-37,371.67336683417085,s,6.587036576746765,RU,7.196856730011529e-10,M,association,0,2000
SS,S,E,SS2,SS2-38,381.7185929648241,s,6.709693791744046,RU,7.196856730011529e-10,M,association,0,2000
SS,S,E,SS2,SS2-39,391.76381909547734,s,6.38604155427953,RU,7.196856730011529e-10,M,association,0,2000
SS,S,E,SS2,SS2-40,401.8090452261306,s,6.704061830653105,RU,7.196856730011529e-10,M,association,0,2000
SS,S,E,SS2,SS2-41,411.8542713567839,s,6.671926363219298,RU,7.196856730011529e-10,M,association,0,2000
SS,S,E,SS2,SS2-42,421.89949748743715,s,6.6482121403251995,RU,7.196856730011529e-10,M,association,0,2000
SS,S,E,SS2,SS2-43,431.9447236180904,s,6.654880148871263,RU,7.196856730011529e-10,M,association,0,2000
SS,S,E,SS2,SS2-44,441.9899497487437,s,6.632103131656702,RU,7.196856730011529e-10,M,association,0,2000
SS,S,E,SS2,SS2-45,452.03517587939695,s,6.700858716047734,RU,7.196856730011529e-10,M,association,0,2000
SS,S,E,SS2,SS2-46,462.0804020100502,s,6.6390363873405915,RU,7.196856730011529e-10,M,association,0,2000
SS,S,E,SS2,SS2-47,472.1256281407035,s,6.766178877006774,RU,7.196856730011529e-10,M,association,0,2000
SS,S,E,SS2,SS2-48,482.17085427135675,s,6.605561672890842,RU,7.196856730011529e-10,M,association,0,2000
SS,S,E,SS2,SS2-49,492.21608040201,s,6.743208579137628,RU,7.196856730011529e-10,M,association,0,2000
SS,S,E,SS2,SS2-50,502.2613065326633,s,6.7137336589132195,RU,7.196856730011529e-10,M,association,0,2000
SS,S,E,SS2,SS2-51,512.3065326633165,s,6.687629728667416,RU,7.196856730011529e-10,M,association,0,2000
SS,S,E,SS2,SS2-52,522.3517587939698,s,6.642246609197534,RU,7.196856730011529e-10,M,association,0,2000
SS,S,E,SS2,SS2-53,532.3969849246231,s,6.797325711003681,RU,7.196856730011529e-10,M,association,0,2000
SS,S,E,SS2,SS2-54,542.4422110552763,s,6.615880981479689,RU,7.196856730011529e-10,M,association,0,2000
SS,S,E,SS2,SS2-55,552.4874371859296,s,6.569414112695215,RU,7.196856730011529e-10,M,association,0,2000
SS,S,E,SS2,SS2-56,562.5326633165829,s,6.603075210172336,RU,7.196856730011529e-10,M,association,0,2000
SS,S,E,SS2,SS2-57,572.5778894472361,s,6.746603004723341,RU,7.196856730011529e-10,M,association,0,2000
SS,S,E,SS2,SS2-58,582.6231155778894,s,6.758429354943605,RU,7.196856730011529e-10,M,association,0,2000
SS,S,E,SS2,SS2-59,592.6683417085427,s,6.609785513413227,RU,7.196856730011529e-10,M,association,0,2000
SS,S,E,SS2,SS2-60,602.7135678391959,s,6.773126432711012,RU,7.196856730011529e-10,M,association,0,2000
SS,S,E,SS2,SS2-61,612.7587939698492,s,6.742554507227054,RU,7.196856730011529e-10,M,association,0,2000
SS,S,E,SS2,SS2-62,622.8040201005025,s,6.771581303861652,RU,7.196856730011529e-10,M,association,0,2000
SS,S,E,SS2,SS2-63,632.8492462311557,s,6.720000067392042,RU,7.196856730011529e-10,M,association,0,2000
SS,S,E,SS2,SS2-64,642.894472361809,s,6.706338104807511,RU,7.196856730011529e-10,M,association,0,2000
SS,S,E,SS2,SS2-65,652.9396984924623,s,6.72907829388547,RU,7.196856730011529e-10,M,association,0,2000
SS,S,E,SS2,SS2-66,662.9849246231155,s,6.626154991164153,RU,7.196856730011529e-10,M,association,0,2000
SS,S,E,SS2,SS2-67,673.0301507537688,s,6.672035016742645,RU,7.196856730011529e-10,M,association,0,2000
SS,S,E,SS2,SS2-68,683.0753768844221,s,6.761489139374129,RU,7.196856730011529e-10,M,association,0,2000
SS,S,E,SS2,SS2-69,693.1206030150753,s,6.778892624939215,RU,7.196856730011529e-10,M,association,0,2000
SS,S,E,SS2,SS2-70,703.1658291457286,s,6.689124705613131,RU,7.196856730011529e-10,M,association,0,2000
SS,S,E,SS2,SS2-71,713.2110552763819,s,6.706869718719754,RU,7.196856730011529e-10,M,association,0,2000
SS,S,E,SS2,SS2-72,723.2562814070351,s,6.699079678717269,RU,7.196856730011529e-10,M,association,0,2000
SS,S,E,SS2,SS2-73,733.3015075376884,s,6.894806337145051,RU,7.196856730011529e-10,M,association,0,2000
SS,S,E,SS2,SS2-74,743.3467336683417,s,6.7288386354823455,RU,7.196856730011529e-10,M,association,0,2000
SS,S,E,SS2,SS2-75,753.3919597989949,s,6.726670771418966,RU,7.196856730011529e-10,M,association,0,2000
SS,S,E,SS2,SS2-76,763.4371859296482,s,6.6595079927041585,RU,7.196856730011529e-10,M,association,0,2000
SS,S,E,SS2,SS2-77,773.4824120603015,s,6.655934807005897,RU,7.196856730011529e-10,M,association,0,2000
SS,S,E,SS2,SS2-78,783.5276381909547,s,6.623014630684947,RU,7.196856730011529e-10,M,association,0,2000
SS,S,E,SS2,SS2-79,793.572864321608,s,6.451286436335732,RU,7.196856730011529e-10,M,association,0,2000
SS,S,E,SS2,SS2-80,803.6180904522612,s,6.812501647328603,RU,7.196856730011529e-10,M,association,0,2000
SS,S,E,SS2,SS2-81,813.6633165829145,s,6.7018206680438155,RU,7.196856730011529e-10,M,association,0,2000
SS,S,E,SS2,SS2-82,823.7085427135678,s,6.7530247541440005,RU,7.196856730011529e-10,M,association,0,2000
SS,S,E,SS2,SS2-83,833.753768844221,s,6.702651450674821,RU,7.196856730011529e-10,M,association,0,2000
SS,S,E,SS2,SS2-84,843.7989949748743,s,6.711863633424492,RU,7.196856730011529e-10,M,association,0,2000
SS,S,E,SS2,SS2-85,853.8442211055276,s,6.732614214553179,RU,7.196856730011529e-10,M,association,0,2000
SS,S,E,SS2,SS2-86,863.8894472361808,s,6.772595795106947,RU,7.196856730011529e-10,M,association,0,2000
SS,S,E,SS2,SS2-87,873.9346733668341,s,6.805329272407658,RU,7.196856730011529e-10,M,association,0,2000
SS,S,E,SS2,SS2-88,883.9798994974874,s,6.692862580102348,RU,7.196856730011529e-10,M,association,0,2000
SS,S,E,SS2,SS2-89,894.0251256281406,s,6.722669822263201,RU,7.196856730011529e-10,M,association,0,2000
SS,S,E,SS2,SS2-90,904.0703517587939,s,6.698746775049501,RU,7.196856730011529e-10,M,association,0,2000
SS,S,E,SS2,SS2-91,914.1155778894472,s,6.691695016351617,RU,7.196856730011529e-10,M,association,0,2000
SS,S,E,SS2,SS2-92,924.1608040201004,s,6.792217005319407,RU,7.196856730011529e-10,M,association,0,2000
SS,S,E,SS2,SS2-93,934.2060301507537,s,6.6000220770417535,RU,7.196856730011529e-10,M,association,0,2000
SS,S,E,SS2,SS2-94,944.251256281407,s,6.722366087273059,RU,7.196856730011529e-10,M,association,0,2000
SS,S,E,SS2,SS2-95,954.2964824120602,s,6.873526779127383,RU,7.196856730011529e-10,M,association,0,2000
SS,S,E,SS2,SS2-96,964.3417085427135,s,6.778658435812711,RU,7.196856730011529e-10,M,association,0,2000
SS,S,E,SS2,SS2-97,974.3869346733668,s,6.6508262681465915,RU,7.196856730011529e-10,M,association,0,2000
SS,S,E,SS2,SS2-98,984.43216080402,s,6.706558253405927,RU,7.196856730011529e-10,M,association,0,2000
SS,S,E,SS2,SS2-99,994.4773869346733,s,6.721466086609805,RU,7.196856730011529e-10,M,association,0,2000
SS,S,E,SS2,SS2-100,1004.5226130653266,s,6.64336749309172,RU,7.196856730011529e-10,M,association,0,2000
SS,S,E,SS2,SS2-101,1014.5678391959798,s,6.62684945420696,RU,7.196856730011529e-10,M,association,0,2000
SS,S,E,SS2,SS2-102,1024.613065326633,s,6.647452286060499,RU,7.196856730011529e-10,M,association,0,2000
SS,S,E,SS2,SS2-103,1034.6582914572864,s,6.638458052686552,RU,7.196856730011529e-10,M,association,0,2000
SS,S,E,SS2,SS2-104,1044.7035175879396,s,6.690433857052647,RU,7.196856730011529e-10,M,association,0,2000
SS,S,E,SS2,SS2-105,1054.7487437185928,s,6.766739884977405,RU,7.196856730011529e-10,M,association,0,2000
SS,S,E,SS2,SS2-106,1064.7939698492462,s,6.663812241370346,RU,7.196856730011529e-10,M,association,0,2000
SS,S,E,SS2,SS2-107,1074.8391959798994,s,6.7171403830234,RU,7.196856730011529e-10,M,association,0,2000
SS,S,E,SS2,SS2-108,1084.8844221105526,s,6.538450394183812,RU,7.196856730011529e-10,M,association,0,2000
SS,S,E,SS2,SS2-109,1094.929648241206,s,6.75089979381124,RU,7.196856730011529e-10,M,association,0,2000
SS,S,E,SS2,SS2-110,1104.9748743718592,s,6.611362078254117,RU,7.196856730011529e-10,M,association,0,2000
SS,S,E,SS2,SS2-111,1115.0201005025124,s,6.720719773351468,RU,7.196856730011529e-10,M,association,0,2000
SS,S,E,SS2,SS2-112,1125.0653266331658,s,6.6584141161502215,RU,7.196856730011529e-10,M,association,0,2000
SS,S,E,SS2,SS2-113,1135.110552763819,s,6.71848572003795,RU,7.196856730011529e-10,M,association,0,2000
SS,S,E,SS2,SS2-114,1145.1557788944722,s,6.772311332479112,RU,7.196856730011529e-10,M,association,0,2000
SS,S,E,SS2,SS2-115,1155.2010050251256,s,6.6818450005392895,RU,7.196856730011529e-10,M,association,0,2000
SS,S,E,SS2,SS2-116,1165.2462311557788,s,6.7280439015109925,RU,7.196856730011529e-10,M,association,0,2000
SS,S,E,SS2,SS2-117,1175.291457286432,s,6.82929132250626,RU,7.196856730011529e-10,M,association,0,2000
SS,S,E,SS2,SS2-118,1185.3366834170854,s,6.675475084643235,RU,7.196856730011529e-10,M,association,0,2000
SS,S,E,SS2,SS2-119,1195.3819095477386,s,6.618322134808047,RU,7.196856730011529e-10,M,association,0,2000
SS,S,E,SS2,SS2-120,1205.4271356783918,s,6.710860589529109,RU,7.196856730011529e-10,M,association,0,2000
SS,S,E,SS2,SS2-121,1215.4723618090452,s,6.656007691402793,RU,7.196856730011529e-10,M,association,0,2000
SS,S,E,SS2,SS2-122,1225.5175879396984,s,6.745362349017772,RU,7.196856730011529e-10,M,association,0,2000
SS,S,E,SS2,SS2-123,1235.5628140703516,s,6.677996873415905,RU,7.196856730011529e-10,M,association,0,2000
SS,S,E,SS2,SS2-124,1245.608040201005,s,6.797220110944912,RU,7.196856730011529e-10,M,association,0,2000
SS,S,E,SS2,SS2-125,1255.6532663316582,s,6.803149654908757,RU,7.196856730011529e-10,M,association,0,2000
SS,S,E,SS2,SS2-126,1265.6984924623114,s,6.7116619529406245,RU,7.196856730011529e-10,M,association,0,2000
SS,S,E,SS2,SS2-127,1275.7437185929648,s,6.852711337869053,RU,7.196856730011529e-10,M,association,0,2000
SS,S,E,SS2,SS2-128,1285.788944723618,s,6.874137466556885,RU,7.196856730011529e-10,M,association,0,2000
SS,S,E,SS2,SS2-129,1295.8341708542712,s,6.788814486704229,RU,7.196856730011529e-10,M,association,0,2000
SS,S,E,SS2,SS2-130,1305.8793969849246,s,6.562078002885007,RU,7.196856730011529e-10,M,association,0,2000
SS,S,E,SS2,SS2-131,1315.9246231155778,s,6.6689560294304995,RU,7.196856730011529e-10,M,association,0,2000
SS,S,E,SS2,SS2-132,1325.969849246231,s,6.761038949482586,RU,7.196856730011529e-10,M,association,0,2000
SS,S,E,SS2,SS2-133,1336.0150753768844,s,6.653426804611468,RU,7.196856730011529e-10,M,association,0,2000
SS,S,E,SS2,SS2-134,1346.0603015075376,s,6.605605868111181,RU,7.196856730011529e-10,M,association,0,2000
SS,S,E,SS2,SS2-135,1356.1055276381908,s,6.702828043438114,RU,7.196856730011529e-10,M,association,0,2000
SS,S,E,SS2,SS2-136,1366.1507537688442,s,6.655971889670348,RU,7.196856730011529e-10,M,association,0,2000
SS,S,E,SS2,SS2-137,1376.1959798994974,s,6.75348955264217,RU,7.196856730011529e-10,M,association,0,2000
SS,S,E,SS2,SS2-138,1386.2412060301506,s,6.722620613971091,RU,7.196856730011529e-10,M,association,0,2000
SS,S,E,SS2,SS2-139,1396.286432160804,s,6.7904959699029535,RU,7.196856730011529e-10,M,association,0,2000
SS,S,E,SS2,SS2-140,1406.3316582914572,s,6.689602451934665,RU,7.196856730011529e-10,M,association,0,2000
SS,S,E,SS2,SS2-141,1416.3768844221104,s,6.728140851695907,RU,7.196856730011529e-10,M,association,0,2000
SS,S,E,SS2,SS2-142,1426.4221105527638,s,6.677206662629602,RU,7.196856730011529e-10,M,association,0,2000
SS,S,E,SS2,SS2-143,1436.467336683417,s,6.609508300603962,RU,7.196856730011529e-10,M,association,0,2000
SS,S,E,SS2,SS2-144,1446.5125628140702,s,6.749425729869844,RU,7.196856730011529e-10,M,association,0,2000
SS,S,E,SS2,SS2-145,1456.5577889447236,s,6.73741135535188,RU,7.196856730011529e-10,M,association,0,2000
SS,S,E,SS2,SS2-146,1466.6030150753768,s,6.765355522633298,RU,7.196856730011529e-10,M,association,0,2000
SS,S,E,SS2,SS2-147,1476.64824120603,s,6.713307708383285,RU,7.196856730011529e-10,M,association,0,2000
SS,S,E,SS2,SS2-148,1486.6934673366834,s,6.7770884030228675,RU,7.196856730011529e-10,M,association,0,2000
SS,S,E,SS2,SS2-149,1496.7386934673366,s,6.717595924580514,RU,7.196856730011529e-10,M,association,0,2000
SS,S,E,SS2,SS2-150,1506.7839195979898,s,6.779989023018903,RU,7.196856730011529e-10,M,association,0,2000
SS,S,E,SS2,SS2-151,1516.8291457286432,s,6.737911594064876,RU,7.196856730011529e-10,M,association,0,2000
SS,S,E,SS2,SS2-152,1526.8743718592964,s,6.729793634190434,RU,7.196856730011529e-10,M,association,0,2000
SS,S,E,SS2,SS2-153,1536.9195979899496,s,6.514069040046945,RU,7.196856730011529e-10,M,association,0,2000
SS,S,E,SS2,SS2-154,1546.964824120603,s,6.654754381793016,RU,7.196856730011529e-10,M,association,0,2000
SS,S,E,SS2,SS2-155,1557.0100502512562,s,6.58773151102561,RU,7.196856730011529e-10,M,association,0,2000
SS,S,E,SS2,SS2-156,1567.0552763819094,s,6.674374600518926,RU,7.196856730011529e-10,M,association,0,2000
SS,S,E,SS2,SS2-157,1577.1005025125628,s,6.723416249133746,RU,7.196856730011529e-10,M,association,0,2000
SS,S,E,SS2,SS2-158,1587.145728643216,s,6.653094679892084,RU,7.196856730011529e-10,M,association,0,2000
SS,S,E,SS2,SS2-159,1597.1909547738692,s,6.710612849353563,RU,7.196856730011529e-10,M,association,0,2000
SS,S,E,SS2,SS2-160,1607.2361809045224,s,6.594576173012232,RU,7.196856730011529e-10,M,association,0,2000
SS,S,E,SS2,SS2-161,1617.2814070351758,s,6.869784686510991,RU,7.196856730011529e-10,M,association,0,2000
SS,S,E,SS2,SS2-162,1627.326633165829,s,6.719279489446566,RU,7.196856730011529e-10,M,association,0,2000
SS,S,E,SS2,SS2-163,1637.3718592964822,s,6.828074612478937,RU,7.196856730011529e-10,M,association,0,2000
SS,S,E,SS2,SS2-164,1647.4170854271356,s,6.805558322642601,RU,7.196856730011529e-10,M,association,0,2000
SS,S,E,SS2,SS2-165,1657.4623115577888,s,6.602700935732339,RU,7.196856730011529e-10,M,association,0,2000
SS,S,E,SS2,SS2-166,1667.507537688442,s,6.632827286542499,RU,7.196856730011529e-10,M,association,0,2000
SS,S,E,SS2,SS2-167,1677.5527638190954,s,6.682137978321714,RU,7.196856730011529e-10,M,association,0,2000
SS,S,E,SS2,SS2-168,1687.5979899497486,s,6.782344858796176,RU,7.196856730011529e-10,M,association,0,2000
SS,S,E,SS2,SS2-169,1697.6432160804018,s,6.637152492040329,RU,7.196856730011529e-10,M,association,0,2000
SS,S,E,SS2,SS2-170,1707.6884422110552,s,6.893842641123958,RU,7.196856730011529e-10,M,association,0,2000
SS,S,E,SS2,SS2-171,1717.7336683417084,s,6.7503352368116465,RU,7.196856730011529e-10,M,association,0,2000
SS,S,E,SS2,SS2-172,1727.7788944723616,s,6.692946651252969,RU,7.196856730011529e-10,M,association,0,2000
SS,S,E,SS2,SS2-173,1737.824120603015,s,6.74813606480958,RU,7.196856730011529e-10,M,association,0,2000
SS,S,E,SS2,SS2-174,1747.8693467336682,s,6.846388141462614,RU,7.196856730011529e-10,M,association,0,2000
SS,S,E,SS2,SS2-175,1757.9145728643214,s,6.775574084871033,RU,7.196856730011529e-10,M,association,0,2000
SS,S,E,SS2,SS2-176,1767.9597989949748,s,6.72700774557485,RU,7.196856730011529e-10,M,association,0,2000
SS,S,E,SS2,SS2-177,1778.005025125628,s,6.636831099886395,RU,7.196856730011529e-10,M,association,0,2000
SS,S,E,SS2,SS2-178,1788.0502512562812,s,6.823783998064509,RU,7.196856730011529e-10,M,association,0,2000
SS,S,E,SS2,SS2-179,1798.0954773869346,s,6.671855621265308,RU,7.196856730011529e-10,M,association,0,2000
SS,S,E,SS2,SS2-180,1808.1407035175878,s,6.73556121769481,RU,7.196856730011529e-10,M,association,0,2000
SS,S,E,SS2,SS2-181,1818.185929648241,s,6.55831769440664,RU,7.196856730011529e-10,M,association,0,2000
SS,S,E,SS2,SS2-182,1828.2311557788944,s,6.636616454465054,RU,7.196856730011529e-10,M,association,0,2000
SS,S,E,SS2,SS2-183,1838.2763819095476,s,6.617284699934161,RU,7.196856730011529e-10,M,association,0,2000
SS,S,E,SS2,SS2-184,1848.3216080402008,s,6.68892270197425,RU,7.196856730011529e-10,M,association,0,2000
SS,S,E,SS2,SS2-185,1858.3668341708542,s,6.720343933980786,RU,7.196856730011529e-10,M,association,0,2000
SS,S,E,SS2,SS2-186,1868.4120603015074,s,6.834153231604604,RU,7.196856730011529e-10,M,association,0,2000
SS,S,E,SS2,SS2-187,1878.4572864321606,s,6.804631212947351,RU,7.196856730011529e-10,M,association,0,2000
SS,S,E,SS2,SS2-188,1888.502512562814,s,6.7716599200574334,RU,7.196856730011529e-10,M,association,0,2000
SS,S,E,SS2,SS2-189,1898.5477386934672,s,6.508383838365675,RU,7.196856730011529e-10,M,association,0,2000
SS,S,E,SS2,SS2-190,1908.5929648241204,s,6.783094808115898,RU,7.196856730011529e-10,M,association,0,2000
SS,S,E,SS2,SS2-191,1918.6381909547738,s,6.715290190978343,RU,7.196856730011529e-10,M,association,0,2000
SS,S,E,SS2,SS2-192,1928.683417085427,s,6.745378978650063,RU,7.196856730011529e-10,M,association,0,2000
SS,S,E,SS2,SS2-193,1938.7286432160802,s,6.839233347426161,RU,7.196856730011529e-10,M,association,0,2000
SS,S,E,SS2,SS2-194,1948.7738693467336,s,6.80864387727993,RU,7.196856730011529e-10,M,association,0,2000
SS,S,E,SS2,SS2-195,1958.8190954773868,s,6.648007938152395,RU,7.196856730011529e-10,M,association,0,2000
SS,S,E,SS2,SS2-196,1968.86432160804,s,6.86801228419197,RU,7.196856730011529e-10,M,association,0,2000
SS,S,E,SS2,SS2-197,1978.9095477386934,s,6.51291819924595,RU,7.196856730011529e-10,M,association,0,2000
SS,S,E,SS2,SS2-198,1988.9547738693466,s,6.672196111980391,RU,7.196856730011529e-10,M,association,0,2000
SS,S,E,SS2,SS2-199,1999.0,s,6.616698309377024,RU,7.196856730011529e-10,M,association,0,2000
SS,S,E,SS2,SS2-200,2000.0,s,6.720443023175041,RU,7.196856730011529e-10,M,dissociation,0,2000
SS,S,E,SS2,SS2-201,2004.040404040404,s,6.533763247006128,RU,7.196856730011529e-10,M,dissociation,0,2000
SS,S,E,SS2,SS2-202,2008.080808080808,s,6.142446256297546,RU,7.196856730011529e-10,M,dissociation,0,2000
SS,S,E,SS2,SS2-203,2012.121212121212,s,6.000600240120163,RU,7.196856730011529e-10,M,dissociation,0,2000
SS,S,E,SS2,SS2-204,2016.1616161616162,s,5.707607302026539,RU,7.196856730011529e-10,M,dissociation,0,2000
SS,S,E,SS2,SS2-205,2020.20202020202,s,5.338374620254417,RU,7.196856730011529e-10,M,dissociation,0,2000
SS,S,E,SS2,SS2-206,2024.2424242424242,s,5.25182044737336,RU,7.196856730011529e-10,M,dissociation,0,2000
SS,S,E,SS2,SS2-207,2028.2828282828282,s,5.080013309672892,RU,7.196856730011529e-10,M,dissociation,0,2000
SS,S,E,SS2,SS2-208,2032.3232323232323,s,4.992091791558952,RU,7.196856730011529e-10,M,dissociation,0,2000
SS,S,E,SS2,SS2-209,2036.3636363636363,s,4.62014670915375,RU,7.196856730011529e-10,M,dissociation,0,2000
SS,S,E,SS2,SS2-210,2040.4040404040404,s,4.415082558790768,RU,7.196856730011529e-10,M,dissociation,0,2000
SS,S,E,SS2,SS2-211,2044.4444444444443,s,4.2693976202453285,RU,7.196856730011529e-10,M,dissociation,0,2000
SS,S,E,SS2,SS2-212,2048.4848484848485,s,4.192490460168477,RU,7.196856730011529e-10,M,dissociation,0,2000
SS,S,E,SS2,SS2-213,2052.5252525252527,s,3.925340929685544,RU,7.196856730011529e-10,M,dissociation,0,2000
SS,S,E,SS2,SS2-214,2056.5656565656564,s,3.8856791245281133,RU,7.196856730011529e-10,M,dissociation,0,2000
SS,S,E,SS2,SS2-215,2060.6060606060605,s,3.7182264071847184,RU,7.196856730011529e-10,M,dissociation,0,2000
SS,S,E,SS2,SS2-216,2064.6464646464647,s,3.4206814314989886,RU,7.196856730011529e-10,M,dissociation,0,2000
SS,S,E,SS2,SS2-217,2068.686868686869,s,3.439043777986627,RU,7.196856730011529e-10,M,dissociation,0,2000
SS,S,E,SS2,SS2-218,2072.7272727272725,s,3.195158095286712,RU,7.196856730011529e-10,M,dissociation,0,2000
SS,S,E,SS2,SS2-219,2076.7676767676767,s,3.1633043350027297,RU,7.196856730011529e-10,M,dissociation,0,2000
SS,S,E,SS2,SS2-220,2080.808080808081,s,2.9255567905508477,RU,7.196856730011529e-10,M,dissociation,0,2000
SS,S,E,SS2,SS2-221,2084.848484848485,s,2.917563480025821,RU,7.196856730011529e-10,M,dissociation,0,2000
SS,S,E,SS2,SS2-222,2088.8888888888887,s,2.8064027976322685,RU,7.196856730011529e-10,M,dissociation,0,2000
SS,S,E,SS2,SS2-223,2092.929292929293,s,2.5285442461006777,RU,7.196856730011529e-10,M,dissociation,0,2000
SS,S,E,SS2,SS2-224,2096.969696969697,s,2.4332487166548047,RU,7.196856730011529e-10,M,dissociation,0,2000
SS,S,E,SS2,SS2-225,2101.010101010101,s,2.435784354932054,RU,7.196856730011529e-10,M,dissociation,0,2000
SS,S,E,SS2,SS2-226,2105.050505050505,s,2.359880971168436,RU,7.196856730011529e-10,M,dissociation,0,2000
SS,S,E,SS2,SS2-227,2109.090909090909,s,2.23777643629904,RU,7.196856730011529e-10,M,dissociation,0,2000
SS,S,E,SS2,SS2-228,2113.131313131313,s,2.117459090317684,RU,7.196856730011529e-10,M,dissociation,0,2000
SS,S,E,SS2,SS2-229,2117.1717171717173,s,2.1069098368198267,RU,7.196856730011529e-10,M,dissociation,0,2000
SS,S,E,SS2,SS2-230,2121.212121212121,s,2.0700206405873542,RU,7.196856730011529e-10,M,dissociation,0,2000
SS,S,E,SS2,SS2-231,2125.252525252525,s,2.123370448471201,RU,7.196856730011529e-10,M,dissociation,0,2000
SS,S,E,SS2,SS2-232,2129.2929292929293,s,1.8869411035758707,RU,7.196856730011529e-10,M,dissociation,0,2000
SS,S,E,SS2,SS2-233,2133.3333333333335,s,1.6698009988246616,RU,7.196856730011529e-10,M,dissociation,0,2000
SS,S,E,SS2,SS2-234,2137.373737373737,s,1.6150091848565362,RU,7.196856730011529e-10,M,dissociation,0,2000
SS,S,E,SS2,SS2-235,2141.4141414141413,s,1.551695836986896,RU,7.196856730011529e-10,M,dissociation,0,2000
SS,S,E,SS2,SS2-236,2145.4545454545455,s,1.6289559676882712,RU,7.196856730011529e-10,M,dissociation,0,2000
SS,S,E,SS2,SS2-237,2149.4949494949497,s,1.4284348026804983,RU,7.196856730011529e-10,M,dissociation,0,2000
SS,S,E,SS2,SS2-238,2153.5353535353534,s,1.5157119510780344,RU,7.196856730011529e-10,M,dissociation,0,2000
SS,S,E,SS2,SS2-239,2157.5757575757575,s,1.316860170696624,RU,7.196856730011529e-10,M,dissociation,0,2000
SS,S,E,SS2,SS2-240,2161.6161616161617,s,1.4032189076743165,RU,7.196856730011529e-10,M,dissociation,0,2000
SS,S,E,SS2,SS2-241,2165.656565656566,s,1.2363559331111234,RU,7.196856730011529e-10,M,dissociation,0,2000
SS,S,E,SS2,SS2-242,2169.6969696969695,s,1.1922089580096007,RU,7.196856730011529e-10,M,dissociation,0,2000
SS,S,E,SS2,SS2-243,2173.7373737373737,s,1.1600550847841427,RU,7.196856730011529e-10,M,dissociation,0,2000
SS,S,E,SS2,SS2-244,2177.777777777778,s,1.3260499146496643,RU,7.196856730011529e-10,M,dissociation,0,2000
SS,S,E,SS2,SS2-245,2181.818181818182,s,1.0693254039857807,RU,7.196856730011529e-10,M,dissociation,0,2000
SS,S,E,SS2,SS2-246,2185.8585858585857,s,1.0595190661000673,RU,7.196856730011529e-10,M,dissociation,0,2000
SS,S,E,SS2,SS2-247,2189.89898989899,s,0.9559992163181646,RU,7.196856730011529e-10,M,dissociation,0,2000
SS,S,E,SS2,SS2-248,2193.939393939394,s,1.0697057634783398,RU,7.196856730011529e-10,M,dissociation,0,2000
SS,S,E,SS2,SS2-249,2197.979797979798,s,0.8618006737034309,RU,7.196856730011529e-10,M,dissociation,0,2000
SS,S,E,SS2,SS2-250,2202.020202020202,s,0.9071737034579727,RU,7.196856730011529e-10,M,dissociation,0,2000
SS,S,E,SS2,SS2-251,2206.060606060606,s,0.7671626884796261,RU,7.196856730011529e-10,M,dissociation,0,2000
SS,S,E,SS2,SS2-252,2210.10101010101,s,0.7732293937743369,RU,7.196856730011529e-10,M,dissociation,0,2000
SS,S,E,SS2,SS2-253,2214.1414141414143,s,0.8510822449159162,RU,7.196856730011529e-10,M,dissociation,0,2000
SS,S,E,SS2,SS2-254,2218.181818181818,s,0.9415187841378839,RU,7.196856730011529e-10,M,dissociation,0,2000
SS,S,E,SS2,SS2-255,2222.222222222222,s,0.658708638970212,RU,7.196856730011529e-10,M,dissociation,0,2000
SS,S,E,SS2,SS2-256,2226.2626262626263,s,0.7646880280092854,RU,7.196856730011529e-10,M,dissociation,0,2000
SS,S,E,SS2,SS2-257,2230.3030303030305,s,0.6833136192977426,RU,7.196856730011529e-10,M,dissociation,0,2000
SS,S,E,SS2,SS2-258,2234.343434343434,s,0.679245918135202,RU,7.196856730011529e-10,M,dissociation,0,2000
SS,S,E,SS2,SS2-259,2238.3838383838383,s,0.8399654847659779,RU,7.196856730011529e-10,M,dissociation,0,2000
SS,S,E,SS2,SS2-260,2242.4242424242425,s,0.6914182626993822,RU,7.196856730011529e-10,M,dissociation,0,2000
SS,S,E,SS2,SS2-261,2246.4646464646466,s,0.510591244315109,RU,7.196856730011529e-10,M,dissociation,0,2000
SS,S,E,SS2,SS2-262,2250.5050505050503,s,0.3788665458529895,RU,7.196856730011529e-10,M,dissociation,0,2000
SS,S,E,SS2,SS2-263,2254.5454545454545,s,0.5281061957837633,RU,7.196856730011529e-10,M,dissociation,0,2000
SS,S,E,SS2,SS2-264,2258.5858585858587,s,0.4793327163964305,RU,7.196856730011529e-10,M,dissociation,0,2000
SS,S,E,SS2,SS2-265,2262.626262626263,s,0.63211397501804,RU,7.196856730011529e-10,M,dissociation,0,2000
SS,S,E,SS2,SS2-266,2266.6666666666665,s,0.4805867906498129,RU,7.196856730011529e-10,M,dissociation,0,2000
SS,S,E,SS2,SS2-267,2270.7070707070707,s,0.3925018176345466,RU,7.196856730011529e-10,M,dissociation,0,2000
SS,S,E,SS2,SS2-268,2274.747474747475,s,0.3638316939089383,RU,7.196856730011529e-10,M,dissociation,0,2000
SS,S,E,SS2,SS2-269,2278.787878787879,s,0.22846684800901307,RU,7.196856730011529e-10,M,dissociation,0,2000
SS,S,E,SS2,SS2-270,2282.8282828282827,s,0.5216362217644619,RU,7.196856730011529e-10,M,dissociation,0,2000
SS,S,E,SS2,SS2-271,2286.868686868687,s,0.41519566614761044,RU,7.196856730011529e-10,M,dissociation,0,2000
SS,S,E,SS2,SS2-272,2290.909090909091,s,0.3680156856110526,RU,7.196856730011529e-10,M,dissociation,0,2000
SS,S,E,SS2,SS2-273,2294.949494949495,s,0.4463181787240166,RU,7.196856730011529e-10,M,dissociation,0,2000
SS,S,E,SS2,SS2-274,2298.989898989899,s,0.3008738320601868,RU,7.196856730011529e-10,M,dissociation,0,2000
SS,S,E,SS2,SS2-275,2303.030303030303,s,0.16191436285817254,RU,7.196856730011529e-10,M,dissociation,0,2000
SS,S,E,SS2,SS2-276,2307.070707070707,s,0.3464842611996137,RU,7.196856730011529e-10,M,dissociation,0,2000
SS,S,E,SS2,SS2-277,2311.1111111111113,s,0.2811884059548192,RU,7.196856730011529e-10,M,dissociation,0,2000
SS,S,E,SS2,SS2-278,2315.151515151515,s,0.3018875747626602,RU,7.196856730011529e-10,M,dissociation,0,2000
SS,S,E,SS2,SS2-279,2319.191919191919,s,0.21433062227179916,RU,7.196856730011529e-10,M,dissociation,0,2000
SS,S,E,SS2,SS2-280,2323.2323232323233,s,0.30877650491045683,RU,7.196856730011529e-10,M,dissociation,0,2000
SS,S,E,SS2,SS2-281,2327.2727272727275,s,0.2974661031543569,RU,7.196856730011529e-10,M,dissociation,0,2000
SS,S,E,SS2,SS2-282,2331.313131313131,s,0.21409105700921935,RU,7.196856730011529e-10,M,dissociation,0,2000
SS,S,E,SS2,SS2-283,2335.3535353535353,s,0.1172688958516115,RU,7.196856730011529e-10,M,dissociation,0,2000
SS,S,E,SS2,SS2-284,2339.3939393939395,s,0.4192712555431803,RU,7.196856730011529e-10,M,dissociation,0,2000
SS,S,E,SS2,SS2-285,2343.4343434343436,s,0.16371806684398466,RU,7.196856730011529e-10,M,dissociation,0,2000
SS,S,E,SS2,SS2-286,2347.4747474747473,s,0.3054052921540885,RU,7.196856730011529e-10,M,dissociation,0,2000
SS,S,E,SS2,SS2-287,2351.5151515151515,s,0.31999889079446436,RU,7.196856730011529e-10,M,dissociation,0,2000
SS,S,E,SS2,SS2-288,2355.5555555555557,s,0.13651436682909515,RU,7.196856730011529e-10,M,dissociation,0,2000
SS,S,E,SS2,SS2-289,2359.59595959596,s,0.15348679446069224,RU,7.196856730011529e-10,M,dissociation,0,2000
SS,S,E,SS2,SS2-290,2363.6363636363635,s,0.0635522786517906,RU,7.196856730011529e-10,M,dissociation,0,2000
SS,S,E,SS2,SS2-291,2367.6767676767677,s,0.22431082146257098,RU,7.196856730011529e-10,M,dissociation,0,2000
SS,S,E,SS2,SS2-292,2371.717171717172,s,0.102115023014724,RU,7.196856730011529e-10,M,dissociation,0,2000
SS,S,E,SS2,SS2-293,2375.757575757576,s,0.07319363323829964,RU,7.196856730011529e-10,M,dissociation,0,2000
SS,S,E,SS2,SS2-294,2379.7979797979797,s,0.20628446268436856,RU,7.196856730011529e-10,M,dissociation,0,2000
SS,S,E,SS2,SS2-295,2383.838383838384,s,-0.012583577521885242,RU,7.196856730011529e-10,M,dissociation,0,2000
SS,S,E,SS2,SS2-296,2387.878787878788,s,0.14447980381291234,RU,7.196856730011529e-10,M,dissociation,0,2000
SS,S,E,SS2,SS2-297,2391.9191919191917,s,0.05962172209539279,RU,7.196856730011529e-10,M,dissociation,0,2000
SS,S,E,SS2,SS2-298,2395.959595959596,s,0.10666932771824626,RU,7.196856730011529e-10,M,dissociation,0,2000
SS,S,E,SS2,SS2-299,2400.0,s,0.09961528233416334,RU,7.196856730011529e-10,M,dissociation,0,2000
SS,S,E,SS3,SS3-0,0.0,s,0.050202498085657916,RU,1.9306977288832458e-09,M,association,0,2000
SS,S,E,SS3,SS3-1,10.045226130653266,s,1.8873914079133283,RU,1.9306977288832458e-09,M,association,0,2000
SS,S,E,SS3,SS3-2,20.09045226130653,s,3.3559960029838436,RU,1.9306977288832458e-09,M,association,0,2000
SS,S,E,SS3,SS3-3,30.135678391959797,s,4.8881948360687275,RU,1.9306977288832458e-09,M,association,0,2000
SS,S,E,SS3,SS3-4,40.18090452261306,s,6.158464284371299,RU,1.9306977288832458e-09,M,association,0,2000
SS,S,E,SS3,SS3-5,50.226130653266324,s,7.371253611420505,RU,1.9306977288832458e-09,M,association,0,2000
SS,S,E,SS3,SS3-6,60.27135678391959,s,8.274928945622902,RU,1.9306977288832458e-09,M,association,0,2000
SS,S,E,SS3,SS3-7,70.31658291457286,s,9.062749833481226,RU,1.9306977288832458e-09,M,association,0,2000
SS,S,E,SS3,SS3-8,80.36180904522612,s,9.96078041057202,RU,1.9306977288832458e-09,M,association,0,2000
SS,S,E,SS3,SS3-9,90.40703517587939,s,10.681964852645548,RU,1.9306977288832458e-09,M,association,0,2000
SS,S,E,SS3,SS3-10,100.45226130653265,s,11.167368019886244,RU,1.9306977288832458e-09,M,association,0,2000
SS,S,E,SS3,SS3-11,110.49748743718592,s,11.800741188041552,RU,1.9306977288832458e-09,M,association,0,2000
SS,S,E,SS3,SS3-12,120.54271356783919,s,12.36135998820654,RU,1.9306977288832458e-09,M,association,0,2000
SS,S,E,SS3,SS3-13,130.58793969849245,s,12.708010439934668,RU,1.9306977288832458e-09,M,association,0,2000
SS,S,E,SS3,SS3-14,140.63316582914572,s,13.036041191508929,RU,1.9306977288832458e-09,M,association,0,2000
SS,S,E,SS3,SS3-15,150.67839195979897,s,13.439792098348025,RU,1.9306977288832458e-09,M,association,0,2000
SS,S,E,SS3,SS3-16,160.72361809045225,s,13.802108035508402,RU,1.9306977288832458e-09,M,association,0,2000
SS,S,E,SS3,SS3-17,170.76884422110552,s,14.003448889911972,RU,1.9306977288832458e-09,M,association,0,2000
SS,S,E,SS3,SS3-18,180.81407035175877,s,14.378607368518765,RU,1.9306977288832458e-09,M,association,0,2000
SS,S,E,SS3,SS3-19,190.85929648241205,s,14.609906183095053,RU,1.9306977288832458e-09,M,association,0,2000
SS,S,E,SS3,SS3-20,200.9045226130653,s,14.612876163975464,RU,1.9306977288832458e-09,M,association,0,2000
SS,S,E,SS3,SS3-21,210.94974874371857,s,14.916370433349554,RU,1.9306977288832458e-09,M,association,0,2000
SS,S,E,SS3,SS3-22,220.99497487437185,s,14.951515174323205,RU,1.9306977288832458e-09,M,association,0,2000
SS,S,E,SS3,SS3-23,231.0402010050251,s,15.009165962979619,RU,1.9306977288832458e-09,M,association,0,2000
SS,S,E,SS3,SS3-24,241.08542713567837,s,15.198060918023295,RU,1.9306977288832458e-09,M,association,0,2000
SS,S,E,SS3,SS3-25,251.13065326633165,s,15.268515382114494,RU,1.9306977288832458e-09,M,association,0,2000
SS,S,E,SS3,SS3-26,261.1758793969849,s,15.47453571698907,RU,1.9306977288832458e-09,M,association,0,2000
SS,S,E,SS3,SS3-27,271.22110552763814,s,15.516852694398885,RU,1.9306977288832458e-09,M,association,0,2000
SS,S,E,SS3,SS3-28,281.26633165829145,s,15.545862491141262,RU,1.9306977288832458e-09,M,association,0,2000
SS,S,E,SS3,SS3-29,291.3115577889447,s,15.679927972526965,RU,1.9306977288832458e-09,M,association,0,2000
SS,S,E,SS3,SS3-30,301.35678391959794,s,15.747513465907245,RU,1.9306977288832458e-09,M,association,0,2000
SS,S,E,SS3,SS3-31,311.40201005025125,s,15.987247991233858,RU,1.9306977288832458e-09,M,association,0,2000
SS,S,E,SS3,SS3-32,321.4472361809045,s,15.888173937307187,RU,1.9306977288832458e-09,M,association,0,2000
SS,S,E,SS3,SS3-33,331.49246231155774,s,15.883148050608108,RU,1.9306977288832458e-09,M,association,0,2000
SS,S,E,SS3,SS3-34,341.53768844221105,s,15.949700114675295,RU,1.9306977288832458e-09,M,association,0,2000
SS,S,E,SS3,SS3-35,351.5829145728643,s,15.961006750891567,RU,1.9306977288832458e-09,M,association,0,2000
SS,S,E,SS3,SS3-36,361.62814070351754,s,15.991197404135491,RU,1.9306977288832458e-09,M,association,0,2000
SS,S,E,SS3,SS3-37,371.67336683417085,s,16.056305131339876,RU,1.9306977288832458e-09,M,association,0,2000
SS,S,E,SS3,SS3-38,381.7185929648241,s,16.013541951617423,RU,1.9306977288832458e-09,M,association,0,2000
SS,S,E,SS3,SS3-39,391.76381909547734,s,16.09155768346239,RU,1.9306977288832458e-09,M,association,0,2000
SS,S,E,SS3,SS3-40,401.8090452261306,s,16.019448840001502,RU,1.9306977288832458e-09,M,association,0,2000
SS,S,E,SS3,SS3-41,411.8542713567839,s,16.131844018969,RU,1.9306977288832458e-09,M,association,0,2000
SS,S,E,SS3,SS3-42,421.89949748743715,s,16.158411874121203,RU,1.9306977288832458e-09,M,association,0,2000
SS,S,E,SS3,SS3-43,431.9447236180904,s,15.940601401567118,RU,1.9306977288832458e-09,M,association,0,2000
SS,S,E,SS3,SS3-44,441.9899497487437,s,16.166178011500104,RU,1.9306977288832458e-09,M,association,0,2000
SS,S,E,SS3,SS3-45,452.03517587939695,s,16.162513759459035,RU,1.9306977288832458e-09,M,association,0,2000
SS,S,E,SS3,SS3-46,462.0804020100502,s,16.30232741612051,RU,1.9306977288832458e-09,M,association,0,2000
SS,S,E,SS3,SS3-47,472.1256281407035,s,16.189586875839286,RU,1.9306977288832458e-09,M,association,0,2000
SS,S,E,SS3,SS3-48,482.17085427135675,s,16.139120250033326,RU,1.9306977288832458e-09,M,association,0,2000
SS,S,E,SS3,SS3-49,492.21608040201,s,16.140494594759787,RU,1.9306977288832458e-09,M,association,0,2000
SS,S,E,SS3,SS3-50,502.2613065326633,s,16.20698092997162,RU,1.9306977288832458e-09,M,association,0,2000
SS,S,E,SS3,SS3-51,512.3065326633165,s,16.318725393470963,RU,1.9306977288832458e-09,M,association,0,2000
SS,S,E,SS3,SS3-52,522.3517587939698,s,16.186521238346913,RU,1.9306977288832458e-09,M,association,0,2000
SS,S,E,SS3,SS3-53,532.3969849246231,s,16.34590207908247,RU,1.9306977288832458e-09,M,association,0,2000
SS,S,E,SS3,SS3-54,542.4422110552763,s,16.142561056097875,RU,1.9306977288832458e-09,M,association,0,2000
SS,S,E,SS3,SS3-55,552.4874371859296,s,16.01514104983876,RU,1.9306977288832458e-09,M,association,0,2000
SS,S,E,SS3,SS3-56,562.5326633165829,s,16.252669634049198,RU,1.9306977288832458e-09,M,association,0,2000
SS,S,E,SS3,SS3-57,572.5778894472361,s,16.189157451369137,RU,1.9306977288832458e-09,M,association,0,2000
SS,S,E,SS3,SS3-58,582.6231155778894,s,16.197033958340143,RU,1.9306977288832458e-09,M,association,0,2000
SS,S,E,SS3,SS3-59,592.6683417085427,s,16.10670900535467,RU,1.9306977288832458e-09,M,association,0,2000
SS,S,E,SS3,SS3-60,602.7135678391959,s,16.19616283467785,RU,1.9306977288832458e-09,M,association,0,2000
SS,S,E,SS3,SS3-61,612.7587939698492,s,16.11562219490132,RU,1.9306977288832458e-09,M,association,0,2000
SS,S,E,SS3,SS3-62,622.8040201005025,s,16.181328968636343,RU,1.9306977288832458e-09,M,association,0,2000
SS,S,E,SS3,SS3-63,632.8492462311557,s,16.097356880302918,RU,1.9306977288832458e-09,M,association,0,2000
SS,S,E,SS3,SS3-64,642.894472361809,s,16.265017157311192,RU,1.9306977288832458e-09,M,association,0,2000
SS,S,E,SS3,SS3-65,652.9396984924623,s,16.359519247145002,RU,1.9306977288832458e-09,M,association,0,2000
SS,S,E,SS3,SS3-66,662.9849246231155,s,16.008278312074133,RU,1.9306977288832458e-09,M,association,0,2000
SS,S,E,SS3,SS3-67,673.0301507537688,s,16.109753697010223,RU,1.9306977288832458e-09,M,association,0,2000
SS,S,E,SS3,SS3-68,683.0753768844221,s,16.30973142957418,RU,1.9306977288832458e-09,M,association,0,2000
SS,S,E,SS3,SS3-69,693.1206030150753,s,16.125255111929306,RU,1.9306977288832458e-09,M,association,0,2000
SS,S,E,SS3,SS3-70,703.1658291457286,s,16.026572935603518,RU,1.9306977288832458e-09,M,association,0,2000
SS,S,E,SS3,SS3-71,713.2110552763819,s,16.329181388449967,RU,1.9306977288832458e-09,M,association,0,2000
SS,S,E,SS3,SS3-72,723.2562814070351,s,16.22571937459776,RU,1.9306977288832458e-09,M,association,0,2000
SS,S,E,SS3,SS3-73,733.3015075376884,s,16.185018568967774,RU,1.9306977288832458e-09,M,association,0,2000
SS,S,E,SS3,SS3-74,743.3467336683417,s,16.244728072981708,RU,1.9306977288832458e-09,M,association,0,2000
SS,S,E,SS3,SS3-75,753.3919597989949,s,16.220801542267402,RU,1.9306977288832458e-09,M,association,0,2000
SS,S,E,SS3,SS3-76,763.4371859296482,s,16.104551330042426,RU,1.9306977288832458e-09,M,association,0,2000
SS,S,E,SS3,SS3-77,773.4824120603015,s,16.114850105952797,RU,1.9306977288832458e-09,M,association,0,2000
SS,S,E,SS3,SS3-78,783.5276381909547,s,16.20643146025915,RU,1.9306977288832458e-09,M,association,0,2000
SS,S,E,SS3,SS3-79,793.572864321608,s,16.26307794004541,RU,1.9306977288832458e-09,M,association,0,2000
SS,S,E,SS3,SS3-80,803.6180904522612,s,16.166007425131546,RU,1.9306977288832458e-09,M,association,0,2000
SS,S,E,SS3,SS3-81,813.6633165829145,s,16.09548107565309,RU,1.9306977288832458e-09,M,association,0,2000
SS,S,E,SS3,SS3-82,823.7085427135678,s,16.098037862032005,RU,1.9306977288832458e-09,M,association,0,2000
SS,S,E,SS3,SS3-83,833.753768844221,s,16.267566949483395,RU,1.9306977288832458e-09,M,association,0,2000
SS,S,E,SS3,SS3-84,843.7989949748743,s,16.140531327393536,RU,1.9306977288832458e-09,M,association,0,2000
SS,S,E,SS3,SS3-85,853.8442211055276,s,16.198241769698967,RU,1.9306977288832458e-09,M,association,0,2000
SS,S,E,SS3,SS3-86,863.8894472361808,s,16.146899164716483,RU,1.9306977288832458e-09,M,association,0,2000
SS,S,E,SS3,SS3-87,873.9346733668341,s,16.14801022206358,RU,1.9306977288832458e-09,M,association,0,2000
SS,S,E,SS3,SS3-88,883.9798994974874,s,16.203948417449478,RU,1.9306977288832458e-09,M,association,0,2000
SS,S,E,SS3,SS3-89,894.0251256281406,s,16.178391585810033,RU,1.9306977288832458e-09,M,association,0,2000
SS,S,E,SS3,SS3-90,904.0703517587939,s,16.08296973044974,RU,1.9306977288832458e-09,M,association,0,2000
SS,S,E,SS3,SS3-91,914.1155778894472,s,16.06078593645088,RU,1.9306977288832458e-09,M,association,0,2000
SS,S,E,SS3,SS3-92,924.1608040201004,s,16.330402299895546,RU,1.9306977288832458e-09,M,association,0,2000
SS,S,E,SS3,SS3-93,934.2060301507537,s,16.228730291068054,RU,1.9306977288832458e-09,M,association,0,2000
SS,S,E,SS3,SS3-94,944.251256281407,s,16.166399788409574,RU,1.9306977288832458e-09,M,association,0,2000
SS,S,E,SS3,SS3-95,954.2964824120602,s,16.12909553562164,RU,1.9306977288832458e-09,M,association,0,2000
SS,S,E,SS3,SS3-96,964.3417085427135,s,16.246095008285778,RU,1.9306977288832458e-09,M,association,0,2000
SS,S,E,SS3,SS3-97,974.3869346733668,s,16.149104692760023,RU,1.9306977288832458e-09,M,association,0,2000
SS,S,E,SS3,SS3-98,984.43216080402,s,16.103563116231374,RU,1.9306977288832458e-09,M,association,0,2000
SS,S,E,SS3,SS3-99,994.4773869346733,s,16.357479722028067,RU,1.9306977288832458e-09,M,association,0,2000
SS,S,E,SS3,SS3-100,1004.5226130653266,s,16.13096876525715,RU,1.9306977288832458e-09,M,association,0,2000
SS,S,E,SS3,SS3-101,1014.5678391959798,s,16.259579629541786,RU,1.9306977288832458e-09,M,association,0,2000
SS,S,E,SS3,SS3-102,1024.613065326633,s,16.142984563208643,RU,1.9306977288832458e-09,M,association,0,2000
SS,S,E,SS3,SS3-103,1034.6582914572864,s,16.126162765808033,RU,1.9306977288832458e-09,M,association,0,2000
SS,S,E,SS3,SS3-104,1044.7035175879396,s,16.09466822256424,RU,1.9306977288832458e-09,M,association,0,2000
SS,S,E,SS3,SS3-105,1054.7487437185928,s,16.369244096827412,RU,1.9306977288832458e-09,M,association,0,2000
SS,S,E,SS3,SS3-106,1064.7939698492462,s,16.09459298721853,RU,1.9306977288832458e-09,M,association,0,2000
SS,S,E,SS3,SS3-107,1074.8391959798994,s,16.101979630096963,RU,1.9306977288832458e-09,M,association,0,2000
SS,S,E,SS3,SS3-108,1084.8844221105526,s,16.130141947823912,RU,1.9306977288832458e-09,M,association,0,2000
SS,S,E,SS3,SS3-109,1094.929648241206,s,16.28755746598263,RU,1.9306977288832458e-09,M,association,0,2000
SS,S,E,SS3,SS3-110,1104.9748743718592,s,16.201126696085403,RU,1.9306977288832458e-09,M,association,0,2000
SS,S,E,SS3,SS3-111,1115.0201005025124,s,16.096389745132626,RU,1.9306977288832458e-09,M,association,0,2000
SS,S,E,SS3,SS3-112,1125.0653266331658,s,16.273737848026258,RU,1.9306977288832458e-09,M,association,0,2000
SS,S,E,SS3,SS3-113,1135.110552763819,s,16.117246304626935,RU,1.9306977288832458e-09,M,association,0,2000
SS,S,E,SS3,SS3-114,1145.1557788944722,s,16.17611602195724,RU,1.9306977288832458e-09,M,association,0,2000
SS,S,E,SS3,SS3-115,1155.2010050251256,s,16.235029922899194,RU,1.9306977288832458e-09,M,association,0,2000
SS,S,E,SS3,SS3-116,1165.2462311557788,s,16.227282176546968,RU,1.9306977288832458e-09,M,association,0,2000
SS,S,E,SS3,SS3-117,1175.291457286432,s,16.140723208586767,RU,1.9306977288832458e-09,M,association,0,2000
SS,S,E,SS3,SS3-118,1185.3366834170854,s,16.071187974015192,RU,1.9306977288832458e-09,M,association,0,2000
SS,S,E,SS3,SS3-119,1195.3819095477386,s,16.08594658166048,RU,1.9306977288832458e-09,M,association,0,2000
SS,S,E,SS3,SS3-120,1205.4271356783918,s,16.128544861381968,RU,1.9306977288832458e-09,M,association,0,2000
SS,S,E,SS3,SS3-121,1215.4723618090452,s,16.180332109245843,RU,1.9306977288832458e-09,M,association,0,2000
SS,S,E,SS3,SS3-122,1225.5175879396984,s,16.075151739770902,RU,1.9306977288832458e-09,M,association,0,2000
SS,S,E,SS3,SS3-123,1235.5628140703516,s,16.241292972454175,RU,1.9306977288832458e-09,M,association,0,2000
SS,S,E,SS3,SS3-124,1245.608040201005,s,16.05885791694007,RU,1.9306977288832458e-09,M,association,0,2000
SS,S,E,SS3,SS3-125,1255.6532663316582,s,16.267402984784823,RU,1.9306977288832458e-09,M,association,0,2000
SS,S,E,SS3,SS3-126,1265.6984924623114,s,16.08133545878395,RU,1.9306977288832458e-09,M,association,0,2000
SS,S,E,SS3,SS3-127,1275.7437185929648,s,16.292382417550787,RU,1.9306977288832458e-09,M,association,0,2000
SS,S,E,SS3,SS3-128,1285.788944723618,s,16.099729871477788,RU,1.9306977288832458e-09,M,association,0,2000
SS,S,E,SS3,SS3-129,1295.8341708542712,s,16.2114657622056,RU,1.9306977288832458e-09,M,association,0,2000
SS,S,E,SS3,SS3-130,1305.8793969849246,s,16.169105051156773,RU,1.9306977288832458e-09,M,association,0,2000
SS,S,E,SS3,SS3-131,1315.9246231155778,s,16.212383436679197,RU,1.9306977288832458e-09,M,association,0,2000
SS,S,E,SS3,SS3-132,1325.969849246231,s,15.955744820093958,RU,1.9306977288832458e-09,M,association,0,2000
SS,S,E,SS3,SS3-133,1336.0150753768844,s,16.283020673728867,RU,1.9306977288832458e-09,M,association,0,2000
SS,S,E,SS3,SS3-134,1346.0603015075376,s,16.28568424525385,RU,1.9306977288832458e-09,M,association,0,2000
SS,S,E,SS3,SS3-135,1356.1055276381908,s,16.127927377374174,RU,1.9306977288832458e-09,M,association,0,2000
SS,S,E,SS3,SS3-136,1366.1507537688442,s,16.10949599169936,RU,1.9306977288832458e-09,M,association,0,2000
SS,S,E,SS3,SS3-137,1376.1959798994974,s,16.15967879067111,RU,1.9306977288832458e-09,M,association,0,2000
SS,S,E,SS3,SS3-138,1386.2412060301506,s,16.133676117144674,RU,1.9306977288832458e-09,M,association,0,2000
SS,S,E,SS3,SS3-139,1396.286432160804,s,16.245079399639682,RU,1.9306977288832458e-09,M,association,0,2000
SS,S,E,SS3,SS3-140,1406.3316582914572,s,16.18175962913322,RU,1.9306977288832458e-09,M,association,0,2000
SS,S,E,SS3,SS3-141,1416.3768844221104,s,16.437227124404476,RU,1.9306977288832458e-09,M,association,0,2000
SS,S,E,SS3,SS3-142,1426.4221105527638,s,16.208703885477075,RU,1.9306977288832458e-09,M,association,0,2000
SS,S,E,SS3,SS3-143,1436.467336683417,s,16.18945383510844,RU,1.9306977288832458e-09,M,association,0,2000
SS,S,E,SS3,SS3-144,1446.5125628140702,s,16.094959090341337,RU,1.9306977288832458e-09,M,association,0,2000
SS,S,E,SS3,SS3-145,1456.5577889447236,s,16.2204633970393,RU,1.9306977288832458e-09,M,association,0,2000
SS,S,E,SS3,SS3-146,1466.6030150753768,s,16.112444547122696,RU,1.9306977288832458e-09,M,association,0,2000
SS,S,E,SS3,SS3-147,1476.64824120603,s,16.161295937435906,RU,1.9306977288832458e-09,M,association,0,2000
SS,S,E,SS3,SS3-148,1486.6934673366834,s,16.1718247693556,RU,1.9306977288832458e-09,M,association,0,2000
SS,S,E,SS3,SS3-149,1496.7386934673366,s,16.213268509604685,RU,1.9306977288832458e-09,M,association,0,2000
SS,S,E,SS3,SS3-150,1506.7839195979898,s,16.365375996741694,RU,1.9306977288832458e-09,M,association,0,2000
SS,S,E,SS3,SS3-151,1516.8291457286432,s,16.15951886802785,RU,1.9306977288832458e-09,M,association,0,2000
SS,S,E,SS3,SS3-152,1526.8743718592964,s,16.18533450212352,RU,1.9306977288832458e-09,M,association,0,2000
SS,S,E,SS3,SS3-153,1536.9195979899496,s,16.200859906180536,RU,1.9306977288832458e-09,M,association,0,2000
SS,S,E,SS3,SS3-154,1546.964824120603,s,16.154566382286482,RU,1.9306977288832458e-09,M,association,0,2000
SS,S,E,SS3,SS3-155,1557.0100502512562,s,16.202527649206278,RU,1.9306977288832458e-09,M,association,0,2000
SS,S,E,SS3,SS3-156,1567.0552763819094,s,16.186094902572854,RU,1.9306977288832458e-09,M,association,0,2000
SS,S,E,SS3,SS3-157,1577.1005025125628,s,16.18262498477325,RU,1.9306977288832458e-09,M,association,0,2000
SS,S,E,SS3,SS3-158,1587.145728643216,s,16.201648762126943,RU,1.9306977288832458e-09,M,association,0,2000
SS,S,E,SS3,SS3-159,1597.1909547738692,s,16.22986693195877,RU,1.9306977288832458e-09,M,association,0,2000
SS,S,E,SS3,SS3-160,1607.2361809045224,s,16.15794115886328,RU,1.9306977288832458e-09,M,association,0,2000
SS,S,E,SS3,SS3-161,1617.2814070351758,s,16.096993519372436,RU,1.9306977288832458e-09,M,association,0,2000
SS,S,E,SS3,SS3-162,1627.326633165829,s,16.087462942746633,RU,1.9306977288832458e-09,M,association,0,2000
SS,S,E,SS3,SS3-163,1637.3718592964822,s,16.203531466067112,RU,1.9306977288832458e-09,M,association,0,2000
SS,S,E,SS3,SS3-164,1647.4170854271356,s,16.13005565410603,RU,1.9306977288832458e-09,M,association,0,2000
SS,S,E,SS3,SS3-165,1657.4623115577888,s,16.144738670336594,RU,1.9306977288832458e-09,M,association,0,2000
SS,S,E,SS3,SS3-166,1667.507537688442,s,16.236436186790435,RU,1.9306977288832458e-09,M,association,0,2000
SS,S,E,SS3,SS3-167,1677.5527638190954,s,16.183297755583137,RU,1.9306977288832458e-09,M,association,0,2000
SS,S,E,SS3,SS3-168,1687.5979899497486,s,16.25672137801902,RU,1.9306977288832458e-09,M,association,0,2000
SS,S,E,SS3,SS3-169,1697.6432160804018,s,16.223799526056393,RU,1.9306977288832458e-09,M,association,0,2000
SS,S,E,SS3,SS3-170,1707.6884422110552,s,16.224282393805794,RU,1.9306977288832458e-09,M,association,0,2000
SS,S,E,SS3,SS3-171,1717.7336683417084,s,16.009607573166498,RU,1.9306977288832458e-09,M,association,0,2000
SS,S,E,SS3,SS3-172,1727.7788944723616,s,16.114605662593565,RU,1.9306977288832458e-09,M,association,0,2000
SS,S,E,SS3,SS3-173,1737.824120603015,s,16.188533698116313,RU,1.9306977288832458e-09,M,association,0,2000
SS,S,E,SS3,SS3-174,1747.8693467336682,s,16.310428614344296,RU,1.9306977288832458e-09,M,association,0,2000
SS,S,E,SS3,SS3-175,1757.9145728643214,s,16.203095011465297,RU,1.9306977288832458e-09,M,association,0,2000
SS,S,E,SS3,SS3-176,1767.9597989949748,s,16.059197491894082,RU,1.9306977288832458e-09,M,association,0,2000
SS,S,E,SS3,SS3-177,1778.005025125628,s,16.128187331017685,RU,1.9306977288832458e-09,M,association,0,2000
SS,S,E,SS3,SS3-178,1788.0502512562812,s,16.227876168725174,RU,1.9306977288832458e-09,M,association,0,2000
SS,S,E,SS3,SS3-179,1798.0954773869346,s,16.345519972483984,RU,1.9306977288832458e-09,M,association,0,2000
SS,S,E,SS3,SS3-180,1808.1407035175878,s,16.143000194273817,RU,1.9306977288832458e-09,M,association,0,2000
SS,S,E,SS3,SS3-181,1818.185929648241,s,16.337320692035473,RU,1.9306977288832458e-09,M,association,0,2000
SS,S,E,SS3,SS3-182,1828.2311557788944,s,16.060963851627697,RU,1.9306977288832458e-09,M,association,0,2000
SS,S,E,SS3,SS3-183,1838.2763819095476,s,16.239232694564556,RU,1.9306977288832458e-09,M,association,0,2000
SS,S,E,SS3,SS3-184,1848.3216080402008,s,16.20072058664365,RU,1.9306977288832458e-09,M,association,0,2000
SS,S,E,SS3,SS3-185,1858.3668341708542,s,16.168881127359747,RU,1.9306977288832458e-09,M,association,0,2000
SS,S,E,SS3,SS3-186,1868.4120603015074,s,16.257413153555657,RU,1.9306977288832458e-09,M,association,0,2000
SS,S,E,SS3,SS3-187,1878.4572864321606,s,16.372458515664032,RU,1.9306977288832458e-09,M,association,0,2000
SS,S,E,SS3,SS3-188,1888.502512562814,s,16.157277227667688,RU,1.9306977288832458e-09,M,association,0,2000
SS,S,E,SS3,SS3-189,1898.5477386934672,s,16.32805453236608,RU,1.9306977288832458e-09,M,association,0,2000
SS,S,E,SS3,SS3-190,1908.5929648241204,s,16.216876333686017,RU,1.9306977288832458e-09,M,association,0,2000
SS,S,E,SS3,SS3-191,1918.6381909547738,s,16.16098522682712,RU,1.9306977288832458e-09,M,association,0,2000
SS,S,E,SS3,SS3-192,1928.683417085427,s,16.317211423378023,RU,1.9306977288832458e-09,M,association,0,2000
SS,S,E,SS3,SS3-193,1938.7286432160802,s,16.256640399568134,RU,1.9306977288832458e-09,M,association,0,2000
SS,S,E,SS3,SS3-194,1948.7738693467336,s,16.13410031369647,RU,1.9306977288832458e-09,M,association,0,2000
SS,S,E,SS3,SS3-195,1958.8190954773868,s,16.17040163864217,RU,1.9306977288832458e-09,M,association,0,2000
SS,S,E,SS3,SS3-196,1968.86432160804,s,16.312880852142623,RU,1.9306977288832458e-09,M,association,0,2000
SS,S,E,SS3,SS3-197,1978.9095477386934,s,16.118250288821663,RU,1.9306977288832458e-09,M,association,0,2000
SS,S,E,SS3,SS3-198,1988.9547738693466,s,16.17550395844475,RU,1.9306977288832458e-09,M,association,0,2000
SS,S,E,SS3,SS3-199,1999.0,s,16.16037440346021,RU,1.9306977288832458e-09,M,association,0,2000
SS,S,E,SS3,SS3-200,2000.0,s,16.215275019514078,RU,1.9306977288832458e-09,M,dissociation,0,2000
SS,S,E,SS3,SS3-201,2004.040404040404,s,15.647326480330548,RU,1.9306977288832458e-09,M,dissociation,0,2000
SS,S,E,SS3,SS3-202,2008.080808080808,s,14.875704240052565,RU,1.9306977288832458e-09,M,dissociation,0,2000
SS,S,E,SS3,SS3-203,2012.121212121212,s,14.383434681552727,RU,1.9306977288832458e-09,M,dissociation,0,2000
SS,S,E,SS3,SS3-204,2016.1616161616162,s,13.734109495029504,RU,1.9306977288832458e-09,M,dissociation,0,2000
SS,S,E,SS3,SS3-205,2020.20202020202,s,13.081845094967408,RU,1.9306977288832458e-09,M,dissociation,0,2000
SS,S,E,SS3,SS3-206,2024.2424242424242,s,12.81552933157433,RU,1.9306977288832458e-09,M,dissociation,0,2000
SS,S,E,SS3,SS3-207,2028.2828282828282,s,12.090035088297766,RU,1.9306977288832458e-09,M,dissociation,0,2000
SS,S,E,SS3,SS3-208,2032.3232323232323,s,11.623539554628872,RU,1.9306977288832458e-09,M,dissociation,0,2000
SS,S,E,SS3,SS3-209,2036.3636363636363,s,11.277706788706361,RU,1.9306977288832458e-09,M,dissociation,0,2000
SS,S,E,SS3,SS3-210,2040.4040404040404,s,10.878789005606428,RU,1.9306977288832458e-09,M,dissociation,0,2000
SS,S,E,SS3,SS3-211,2044.4444444444443,s,10.357618993032775,RU,1.9306977288832458e-09,M,dissociation,0,2000
SS,S,E,SS3,SS3-212,2048.4848484848485,s,9.963286730532007,RU,1.9306977288832458e-09,M,dissociation,0,2000
SS,S,E,SS3,SS3-213,2052.5252525252527,s,9.487325178553595,RU,1.9306977288832458e-09,M,dissociation,0,2000
SS,S,E,SS3,SS3-214,2056.5656565656564,s,9.305615274968641,RU,1.9306977288832458e-09,M,dissociation,0,2000
SS,S,E,SS3,SS3-215,2060.6060606060605,s,8.796138853942379,RU,1.9306977288832458e-09,M,dissociation,0,2000
SS,S,E,SS3,SS3-216,2064.6464646464647,s,8.622466009912817,RU,1.9306977288832458e-09,M,dissociation,0,2000
SS,S,E,SS3,SS3-217,2068.686868686869,s,8.022878260076146,RU,1.9306977288832458e-09,M,dissociation,0,2000
SS,S,E,SS3,SS3-218,2072.7272727272725,s,7.816668702590598,RU,1.9306977288832458e-09,M,dissociation,0,2000
SS,S,E,SS3,SS3-219,2076.7676767676767,s,7.536713188833343,RU,1.9306977288832458e-09,M,dissociation,0,2000
SS,S,E,SS3,SS3-220,2080.808080808081,s,7.301199837100528,RU,1.9306977288832458e-09,M,dissociation,0,2000
SS,S,E,SS3,SS3-221,2084.848484848485,s,6.7566241620775145,RU,1.9306977288832458e-09,M,dissociation,0,2000
SS,S,E,SS3,SS3-222,2088.8888888888887,s,6.5238920451661295,RU,1.9306977288832458e-09,M,dissociation,0,2000
SS,S,E,SS3,SS3-223,2092.929292929293,s,6.420283178767835,RU,1.9306977288832458e-09,M,dissociation,0,2000
SS,S,E,SS3,SS3-224,2096.969696969697,s,6.166243349779585,RU,1.9306977288832458e-09,M,dissociation,0,2000
SS,S,E,SS3,SS3-225,2101.010101010101,s,5.841650728870556,RU,1.9306977288832458e-09,M,dissociation,0,2000
SS,S,E,SS3,SS3-226,2105.050505050505,s,5.789399464504746,RU,1.9306977288832458e-09,M,dissociation,0,2000
SS,S,E,SS3,SS3-227,2109.090909090909,s,5.373203307104979,RU,1.9306977288832458e-09,M,dissociation,0,2000
SS,S,E,SS3,SS3-228,2113.131313131313,s,5.080025339929475,RU,1.9306977288832458e-09,M,dissociation,0,2000
SS,S,E,SS3,SS3-229,2117.1717171717173,s,4.948576264070551,RU,1.9306977288832458e-09,M,dissociation,0,2000
SS,S,E,SS3,SS3-230,2121.212121212121,s,4.785205545345616,RU,1.9306977288832458e-09,M,dissociation,0,2000
SS,S,E,SS3,SS3-231,2125.252525252525,s,4.601081101515863,RU,1.9306977288832458e-09,M,dissociation,0,2000
SS,S,E,SS3,SS3-232,2129.2929292929293,s,4.363709511593161,RU,1.9306977288832458e-09,M,dissociation,0,2000
SS,S,E,SS3,SS3-233,2133.3333333333335,s,4.291471667029987,RU,1.9306977288832458e-09,M,dissociation,0,2000
SS,S,E,SS3,SS3-234,2137.373737373737,s,4.065201501855473,RU,1.9306977288832458e-09,M,dissociation,0,2000
SS,S,E,SS3,SS3-235,2141.4141414141413,s,4.011266655643961,RU,1.9306977288832458e-09,M,dissociation,0,2000
SS,S,E,SS3,SS3-236,2145.4545454545455,s,3.812182149430827,RU,1.9306977288832458e-09,M,dissociation,0,2000
SS,S,E,SS3,SS3-237,2149.4949494949497,s,3.6387943748802716,RU,1.9306977288832458e-09,M,dissociation,0,2000
SS,S,E,SS3,SS3-238,2153.5353535353534,s,3.467550720257843,RU,1.9306977288832458e-09,M,dissociation,0,2000
SS,S,E,SS3,SS3-239,2157.5757575757575,s,3.3038696588810517,RU,1.9306977288832458e-09,M,dissociation,0,2000
SS,S,E,SS3,SS3-240,2161.6161616161617,s,3.269972751258821,RU,1.9306977288832458e-09,M,dissociation,0,2000
SS,S,E,SS3,SS3-241,2165.656565656566,s,3.080288407874052,RU,1.9306977288832458e-09,M,dissociation,0,2000
SS,S,E,SS3,SS3-242,2169.6969696969695,s,3.0131690858146305,RU,1.9306977288832458e-09,M,dissociation,0,2000
SS,S,E,SS3,SS3-243,2173.7373737373737,s,2.8954972071878564,RU,1.9306977288832458e-09,M,dissociation,0,2000
SS,S,E,SS3,SS3-244,2177.777777777778,s,2.7066269696436094,RU,1.9306977288832458e-09,M,dissociation,0,2000
SS,S,E,SS3,SS3-245,2181.818181818182,s,2.57180955881083,RU,1.9306977288832458e-09,M,dissociation,0,2000
SS,S,E,SS3,SS3-246,2185.8585858585857,s,2.375628050815594,RU,1.9306977288832458e-09,M,dissociation,0,2000
SS,S,E,SS3,SS3-247,2189.89898989899,s,2.3106119379448953,RU,1.9306977288832458e-09,M,dissociation,0,2000
SS,S,E,SS3,SS3-248,2193.939393939394,s,2.2885070608903506,RU,1.9306977288832458e-09,M,dissociation,0,2000
SS,S,E,SS3,SS3-249,2197.979797979798,s,2.281721289364501,RU,1.9306977288832458e-09,M,dissociation,0,2000
SS,S,E,SS3,SS3-250,2202.020202020202,s,2.1859672698226253,RU,1.9306977288832458e-09,M,dissociation,0,2000
SS,S,E,SS3,SS3-251,2206.060606060606,s,2.0951235404875854,RU,1.9306977288832458e-09,M,dissociation,0,2000
SS,S,E,SS3,SS3-252,2210.10101010101,s,2.016315992909918,RU,1.9306977288832458e-09,M,dissociation,0,2000
SS,S,E,SS3,SS3-253,2214.1414141414143,s,1.9865091628782665,RU,1.9306977288832458e-09,M,dissociation,0,2000
SS,S,E,SS3,SS3-254,2218.181818181818,s,1.9911154070911072,RU,1.9306977288832458e-09,M,dissociation,0,2000
SS,S,E,SS3,SS3-255,2222.222222222222,s,1.794876459865345,RU,1.9306977288832458e-09,M,dissociation,0,2000
SS,S,E,SS3,SS3-256,2226.2626262626263,s,1.684696413968902,RU,1.9306977288832458e-09,M,dissociation,0,2000
SS,S,E,SS3,SS3-257,2230.3030303030305,s,1.4851109917179537,RU,1.9306977288832458e-09,M,dissociation,0,2000
SS,S,E,SS3,SS3-258,2234.343434343434,s,1.6209422139418201,RU,1.9306977288832458e-09,M,dissociation,0,2000
SS,S,E,SS3,SS3-259,2238.3838383838383,s,1.5184873979383218,RU,1.9306977288832458e-09,M,dissociation,0,2000
SS,S,E,SS3,SS3-260,2242.4242424242425,s,1.4899077727836927,RU,1.9306977288832458e-09,M,dissociation,0,2000
SS,S,E,SS3,SS3-261,2246.4646464646466,s,1.3098238057405445,RU,1.9306977288832458e-09,M,dissociation,0,2000
SS,S,E,SS3,SS3-262,2250.5050505050503,s,1.296633732293961,RU,1.9306977288832458e-09,M,dissociation,0,2000
SS,S,E,SS3,SS3-263,2254.5454545454545,s,1.3438630843262316,RU,1.9306977288832458e-09,M,dissociation,0,2000
SS,S,E,SS3,SS3-264,2258.5858585858587,s,1.3430924703394373,RU,1.9306977288832458e-09,M,dissociation,0,2000
SS,S,E,SS3,SS3-265,2262.626262626263,s,1.1071198445432449,RU,1.9306977288832458e-09,M,dissociation,0,2000
SS,S,E,SS3,SS3-266,2266.6666666666665,s,1.1130881428585568,RU,1.9306977288832458e-09,M,dissociation,0,2000
SS,S,E,SS3,SS3-267,2270.7070707070707,s,1.0269761031378435,RU,1.9306977288832458e-09,M,dissociation,0,2000
SS,S,E,SS3,SS3-268,2274.747474747475,s,0.961891208532108,RU,1.9306977288832458e-09,M,dissociation,0,2000
SS,S,E,SS3,SS3-269,2278.787878787879,s,0.9293486415448071,RU,1.9306977288832458e-09,M,dissociation,0,2000
SS,S,E,SS3,SS3-270,2282.8282828282827,s,0.9386206524888905,RU,1.9306977288832458e-09,M,dissociation,0,2000
SS,S,E,SS3,SS3-271,2286.868686868687,s,0.7925176056699615,RU,1.9306977288832458e-09,M,dissociation,0,2000
SS,S,E,SS3,SS3-272,2290.909090909091,s,0.832518378487513,RU,1.9306977288832458e-09,M,dissociation,0,2000
SS,S,E,SS3,SS3-273,2294.949494949495,s,0.8154270127868292,RU,1.9306977288832458e-09,M,dissociation,0,2000
SS,S,E,SS3,SS3-274,2298.989898989899,s,0.9422614922779914,RU,1.9306977288832458e-09,M,dissociation,0,2000
SS,S,E,SS3,SS3-275,2303.030303030303,s,0.9034920608848437,RU,1.9306977288832458e-09,M,dissociation,0,2000
SS,S,E,SS3,SS3-276,2307.070707070707,s,0.5415189768500805,RU,1.9306977288832458e-09,M,dissociation,0,2000
SS,S,E,SS3,SS3-277,2311.1111111111113,s,0.6349832988210066,RU,1.9306977288832458e-09,M,dissociation,0,2000
SS,S,E,SS3,SS3-278,2315.151515151515,s,0.7949397093193256,RU,1.9306977288832458e-09,M,dissociation,0,2000
SS,S,E,SS3,SS3-279,2319.191919191919,s,0.7488581239375672,RU,1.9306977288832458e-09,M,dissociation,0,2000
SS,S,E,SS3,SS3-280,2323.2323232323233,s,0.608406190492197,RU,1.9306977288832458e-09,M,dissociation,0,2000
SS,S,E,SS3,SS3-281,2327.2727272727275,s,0.6687222781893629,RU,1.9306977288832458e-09,M,dissociation,0,2000
SS,S,E,SS3,SS3-282,2331.313131313131,s,0.6115815608185423,RU,1.9306977288832458e-09,M,dissociation,0,2000
SS,S,E,SS3,SS3-283,2335.3535353535353,s,0.47787115943613395,RU,1.9306977288832458e-09,M,dissociation,0,2000
SS,S,E,SS3,SS3-284,2339.3939393939395,s,0.6016464485183651,RU,1.9306977288832458e-09,M,dissociation,0,2000
SS,S,E,SS3,SS3-285,2343.4343434343436,s,0.3833857051521751,RU,1.9306977288832458e-09,M,dissociation,0,2000
SS,S,E,SS3,SS3-286,2347.4747474747473,s,0.6145372031467587,RU,1.9306977288832458e-09,M,dissociation,0,2000
SS,S,E,SS3,SS3-287,2351.5151515151515,s,0.5233631504011613,RU,1.9306977288832458e-09,M,dissociation,0,2000
SS,S,E,SS3,SS3-288,2355.5555555555557,s,0.41497801088984787,RU,1.9306977288832458e-09,M,dissociation,0,2000
SS,S,E,SS3,SS3-289,2359.59595959596,s,0.6387728889551401,RU,1.9306977288832458e-09,M,dissociation,0,2000
SS,S,E,SS3,SS3-290,2363.6363636363635,s,0.47539078344676367,RU,1.9306977288832458e-09,M,dissociation,0,2000
SS,S,E,SS3,SS3-291,2367.6767676767677,s,0.3822957384176013,RU,1.9306977288832458e-09,M,dissociation,0,2000
SS,S,E,SS3,SS3-292,2371.717171717172,s,0.38795525426007743,RU,1.9306977288832458e-09,M,dissociation,0,2000
SS,S,E,SS3,SS3-293,2375.757575757576,s,0.33881424584453457,RU,1.9306977288832458e-09,M,dissociation,0,2000
SS,S,E,SS3,SS3-294,2379.7979797979797,s,0.4864146465306608,RU,1.9306977288832458e-09,M,dissociation,0,2000
SS,S,E,SS3,SS3-295,2383.838383838384,s,0.3493291993805935,RU,1.9306977288832458e-09,M,dissociation,0,2000
SS,S,E,SS3,SS3-296,2387.878787878788,s,0.4262373284565227,RU,1.9306977288832458e-09,M,dissociation,0,2000
SS,S,E,SS3,SS3-297,2391.9191919191917,s,0.3436000481607525,RU,1.9306977288832458e-09,M,dissociation,0,2000
SS,S,E,SS3,SS3-298,2395.959595959596,s,0.2451510399716661,RU,1.9306977288832458e-09,M,dissociation,0,2000
SS,S,E,SS3,SS3-299,2400.0,s,0.3374600618941862,RU,1.9306977288832458e-09,M,dissociation,0,2000
SS,S,E,SS4,SS4-0,0.0,s,-0.11070138858099682,RU,5.179474679231202e-09,M,association,0,2000
SS,S,E,SS4,SS4-1,10.045226130653266,s,4.8364531278345435,RU,5.179474679231202e-09,M,association,0,2000
SS,S,E,SS4,SS4-2,20.09045226130653,s,8.828047024460393,RU,5.179474679231202e-09,M,association,0,2000
SS,S,E,SS4,SS4-3,30.135678391959797,s,12.406930832908621,RU,5.179474679231202e-09,M,association,0,2000
SS,S,E,SS4,SS4-4,40.18090452261306,s,15.511766690363736,RU,5.179474679231202e-09,M,association,0,2000
SS,S,E,SS4,SS4-5,50.226130653266324,s,18.19884947810766,RU,5.179474679231202e-09,M,association,0,2000
SS,S,E,SS4,SS4-6,60.27135678391959,s,20.436918187496925,RU,5.179474679231202e-09,M,association,0,2000
SS,S,E,SS4,SS4-7,70.31658291457286,s,22.36490159400078,RU,5.179474679231202e-09,M,association,0,2000
SS,S,E,SS4,SS4-8,80.36180904522612,s,24.030194490736402,RU,5.179474679231202e-09,M,association,0,2000
SS,S,E,SS4,SS4-9,90.40703517587939,s,25.500209681638047,RU,5.179474679231202e-09,M,association,0,2000
SS,S,E,SS4,SS4-10,100.45226130653265,s,26.637008369938727,RU,5.179474679231202e-09,M,association,0,2000
SS,S,E,SS4,SS4-11,110.49748743718592,s,27.768306646385913,RU,5.179474679231202e-09,M,association,0,2000
SS,S,E,SS4,SS4-12,120.54271356783919,s,28.683705590594382,RU,5.179474679231202e-09,M,association,0,2000
SS,S,E,SS4,SS4-13,130.58793969849245,s,29.359459500155708,RU,5.179474679231202e-09,M,association,0,2000
SS,S,E,SS4,SS4-14,140.63316582914572,s,30.073880425093623,RU,5.179474679231202e-09,M,association,0,2000
SS,S,E,SS4,SS4-15,150.67839195979897,s,30.672887789252382,RU,5.179474679231202e-09,M,association,0,2000
SS,S,E,SS4,SS4-16,160.72361809045225,s,31.25108511558695,RU,5.179474679231202e-09,M,association,0,2000
SS,S,E,SS4,SS4-17,170.76884422110552,s,31.51623143028588,RU,5.179474679231202e-09,M,association,0,2000
SS,S,E,SS4,SS4-18,180.81407035175877,s,32.045043843269205,RU,5.179474679231202e-09,M,association,0,2000
SS,S,E,SS4,SS4-19,190.85929648241205,s,32.28863901623089,RU,5.179474679231202e-09,M,association,0,2000
SS,S,E,SS4,SS4-20,200.9045226130653,s,32.56761181284407,RU,5.179474679231202e-09,M,association,0,2000
SS,S,E,SS4,SS4-21,210.94974874371857,s,32.810143929846646,RU,5.179474679231202e-09,M,association,0,2000
SS,S,E,SS4,SS4-22,220.99497487437185,s,33.00831610829523,RU,5.179474679231202e-09,M,association,0,2000
SS,S,E,SS4,SS4-23,231.0402010050251,s,33.17442914623137,RU,5.179474679231202e-09,M,association,0,2000
SS,S,E,SS4,SS4-24,241.08542713567837,s,33.12729141732076,RU,5.179474679231202e-09,M,association,0,2000
SS,S,E,SS4,SS4-25,251.13065326633165,s,33.53968332339095,RU,5.179474679231202e-09,M,association,0,2000
SS,S,E,SS4,SS4-26,261.1758793969849,s,33.521503905800934,RU,5.179474679231202e-09,M,association,0,2000
SS,S,E,SS4,SS4-27,271.22110552763814,s,33.506153252384635,RU,5.179474679231202e-09,M,association,0,2000
SS,S,E,SS4,SS4-28,281.26633165829145,s,33.71263192898752,RU,5.179474679231202e-09,M,association,0,2000
SS,S,E,SS4,SS4-29,291.3115577889447,s,33.70411077727733,RU,5.179474679231202e-09,M,association,0,2000
SS,S,E,SS4,SS4-30,301.35678391959794,s,33.75435315955089,RU,5.179474679231202e-09,M,association,0,2000
SS,S,E,SS4,SS4-31,311.40201005025125,s,33.88394063370817,RU,5.179474679231202e-09,M,association,0,2000
SS,S,E,SS4,SS4-32,321.4472361809045,s,33.929345084391684,RU,5.179474679231202e-09,M,association,0,2000
SS,S,E,SS4,SS4-33,331.49246231155774,s,33.82388767901606,RU,5.179474679231202e-09,M,association,0,2000
SS,S,E,SS4,SS4-34,341.53768844221105,s,34.08392788991152,RU,5.179474679231202e-09,M,association,0,2000
SS,S,E,SS4,SS4-35,351.5829145728643,s,33.97883620873777,RU,5.179474679231202e-09,M,association,0,2000
SS,S,E,SS4,SS4-36,361.62814070351754,s,34.05807271049236,RU,5.179474679231202e-09,M,association,0,2000
SS,S,E,SS4,SS4-37,371.67336683417085,s,33.982562419564026,RU,5.179474679231202e-09,M,association,0,2000
SS,S,E,SS4,SS4-38,381.7185929648241,s,34.03749245598658,RU,5.179474679231202e-09,M,association,0,2000
SS,S,E,SS4,SS4-39,391.76381909547734,s,33.95769172897993,RU,5.179474679231202e-09,M,association,0,2000
SS,S,E,SS4,SS4-40,401.8090452261306,s,34.034154811133426,RU,5.179474679231202e-09,M,association,0,2000
SS,S,E,SS4,SS4-41,411.8542713567839,s,33.98457318816781,RU,5.179474679231202e-09,M,association,0,2000
SS,S,E,SS4,SS4-42,421.89949748743715,s,34.03241859749263,RU,5.179474679231202e-09,M,association,0,2000
SS,S,E,SS4,SS4-43,431.9447236180904,s,34.06880101125815,RU,5.179474679231202e-09,M,association,0,2000
SS,S,E,SS4,SS4-44,441.9899497487437,s,34.12275872944722,RU,5.179474679231202e-09,M,association,0,2000
SS,S,E,SS4,SS4-45,452.03517587939695,s,34.075467475292406,RU,5.179474679231202e-09,M,association,0,2000
SS,S,E,SS4,SS4-46,462.0804020100502,s,34.057615181103294,RU,5.179474679231202e-09,M,association,0,2000
SS,S,E,SS4,SS4-47,472.1256281407035,s,34.12997301748523,RU,5.179474679231202e-09,M,association,0,2000
SS,S,E,SS4,SS4-48,482.17085427135675,s,34.05404438431957,RU,5.179474679231202e-09,M,association,0,2000
SS,S,E,SS4,SS4-49,492.21608040201,s,34.23782773320851,RU,5.179474679231202e-09,M,association,0,2000
SS,S,E,SS4,SS4-50,502.2613065326633,s,34.12306246918124,RU,5.179474679231202e-09,M,association,0,2000
SS,S,E,SS4,SS4-51,512.3065326633165,s,34.1273669986226,RU,5.179474679231202e-09,M,association,0,2000
SS,S,E,SS4,SS4-52,522.3517587939698,s,34.073221978990475,RU,5.179474679231202e-09,M,association,0,2000
SS,S,E,SS4,SS4-53,532.3969849246231,s,34.10986309515961,RU,5.179474679231202e-09,M,association,0,2000
SS,S,E,SS4,SS4-54,542.4422110552763,s,34.200185614267255,RU,5.179474679231202e-09,M,association,0,2000
SS,S,E,SS4,SS4-55,552.4874371859296,s,34.161668295272754,RU,5.179474679231202e-09,M,association,0,2000
SS,S,E,SS4,SS4-56,562.5326633165829,s,34.0008724985448,RU,5.179474679231202e-09,M,association,0,2000
SS,S,E,SS4,SS4-57,572.5778894472361,s,34.09678421711019,RU,5.179474679231202e-09,M,association,0,2000
SS,S,E,SS4,SS4-58,582.6231155778894,s,33.97156071845815,RU,5.179474679231202e-09,M,association,0,2000
SS,S,E,SS4,SS4-59,592.6683417085427,s,34.1358470247121,RU,5.179474679231202e-09,M,association,0,2000
SS,S,E,SS4,SS4-60,602.7135678391959,s,34.07653892757723,RU,5.179474679231202e-09,M,association,0,2000
SS,S,E,SS4,SS4-61,612.7587939698492,s,34.230100601884075,RU,5.179474679231202e-09,M,association,0,2000
SS,S,E,SS4,SS4-62,622.8040201005025,s,34.101131031758584,RU,5.179474679231202e-09,M,association,0,2000
SS,S,E,SS4,SS4-63,632.8492462311557,s,34.16953672772494,RU,5.179474679231202e-09,M,association,0,2000
SS,S,E,SS4,SS4-64,642.894472361809,s,34.08355379455545,RU,5.179474679231202e-09,M,association,0,2000
SS,S,E,SS4,SS4-65,652.9396984924623,s,34.18026274413355,RU,5.179474679231202e-09,M,association,0,2000
SS,S,E,SS4,SS4-66,662.9849246231155,s,34.08833272140768,RU,5.179474679231202e-09,M,association,0,2000
SS,S,E,SS4,SS4-67,673.0301507537688,s,34.13533450430396,RU,5.179474679231202e-09,M,association,0,2000
SS,S,E,SS4,SS4-68,683.0753768844221,s,34.13749303783268,RU,5.179474679231202e-09,M,association,0,2000
SS,S,E,SS4,SS4-69,693.1206030150753,s,34.15322940129549,RU,5.179474679231202e-09,M,association,0,2000
SS,S,E,SS4,SS4-70,703.1658291457286,s,34.12864601105723,RU,5.179474679231202e-09,M,association,0,2000
SS,S,E,SS4,SS4-71,713.2110552763819,s,34.20327035213212,RU,5.179474679231202e-09,M,association,0,2000
SS,S,E,SS4,SS4-72,723.2562814070351,s,34.18036648676805,RU,5.179474679231202e-09,M,association,0,2000
SS,S,E,SS4,SS4-73,733.3015075376884,s,34.18273596135813,RU,5.179474679231202e-09,M,association,0,2000
SS,S,E,SS4,SS4-74,743.3467336683417,s,34.08525519866402,RU,5.179474679231202e-09,M,association,0,2000
SS,S,E,SS4,SS4-75,753.3919597989949,s,34.01693387650426,RU,5.179474679231202e-09,M,association,0,2000
SS,S,E,SS4,SS4-76,763.4371859296482,s,34.25300515578326,RU,5.179474679231202e-09,M,association,0,2000
SS,S,E,SS4,SS4-77,773.4824120603015,s,34.218843087001716,RU,5.179474679231202e-09,M,association,0,2000
SS,S,E,SS4,SS4-78,783.5276381909547,s,34.11951265413753,RU,5.179474679231202e-09,M,association,0,2000
SS,S,E,SS4,SS4-79,793.572864321608,s,34.187749692227996,RU,5.179474679231202e-09,M,association,0,2000
SS,S,E,SS4,SS4-80,803.6180904522612,s,33.87658575263612,RU,5.179474679231202e-09,M,association,0,2000
SS,S,E,SS4,SS4-81,813.6633165829145,s,34.10184236756854,RU,5.179474679231202e-09,M,association,0,2000
SS,S,E,SS4,SS4-82,823.7085427135678,s,33.994666472292934,RU,5.179474679231202e-09,M,association,0,2000
SS,S,E,SS4,SS4-83,833.753768844221,s,34.17403980278604,RU,5.179474679231202e-09,M,association,0,2000
SS,S,E,SS4,SS4-84,843.7989949748743,s,34.178572427168184,RU,5.179474679231202e-09,M,association,0,2000
SS,S,E,SS4,SS4-85,853.8442211055276,s,34.14759098513552,RU,5.179474679231202e-09,M,association,0,2000
SS,S,E,SS4,SS4-86,863.8894472361808,s,34.19863264487762,RU,5.179474679231202e-09,M,association,0,2000
SS,S,E,SS4,SS4-87,873.9346733668341,s,34.099853695685006,RU,5.179474679231202e-09,M,association,0,2000
SS,S,E,SS4,SS4-88,883.9798994974874,s,33.97932037128619,RU,5.179474679231202e-09,M,association,0,2000
SS,S,E,SS4,SS4-89,894.0251256281406,s,34.14672112621753,RU,5.179474679231202e-09,M,association,0,2000
SS,S,E,SS4,SS4-90,904.0703517587939,s,34.144539542761486,RU,5.179474679231202e-09,M,association,0,2000
SS,S,E,SS4,SS4-91,914.1155778894472,s,34.13308233331781,RU,5.179474679231202e-09,M,association,0,2000
SS,S,E,SS4,SS4-92,924.1608040201004,s,34.037763944231074,RU,5.179474679231202e-09,M,association,0,2000
SS,S,E,SS4,SS4-93,934.2060301507537,s,34.12842006282345,RU,5.179474679231202e-09,M,association,0,2000
SS,S,E,SS4,SS4-94,944.251256281407,s,34.1381992780147,RU,5.179474679231202e-09,M,association,0,2000
SS,S,E,SS4,SS4-95,954.2964824120602,s,34.098313686580354,RU,5.179474679231202e-09,M,association,0,2000
SS,S,E,SS4,SS4-96,964.3417085427135,s,34.05262071431484,RU,5.179474679231202e-09,M,association,0,2000
SS,S,E,SS4,SS4-97,974.3869346733668,s,34.18875973211259,RU,5.179474679231202e-09,M,association,0,2000
SS,S,E,SS4,SS4-98,984.43216080402,s,34.10630241195895,RU,5.179474679231202e-09,M,association,0,2000
SS,S,E,SS4,SS4-99,994.4773869346733,s,34.13370937388021,RU,5.179474679231202e-09,M,association,0,2000
SS,S,E,SS4,SS4-100,1004.5226130653266,s,34.170672502435075,RU,5.179474679231202e-09,M,association,0,2000
SS,S,E,SS4,SS4-101,1014.5678391959798,s,34.20810576898504,RU,5.179474679231202e-09,M,association,0,2000
SS,S,E,SS4,SS4-102,1024.613065326633,s,34.03316777708028,RU,5.179474679231202e-09,M,association,0,2000
SS,S,E,SS4,SS4-103,1034.6582914572864,s,34.183576948769634,RU,5.179474679231202e-09,M,association,0,2000
SS,S,E,SS4,SS4-104,1044.7035175879396,s,34.17215781740584,RU,5.179474679231202e-09,M,association,0,2000
SS,S,E,SS4,SS4-105,1054.7487437185928,s,34.17849557968736,RU,5.179474679231202e-09,M,association,0,2000
SS,S,E,SS4,SS4-106,1064.7939698492462,s,34.28773548745726,RU,5.179474679231202e-09,M,association,0,2000
SS,S,E,SS4,SS4-107,1074.8391959798994,s,34.176940025130556,RU,5.179474679231202e-09,M,association,0,2000
SS,S,E,SS4,SS4-108,1084.8844221105526,s,34.08403363717242,RU,5.179474679231202e-09,M,association,0,2000
SS,S,E,SS4,SS4-109,1094.929648241206,s,34.31134979301202,RU,5.179474679231202e-09,M,association,0,2000
SS,S,E,SS4,SS4-110,1104.9748743718592,s,34.01527218206157,RU,5.179474679231202e-09,M,association,0,2000
SS,S,E,SS4,SS4-111,1115.0201005025124,s,34.22119673424238,RU,5.179474679231202e-09,M,association,0,2000
SS,S,E,SS4,SS4-112,1125.0653266331658,s,34.19392826162007,RU,5.179474679231202e-09,M,association,0,2000
SS,S,E,SS4,SS4-113,1135.110552763819,s,34.15011843721267,RU,5.179474679231202e-09,M,association,0,2000
SS,S,E,SS4,SS4-114,1145.1557788944722,s,34.13678436758496,RU,5.179474679231202e-09,M,association,0,2000
SS,S,E,SS4,SS4-115,1155.2010050251256,s,34.11281822097519,RU,5.179474679231202e-09,M,association,0,2000
SS,S,E,SS4,SS4-116,1165.2462311557788,s,34.18997965874427,RU,5.179474679231202e-09,M,association,0,2000
SS,S,E,SS4,SS4-117,1175.291457286432,s,34.18065851542,RU,5.179474679231202e-09,M,association,0,2000
SS,S,E,SS4,SS4-118,1185.3366834170854,s,34.12695200582803,RU,5.179474679231202e-09,M,association,0,2000
SS,S,E,SS4,SS4-119,1195.3819095477386,s,34.15893053976265,RU,5.179474679231202e-09,M,association,0,2000
SS,S,E,SS4,SS4-120,1205.4271356783918,s,34.09911246195567,RU,5.179474679231202e-09,M,association,0,2000
SS,S,E,SS4,SS4-121,1215.4723618090452,s,33.982393865739425,RU,5.179474679231202e-09,M,association,0,2000
SS,S,E,SS4,SS4-122,1225.5175879396984,s,34.25687768762429,RU,5.179474679231202e-09,M,association,0,2000
SS,S,E,SS4,SS4-123,1235.5628140703516,s,34.173366168218124,RU,5.179474679231202e-09,M,association,0,2000
SS,S,E,SS4,SS4-124,1245.608040201005,s,34.19780998901462,RU,5.179474679231202e-09,M,association,0,2000
SS,S,E,SS4,SS4-125,1255.6532663316582,s,34.12323175795531,RU,5.179474679231202e-09,M,association,0,2000
SS,S,E,SS4,SS4-126,1265.6984924623114,s,34.195971395437866,RU,5.179474679231202e-09,M,association,0,2000
SS,S,E,SS4,SS4-127,1275.7437185929648,s,34.180182610276375,RU,5.179474679231202e-09,M,association,0,2000
SS,S,E,SS4,SS4-128,1285.788944723618,s,34.22676933803127,RU,5.179474679231202e-09,M,association,0,2000
SS,S,E,SS4,SS4-129,1295.8341708542712,s,34.09677848593569,RU,5.179474679231202e-09,M,association,0,2000
SS,S,E,SS4,SS4-130,1305.8793969849246,s,34.1071775439586,RU,5.179474679231202e-09,M,association,0,2000
SS,S,E,SS4,SS4-131,1315.9246231155778,s,34.11550903649799,RU,5.179474679231202e-09,M,association,0,2000
SS,S,E,SS4,SS4-132,1325.969849246231,s,34.1273378886634,RU,5.179474679231202e-09,M,association,0,2000
SS,S,E,SS4,SS4-133,1336.0150753768844,s,33.941185892432024,RU,5.179474679231202e-09,M,association,0,2000
SS,S,E,SS4,SS4-134,1346.0603015075376,s,34.19904048426514,RU,5.179474679231202e-09,M,association,0,2000
SS,S,E,SS4,SS4-135,1356.1055276381908,s,34.13509399287962,RU,5.179474679231202e-09,M,association,0,2000
SS,S,E,SS4,SS4-136,1366.1507537688442,s,34.06522170644011,RU,5.179474679231202e-09,M,association,0,2000
SS,S,E,SS4,SS4-137,1376.1959798994974,s,34.22805644828844,RU,5.179474679231202e-09,M,association,0,2000
SS,S,E,SS4,SS4-138,1386.2412060301506,s,34.12176602573391,RU,5.179474679231202e-09,M,association,0,2000
SS,S,E,SS4,SS4-139,1396.286432160804,s,34.15534546158377,RU,5.179474679231202e-09,M,association,0,2000
SS,S,E,SS4,SS4-140,1406.3316582914572,s,34.15024391394158,RU,5.179474679231202e-09,M,association,0,2000
SS,S,E,SS4,SS4-141,1416.3768844221104,s,34.15161633907997,RU,5.179474679231202e-09,M,association,0,2000
SS,S,E,SS4,SS4-142,1426.4221105527638,s,34.08700328257643,RU,5.179474679231202e-09,M,association,0,2000
SS,S,E,SS4,SS4-143,1436.467336683417,s,34.04940336219998,RU,5.179474679231202e-09,M,association,0,2000
SS,S,E,SS4,SS4-144,1446.5125628140702,s,34.11875000240397,RU,5.179474679231202e-09,M,association,0,2000
SS,S,E,SS4,SS4-145,1456.5577889447236,s,34.285998325747244,RU,5.179474679231202e-09,M,association,0,2000
SS,S,E,SS4,SS4-146,1466.6030150753768,s,34.12746466001323,RU,5.179474679231202e-09,M,association,0,2000
SS,S,E,SS4,SS4-147,1476.64824120603,s,34.149904564044945,RU,5.179474679231202e-09,M,association,0,2000
SS,S,E,SS4,SS4-148,1486.6934673366834,s,34.142025165971056,RU,5.179474679231202e-09,M,association,0,2000
SS,S,E,SS4,SS4-149,1496.7386934673366,s,34.10794385316152,RU,5.179474679231202e-09,M,association,0,2000
SS,S,E,SS4,SS4-150,1506.7839195979898,s,34.26659044611254,RU,5.179474679231202e-09,M,association,0,2000
SS,S,E,SS4,SS4-151,1516.8291457286432,s,34.0542865411169,RU,5.179474679231202e-09,M,association,0,2000
SS,S,E,SS4,SS4-152,1526.8743718592964,s,33.96729777655479,RU,5.179474679231202e-09,M,association,0,2000
SS,S,E,SS4,SS4-153,1536.9195979899496,s,34.1116620321581,RU,5.179474679231202e-09,M,association,0,2000
SS,S,E,SS4,SS4-154,1546.964824120603,s,34.069777618862965,RU,5.179474679231202e-09,M,association,0,2000
SS,S,E,SS4,SS4-155,1557.0100502512562,s,33.9957908079761,RU,5.179474679231202e-09,M,association,0,2000
SS,S,E,SS4,SS4-156,1567.0552763819094,s,34.28864796327526,RU,5.179474679231202e-09,M,association,0,2000
SS,S,E,SS4,SS4-157,1577.1005025125628,s,34.18488188649519,RU,5.179474679231202e-09,M,association,0,2000
SS,S,E,SS4,SS4-158,1587.145728643216,s,33.97047404602089,RU,5.179474679231202e-09,M,association,0,2000
SS,S,E,SS4,SS4-159,1597.1909547738692,s,34.12264629437436,RU,5.179474679231202e-09,M,association,0,2000
SS,S,E,SS4,SS4-160,1607.2361809045224,s,34.12995231444176,RU,5.179474679231202e-09,M,association,0,2000
SS,S,E,SS4,SS4-161,1617.2814070351758,s,33.971392871802976,RU,5.179474679231202e-09,M,association,0,2000
SS,S,E,SS4,SS4-162,1627.326633165829,s,34.170204652517604,RU,5.179474679231202e-09,M,association,0,2000
SS,S,E,SS4,SS4-163,1637.3718592964822,s,34.2059247493867,RU,5.179474679231202e-09,M,association,0,2000
SS,S,E,SS4,SS4-164,1647.4170854271356,s,34.23084049997508,RU,5.179474679231202e-09,M,association,0,2000
SS,S,E,SS4,SS4-165,1657.4623115577888,s,34.05642628497645,RU,5.179474679231202e-09,M,association,0,2000
SS,S,E,SS4,SS4-166,1667.507537688442,s,34.18833910937573,RU,5.179474679231202e-09,M,association,0,2000
SS,S,E,SS4,SS4-167,1677.5527638190954,s,34.03269556234758,RU,5.179474679231202e-09,M,association,0,2000
SS,S,E,SS4,SS4-168,1687.5979899497486,s,33.977446843753086,RU,5.179474679231202e-09,M,association,0,2000
SS,S,E,SS4,SS4-169,1697.6432160804018,s,34.11320986549744,RU,5.179474679231202e-09,M,association,0,2000
SS,S,E,SS4,SS4-170,1707.6884422110552,s,34.10581717990403,RU,5.179474679231202e-09,M,association,0,2000
SS,S,E,SS4,SS4-171,1717.7336683417084,s,34.15014544789246,RU,5.179474679231202e-09,M,association,0,2000
SS,S,E,SS4,SS4-172,1727.7788944723616,s,34.15515066806668,RU,5.179474679231202e-09,M,association,0,2000
SS,S,E,SS4,SS4-173,1737.824120603015,s,34.142321263861994,RU,5.179474679231202e-09,M,association,0,2000
SS,S,E,SS4,SS4-174,1747.8693467336682,s,34.13816350877405,RU,5.179474679231202e-09,M,association,0,2000
SS,S,E,SS4,SS4-175,1757.9145728643214,s,34.26281202754934,RU,5.179474679231202e-09,M,association,0,2000
SS,S,E,SS4,SS4-176,1767.9597989949748,s,34.28959634919226,RU,5.179474679231202e-09,M,association,0,2000
SS,S,E,SS4,SS4-177,1778.005025125628,s,34.15284689010804,RU,5.179474679231202e-09,M,association,0,2000
SS,S,E,SS4,SS4-178,1788.0502512562812,s,34.116284983573735,RU,5.179474679231202e-09,M,association,0,2000
SS,S,E,SS4,SS4-179,1798.0954773869346,s,34.2240848732785,RU,5.179474679231202e-09,M,association,0,2000
SS,S,E,SS4,SS4-180,1808.1407035175878,s,34.04688495859389,RU,5.179474679231202e-09,M,association,0,2000
SS,S,E,SS4,SS4-181,1818.185929648241,s,34.03882163661158,RU,5.179474679231202e-09,M,association,0,2000
SS,S,E,SS4,SS4-182,1828.2311557788944,s,34.1641047429976,RU,5.179474679231202e-09,M,association,0,2000
SS,S,E,SS4,SS4-183,1838.2763819095476,s,34.069746849572034,RU,5.179474679231202e-09,M,association,0,2000
SS,S,E,SS4,SS4-184,1848.3216080402008,s,34.100479267337434,RU,5.179474679231202e-09,M,association,0,2000
SS,S,E,SS4,SS4-185,1858.3668341708542,s,34.19687063541807,RU,5.179474679231202e-09,M,association,0,2000
SS,S,E,SS4,SS4-186,1868.4120603015074,s,34.16183731188118,RU,5.179474679231202e-09,M,association,0,2000
SS,S,E,SS4,SS4-187,1878.4572864321606,s,34.26834247292803,RU,5.179474679231202e-09,M,association,0,2000
SS,S,E,SS4,SS4-188,1888.502512562814,s,34.04735891529123,RU,5.179474679231202e-09,M,association,0,2000
SS,S,E,SS4,SS4-189,1898.5477386934672,s,34.191754199142714,RU,5.179474679231202e-09,M,association,0,2000
SS,S,E,SS4,SS4-190,1908.5929648241204,s,34.18589175390354,RU,5.179474679231202e-09,M,association,0,2000
SS,S,E,SS4,SS4-191,1918.6381909547738,s,34.02261407918406,RU,5.179474679231202e-09,M,association,0,2000
SS,S,E,SS4,SS4-192,1928.683417085427,s,34.135878853075376,RU,5.179474679231202e-09,M,association,0,2000
SS,S,E,SS4,SS4-193,1938.7286432160802,s,34.02857770394348,RU,5.179474679231202e-09,M,association,0,2000
SS,S,E,SS4,SS4-194,1948.7738693467336,s,34.085846020897314,RU,5.179474679231202e-09,M,association,0,2000
SS,S,E,SS4,SS4-195,1958.8190954773868,s,34.02509628771552,RU,5.179474679231202e-09,M,association,0,2000
SS,S,E,SS4,SS4-196,1968.86432160804,s,34.18435580665145,RU,5.179474679231202e-09,M,association,0,2000
SS,S,E,SS4,SS4-197,1978.9095477386934,s,34.27730799392444,RU,5.179474679231202e-09,M,association,0,2000
SS,S,E,SS4,SS4-198,1988.9547738693466,s,34.116335148190124,RU,5.179474679231202e-09,M,association,0,2000
SS,S,E,SS4,SS4-199,1999.0,s,34.20372301096428,RU,5.179474679231202e-09,M,association,0,2000
SS,S,E,SS4,SS4-200,2000.0,s,34.08552501907515,RU,5.179474679231202e-09,M,dissociation,0,2000
SS,S,E,SS4,SS4-201,2004.040404040404,s,32.7542333123787,RU,5.179474679231202e-09,M,dissociation,0,2000
SS,S,E,SS4,SS4-202,2008.080808080808,s,31.487450206220288,RU,5.179474679231202e-09,M,dissociation,0,2000
SS,S,E,SS4,SS4-203,2012.121212121212,s,30.095362617790645,RU,5.179474679231202e-09,M,dissociation,0,2000
SS,S,E,SS4,SS4-204,2016.1616161616162,s,29.10521711004041,RU,5.179474679231202e-09,M,dissociation,0,2000
SS,S,E,SS4,SS4-205,2020.20202020202,s,27.849777072871557,RU,5.179474679231202e-09,M,dissociation,0,2000
SS,S,E,SS4,SS4-206,2024.2424242424242,s,26.725264869211276,RU,5.179474679231202e-09,M,dissociation,0,2000
SS,S,E,SS4,SS4-207,2028.2828282828282,s,25.689369409386824,RU,5.179474679231202e-09,M,dissociation,0,2000
SS,S,E,SS4,SS4-208,2032.3232323232323,s,24.8420610644065,RU,5.179474679231202e-09,M,dissociation,0,2000
SS,S,E,SS4,SS4-209,2036.3636363636363,s,23.701839599054143,RU,5.179474679231202e-09,M,dissociation,0,2000
SS,S,E,SS4,SS4-210,2040.4040404040404,s,22.7899180647012,RU,5.179474679231202e-09,M,dissociation,0,2000
SS,S,E,SS4,SS4-211,2044.4444444444443,s,21.872421646764554,RU,5.179474679231202e-09,M,dissociation,0,2000
SS,S,E,SS4,SS4-212,2048.4848484848485,s,21.11341851637529,RU,5.179474679231202e-09,M,dissociation,0,2000
SS,S,E,SS4,SS4-213,2052.5252525252527,s,20.12055826612101,RU,5.179474679231202e-09,M,dissociation,0,2000
SS,S,E,SS4,SS4-214,2056.5656565656564,s,19.444597461984934,RU,5.179474679231202e-09,M,dissociation,0,2000
SS,S,E,SS4,SS4-215,2060.6060606060605,s,18.721375808455196,RU,5.179474679231202e-09,M,dissociation,0,2000
SS,S,E,SS4,SS4-216,2064.6464646464647,s,17.95570556154242,RU,5.179474679231202e-09,M,dissociation,0,2000
SS,S,E,SS4,SS4-217,2068.686868686869,s,17.182450280102923,RU,5.179474679231202e-09,M,dissociation,0,2000
SS,S,E,SS4,SS4-218,2072.7272727272725,s,16.482912914507562,RU,5.179474679231202e-09,M,dissociation,0,2000
SS,S,E,SS4,SS4-219,2076.7676767676767,s,15.782521914970708,RU,5.179474679231202e-09,M,dissociation,0,2000
SS,S,E,SS4,SS4-220,2080.808080808081,s,15.148749341718489,RU,5.179474679231202e-09,M,dissociation,0,2000
SS,S,E,SS4,SS4-221,2084.848484848485,s,14.552121198994875,RU,5.179474679231202e-09,M,dissociation,0,2000
SS,S,E,SS4,SS4-222,2088.8888888888887,s,14.037364931150396,RU,5.179474679231202e-09,M,dissociation,0,2000
SS,S,E,SS4,SS4-223,2092.929292929293,s,13.514736487468495,RU,5.179474679231202e-09,M,dissociation,0,2000
SS,S,E,SS4,SS4-224,2096.969696969697,s,12.881502798532177,RU,5.179474679231202e-09,M,dissociation,0,2000
SS,S,E,SS4,SS4-225,2101.010101010101,s,12.259312360128773,RU,5.179474679231202e-09,M,dissociation,0,2000
SS,S,E,SS4,SS4-226,2105.050505050505,s,11.926774774547011,RU,5.179474679231202e-09,M,dissociation,0,2000
SS,S,E,SS4,SS4-227,2109.090909090909,s,11.511879790188088,RU,5.179474679231202e-09,M,dissociation,0,2000
SS,S,E,SS4,SS4-228,2113.131313131313,s,11.05561372669993,RU,5.179474679231202e-09,M,dissociation,0,2000
SS,S,E,SS4,SS4-229,2117.1717171717173,s,10.726372285499586,RU,5.179474679231202e-09,M,dissociation,0,2000
SS,S,E,SS4,SS4-230,2121.212121212121,s,10.011405328238533,RU,5.179474679231202e-09,M,dissociation,0,2000
SS,S,E,SS4,SS4-231,2125.252525252525,s,9.602749688147338,RU,5.179474679231202e-09,M,dissociation,0,2000
SS,S,E,SS4,SS4-232,2129.2929292929293,s,9.445833941856987,RU,5.179474679231202e-09,M,dissociation,0,2000
SS,S,E,SS4,SS4-233,2133.3333333333335,s,8.853771549411084,RU,5.179474679231202e-09,M,dissociation,0,2000
SS,S,E,SS4,SS4-234,2137.373737373737,s,8.554227680178315,RU,5.179474679231202e-09,M,dissociation,0,2000
SS,S,E,SS4,SS4-235,2141.4141414141413,s,8.236883818959146,RU,5.179474679231202e-09,M,dissociation,0,2000
SS,S,E,SS4,SS4-236,2145.4545454545455,s,7.960492592735253,RU,5.179474679231202e-09,M,dissociation,0,2000
SS,S,E,SS4,SS4-237,2149.4949494949497,s,7.700884195475439,RU,5.179474679231202e-09,M,dissociation,0,2000
SS,S,E,SS4,SS4-238,2153.5353535353534,s,7.273906442568144,RU,5.179474679231202e-09,M,dissociation,0,2000
SS,S,E,SS4,SS4-239,2157.5757575757575,s,6.940787293664921,RU,5.179474679231202e-09,M,dissociation,0,2000
SS,S,E,SS4,SS4-240,2161.6161616161617,s,6.74178932053922,RU,5.179474679231202e-09,M,dissociation,0,2000
SS,S,E,SS4,SS4-241,2165.656565656566,s,6.385496736212674,RU,5.179474679231202e-09,M,dissociation,0,2000
SS,S,E,SS4,SS4-242,2169.6969696969695,s,6.3005499324016805,RU,5.179474679231202e-09,M,dissociation,0,2000
SS,S,E,SS4,SS4-243,2173.7373737373737,s,5.911634090277597,RU,5.179474679231202e-09,M,dissociation,0,2000
SS,S,E,SS4,SS4-244,2177.777777777778,s,5.736745570307398,RU,5.179474679231202e-09,M,dissociation,0,2000
SS,S,E,SS4,SS4-245,2181.818181818182,s,5.443819377565344,RU,5.179474679231202e-09,M,dissociation,0,2000
SS,S,E,SS4,SS4-246,2185.8585858585857,s,5.3739192066301635,RU,5.179474679231202e-09,M,dissociation,0,2000
SS,S,E,SS4,SS4-247,2189.89898989899,s,5.011809400017957,RU,5.179474679231202e-09,M,dissociation,0,2000
SS,S,E,SS4,SS4-248,2193.939393939394,s,4.793019049462927,RU,5.179474679231202e-09,M,dissociation,0,2000
SS,S,E,SS4,SS4-249,2197.979797979798,s,4.902099042174121,RU,5.179474679231202e-09,M,dissociation,0,2000
SS,S,E,SS4,SS4-250,2202.020202020202,s,4.547899058069634,RU,5.179474679231202e-09,M,dissociation,0,2000
SS,S,E,SS4,SS4-251,2206.060606060606,s,4.529295074364504,RU,5.179474679231202e-09,M,dissociation,0,2000
SS,S,E,SS4,SS4-252,2210.10101010101,s,4.159917957420821,RU,5.179474679231202e-09,M,dissociation,0,2000
SS,S,E,SS4,SS4-253,2214.1414141414143,s,4.14303529448866,RU,5.179474679231202e-09,M,dissociation,0,2000
SS,S,E,SS4,SS4-254,2218.181818181818,s,3.9260047183903426,RU,5.179474679231202e-09,M,dissociation,0,2000
SS,S,E,SS4,SS4-255,2222.222222222222,s,3.641346243170245,RU,5.179474679231202e-09,M,dissociation,0,2000
SS,S,E,SS4,SS4-256,2226.2626262626263,s,3.4955270047283835,RU,5.179474679231202e-09,M,dissociation,0,2000
SS,S,E,SS4,SS4-257,2230.3030303030305,s,3.3542722931470625,RU,5.179474679231202e-09,M,dissociation,0,2000
SS,S,E,SS4,SS4-258,2234.343434343434,s,3.137536289916487,RU,5.179474679231202e-09,M,dissociation,0,2000
SS,S,E,SS4,SS4-259,2238.3838383838383,s,3.1876208635952397,RU,5.179474679231202e-09,M,dissociation,0,2000
SS,S,E,SS4,SS4-260,2242.4242424242425,s,2.8856623194306636,RU,5.179474679231202e-09,M,dissociation,0,2000
SS,S,E,SS4,SS4-261,2246.4646464646466,s,3.020366698117004,RU,5.179474679231202e-09,M,dissociation,0,2000
SS,S,E,SS4,SS4-262,2250.5050505050503,s,2.7535351544621203,RU,5.179474679231202e-09,M,dissociation,0,2000
SS,S,E,SS4,SS4-263,2254.5454545454545,s,2.5840890714978535,RU,5.179474679231202e-09,M,dissociation,0,2000
SS,S,E,SS4,SS4-264,2258.5858585858587,s,2.4441026447760072,RU,5.179474679231202e-09,M,dissociation,0,2000
SS,S,E,SS4,SS4-265,2262.626262626263,s,2.418480272605634,RU,5.179474679231202e-09,M,dissociation,0,2000
SS,S,E,SS4,SS4-266,2266.6666666666665,s,2.4899555749611726,RU,5.179474679231202e-09,M,dissociation,0,2000
SS,S,E,SS4,SS4-267,2270.7070707070707,s,2.2032607640737276,RU,5.179474679231202e-09,M,dissociation,0,2000
SS,S,E,SS4,SS4-268,2274.747474747475,s,2.205959266918442,RU,5.179474679231202e-09,M,dissociation,0,2000
SS,S,E,SS4,SS4-269,2278.787878787879,s,2.167034375903949,RU,5.179474679231202e-09,M,dissociation,0,2000
SS,S,E,SS4,SS4-270,2282.8282828282827,s,1.9502293692572878,RU,5.179474679231202e-09,M,dissociation,0,2000
SS,S,E,SS4,SS4-271,2286.868686868687,s,2.0114694530847554,RU,5.179474679231202e-09,M,dissociation,0,2000
SS,S,E,SS4,SS4-272,2290.909090909091,s,1.921012664279556,RU,5.179474679231202e-09,M,dissociation,0,2000
SS,S,E,SS4,SS4-273,2294.949494949495,s,1.7810776401124822,RU,5.179474679231202e-09,M,dissociation,0,2000
SS,S,E,SS4,SS4-274,2298.989898989899,s,1.5780476197045354,RU,5.179474679231202e-09,M,dissociation,0,2000
SS,S,E,SS4,SS4-275,2303.030303030303,s,1.5929830057508183,RU,5.179474679231202e-09,M,dissociation,0,2000
SS,S,E,SS4,SS4-276,2307.070707070707,s,1.6009202723806106,RU,5.179474679231202e-09,M,dissociation,0,2000
SS,S,E,SS4,SS4-277,2311.1111111111113,s,1.503199657731441,RU,5.179474679231202e-09,M,dissociation,0,2000
SS,S,E,SS4,SS4-278,2315.151515151515,s,1.4330845334616407,RU,5.179474679231202e-09,M,dissociation,0,2000
SS,S,E,SS4,SS4-279,2319.191919191919,s,1.4884928483360549,RU,5.179474679231202e-09,M,dissociation,0,2000
SS,S,E,SS4,SS4-280,2323.2323232323233,s,1.2639040806941129,RU,5.179474679231202e-09,M,dissociation,0,2000
SS,S,E,SS4,SS4-281,2327.2727272727275,s,1.2380202943963141,RU,5.179474679231202e-09,M,dissociation,0,2000
SS,S,E,SS4,SS4-282,2331.313131313131,s,1.1483991728886311,RU,5.179474679231202e-09,M,dissociation,0,2000
SS,S,E,SS4,SS4-283,2335.3535353535353,s,1.1794889524951182,RU,5.179474679231202e-09,M,dissociation,0,2000
SS,S,E,SS4,SS4-284,2339.3939393939395,s,1.038336656768471,RU,5.179474679231202e-09,M,dissociation,0,2000
SS,S,E,SS4,SS4-285,2343.4343434343436,s,1.1224102582467732,RU,5.179474679231202e-09,M,dissociation,0,2000
SS,S,E,SS4,SS4-286,2347.4747474747473,s,1.2608920103389312,RU,5.179474679231202e-09,M,dissociation,0,2000
SS,S,E,SS4,SS4-287,2351.5151515151515,s,0.9989711719588352,RU,5.179474679231202e-09,M,dissociation,0,2000
SS,S,E,SS4,SS4-288,2355.5555555555557,s,0.8039728824991397,RU,5.179474679231202e-09,M,dissociation,0,2000
SS,S,E,SS4,SS4-289,2359.59595959596,s,0.9506939926334257,RU,5.179474679231202e-09,M,dissociation,0,2000
SS,S,E,SS4,SS4-290,2363.6363636363635,s,0.8389134975467571,RU,5.179474679231202e-09,M,dissociation,0,2000
SS,S,E,SS4,SS4-291,2367.6767676767677,s,0.8721168954246838,RU,5.179474679231202e-09,M,dissociation,0,2000
SS,S,E,SS4,SS4-292,2371.717171717172,s,0.8622861260658969,RU,5.179474679231202e-09,M,dissociation,0,2000
SS,S,E,SS4,SS4-293,2375.757575757576,s,0.6780307245557361,RU,5.179474679231202e-09,M,dissociation,0,2000
SS,S,E,SS4,SS4-294,2379.7979797979797,s,0.7853317412327518,RU,5.179474679231202e-09,M,dissociation,0,2000
SS,S,E,SS4,SS4-295,2383.838383838384,s,0.9392745927164028,RU,5.179474679231202e-09,M,dissociation,0,2000
SS,S,E,SS4,SS4-296,2387.878787878788,s,0.666521384977086,RU,5.179474679231202e-09,M,dissociation,0,2000
SS,S,E,SS4,SS4-297,2391.9191919191917,s,0.687408850613776,RU,5.179474679231202e-09,M,dissociation,0,2000
SS,S,E,SS4,SS4-298,2395.959595959596,s,0.70281616536603,RU,5.179474679231202e-09,M,dissociation,0,2000
SS,S,E,SS4,SS4-299,2400.0,s,0.5967298381843538,RU,5.179474679231202e-09,M,dissociation,0,2000
SS,S,E,SS5,SS5-0,0.0,s,0.06399842622358462,RU,1.389495494373136e-08,M,association,0,2000
SS,S,E,SS5,SS5-1,10.045226130653266,s,12.30579122605871,RU,1.389495494373136e-08,M,association,0,2000
SS,S,E,SS5,SS5-2,20.09045226130653,s,22.120132049025756,RU,1.389495494373136e-08,M,association,0,2000
SS,S,E,SS5,SS5-3,30.135678391959797,s,29.868582694841866,RU,1.389495494373136e-08,M,association,0,2000
SS,S,E,SS5,SS5-4,40.18090452261306,s,35.90061983767488,RU,1.389495494373136e-08,M,association,0,2000
SS,S,E,SS5,SS5-5,50.226130653266324,s,40.61125553008868,RU,1.389495494373136e-08,M,association,0,2000
SS,S,E,SS5,SS5-6,60.27135678391959,s,44.570313752503786,RU,1.389495494373136e-08,M,association,0,2000
SS,S,E,SS5,SS5-7,70.31658291457286,s,47.39206710798262,RU,1.389495494373136e-08,M,association,0,2000
SS,S,E,SS5,SS5-8,80.36180904522612,s,49.58676558076834,RU,1.389495494373136e-08,M,association,0,2000
SS,S,E,SS5,SS5-9,90.40703517587939,s,51.187158523064525,RU,1.389495494373136e-08,M,association,0,2000
SS,S,E,SS5,SS5-10,100.45226130653265,s,53.0368735033874,RU,1.389495494373136e-08,M,association,0,2000
SS,S,E,SS5,SS5-11,110.49748743718592,s,54.19116499370893,RU,1.389495494373136e-08,M,association,0,2000
SS,S,E,SS5,SS5-12,120.54271356783919,s,54.8332360540663,RU,1.389495494373136e-08,M,association,0,2000
SS,S,E,SS5,SS5-13,130.58793969849245,s,55.68534660568219,RU,1.389495494373136e-08,M,association,0,2000
SS,S,E,SS5,SS5-14,140.63316582914572,s,56.28584832718749,RU,1.389495494373136e-08,M,association,0,2000
SS,S,E,SS5,SS5-15,150.67839195979897,s,56.55055687986227,RU,1.389495494373136e-08,M,association,0,2000
SS,S,E,SS5,SS5-16,160.72361809045225,s,56.839023536825884,RU,1.389495494373136e-08,M,association,0,2000
SS,S,E,SS5,SS5-17,170.76884422110552,s,57.20144676871016,RU,1.389495494373136e-08,M,association,0,2000
SS,S,E,SS5,SS5-18,180.81407035175877,s,57.4882907971926,RU,1.389495494373136e-08,M,association,0,2000
SS,S,E,SS5,SS5-19,190.85929648241205,s,57.38135945549038,RU,1.389495494373136e-08,M,association,0,2000
SS,S,E,SS5,SS5-20,200.9045226130653,s,57.77694152229363,RU,1.389495494373136e-08,M,association,0,2000
SS,S,E,SS5,SS5-21,210.94974874371857,s,57.74299039267932,RU,1.389495494373136e-08,M,association,0,2000
SS,S,E,SS5,SS5-22,220.99497487437185,s,57.967822089762116,RU,1.389495494373136e-08,M,association,0,2000
SS,S,E,SS5,SS5-23,231.0402010050251,s,57.950580194838324,RU,1.389495494373136e-08,M,association,0,2000
SS,S,E,SS5,SS5-24,241.08542713567837,s,57.869159615584294,RU,1.389495494373136e-08,M,association,0,2000
SS,S,E,SS5,SS5-25,251.13065326633165,s,58.186370850384584,RU,1.389495494373136e-08,M,association,0,2000
SS,S,E,SS5,SS5-26,261.1758793969849,s,57.921786465252225,RU,1.389495494373136e-08,M,association,0,2000
SS,S,E,SS5,SS5-27,271.22110552763814,s,58.17067923285585,RU,1.389495494373136e-08,M,association,0,2000
SS,S,E,SS5,SS5-28,281.26633165829145,s,58.04938892923003,RU,1.389495494373136e-08,M,association,0,2000
SS,S,E,SS5,SS5-29,291.3115577889447,s,58.23580922773274,RU,1.389495494373136e-08,M,association,0,2000
SS,S,E,SS5,SS5-30,301.35678391959794,s,57.88080252334084,RU,1.389495494373136e-08,M,association,0,2000
SS,S,E,SS5,SS5-31,311.40201005025125,s,58.116842538794735,RU,1.389495494373136e-08,M,association,0,2000
SS,S,E,SS5,SS5-32,321.4472361809045,s,58.06607553610537,RU,1.389495494373136e-08,M,association,0,2000
SS,S,E,SS5,SS5-33,331.49246231155774,s,58.02944954742268,RU,1.389495494373136e-08,M,association,0,2000
SS,S,E,SS5,SS5-34,341.53768844221105,s,58.195792985602075,RU,1.389495494373136e-08,M,association,0,2000
SS,S,E,SS5,SS5-35,351.5829145728643,s,58.06224363719061,RU,1.389495494373136e-08,M,association,0,2000
SS,S,E,SS5,SS5-36,361.62814070351754,s,58.147051638750476,RU,1.389495494373136e-08,M,association,0,2000
SS,S,E,SS5,SS5-37,371.67336683417085,s,58.128998797119955,RU,1.389495494373136e-08,M,association,0,2000
SS,S,E,SS5,SS5-38,381.7185929648241,s,58.2854521515705,RU,1.389495494373136e-08,M,association,0,2000
SS,S,E,SS5,SS5-39,391.76381909547734,s,58.10386533432929,RU,1.389495494373136e-08,M,association,0,2000
SS,S,E,SS5,SS5-40,401.8090452261306,s,58.15001385689754,RU,1.389495494373136e-08,M,association,0,2000
SS,S,E,SS5,SS5-41,411.8542713567839,s,58.0617559202481,RU,1.389495494373136e-08,M,association,0,2000
SS,S,E,SS5,SS5-42,421.89949748743715,s,58.172441629502416,RU,1.389495494373136e-08,M,association,0,2000
SS,S,E,SS5,SS5-43,431.9447236180904,s,58.21193898812004,RU,1.389495494373136e-08,M,association,0,2000
SS,S,E,SS5,SS5-44,441.9899497487437,s,58.38498698044952,RU,1.389495494373136e-08,M,association,0,2000
SS,S,E,SS5,SS5-45,452.03517587939695,s,58.3823349017909,RU,1.389495494373136e-08,M,association,0,2000
SS,S,E,SS5,SS5-46,462.0804020100502,s,58.22676203794173,RU,1.389495494373136e-08,M,association,0,2000
SS,S,E,SS5,SS5-47,472.1256281407035,s,57.996677848541104,RU,1.389495494373136e-08,M,association,0,2000
SS,S,E,SS5,SS5-48,482.17085427135675,s,58.13934482502143,RU,1.389495494373136e-08,M,association,0,2000
SS,S,E,SS5,SS5-49,492.21608040201,s,58.19278935156241,RU,1.389495494373136e-08,M,association,0,2000
SS,S,E,SS5,SS5-50,502.2613065326633,s,58.217826234803,RU,1.389495494373136e-08,M,association,0,2000
SS,S,E,SS5,SS5-51,512.3065326633165,s,58.18692404562636,RU,1.389495494373136e-08,M,association,0,2000
SS,S,E,SS5,SS5-52,522.3517587939698,s,58.01670939594022,RU,1.389495494373136e-08,M,association,0,2000
SS,S,E,SS5,SS5-53,532.3969849246231,s,58.181702611083495,RU,1.389495494373136e-08,M,association,0,2000
SS,S,E,SS5,SS5-54,542.4422110552763,s,58.15786379239249,RU,1.389495494373136e-08,M,association,0,2000
SS,S,E,SS5,SS5-55,552.4874371859296,s,58.20140399379663,RU,1.389495494373136e-08,M,association,0,2000
SS,S,E,SS5,SS5-56,562.5326633165829,s,58.160098800063864,RU,1.389495494373136e-08,M,association,0,2000
SS,S,E,SS5,SS5-57,572.5778894472361,s,58.21201533124132,RU,1.389495494373136e-08,M,association,0,2000
SS,S,E,SS5,SS5-58,582.6231155778894,s,57.9811842609533,RU,1.389495494373136e-08,M,association,0,2000
SS,S,E,SS5,SS5-59,592.6683417085427,s,58.0673979993865,RU,1.389495494373136e-08,M,association,0,2000
SS,S,E,SS5,SS5-60,602.7135678391959,s,58.13574577986352,RU,1.389495494373136e-08,M,association,0,2000
SS,S,E,SS5,SS5-61,612.7587939698492,s,58.15541982385416,RU,1.389495494373136e-08,M,association,0,2000
SS,S,E,SS5,SS5-62,622.8040201005025,s,58.311399619870244,RU,1.389495494373136e-08,M,association,0,2000
SS,S,E,SS5,SS5-63,632.8492462311557,s,58.294648537953655,RU,1.389495494373136e-08,M,association,0,2000
SS,S,E,SS5,SS5-64,642.894472361809,s,58.004890969985,RU,1.389495494373136e-08,M,association,0,2000
SS,S,E,SS5,SS5-65,652.9396984924623,s,58.167864690453456,RU,1.389495494373136e-08,M,association,0,2000
SS,S,E,SS5,SS5-66,662.9849246231155,s,58.22777432370537,RU,1.389495494373136e-08,M,association,0,2000
SS,S,E,SS5,SS5-67,673.0301507537688,s,58.045970668841086,RU,1.389495494373136e-08,M,association,0,2000
SS,S,E,SS5,SS5-68,683.0753768844221,s,58.11458949452777,RU,1.389495494373136e-08,M,association,0,2000
SS,S,E,SS5,SS5-69,693.1206030150753,s,58.045506653105875,RU,1.389495494373136e-08,M,association,0,2000
SS,S,E,SS5,SS5-70,703.1658291457286,s,58.102353387596935,RU,1.389495494373136e-08,M,association,0,2000
SS,S,E,SS5,SS5-71,713.2110552763819,s,58.2243982319077,RU,1.389495494373136e-08,M,association,0,2000
SS,S,E,SS5,SS5-72,723.2562814070351,s,58.14740621492032,RU,1.389495494373136e-08,M,association,0,2000
SS,S,E,SS5,SS5-73,733.3015075376884,s,58.00116402640112,RU,1.389495494373136e-08,M,association,0,2000
SS,S,E,SS5,SS5-74,743.3467336683417,s,58.0749579775484,RU,1.389495494373136e-08,M,association,0,2000
SS,S,E,SS5,SS5-75,753.3919597989949,s,58.07593612074068,RU,1.389495494373136e-08,M,association,0,2000
SS,S,E,SS5,SS5-76,763.4371859296482,s,58.18068508065613,RU,1.389495494373136e-08,M,association,0,2000
SS,S,E,SS5,SS5-77,773.4824120603015,s,58.14878950926829,RU,1.389495494373136e-08,M,association,0,2000
SS,S,E,SS5,SS5-78,783.5276381909547,s,58.18275395652621,RU,1.389495494373136e-08,M,association,0,2000
SS,S,E,SS5,SS5-79,793.572864321608,s,58.20601678552919,RU,1.389495494373136e-08,M,association,0,2000
SS,S,E,SS5,SS5-80,803.6180904522612,s,58.10994227588313,RU,1.389495494373136e-08,M,association,0,2000
SS,S,E,SS5,SS5-81,813.6633165829145,s,58.23617379490944,RU,1.389495494373136e-08,M,association,0,2000
SS,S,E,SS5,SS5-82,823.7085427135678,s,58.10528539159723,RU,1.389495494373136e-08,M,association,0,2000
SS,S,E,SS5,SS5-83,833.753768844221,s,58.20520937026021,RU,1.389495494373136e-08,M,association,0,2000
SS,S,E,SS5,SS5-84,843.7989949748743,s,58.15036153312649,RU,1.389495494373136e-08,M,association,0,2000
SS,S,E,SS5,SS5-85,853.8442211055276,s,58.047115086055165,RU,1.389495494373136e-08,M,association,0,2000
SS,S,E,SS5,SS5-86,863.8894472361808,s,58.19650394069249,RU,1.389495494373136e-08,M,association,0,2000
SS,S,E,SS5,SS5-87,873.9346733668341,s,58.161980099576674,RU,1.389495494373136e-08,M,association,0,2000
SS,S,E,SS5,SS5-88,883.9798994974874,s,58.08992877213197,RU,1.389495494373136e-08,M,association,0,2000
SS,S,E,SS5,SS5-89,894.0251256281406,s,58.13578455792794,RU,1.389495494373136e-08,M,association,0,2000
SS,S,E,SS5,SS5-90,904.0703517587939,s,58.22570399325002,RU,1.389495494373136e-08,M,association,0,2000
SS,S,E,SS5,SS5-91,914.1155778894472,s,58.178284914538445,RU,1.389495494373136e-08,M,association,0,2000
SS,S,E,SS5,SS5-92,924.1608040201004,s,58.18264909847069,RU,1.389495494373136e-08,M,association,0,2000
SS,S,E,SS5,SS5-93,934.2060301507537,s,58.03296388303826,RU,1.389495494373136e-08,M,association,0,2000
SS,S,E,SS5,SS5-94,944.251256281407,s,58.156544745795166,RU,1.389495494373136e-08,M,association,0,2000
SS,S,E,SS5,SS5-95,954.2964824120602,s,58.30853526977141,RU,1.389495494373136e-08,M,association,0,2000
SS,S,E,SS5,SS5-96,964.3417085427135,s,58.22945596874033,RU,1.389495494373136e-08,M,association,0,2000
SS,S,E,SS5,SS5-97,974.3869346733668,s,58.1204404470772,RU,1.389495494373136e-08,M,association,0,2000
SS,S,E,SS5,SS5-98,984.43216080402,s,58.089766732133,RU,1.389495494373136e-08,M,association,0,2000
SS,S,E,SS5,SS5-99,994.4773869346733,s,58.09739051263635,RU,1.389495494373136e-08,M,association,0,2000
SS,S,E,SS5,SS5-100,1004.5226130653266,s,58.13811752278478,RU,1.389495494373136e-08,M,association,0,2000
SS,S,E,SS5,SS5-101,1014.5678391959798,s,58.128137260119985,RU,1.389495494373136e-08,M,association,0,2000
SS,S,E,SS5,SS5-102,1024.613065326633,s,58.25015690274374,RU,1.389495494373136e-08,M,association,0,2000
SS,S,E,SS5,SS5-103,1034.6582914572864,s,58.28845796152604,RU,1.389495494373136e-08,M,association,0,2000
SS,S,E,SS5,SS5-104,1044.7035175879396,s,58.097064722339844,RU,1.389495494373136e-08,M,association,0,2000
SS,S,E,SS5,SS5-105,1054.7487437185928,s,58.25745889207707,RU,1.389495494373136e-08,M,association,0,2000
SS,S,E,SS5,SS5-106,1064.7939698492462,s,58.20443671936344,RU,1.389495494373136e-08,M,association,0,2000
SS,S,E,SS5,SS5-107,1074.8391959798994,s,58.17102439844412,RU,1.389495494373136e-08,M,association,0,2000
SS,S,E,SS5,SS5-108,1084.8844221105526,s,58.244141479539074,RU,1.389495494373136e-08,M,association,0,2000
SS,S,E,SS5,SS5-109,1094.929648241206,s,58.15489855629498,RU,1.389495494373136e-08,M,association,0,2000
SS,S,E,SS5,SS5-110,1104.9748743718592,s,58.027934344819826,RU,1.389495494373136e-08,M,association,0,2000
SS,S,E,SS5,SS5-111,1115.0201005025124,s,58.08064801641444,RU,1.389495494373136e-08,M,association,0,2000
SS,S,E,SS5,SS5-112,1125.0653266331658,s,58.25008652929122,RU,1.389495494373136e-08,M,association,0,2000
SS,S,E,SS5,SS5-113,1135.110552763819,s,58.096981745152846,RU,1.389495494373136e-08,M,association,0,2000
SS,S,E,SS5,SS5-114,1145.1557788944722,s,58.18733394867331,RU,1.389495494373136e-08,M,association,0,2000
SS,S,E,SS5,SS5-115,1155.2010050251256,s,58.155148860541466,RU,1.389495494373136e-08,M,association,0,2000
SS,S,E,SS5,SS5-116,1165.2462311557788,s,58.124232892021155,RU,1.389495494373136e-08,M,association,0,2000
SS,S,E,SS5,SS5-117,1175.291457286432,s,58.27331623309328,RU,1.389495494373136e-08,M,association,0,2000
SS,S,E,SS5,SS5-118,1185.3366834170854,s,58.22412959531744,RU,1.389495494373136e-08,M,association,0,2000
SS,S,E,SS5,SS5-119,1195.3819095477386,s,58.145545286693526,RU,1.389495494373136e-08,M,association,0,2000
SS,S,E,SS5,SS5-120,1205.4271356783918,s,58.120013925571584,RU,1.389495494373136e-08,M,association,0,2000
SS,S,E,SS5,SS5-121,1215.4723618090452,s,58.26213176820557,RU,1.389495494373136e-08,M,association,0,2000
SS,S,E,SS5,SS5-122,1225.5175879396984,s,58.18649098630791,RU,1.389495494373136e-08,M,association,0,2000
SS,S,E,SS5,SS5-123,1235.5628140703516,s,58.071055760819725,RU,1.389495494373136e-08,M,association,0,2000
SS,S,E,SS5,SS5-124,1245.608040201005,s,58.25973966254699,RU,1.389495494373136e-08,M,association,0,2000
SS,S,E,SS5,SS5-125,1255.6532663316582,s,58.199057853979745,RU,1.389495494373136e-08,M,association,0,2000
SS,S,E,SS5,SS5-126,1265.6984924623114,s,58.05860339526049,RU,1.389495494373136e-08,M,association,0,2000
SS,S,E,SS5,SS5-127,1275.7437185929648,s,58.10912871646734,RU,1.389495494373136e-08,M,association,0,2000
SS,S,E,SS5,SS5-128,1285.788944723618,s,58.319679762574935,RU,1.389495494373136e-08,M,association,0,2000
SS,S,E,SS5,SS5-129,1295.8341708542712,s,58.22754949346959,RU,1.389495494373136e-08,M,association,0,2000
SS,S,E,SS5,SS5-130,1305.8793969849246,s,58.032698494411356,RU,1.389495494373136e-08,M,association,0,2000
SS,S,E,SS5,SS5-131,1315.9246231155778,s,58.14456769301635,RU,1.389495494373136e-08,M,association,0,2000
SS,S,E,SS5,SS5-132,1325.969849246231,s,58.07988974206886,RU,1.389495494373136e-08,M,association,0,2000
SS,S,E,SS5,SS5-133,1336.0150753768844,s,58.08585655533621,RU,1.389495494373136e-08,M,association,0,2000
SS,S,E,SS5,SS5-134,1346.0603015075376,s,58.07948959754518,RU,1.389495494373136e-08,M,association,0,2000
SS,S,E,SS5,SS5-135,1356.1055276381908,s,57.97676267226791,RU,1.389495494373136e-08,M,association,0,2000
SS,S,E,SS5,SS5-136,1366.1507537688442,s,58.15934065752296,RU,1.389495494373136e-08,M,association,0,2000
SS,S,E,SS5,SS5-137,1376.1959798994974,s,58.170747982836794,RU,1.389495494373136e-08,M,association,0,2000
SS,S,E,SS5,SS5-138,1386.2412060301506,s,58.170783744910786,RU,1.389495494373136e-08,M,association,0,2000
SS,S,E,SS5,SS5-139,1396.286432160804,s,58.27973044418413,RU,1.389495494373136e-08,M,association,0,2000
SS,S,E,SS5,SS5-140,1406.3316582914572,s,57.94262560991635,RU,1.389495494373136e-08,M,association,0,2000
SS,S,E,SS5,SS5-141,1416.3768844221104,s,58.26510680314895,RU,1.389495494373136e-08,M,association,0,2000
SS,S,E,SS5,SS5-142,1426.4221105527638,s,58.08299480917777,RU,1.389495494373136e-08,M,association,0,2000
SS,S,E,SS5,SS5-143,1436.467336683417,s,58.134056246316995,RU,1.389495494373136e-08,M,association,0,2000
SS,S,E,SS5,SS5-144,1446.5125628140702,s,58.1737012436,RU,1.389495494373136e-08,M,association,0,2000
SS,S,E,SS5,SS5-145,1456.5577889447236,s,58.09006901947198,RU,1.389495494373136e-08,M,association,0,2000
SS,S,E,SS5,SS5-146,1466.6030150753768,s,58.07089903689508,RU,1.389495494373136e-08,M,association,0,2000
SS,S,E,SS5,SS5-147,1476.64824120603,s,58.17958805549529,RU,1.389495494373136e-08,M,association,0,2000
SS,S,E,SS5,SS5-148,1486.6934673366834,s,58.27557390785555,RU,1.389495494373136e-08,M,association,0,2000
SS,S,E,SS5,SS5-149,1496.7386934673366,s,58.133654018196964,RU,1.389495494373136e-08,M,association,0,2000
SS,S,E,SS5,SS5-150,1506.7839195979898,s,58.1522409315987,RU,1.389495494373136e-08,M,association,0,2000
SS,S,E,SS5,SS5-151,1516.8291457286432,s,58.09018805580054,RU,1.389495494373136e-08,M,association,0,2000
SS,S,E,SS5,SS5-152,1526.8743718592964,s,58.07381067745301,RU,1.389495494373136e-08,M,association,0,2000
SS,S,E,SS5,SS5-153,1536.9195979899496,s,58.23577049916652,RU,1.389495494373136e-08,M,association,0,2000
SS,S,E,SS5,SS5-154,1546.964824120603,s,58.111379776169855,RU,1.389495494373136e-08,M,association,0,2000
SS,S,E,SS5,SS5-155,1557.0100502512562,s,58.11315628467821,RU,1.389495494373136e-08,M,association,0,2000
SS,S,E,SS5,SS5-156,1567.0552763819094,s,58.17573351874696,RU,1.389495494373136e-08,M,association,0,2000
SS,S,E,SS5,SS5-157,1577.1005025125628,s,58.03684100348193,RU,1.389495494373136e-08,M,association,0,2000
SS,S,E,SS5,SS5-158,1587.145728643216,s,58.084859562292095,RU,1.389495494373136e-08,M,association,0,2000
SS,S,E,SS5,SS5-159,1597.1909547738692,s,58.31426489812404,RU,1.389495494373136e-08,M,association,0,2000
SS,S,E,SS5,SS5-160,1607.2361809045224,s,58.1012188635517,RU,1.389495494373136e-08,M,association,0,2000
SS,S,E,SS5,SS5-161,1617.2814070351758,s,58.16461221952731,RU,1.389495494373136e-08,M,association,0,2000
SS,S,E,SS5,SS5-162,1627.326633165829,s,58.18803753921943,RU,1.389495494373136e-08,M,association,0,2000
SS,S,E,SS5,SS5-163,1637.3718592964822,s,58.16338828355413,RU,1.389495494373136e-08,M,association,0,2000
SS,S,E,SS5,SS5-164,1647.4170854271356,s,58.16307298330759,RU,1.389495494373136e-08,M,association,0,2000
SS,S,E,SS5,SS5-165,1657.4623115577888,s,58.21296269878886,RU,1.389495494373136e-08,M,association,0,2000
SS,S,E,SS5,SS5-166,1667.507537688442,s,58.281527459470865,RU,1.389495494373136e-08,M,association,0,2000
SS,S,E,SS5,SS5-167,1677.5527638190954,s,58.04562105331026,RU,1.389495494373136e-08,M,association,0,2000
SS,S,E,SS5,SS5-168,1687.5979899497486,s,58.083682814646004,RU,1.389495494373136e-08,M,association,0,2000
SS,S,E,SS5,SS5-169,1697.6432160804018,s,58.21798939363681,RU,1.389495494373136e-08,M,association,0,2000
SS,S,E,SS5,SS5-170,1707.6884422110552,s,58.27987024271253,RU,1.389495494373136e-08,M,association,0,2000
SS,S,E,SS5,SS5-171,1717.7336683417084,s,58.29613367977537,RU,1.389495494373136e-08,M,association,0,2000
SS,S,E,SS5,SS5-172,1727.7788944723616,s,58.13797846815331,RU,1.389495494373136e-08,M,association,0,2000
SS,S,E,SS5,SS5-173,1737.824120603015,s,58.19037099431849,RU,1.389495494373136e-08,M,association,0,2000
SS,S,E,SS5,SS5-174,1747.8693467336682,s,58.10735572237871,RU,1.389495494373136e-08,M,association,0,2000
SS,S,E,SS5,SS5-175,1757.9145728643214,s,58.09207641840019,RU,1.389495494373136e-08,M,association,0,2000
SS,S,E,SS5,SS5-176,1767.9597989949748,s,58.1644670511402,RU,1.389495494373136e-08,M,association,0,2000
SS,S,E,SS5,SS5-177,1778.005025125628,s,58.130045254215005,RU,1.389495494373136e-08,M,association,0,2000
SS,S,E,SS5,SS5-178,1788.0502512562812,s,58.10073616204871,RU,1.389495494373136e-08,M,association,0,2000
SS,S,E,SS5,SS5-179,1798.0954773869346,s,58.097500769347086,RU,1.389495494373136e-08,M,association,0,2000
SS,S,E,SS5,SS5-180,1808.1407035175878,s,58.152638880400445,RU,1.389495494373136e-08,M,association,0,2000
SS,S,E,SS5,SS5-181,1818.185929648241,s,58.338013927481846,RU,1.389495494373136e-08,M,association,0,2000
SS,S,E,SS5,SS5-182,1828.2311557788944,s,58.214535836331564,RU,1.389495494373136e-08,M,association,0,2000
SS,S,E,SS5,SS5-183,1838.2763819095476,s,58.2254883385191,RU,1.389495494373136e-08,M,association,0,2000
SS,S,E,SS5,SS5-184,1848.3216080402008,s,58.2435645348725,RU,1.389495494373136e-08,M,association,0,2000
SS,S,E,SS5,SS5-185,1858.3668341708542,s,58.00513570670534,RU,1.389495494373136e-08,M,association,0,2000
SS,S,E,SS5,SS5-186,1868.4120603015074,s,58.18959057790843,RU,1.389495494373136e-08,M,association,0,2000
SS,S,E,SS5,SS5-187,1878.4572864321606,s,58.142023674009714,RU,1.389495494373136e-08,M,association,0,2000
SS,S,E,SS5,SS5-188,1888.502512562814,s,58.15231988896439,RU,1.389495494373136e-08,M,association,0,2000
SS,S,E,SS5,SS5-189,1898.5477386934672,s,58.23314468186689,RU,1.389495494373136e-08,M,association,0,2000
SS,S,E,SS5,SS5-190,1908.5929648241204,s,58.08856004789254,RU,1.389495494373136e-08,M,association,0,2000
SS,S,E,SS5,SS5-191,1918.6381909547738,s,58.35472516536459,RU,1.389495494373136e-08,M,association,0,2000
SS,S,E,SS5,SS5-192,1928.683417085427,s,58.1707837320304,RU,1.389495494373136e-08,M,association,0,2000
SS,S,E,SS5,SS5-193,1938.7286432160802,s,58.16690702286687,RU,1.389495494373136e-08,M,association,0,2000
SS,S,E,SS5,SS5-194,1948.7738693467336,s,58.03003825828467,RU,1.389495494373136e-08,M,association,0,2000
SS,S,E,SS5,SS5-195,1958.8190954773868,s,58.18779126279958,RU,1.389495494373136e-08,M,association,0,2000
SS,S,E,SS5,SS5-196,1968.86432160804,s,58.155939032202156,RU,1.389495494373136e-08,M,association,0,2000
SS,S,E,SS5,SS5-197,1978.9095477386934,s,58.12823914259501,RU,1.389495494373136e-08,M,association,0,2000
SS,S,E,SS5,SS5-198,1988.9547738693466,s,58.1687777622465,RU,1.389495494373136e-08,M,association,0,2000
SS,S,E,SS5,SS5-199,1999.0,s,58.164644936556094,RU,1.389495494373136e-08,M,association,0,2000
SS,S,E,SS5,SS5-200,2000.0,s,58.151320336638406,RU,1.389495494373136e-08,M,dissociation,0,2000
SS,S,E,SS5,SS5-201,2004.040404040404,s,55.774548370377154,RU,1.389495494373136e-08,M,dissociation,0,2000
SS,S,E,SS5,SS5-202,2008.080808080808,s,53.656160479366754,RU,1.389495494373136e-08,M,dissociation,0,2000
SS,S,E,SS5,SS5-203,2012.121212121212,s,51.522642950251296,RU,1.389495494373136e-08,M,dissociation,0,2000
SS,S,E,SS5,SS5-204,2016.1616161616162,s,49.46388507225629,RU,1.389495494373136e-08,M,dissociation,0,2000
SS,S,E,SS5,SS5-205,2020.20202020202,s,47.52295212936132,RU,1.389495494373136e-08,M,dissociation,0,2000
SS,S,E,SS5,SS5-206,2024.2424242424242,s,45.60058651912433,RU,1.389495494373136e-08,M,dissociation,0,2000
SS,S,E,SS5,SS5-207,2028.2828282828282,s,43.688805004747415,RU,1.389495494373136e-08,M,dissociation,0,2000
SS,S,E,SS5,SS5-208,2032.3232323232323,s,42.1149936633746,RU,1.389495494373136e-08,M,dissociation,0,2000
SS,S,E,SS5,SS5-209,2036.3636363636363,s,40.491599524144036,RU,1.389495494373136e-08,M,dissociation,0,2000
SS,S,E,SS5,SS5-210,2040.4040404040404,s,38.86535911322981,RU,1.389495494373136e-08,M,dissociation,0,2000
SS,S,E,SS5,SS5-211,2044.4444444444443,s,37.231147398058866,RU,1.389495494373136e-08,M,dissociation,0,2000
SS,S,E,SS5,SS5-212,2048.4848484848485,s,35.89552431565598,RU,1.389495494373136e-08,M,dissociation,0,2000
SS,S,E,SS5,SS5-213,2052.5252525252527,s,34.54922983796966,RU,1.389495494373136e-08,M,dissociation,0,2000
SS,S,E,SS5,SS5-214,2056.5656565656564,s,33.02378526731734,RU,1.389495494373136e-08,M,dissociation,0,2000
SS,S,E,SS5,SS5-215,2060.6060606060605,s,31.774391524743955,RU,1.389495494373136e-08,M,dissociation,0,2000
SS,S,E,SS5,SS5-216,2064.6464646464647,s,30.496608677682673,RU,1.389495494373136e-08,M,dissociation,0,2000
SS,S,E,SS5,SS5-217,2068.686868686869,s,29.136463514805296,RU,1.389495494373136e-08,M,dissociation,0,2000
SS,S,E,SS5,SS5-218,2072.7272727272725,s,28.097778136172856,RU,1.389495494373136e-08,M,dissociation,0,2000
SS,S,E,SS5,SS5-219,2076.7676767676767,s,27.191220813174823,RU,1.389495494373136e-08,M,dissociation,0,2000
SS,S,E,SS5,SS5-220,2080.808080808081,s,25.92936097879005,RU,1.389495494373136e-08,M,dissociation,0,2000
SS,S,E,SS5,SS5-221,2084.848484848485,s,24.81844393528592,RU,1.389495494373136e-08,M,dissociation,0,2000
SS,S,E,SS5,SS5-222,2088.8888888888887,s,23.876927396030776,RU,1.389495494373136e-08,M,dissociation,0,2000
SS,S,E,SS5,SS5-223,2092.929292929293,s,23.00857544374929,RU,1.389495494373136e-08,M,dissociation,0,2000
SS,S,E,SS5,SS5-224,2096.969696969697,s,22.0476113458903,RU,1.389495494373136e-08,M,dissociation,0,2000
SS,S,E,SS5,SS5-225,2101.010101010101,s,20.995978756897234,RU,1.389495494373136e-08,M,dissociation,0,2000
SS,S,E,SS5,SS5-226,2105.050505050505,s,20.288215464637737,RU,1.389495494373136e-08,M,dissociation,0,2000
SS,S,E,SS5,SS5-227,2109.090909090909,s,19.604622704856595,RU,1.389495494373136e-08,M,dissociation,0,2000
SS,S,E,SS5,SS5-228,2113.131313131313,s,18.734083084173946,RU,1.389495494373136e-08,M,dissociation,0,2000
SS,S,E,SS5,SS5-229,2117.1717171717173,s,17.98464107416319,RU,1.389495494373136e-08,M,dissociation,0,2000
SS,S,E,SS5,SS5-230,2121.212121212121,s,17.272770951027095,RU,1.389495494373136e-08,M,dissociation,0,2000
SS,S,E,SS5,SS5-231,2125.252525252525,s,16.626167181985803,RU,1.389495494373136e-08,M,dissociation,0,2000
SS,S,E,SS5,SS5-232,2129.2929292929293,s,15.957183042659965,RU,1.389495494373136e-08,M,dissociation,0,2000
SS,S,E,SS5,SS5-233,2133.3333333333335,s,15.38001444424303,RU,1.389495494373136e-08,M,dissociation,0,2000
SS,S,E,SS5,SS5-234,2137.373737373737,s,14.744982131221036,RU,1.389495494373136e-08,M,dissociation,0,2000
SS,S,E,SS5,SS5-235,2141.4141414141413,s,14.16993786610677,RU,1.389495494373136e-08,M,dissociation,0,2000
SS,S,E,SS5,SS5-236,2145.4545454545455,s,13.549436373059425,RU,1.389495494373136e-08,M,dissociation,0,2000
SS,S,E,SS5,SS5-237,2149.4949494949497,s,13.090096378648528,RU,1.389495494373136e-08,M,dissociation,0,2000
SS,S,E,SS5,SS5-238,2153.5353535353534,s,12.65421084951538,RU,1.389495494373136e-08,M,dissociation,0,2000
SS,S,E,SS5,SS5-239,2157.5757575757575,s,12.156373185250109,RU,1.389495494373136e-08,M,dissociation,0,2000
SS,S,E,SS5,SS5-240,2161.6161616161617,s,11.6837640165344,RU,1.389495494373136e-08,M,dissociation,0,2000
SS,S,E,SS5,SS5-241,2165.656565656566,s,11.182755024151316,RU,1.389495494373136e-08,M,dissociation,0,2000
SS,S,E,SS5,SS5-242,2169.6969696969695,s,10.53509006862911,RU,1.389495494373136e-08,M,dissociation,0,2000
SS,S,E,SS5,SS5-243,2173.7373737373737,s,10.222091857416089,RU,1.389495494373136e-08,M,dissociation,0,2000
SS,S,E,SS5,SS5-244,2177.777777777778,s,9.892620219041723,RU,1.389495494373136e-08,M,dissociation,0,2000
SS,S,E,SS5,SS5-245,2181.818181818182,s,9.438108664684066,RU,1.389495494373136e-08,M,dissociation,0,2000
SS,S,E,SS5,SS5-246,2185.8585858585857,s,9.158019051921118,RU,1.389495494373136e-08,M,dissociation,0,2000
SS,S,E,SS5,SS5-247,2189.89898989899,s,8.737764532882398,RU,1.389495494373136e-08,M,dissociation,0,2000
SS,S,E,SS5,SS5-248,2193.939393939394,s,8.315968614228634,RU,1.389495494373136e-08,M,dissociation,0,2000
SS,S,E,SS5,SS5-249,2197.979797979798,s,8.009596707060682,RU,1.389495494373136e-08,M,dissociation,0,2000
SS,S,E,SS5,SS5-250,2202.020202020202,s,7.695102411949079,RU,1.389495494373136e-08,M,dissociation,0,2000
SS,S,E,SS5,SS5-251,2206.060606060606,s,7.614922309142191,RU,1.389495494373136e-08,M,dissociation,0,2000
SS,S,E,SS5,SS5-252,2210.10101010101,s,7.221059416518052,RU,1.389495494373136e-08,M,dissociation,0,2000
SS,S,E,SS5,SS5-253,2214.1414141414143,s,6.942581426818035,RU,1.389495494373136e-08,M,dissociation,0,2000
SS,S,E,SS5,SS5-254,2218.181818181818,s,6.549193241978575,RU,1.389495494373136e-08,M,dissociation,0,2000
SS,S,E,SS5,SS5-255,2222.222222222222,s,6.4206055432013995,RU,1.389495494373136e-08,M,dissociation,0,2000
SS,S,E,SS5,SS5-256,2226.2626262626263,s,6.011026628766621,RU,1.389495494373136e-08,M,dissociation,0,2000
SS,S,E,SS5,SS5-257,2230.3030303030305,s,5.775065930886614,RU,1.389495494373136e-08,M,dissociation,0,2000
SS,S,E,SS5,SS5-258,2234.343434343434,s,5.563860663065305,RU,1.389495494373136e-08,M,dissociation,0,2000
SS,S,E,SS5,SS5-259,2238.3838383838383,s,5.411367035507922,RU,1.389495494373136e-08,M,dissociation,0,2000
SS,S,E,SS5,SS5-260,2242.4242424242425,s,5.042782182853454,RU,1.389495494373136e-08,M,dissociation,0,2000
SS,S,E,SS5,SS5-261,2246.4646464646466,s,4.784684883963605,RU,1.389495494373136e-08,M,dissociation,0,2000
SS,S,E,SS5,SS5-262,2250.5050505050503,s,4.831261122397672,RU,1.389495494373136e-08,M,dissociation,0,2000
SS,S,E,SS5,SS5-263,2254.5454545454545,s,4.555649347993549,RU,1.389495494373136e-08,M,dissociation,0,2000
SS,S,E,SS5,SS5-264,2258.5858585858587,s,4.335946698505939,RU,1.389495494373136e-08,M,dissociation,0,2000
SS,S,E,SS5,SS5-265,2262.626262626263,s,4.2566706931829135,RU,1.389495494373136e-08,M,dissociation,0,2000
SS,S,E,SS5,SS5-266,2266.6666666666665,s,3.91627909938485,RU,1.389495494373136e-08,M,dissociation,0,2000
SS,S,E,SS5,SS5-267,2270.7070707070707,s,3.9046672235622353,RU,1.389495494373136e-08,M,dissociation,0,2000
SS,S,E,SS5,SS5-268,2274.747474747475,s,3.6978714323807176,RU,1.389495494373136e-08,M,dissociation,0,2000
SS,S,E,SS5,SS5-269,2278.787878787879,s,3.5538971531789767,RU,1.389495494373136e-08,M,dissociation,0,2000
SS,S,E,SS5,SS5-270,2282.8282828282827,s,3.52989494973039,RU,1.389495494373136e-08,M,dissociation,0,2000
SS,S,E,SS5,SS5-271,2286.868686868687,s,3.2965598448602376,RU,1.389495494373136e-08,M,dissociation,0,2000
SS,S,E,SS5,SS5-272,2290.909090909091,s,3.2610767479555305,RU,1.389495494373136e-08,M,dissociation,0,2000
SS,S,E,SS5,SS5-273,2294.949494949495,s,2.9932838637116728,RU,1.389495494373136e-08,M,dissociation,0,2000
SS,S,E,SS5,SS5-274,2298.989898989899,s,2.881646401761593,RU,1.389495494373136e-08,M,dissociation,0,2000
SS,S,E,SS5,SS5-275,2303.030303030303,s,2.9486576265315465,RU,1.389495494373136e-08,M,dissociation,0,2000
SS,S,E,SS5,SS5-276,2307.070707070707,s,2.662416333671398,RU,1.389495494373136e-08,M,dissociation,0,2000
SS,S,E,SS5,SS5-277,2311.1111111111113,s,2.6979866103897323,RU,1.389495494373136e-08,M,dissociation,0,2000
SS,S,E,SS5,SS5-278,2315.151515151515,s,2.350317755102098,RU,1.389495494373136e-08,M,dissociation,0,2000
SS,S,E,SS5,SS5-279,2319.191919191919,s,2.3205186406178564,RU,1.389495494373136e-08,M,dissociation,0,2000
SS,S,E,SS5,SS5-280,2323.2323232323233,s,2.361705612633367,RU,1.389495494373136e-08,M,dissociation,0,2000
SS,S,E,SS5,SS5-281,2327.2727272727275,s,2.230540937398532,RU,1.389495494373136e-08,M,dissociation,0,2000
SS,S,E,SS5,SS5-282,2331.313131313131,s,2.104660151348025,RU,1.389495494373136e-08,M,dissociation,0,2000
SS,S,E,SS5,SS5-283,2335.3535353535353,s,1.9008655956696507,RU,1.389495494373136e-08,M,dissociation,0,2000
SS,S,E,SS5,SS5-284,2339.3939393939395,s,2.0121541025018668,RU,1.389495494373136e-08,M,dissociation,0,2000
SS,S,E,SS5,SS5-285,2343.4343434343436,s,1.9383863531404952,RU,1.389495494373136e-08,M,dissociation,0,2000
SS,S,E,SS5,SS5-286,2347.4747474747473,s,1.7980879196904203,RU,1.389495494373136e-08,M,dissociation,0,2000
SS,S,E,SS5,SS5-287,2351.5151515151515,s,1.654415965749683,RU,1.389495494373136e-08,M,dissociation,0,2000
SS,S,E,SS5,SS5-288,2355.5555555555557,s,1.6654407378586922,RU,1.389495494373136e-08,M,dissociation,0,2000
SS,S,E,SS5,SS5-289,2359.59595959596,s,1.5729440875287575,RU,1.389495494373136e-08,M,dissociation,0,2000
SS,S,E,SS5,SS5-290,2363.6363636363635,s,1.5148021486235737,RU,1.389495494373136e-08,M,dissociation,0,2000
SS,S,E,SS5,SS5-291,2367.6767676767677,s,1.5421229331126856,RU,1.389495494373136e-08,M,dissociation,0,2000
SS,S,E,SS5,SS5-292,2371.717171717172,s,1.138345833827362,RU,1.389495494373136e-08,M,dissociation,0,2000
SS,S,E,SS5,SS5-293,2375.757575757576,s,1.186728454195082,RU,1.389495494373136e-08,M,dissociation,0,2000
SS,S,E,SS5,SS5-294,2379.7979797979797,s,1.2554690681266307,RU,1.389495494373136e-08,M,dissociation,0,2000
SS,S,E,SS5,SS5-295,2383.838383838384,s,1.2423556732369005,RU,1.389495494373136e-08,M,dissociation,0,2000
SS,S,E,SS5,SS5-296,2387.878787878788,s,1.1263498578548086,RU,1.389495494373136e-08,M,dissociation,0,2000
SS,S,E,SS5,SS5-297,2391.9191919191917,s,1.1211268577770839,RU,1.389495494373136e-08,M,dissociation,0,2000
SS,S,E,SS5,SS5-298,2395.959595959596,s,1.0755899824493023,RU,1.389495494373136e-08,M,dissociation,0,2000
SS,S,E,SS5,SS5-299,2400.0,s,1.138937715960533,RU,1.389495494373136e-08,M,dissociation,0,2000
SS,S,E,SS6,SS6-0,0.0,s,0.10672871039285121,RU,3.7275937203149377e-08,M,association,0,2000
SS,S,E,SS6,SS6-1,10.045226130653266,s,29.729899806079874,RU,3.7275937203149377e-08,M,association,0,2000
SS,S,E,SS6,SS6-2,20.09045226130653,s,48.47759747961875,RU,3.7275937203149377e-08,M,association,0,2000
SS,S,E,SS6,SS6-3,30.135678391959797,s,59.71512640701141,RU,3.7275937203149377e-08,M,association,0,2000
SS,S,E,SS6,SS6-4,40.18090452261306,s,67.06079798295823,RU,3.7275937203149377e-08,M,association,0,2000
SS,S,E,SS6,SS6-5,50.226130653266324,s,71.34892191757076,RU,3.7275937203149377e-08,M,association,0,2000
SS,S,E,SS6,SS6-6,60.27135678391959,s,74.41153226154933,RU,3.7275937203149377e-08,M,association,0,2000
SS,S,E,SS6,SS6-7,70.31658291457286,s,76.12430618644505,RU,3.7275937203149377e-08,M,association,0,2000
SS,S,E,SS6,SS6-8,80.36180904522612,s,77.09478730858882,RU,3.7275937203149377e-08,M,association,0,2000
SS,S,E,SS6,SS6-9,90.40703517587939,s,77.7267063754596,RU,3.7275937203149377e-08,M,association,0,2000
SS,S,E,SS6,SS6-10,100.45226130653265,s,78.20941890445134,RU,3.7275937203149377e-08,M,association,0,2000
SS,S,E,SS6,SS6-11,110.49748743718592,s,78.37490003894263,RU,3.7275937203149377e-08,M,association,0,2000
SS,S,E,SS6,SS6-12,120.54271356783919,s,78.46253243650055,RU,3.7275937203149377e-08,M,association,0,2000
SS,S,E,SS6,SS6-13,130.58793969849245,s,78.73862789813172,RU,3.7275937203149377e-08,M,association,0,2000
SS,S,E,SS6,SS6-14,140.63316582914572,s,78.75523319229437,RU,3.7275937203149377e-08,M,association,0,2000
SS,S,E,SS6,SS6-15,150.67839195979897,s,78.89431092276286,RU,3.7275937203149377e-08,M,association,0,2000
SS,S,E,SS6,SS6-16,160.72361809045225,s,78.82816468858897,RU,3.7275937203149377e-08,M,association,0,2000
SS,S,E,SS6,SS6-17,170.76884422110552,s,78.94717842132877,RU,3.7275937203149377e-08,M,association,0,2000
SS,S,E,SS6,SS6-18,180.81407035175877,s,78.74689736876712,RU,3.7275937203149377e-08,M,association,0,2000
SS,S,E,SS6,SS6-19,190.85929648241205,s,78.65245410270343,RU,3.7275937203149377e-08,M,association,0,2000
SS,S,E,SS6,SS6-20,200.9045226130653,s,78.74752849148044,RU,3.7275937203149377e-08,M,association,0,2000
SS,S,E,SS6,SS6-21,210.94974874371857,s,78.73518156911544,RU,3.7275937203149377e-08,M,association,0,2000
SS,S,E,SS6,SS6-22,220.99497487437185,s,78.7408979411387,RU,3.7275937203149377e-08,M,association,0,2000
SS,S,E,SS6,SS6-23,231.0402010050251,s,78.95922711045078,RU,3.7275937203149377e-08,M,association,0,2000
SS,S,E,SS6,SS6-24,241.08542713567837,s,78.6703931558812,RU,3.7275937203149377e-08,M,association,0,2000
SS,S,E,SS6,SS6-25,251.13065326633165,s,78.82591929274773,RU,3.7275937203149377e-08,M,association,0,2000
SS,S,E,SS6,SS6-26,261.1758793969849,s,78.77233259179786,RU,3.7275937203149377e-08,M,association,0,2000
SS,S,E,SS6,SS6-27,271.22110552763814,s,78.85212166475847,RU,3.7275937203149377e-08,M,association,0,2000
SS,S,E,SS6,SS6-28,281.26633165829145,s,78.77085060601537,RU,3.7275937203149377e-08,M,association,0,2000
SS,S,E,SS6,SS6-29,291.3115577889447,s,78.83583294595118,RU,3.7275937203149377e-08,M,association,0,2000
SS,S,E,SS6,SS6-30,301.35678391959794,s,78.8914008679257,RU,3.7275937203149377e-08,M,association,0,2000
SS,S,E,SS6,SS6-31,311.40201005025125,s,78.8938223450394,RU,3.7275937203149377e-08,M,association,0,2000
SS,S,E,SS6,SS6-32,321.4472361809045,s,78.80948221414982,RU,3.7275937203149377e-08,M,association,0,2000
SS,S,E,SS6,SS6-33,331.49246231155774,s,78.7570704970414,RU,3.7275937203149377e-08,M,association,0,2000
SS,S,E,SS6,SS6-34,341.53768844221105,s,78.77362356045825,RU,3.7275937203149377e-08,M,association,0,2000
SS,S,E,SS6,SS6-35,351.5829145728643,s,78.75251271250701,RU,3.7275937203149377e-08,M,association,0,2000
SS,S,E,SS6,SS6-36,361.62814070351754,s,78.80237560174206,RU,3.7275937203149377e-08,M,association,0,2000
SS,S,E,SS6,SS6-37,371.67336683417085,s,78.68822396288141,RU,3.7275937203149377e-08,M,association,0,2000
SS,S,E,SS6,SS6-38,381.7185929648241,s,78.60049457546322,RU,3.7275937203149377e-08,M,association,0,2000
SS,S,E,SS6,SS6-39,391.76381909547734,s,78.93528869007643,RU,3.7275937203149377e-08,M,association,0,2000
SS,S,E,SS6,SS6-40,401.8090452261306,s,78.93478342446717,RU,3.7275937203149377e-08,M,association,0,2000
SS,S,E,SS6,SS6-41,411.8542713567839,s,78.91339172373462,RU,3.7275937203149377e-08,M,association,0,2000
SS,S,E,SS6,SS6-42,421.89949748743715,s,78.93333993091822,RU,3.7275937203149377e-08,M,association,0,2000
SS,S,E,SS6,SS6-43,431.9447236180904,s,78.96346515595346,RU,3.7275937203149377e-08,M,association,0,2000
SS,S,E,SS6,SS6-44,441.9899497487437,s,78.92640534450582,RU,3.7275937203149377e-08,M,association,0,2000
SS,S,E,SS6,SS6-45,452.03517587939695,s,78.90785308346868,RU,3.7275937203149377e-08,M,association,0,2000
SS,S,E,SS6,SS6-46,462.0804020100502,s,78.76594866426697,RU,3.7275937203149377e-08,M,association,0,2000
SS,S,E,SS6,SS6-47,472.1256281407035,s,78.97243198656572,RU,3.7275937203149377e-08,M,association,0,2000
SS,S,E,SS6,SS6-48,482.17085427135675,s,78.87378827512447,RU,3.7275937203149377e-08,M,association,0,2000
SS,S,E,SS6,SS6-49,492.21608040201,s,78.81068056527955,RU,3.7275937203149377e-08,M,association,0,2000
SS,S,E,SS6,SS6-50,502.2613065326633,s,78.89424046579724,RU,3.7275937203149377e-08,M,association,0,2000
SS,S,E,SS6,SS6-51,512.3065326633165,s,78.72171295458345,RU,3.7275937203149377e-08,M,association,0,2000
SS,S,E,SS6,SS6-52,522.3517587939698,s,78.85697456481375,RU,3.7275937203149377e-08,M,association,0,2000
SS,S,E,SS6,SS6-53,532.3969849246231,s,78.82537863187868,RU,3.7275937203149377e-08,M,association,0,2000
SS,S,E,SS6,SS6-54,542.4422110552763,s,78.6759406795954,RU,3.7275937203149377e-08,M,association,0,2000
SS,S,E,SS6,SS6-55,552.4874371859296,s,78.83172645737005,RU,3.7275937203149377e-08,M,association,0,2000
SS,S,E,SS6,SS6-56,562.5326633165829,s,78.65283613275845,RU,3.7275937203149377e-08,M,association,0,2000
SS,S,E,SS6,SS6-57,572.5778894472361,s,78.77733526795676,RU,3.7275937203149377e-08,M,association,0,2000
SS,S,E,SS6,SS6-58,582.6231155778894,s,78.83003943057713,RU,3.7275937203149377e-08,M,association,0,2000
SS,S,E,SS6,SS6-59,592.6683417085427,s,79.00740375629582,RU,3.7275937203149377e-08,M,association,0,2000
SS,S,E,SS6,SS6-60,602.7135678391959,s,78.87633220726474,RU,3.7275937203149377e-08,M,association,0,2000
SS,S,E,SS6,SS6-61,612.7587939698492,s,78.94212734642095,RU,3.7275937203149377e-08,M,association,0,2000
SS,S,E,SS6,SS6-62,622.8040201005025,s,78.63341371757001,RU,3.7275937203149377e-08,M,association,0,2000
SS,S,E,SS6,SS6-63,632.8492462311557,s,79.00076680648014,RU,3.7275937203149377e-08,M,association,0,2000
SS,S,E,SS6,SS6-64,642.894472361809,s,78.73899082929854,RU,3.7275937203149377e-08,M,association,0,2000
SS,S,E,SS6,SS6-65,652.9396984924623,s,78.93627591735188,RU,3.7275937203149377e-08,M,association,0,2000
SS,S,E,SS6,SS6-66,662.9849246231155,s,78.89565875582507,RU,3.7275937203149377e-08,M,association,0,2000
SS,S,E,SS6,SS6-67,673.0301507537688,s,78.862163186763,RU,3.7275937203149377e-08,M,association,0,2000
SS,S,E,SS6,SS6-68,683.0753768844221,s,78.81672172351665,RU,3.7275937203149377e-08,M,association,0,2000
SS,S,E,SS6,SS6-69,693.1206030150753,s,78.82647920800952,RU,3.7275937203149377e-08,M,association,0,2000
SS,S,E,SS6,SS6-70,703.1658291457286,s,78.80304516739263,RU,3.7275937203149377e-08,M,association,0,2000
SS,S,E,SS6,SS6-71,713.2110552763819,s,78.8750115748188,RU,3.7275937203149377e-08,M,association,0,2000
SS,S,E,SS6,SS6-72,723.2562814070351,s,78.8032771668041,RU,3.7275937203149377e-08,M,association,0,2000
SS,S,E,SS6,SS6-73,733.3015075376884,s,79.00281328586767,RU,3.7275937203149377e-08,M,association,0,2000
SS,S,E,SS6,SS6-74,743.3467336683417,s,78.75636541917751,RU,3.7275937203149377e-08,M,association,0,2000
SS,S,E,SS6,SS6-75,753.3919597989949,s,78.94939828861342,RU,3.7275937203149377e-08,M,association,0,2000
SS,S,E,SS6,SS6-76,763.4371859296482,s,78.93578469642425,RU,3.7275937203149377e-08,M,association,0,2000
SS,S,E,SS6,SS6-77,773.4824120603015,s,78.94657125155604,RU,3.7275937203149377e-08,M,association,0,2000
SS,S,E,SS6,SS6-78,783.5276381909547,s,78.87771741428475,RU,3.7275937203149377e-08,M,association,0,2000
SS,S,E,SS6,SS6-79,793.572864321608,s,78.84616895648762,RU,3.7275937203149377e-08,M,association,0,2000
SS,S,E,SS6,SS6-80,803.6180904522612,s,78.95887740181675,RU,3.7275937203149377e-08,M,association,0,2000
SS,S,E,SS6,SS6-81,813.6633165829145,s,78.96198689911623,RU,3.7275937203149377e-08,M,association,0,2000
SS,S,E,SS6,SS6-82,823.7085427135678,s,78.74854200028798,RU,3.7275937203149377e-08,M,association,0,2000
SS,S,E,SS6,SS6-83,833.753768844221,s,78.91186259737847,RU,3.7275937203149377e-08,M,association,0,2000
SS,S,E,SS6,SS6-84,843.7989949748743,s,78.79489944873585,RU,3.7275937203149377e-08,M,association,0,2000
SS,S,E,SS6,SS6-85,853.8442211055276,s,78.92346037966595,RU,3.7275937203149377e-08,M,association,0,2000
SS,S,E,SS6,SS6-86,863.8894472361808,s,78.97478617404215,RU,3.7275937203149377e-08,M,association,0,2000
SS,S,E,SS6,SS6-87,873.9346733668341,s,78.78617421316494,RU,3.7275937203149377e-08,M,association,0,2000
SS,S,E,SS6,SS6-88,883.9798994974874,s,78.95343352149762,RU,3.7275937203149377e-08,M,association,0,2000
SS,S,E,SS6,SS6-89,894.0251256281406,s,79.02118400433002,RU,3.7275937203149377e-08,M,association,0,2000
SS,S,E,SS6,SS6-90,904.0703517587939,s,78.79722821614214,RU,3.7275937203149377e-08,M,association,0,2000
SS,S,E,SS6,SS6-91,914.1155778894472,s,78.81594397276017,RU,3.7275937203149377e-08,M,association,0,2000
SS,S,E,SS6,SS6-92,924.1608040201004,s,78.81187999916207,RU,3.7275937203149377e-08,M,association,0,2000
SS,S,E,SS6,SS6-93,934.2060301507537,s,78.81897282825949,RU,3.7275937203149377e-08,M,association,0,2000
SS,S,E,SS6,SS6-94,944.251256281407,s,78.90296507852376,RU,3.7275937203149377e-08,M,association,0,2000
SS,S,E,SS6,SS6-95,954.2964824120602,s,78.7950363375314,RU,3.7275937203149377e-08,M,association,0,2000
SS,S,E,SS6,SS6-96,964.3417085427135,s,78.833200796433,RU,3.7275937203149377e-08,M,association,0,2000
SS,S,E,SS6,SS6-97,974.3869346733668,s,78.8822019860722,RU,3.7275937203149377e-08,M,association,0,2000
SS,S,E,SS6,SS6-98,984.43216080402,s,78.68733426908136,RU,3.7275937203149377e-08,M,association,0,2000
SS,S,E,SS6,SS6-99,994.4773869346733,s,78.93534499486793,RU,3.7275937203149377e-08,M,association,0,2000
SS,S,E,SS6,SS6-100,1004.5226130653266,s,79.06188670243542,RU,3.7275937203149377e-08,M,association,0,2000
SS,S,E,SS6,SS6-101,1014.5678391959798,s,78.9929785463173,RU,3.7275937203149377e-08,M,association,0,2000
SS,S,E,SS6,SS6-102,1024.613065326633,s,78.8315245982844,RU,3.7275937203149377e-08,M,association,0,2000
SS,S,E,SS6,SS6-103,1034.6582914572864,s,78.96378963966995,RU,3.7275937203149377e-08,M,association,0,2000
SS,S,E,SS6,SS6-104,1044.7035175879396,s,78.77617498807044,RU,3.7275937203149377e-08,M,association,0,2000
SS,S,E,SS6,SS6-105,1054.7487437185928,s,78.75880927853834,RU,3.7275937203149377e-08,M,association,0,2000
SS,S,E,SS6,SS6-106,1064.7939698492462,s,78.80732486266028,RU,3.7275937203149377e-08,M,association,0,2000
SS,S,E,SS6,SS6-107,1074.8391959798994,s,78.82558896691751,RU,3.7275937203149377e-08,M,association,0,2000
SS,S,E,SS6,SS6-108,1084.8844221105526,s,78.85122935447511,RU,3.7275937203149377e-08,M,association,0,2000
SS,S,E,SS6,SS6-109,1094.929648241206,s,78.96994676202743,RU,3.7275937203149377e-08,M,association,0,2000
SS,S,E,SS6,SS6-110,1104.9748743718592,s,78.9550779445262,RU,3.7275937203149377e-08,M,association,0,2000
SS,S,E,SS6,SS6-111,1115.0201005025124,s,78.90550811328364,RU,3.7275937203149377e-08,M,association,0,2000
SS,S,E,SS6,SS6-112,1125.0653266331658,s,78.85076773136451,RU,3.7275937203149377e-08,M,association,0,2000
SS,S,E,SS6,SS6-113,1135.110552763819,s,78.87384201861232,RU,3.7275937203149377e-08,M,association,0,2000
SS,S,E,SS6,SS6-114,1145.1557788944722,s,78.82306089424016,RU,3.7275937203149377e-08,M,association,0,2000
SS,S,E,SS6,SS6-115,1155.2010050251256,s,78.86190612739783,RU,3.7275937203149377e-08,M,association,0,2000
SS,S,E,SS6,SS6-116,1165.2462311557788,s,78.96374422317082,RU,3.7275937203149377e-08,M,association,0,2000
SS,S,E,SS6,SS6-117,1175.291457286432,s,78.82538790916374,RU,3.7275937203149377e-08,M,association,0,2000
SS,S,E,SS6,SS6-118,1185.3366834170854,s,78.76739578699376,RU,3.7275937203149377e-08,M,association,0,2000
SS,S,E,SS6,SS6-119,1195.3819095477386,s,78.7775240068157,RU,3.7275937203149377e-08,M,association,0,2000
SS,S,E,SS6,SS6-120,1205.4271356783918,s,78.84108242522188,RU,3.7275937203149377e-08,M,association,0,2000
SS,S,E,SS6,SS6-121,1215.4723618090452,s,78.92639290422815,RU,3.7275937203149377e-08,M,association,0,2000
SS,S,E,SS6,SS6-122,1225.5175879396984,s,78.74665052391832,RU,3.7275937203149377e-08,M,association,0,2000
SS,S,E,SS6,SS6-123,1235.5628140703516,s,78.92595392744765,RU,3.7275937203149377e-08,M,association,0,2000
SS,S,E,SS6,SS6-124,1245.608040201005,s,78.73913262887923,RU,3.7275937203149377e-08,M,association,0,2000
SS,S,E,SS6,SS6-125,1255.6532663316582,s,78.76313271248198,RU,3.7275937203149377e-08,M,association,0,2000
SS,S,E,SS6,SS6-126,1265.6984924623114,s,78.89215491070131,RU,3.7275937203149377e-08,M,association,0,2000
SS,S,E,SS6,SS6-127,1275.7437185929648,s,79.03288690178846,RU,3.7275937203149377e-08,M,association,0,2000
SS,S,E,SS6,SS6-128,1285.788944723618,s,78.71010840382115,RU,3.7275937203149377e-08,M,association,0,2000
SS,S,E,SS6,SS6-129,1295.8341708542712,s,78.72047951464013,RU,3.7275937203149377e-08,M,association,0,2000
SS,S,E,SS6,SS6-130,1305.8793969849246,s,78.79162310010716,RU,3.7275937203149377e-08,M,association,0,2000
SS,S,E,SS6,SS6-131,1315.9246231155778,s,78.89120593331718,RU,3.7275937203149377e-08,M,association,0,2000
SS,S,E,SS6,SS6-132,1325.969849246231,s,78.93297791934306,RU,3.7275937203149377e-08,M,association,0,2000
SS,S,E,SS6,SS6-133,1336.0150753768844,s,78.93730123490754,RU,3.7275937203149377e-08,M,association,0,2000
SS,S,E,SS6,SS6-134,1346.0603015075376,s,78.87713993724417,RU,3.7275937203149377e-08,M,association,0,2000
SS,S,E,SS6,SS6-135,1356.1055276381908,s,78.79998477824192,RU,3.7275937203149377e-08,M,association,0,2000
SS,S,E,SS6,SS6-136,1366.1507537688442,s,78.79480585603424,RU,3.7275937203149377e-08,M,association,0,2000
SS,S,E,SS6,SS6-137,1376.1959798994974,s,78.92561055051937,RU,3.7275937203149377e-08,M,association,0,2000
SS,S,E,SS6,SS6-138,1386.2412060301506,s,78.81378569112354,RU,3.7275937203149377e-08,M,association,0,2000
SS,S,E,SS6,SS6-139,1396.286432160804,s,78.76889429821378,RU,3.7275937203149377e-08,M,association,0,2000
SS,S,E,SS6,SS6-140,1406.3316582914572,s,78.81864538775088,RU,3.7275937203149377e-08,M,association,0,2000
SS,S,E,SS6,SS6-141,1416.3768844221104,s,78.86407967892929,RU,3.7275937203149377e-08,M,association,0,2000
SS,S,E,SS6,SS6-142,1426.4221105527638,s,78.86550363235169,RU,3.7275937203149377e-08,M,association,0,2000
SS,S,E,SS6,SS6-143,1436.467336683417,s,78.98663101869813,RU,3.7275937203149377e-08,M,association,0,2000
SS,S,E,SS6,SS6-144,1446.5125628140702,s,78.8033704252421,RU,3.7275937203149377e-08,M,association,0,2000
SS,S,E,SS6,SS6-145,1456.5577889447236,s,78.81121568497619,RU,3.7275937203149377e-08,M,association,0,2000
SS,S,E,SS6,SS6-146,1466.6030150753768,s,78.87528066263513,RU,3.7275937203149377e-08,M,association,0,2000
SS,S,E,SS6,SS6-147,1476.64824120603,s,78.77422640464123,RU,3.7275937203149377e-08,M,association,0,2000
SS,S,E,SS6,SS6-148,1486.6934673366834,s,78.7596553729887,RU,3.7275937203149377e-08,M,association,0,2000
SS,S,E,SS6,SS6-149,1496.7386934673366,s,78.85650201889575,RU,3.7275937203149377e-08,M,association,0,2000
SS,S,E,SS6,SS6-150,1506.7839195979898,s,78.77144839877376,RU,3.7275937203149377e-08,M,association,0,2000
SS,S,E,SS6,SS6-151,1516.8291457286432,s,78.94768270806243,RU,3.7275937203149377e-08,M,association,0,2000
SS,S,E,SS6,SS6-152,1526.8743718592964,s,78.91800464182342,RU,3.7275937203149377e-08,M,association,0,2000
SS,S,E,SS6,SS6-153,1536.9195979899496,s,78.9615309288576,RU,3.7275937203149377e-08,M,association,0,2000
SS,S,E,SS6,SS6-154,1546.964824120603,s,78.95143331070177,RU,3.7275937203149377e-08,M,association,0,2000
SS,S,E,SS6,SS6-155,1557.0100502512562,s,79.00753082189375,RU,3.7275937203149377e-08,M,association,0,2000
SS,S,E,SS6,SS6-156,1567.0552763819094,s,78.79625283958637,RU,3.7275937203149377e-08,M,association,0,2000
SS,S,E,SS6,SS6-157,1577.1005025125628,s,78.85021923083924,RU,3.7275937203149377e-08,M,association,0,2000
SS,S,E,SS6,SS6-158,1587.145728643216,s,78.84661769035445,RU,3.7275937203149377e-08,M,association,0,2000
SS,S,E,SS6,SS6-159,1597.1909547738692,s,78.87205542003669,RU,3.7275937203149377e-08,M,association,0,2000
SS,S,E,SS6,SS6-160,1607.2361809045224,s,78.87126354866936,RU,3.7275937203149377e-08,M,association,0,2000
SS,S,E,SS6,SS6-161,1617.2814070351758,s,78.96603461431967,RU,3.7275937203149377e-08,M,association,0,2000
SS,S,E,SS6,SS6-162,1627.326633165829,s,78.7730121973161,RU,3.7275937203149377e-08,M,association,0,2000
SS,S,E,SS6,SS6-163,1637.3718592964822,s,78.75322584821159,RU,3.7275937203149377e-08,M,association,0,2000
SS,S,E,SS6,SS6-164,1647.4170854271356,s,78.86919842054324,RU,3.7275937203149377e-08,M,association,0,2000
SS,S,E,SS6,SS6-165,1657.4623115577888,s,78.90548747838945,RU,3.7275937203149377e-08,M,association,0,2000
SS,S,E,SS6,SS6-166,1667.507537688442,s,78.96180395211289,RU,3.7275937203149377e-08,M,association,0,2000
SS,S,E,SS6,SS6-167,1677.5527638190954,s,78.83173139740725,RU,3.7275937203149377e-08,M,association,0,2000
SS,S,E,SS6,SS6-168,1687.5979899497486,s,78.88006796064548,RU,3.7275937203149377e-08,M,association,0,2000
SS,S,E,SS6,SS6-169,1697.6432160804018,s,79.06781908457,RU,3.7275937203149377e-08,M,association,0,2000
SS,S,E,SS6,SS6-170,1707.6884422110552,s,78.89664682743467,RU,3.7275937203149377e-08,M,association,0,2000
SS,S,E,SS6,SS6-171,1717.7336683417084,s,78.69747273421603,RU,3.7275937203149377e-08,M,association,0,2000
SS,S,E,SS6,SS6-172,1727.7788944723616,s,78.83283007084908,RU,3.7275937203149377e-08,M,association,0,2000
SS,S,E,SS6,SS6-173,1737.824120603015,s,78.94402671549227,RU,3.7275937203149377e-08,M,association,0,2000
SS,S,E,SS6,SS6-174,1747.8693467336682,s,78.85386967762912,RU,3.7275937203149377e-08,M,association,0,2000
SS,S,E,SS6,SS6-175,1757.9145728643214,s,78.9024316637798,RU,3.7275937203149377e-08,M,association,0,2000
SS,S,E,SS6,SS6-176,1767.9597989949748,s,78.89038658703956,RU,3.7275937203149377e-08,M,association,0,2000
SS,S,E,SS6,SS6-177,1778.005025125628,s,78.763589496792,RU,3.7275937203149377e-08,M,association,0,2000
SS,S,E,SS6,SS6-178,1788.0502512562812,s,78.8214742556288,RU,3.7275937203149377e-08,M,association,0,2000
SS,S,E,SS6,SS6-179,1798.0954773869346,s,78.91327234297047,RU,3.7275937203149377e-08,M,association,0,2000
SS,S,E,SS6,SS6-180,1808.1407035175878,s,78.81781918422973,RU,3.7275937203149377e-08,M,association,0,2000
SS,S,E,SS6,SS6-181,1818.185929648241,s,78.76811295575965,RU,3.7275937203149377e-08,M,association,0,2000
SS,S,E,SS6,SS6-182,1828.2311557788944,s,78.85336840324138,RU,3.7275937203149377e-08,M,association,0,2000
SS,S,E,SS6,SS6-183,1838.2763819095476,s,78.8211491967554,RU,3.7275937203149377e-08,M,association,0,2000
SS,S,E,SS6,SS6-184,1848.3216080402008,s,78.94493346220293,RU,3.7275937203149377e-08,M,association,0,2000
SS,S,E,SS6,SS6-185,1858.3668341708542,s,78.86788387652115,RU,3.7275937203149377e-08,M,association,0,2000
SS,S,E,SS6,SS6-186,1868.4120603015074,s,78.86291532889356,RU,3.7275937203149377e-08,M,association,0,2000
SS,S,E,SS6,SS6-187,1878.4572864321606,s,78.90705153922258,RU,3.7275937203149377e-08,M,association,0,2000
SS,S,E,SS6,SS6-188,1888.502512562814,s,78.88910917969096,RU,3.7275937203149377e-08,M,association,0,2000
SS,S,E,SS6,SS6-189,1898.5477386934672,s,78.8487813344017,RU,3.7275937203149377e-08,M,association,0,2000
SS,S,E,SS6,SS6-190,1908.5929648241204,s,78.91900968972529,RU,3.7275937203149377e-08,M,association,0,2000
SS,S,E,SS6,SS6-191,1918.6381909547738,s,78.97711720036199,RU,3.7275937203149377e-08,M,association,0,2000
SS,S,E,SS6,SS6-192,1928.683417085427,s,78.90998521532083,RU,3.7275937203149377e-08,M,association,0,2000
SS,S,E,SS6,SS6-193,1938.7286432160802,s,78.78935570086414,RU,3.7275937203149377e-08,M,association,0,2000
SS,S,E,SS6,SS6-194,1948.7738693467336,s,78.85452144410397,RU,3.7275937203149377e-08,M,association,0,2000
SS,S,E,SS6,SS6-195,1958.8190954773868,s,78.78350059377048,RU,3.7275937203149377e-08,M,association,0,2000
SS,S,E,SS6,SS6-196,1968.86432160804,s,78.82795933191655,RU,3.7275937203149377e-08,M,association,0,2000
SS,S,E,SS6,SS6-197,1978.9095477386934,s,78.88280396965797,RU,3.7275937203149377e-08,M,association,0,2000
SS,S,E,SS6,SS6-198,1988.9547738693466,s,78.9117754136079,RU,3.7275937203149377e-08,M,association,0,2000
SS,S,E,SS6,SS6-199,1999.0,s,78.75687914237574,RU,3.7275937203149377e-08,M,association,0,2000
SS,S,E,SS6,SS6-200,2000.0,s,78.74388605716301,RU,3.7275937203149377e-08,M,dissociation,0,2000
SS,S,E,SS6,SS6-201,2004.040404040404,s,75.63499052221434,RU,3.7275937203149377e-08,M,dissociation,0,2000
SS,S,E,SS6,SS6-202,2008.080808080808,s,72.66236224497132,RU,3.7275937203149377e-08,M,dissociation,0,2000
SS,S,E,SS6,SS6-203,2012.121212121212,s,69.77926664342125,RU,3.7275937203149377e-08,M,dissociation,0,2000
SS,S,E,SS6,SS6-204,2016.1616161616162,s,67.08895821673923,RU,3.7275937203149377e-08,M,dissociation,0,2000
SS,S,E,SS6,SS6-205,2020.20202020202,s,64.42916190861916,RU,3.7275937203149377e-08,M,dissociation,0,2000
SS,S,E,SS6,SS6-206,2024.2424242424242,s,62.01674307431356,RU,3.7275937203149377e-08,M,dissociation,0,2000
SS,S,E,SS6,SS6-207,2028.2828282828282,s,59.48045969120691,RU,3.7275937203149377e-08,M,dissociation,0,2000
SS,S,E,SS6,SS6-208,2032.3232323232323,s,56.933254801716714,RU,3.7275937203149377e-08,M,dissociation,0,2000
SS,S,E,SS6,SS6-209,2036.3636363636363,s,54.882044243478774,RU,3.7275937203149377e-08,M,dissociation,0,2000
SS,S,E,SS6,SS6-210,2040.4040404040404,s,52.4996004020961,RU,3.7275937203149377e-08,M,dissociation,0,2000
SS,S,E,SS6,SS6-211,2044.4444444444443,s,50.45330663435481,RU,3.7275937203149377e-08,M,dissociation,0,2000
SS,S,E,SS6,SS6-212,2048.4848484848485,s,48.54284472801582,RU,3.7275937203149377e-08,M,dissociation,0,2000
SS,S,E,SS6,SS6-213,2052.5252525252527,s,46.695029485373816,RU,3.7275937203149377e-08,M,dissociation,0,2000
SS,S,E,SS6,SS6-214,2056.5656565656564,s,44.72397819953893,RU,3.7275937203149377e-08,M,dissociation,0,2000
SS,S,E,SS6,SS6-215,2060.6060606060605,s,43.1243620988646,RU,3.7275937203149377e-08,M,dissociation,0,2000
SS,S,E,SS6,SS6-216,2064.6464646464647,s,41.22417272088363,RU,3.7275937203149377e-08,M,dissociation,0,2000
SS,S,E,SS6,SS6-217,2068.686868686869,s,39.652330931010844,RU,3.7275937203149377e-08,M,dissociation,0,2000
SS,S,E,SS6,SS6-218,2072.7272727272725,s,38.092314109928104,RU,3.7275937203149377e-08,M,dissociation,0,2000
SS,S,E,SS6,SS6-219,2076.7676767676767,s,36.6700057905695,RU,3.7275937203149377e-08,M,dissociation,0,2000
SS,S,E,SS6,SS6-220,2080.808080808081,s,34.95673894567467,RU,3.7275937203149377e-08,M,dissociation,0,2000
SS,S,E,SS6,SS6-221,2084.848484848485,s,33.818586739097505,RU,3.7275937203149377e-08,M,dissociation,0,2000
SS,S,E,SS6,SS6-222,2088.8888888888887,s,32.54021392182105,RU,3.7275937203149377e-08,M,dissociation,0,2000
SS,S,E,SS6,SS6-223,2092.929292929293,s,30.99881834173377,RU,3.7275937203149377e-08,M,dissociation,0,2000
SS,S,E,SS6,SS6-224,2096.969696969697,s,29.88636538927145,RU,3.7275937203149377e-08,M,dissociation,0,2000
SS,S,E,SS6,SS6-225,2101.010101010101,s,28.730872548601596,RU,3.7275937203149377e-08,M,dissociation,0,2000
SS,S,E,SS6,SS6-226,2105.050505050505,s,27.601862718361488,RU,3.7275937203149377e-08,M,dissociation,0,2000
SS,S,E,SS6,SS6-227,2109.090909090909,s,26.37487722687317,RU,3.7275937203149377e-08,M,dissociation,0,2000
SS,S,E,SS6,SS6-228,2113.131313131313,s,25.390285441622634,RU,3.7275937203149377e-08,M,dissociation,0,2000
SS,S,E,SS6,SS6-229,2117.1717171717173,s,24.47268964430606,RU,3.7275937203149377e-08,M,dissociation,0,2000
SS,S,E,SS6,SS6-230,2121.212121212121,s,23.43559125335902,RU,3.7275937203149377e-08,M,dissociation,0,2000
SS,S,E,SS6,SS6-231,2125.252525252525,s,22.51097211427026,RU,3.7275937203149377e-08,M,dissociation,0,2000
SS,S,E,SS6,SS6-232,2129.2929292929293,s,21.706145847932905,RU,3.7275937203149377e-08,M,dissociation,0,2000
SS,S,E,SS6,SS6-233,2133.3333333333335,s,20.69978025654783,RU,3.7275937203149377e-08,M,dissociation,0,2000
SS,S,E,SS6,SS6-234,2137.373737373737,s,19.89158313026126,RU,3.7275937203149377e-08,M,dissociation,0,2000
SS,S,E,SS6,SS6-235,2141.4141414141413,s,19.11499067677715,RU,3.7275937203149377e-08,M,dissociation,0,2000
SS,S,E,SS6,SS6-236,2145.4545454545455,s,18.636984584149662,RU,3.7275937203149377e-08,M,dissociation,0,2000
SS,S,E,SS6,SS6-237,2149.4949494949497,s,17.618844381175396,RU,3.7275937203149377e-08,M,dissociation,0,2000
SS,S,E,SS6,SS6-238,2153.5353535353534,s,16.96452549906279,RU,3.7275937203149377e-08,M,dissociation,0,2000
SS,S,E,SS6,SS6-239,2157.5757575757575,s,16.3637629711177,RU,3.7275937203149377e-08,M,dissociation,0,2000
SS,S,E,SS6,SS6-240,2161.6161616161617,s,15.791511932094364,RU,3.7275937203149377e-08,M,dissociation,0,2000
SS,S,E,SS6,SS6-241,2165.656565656566,s,15.003507117760424,RU,3.7275937203149377e-08,M,dissociation,0,2000
SS,S,E,SS6,SS6-242,2169.6969696969695,s,14.383701587225547,RU,3.7275937203149377e-08,M,dissociation,0,2000
SS,S,E,SS6,SS6-243,2173.7373737373737,s,13.885446059291894,RU,3.7275937203149377e-08,M,dissociation,0,2000
SS,S,E,SS6,SS6-244,2177.777777777778,s,13.420552150151105,RU,3.7275937203149377e-08,M,dissociation,0,2000
SS,S,E,SS6,SS6-245,2181.818181818182,s,12.736138260839386,RU,3.7275937203149377e-08,M,dissociation,0,2000
SS,S,E,SS6,SS6-246,2185.8585858585857,s,12.193124718633221,RU,3.7275937203149377e-08,M,dissociation,0,2000
SS,S,E,SS6,SS6-247,2189.89898989899,s,11.739564113226798,RU,3.7275937203149377e-08,M,dissociation,0,2000
SS,S,E,SS6,SS6-248,2193.939393939394,s,11.318280459265345,RU,3.7275937203149377e-08,M,dissociation,0,2000
SS,S,E,SS6,SS6-249,2197.979797979798,s,10.858536707953991,RU,3.7275937203149377e-08,M,dissociation,0,2000
SS,S,E,SS6,SS6-250,2202.020202020202,s,10.46336777161645,RU,3.7275937203149377e-08,M,dissociation,0,2000
SS,S,E,SS6,SS6-251,2206.060606060606,s,10.063207862800331,RU,3.7275937203149377e-08,M,dissociation,0,2000
SS,S,E,SS6,SS6-252,2210.10101010101,s,9.677430341069769,RU,3.7275937203149377e-08,M,dissociation,0,2000
SS,S,E,SS6,SS6-253,2214.1414141414143,s,9.320981285753973,RU,3.7275937203149377e-08,M,dissociation,0,2000
SS,S,E,SS6,SS6-254,2218.181818181818,s,9.026442248337116,RU,3.7275937203149377e-08,M,dissociation,0,2000
SS,S,E,SS6,SS6-255,2222.222222222222,s,8.674939841156743,RU,3.7275937203149377e-08,M,dissociation,0,2000
SS,S,E,SS6,SS6-256,2226.2626262626263,s,8.168185978401903,RU,3.7275937203149377e-08,M,dissociation,0,2000
SS,S,E,SS6,SS6-257,2230.3030303030305,s,7.969870432592352,RU,3.7275937203149377e-08,M,dissociation,0,2000
SS,S,E,SS6,SS6-258,2234.343434343434,s,7.7157494182230915,RU,3.7275937203149377e-08,M,dissociation,0,2000
SS,S,E,SS6,SS6-259,2238.3838383838383,s,7.324168495514298,RU,3.7275937203149377e-08,M,dissociation,0,2000
SS,S,E,SS6,SS6-260,2242.4242424242425,s,7.046667700756505,RU,3.7275937203149377e-08,M,dissociation,0,2000
SS,S,E,SS6,SS6-261,2246.4646464646466,s,6.7694939789081054,RU,3.7275937203149377e-08,M,dissociation,0,2000
SS,S,E,SS6,SS6-262,2250.5050505050503,s,6.529396527892786,RU,3.7275937203149377e-08,M,dissociation,0,2000
SS,S,E,SS6,SS6-263,2254.5454545454545,s,6.200506515608072,RU,3.7275937203149377e-08,M,dissociation,0,2000
SS,S,E,SS6,SS6-264,2258.5858585858587,s,6.021328222738869,RU,3.7275937203149377e-08,M,dissociation,0,2000
SS,S,E,SS6,SS6-265,2262.626262626263,s,5.80214073876015,RU,3.7275937203149377e-08,M,dissociation,0,2000
SS,S,E,SS6,SS6-266,2266.6666666666665,s,5.449065900832446,RU,3.7275937203149377e-08,M,dissociation,0,2000
SS,S,E,SS6,SS6-267,2270.7070707070707,s,5.224041144807694,RU,3.7275937203149377e-08,M,dissociation,0,2000
SS,S,E,SS6,SS6-268,2274.747474747475,s,5.070948327597101,RU,3.7275937203149377e-08,M,dissociation,0,2000
SS,S,E,SS6,SS6-269,2278.787878787879,s,4.807935478663474,RU,3.7275937203149377e-08,M,dissociation,0,2000
SS,S,E,SS6,SS6-270,2282.8282828282827,s,4.690254608811174,RU,3.7275937203149377e-08,M,dissociation,0,2000
SS,S,E,SS6,SS6-271,2286.868686868687,s,4.404095199059673,RU,3.7275937203149377e-08,M,dissociation,0,2000
SS,S,E,SS6,SS6-272,2290.909090909091,s,4.235477434956936,RU,3.7275937203149377e-08,M,dissociation,0,2000
SS,S,E,SS6,SS6-273,2294.949494949495,s,4.129363055246678,RU,3.7275937203149377e-08,M,dissociation,0,2000
SS,S,E,SS6,SS6-274,2298.989898989899,s,3.908997286232166,RU,3.7275937203149377e-08,M,dissociation,0,2000
SS,S,E,SS6,SS6-275,2303.030303030303,s,3.775984658567572,RU,3.7275937203149377e-08,M,dissociation,0,2000
SS,S,E,SS6,SS6-276,2307.070707070707,s,3.6664583495758665,RU,3.7275937203149377e-08,M,dissociation,0,2000
SS,S,E,SS6,SS6-277,2311.1111111111113,s,3.533121757102307,RU,3.7275937203149377e-08,M,dissociation,0,2000
SS,S,E,SS6,SS6-278,2315.151515151515,s,3.261081126483911,RU,3.7275937203149377e-08,M,dissociation,0,2000
SS,S,E,SS6,SS6-279,2319.191919191919,s,3.2617602652487263,RU,3.7275937203149377e-08,M,dissociation,0,2000
SS,S,E,SS6,SS6-280,2323.2323232323233,s,3.055619737601582,RU,3.7275937203149377e-08,M,dissociation,0,2000
SS,S,E,SS6,SS6-281,2327.2727272727275,s,2.996117573305539,RU,3.7275937203149377e-08,M,dissociation,0,2000
SS,S,E,SS6,SS6-282,2331.313131313131,s,2.976217518702504,RU,3.7275937203149377e-08,M,dissociation,0,2000
SS,S,E,SS6,SS6-283,2335.3535353535353,s,2.763320228792304,RU,3.7275937203149377e-08,M,dissociation,0,2000
SS,S,E,SS6,SS6-284,2339.3939393939395,s,2.6582046320807393,RU,3.7275937203149377e-08,M,dissociation,0,2000
SS,S,E,SS6,SS6-285,2343.4343434343436,s,2.4748035545726497,RU,3.7275937203149377e-08,M,dissociation,0,2000
SS,S,E,SS6,SS6-286,2347.4747474747473,s,2.5203023046358717,RU,3.7275937203149377e-08,M,dissociation,0,2000
SS,S,E,SS6,SS6-287,2351.5151515151515,s,2.281627713372919,RU,3.7275937203149377e-08,M,dissociation,0,2000
SS,S,E,SS6,SS6-288,2355.5555555555557,s,2.221660918555099,RU,3.7275937203149377e-08,M,dissociation,0,2000
SS,S,E,SS6,SS6-289,2359.59595959596,s,2.146743392257753,RU,3.7275937203149377e-08,M,dissociation,0,2000
SS,S,E,SS6,SS6-290,2363.6363636363635,s,2.0620254394130515,RU,3.7275937203149377e-08,M,dissociation,0,2000
SS,S,E,SS6,SS6-291,2367.6767676767677,s,2.0353605720422445,RU,3.7275937203149377e-08,M,dissociation,0,2000
SS,S,E,SS6,SS6-292,2371.717171717172,s,1.9488916723496637,RU,3.7275937203149377e-08,M,dissociation,0,2000
SS,S,E,SS6,SS6-293,2375.757575757576,s,1.7753681712270197,RU,3.7275937203149377e-08,M,dissociation,0,2000
SS,S,E,SS6,SS6-294,2379.7979797979797,s,1.7707844709095761,RU,3.7275937203149377e-08,M,dissociation,0,2000
SS,S,E,SS6,SS6-295,2383.838383838384,s,1.7978168834523938,RU,3.7275937203149377e-08,M,dissociation,0,2000
SS,S,E,SS6,SS6-296,2387.878787878788,s,1.7403339098638135,RU,3.7275937203149377e-08,M,dissociation,0,2000
SS,S,E,SS6,SS6-297,2391.9191919191917,s,1.5783954865242524,RU,3.7275937203149377e-08,M,dissociation,0,2000
SS,S,E,SS6,SS6-298,2395.959595959596,s,1.3261204971561014,RU,3.7275937203149377e-08,M,dissociation,0,2000
SS,S,E,SS6,SS6-299,2400.0,s,1.4108438866551152,RU,3.7275937203149377e-08,M,dissociation,0,2000
SS,S,E,SS7,SS7-0,0.0,s,0.07734109247047406,RU,1e-07,M,association,0,2000
SS,S,E,SS7,SS7-1,10.045226130653266,s,60.724367670041254,RU,1e-07,M,association,0,2000
SS,S,E,SS7,SS7-2,20.09045226130653,s,80.99576331534097,RU,1e-07,M,association,0,2000
SS,S,E,SS7,SS7-3,30.135678391959797,s,87.49614742087563,RU,1e-07,M,association,0,2000
SS,S,E,SS7,SS7-4,40.18090452261306,s,89.76095007046086,RU,1e-07,M,association,0,2000
SS,S,E,SS7,SS7-5,50.226130653266324,s,90.46053010091767,RU,1e-07,M,association,0,2000
SS,S,E,SS7,SS7-6,60.27135678391959,s,90.77443679858841,RU,1e-07,M,association,0,2000
SS,S,E,SS7,SS7-7,70.31658291457286,s,90.89132734376352,RU,1e-07,M,association,0,2000
SS,S,E,SS7,SS7-8,80.36180904522612,s,90.8135170572367,RU,1e-07,M,association,0,2000
SS,S,E,SS7,SS7-9,90.40703517587939,s,90.92444079143034,RU,1e-07,M,association,0,2000
SS,S,E,SS7,SS7-10,100.45226130653265,s,91.02910147361055,RU,1e-07,M,association,0,2000
SS,S,E,SS7,SS7-11,110.49748743718592,s,90.84680786459248,RU,1e-07,M,association,0,2000
SS,S,E,SS7,SS7-12,120.54271356783919,s,90.8207997133341,RU,1e-07,M,association,0,2000
SS,S,E,SS7,SS7-13,130.58793969849245,s,90.94026266184129,RU,1e-07,M,association,0,2000
SS,S,E,SS7,SS7-14,140.63316582914572,s,91.0383397399026,RU,1e-07,M,association,0,2000
SS,S,E,SS7,SS7-15,150.67839195979897,s,90.95407574592896,RU,1e-07,M,association,0,2000
SS,S,E,SS7,SS7-16,160.72361809045225,s,90.8093572241102,RU,1e-07,M,association,0,2000
SS,S,E,SS7,SS7-17,170.76884422110552,s,90.76118808688015,RU,1e-07,M,association,0,2000
SS,S,E,SS7,SS7-18,180.81407035175877,s,90.97514542489225,RU,1e-07,M,association,0,2000
SS,S,E,SS7,SS7-19,190.85929648241205,s,90.84120850119511,RU,1e-07,M,association,0,2000
SS,S,E,SS7,SS7-20,200.9045226130653,s,90.98361865178678,RU,1e-07,M,association,0,2000
SS,S,E,SS7,SS7-21,210.94974874371857,s,90.90493767443655,RU,1e-07,M,association,0,2000
SS,S,E,SS7,SS7-22,220.99497487437185,s,90.89639469938771,RU,1e-07,M,association,0,2000
SS,S,E,SS7,SS7-23,231.0402010050251,s,90.68247906276142,RU,1e-07,M,association,0,2000
SS,S,E,SS7,SS7-24,241.08542713567837,s,90.89221837938761,RU,1e-07,M,association,0,2000
SS,S,E,SS7,SS7-25,251.13065326633165,s,90.92986738822549,RU,1e-07,M,association,0,2000
SS,S,E,SS7,SS7-26,261.1758793969849,s,90.74466956526663,RU,1e-07,M,association,0,2000
SS,S,E,SS7,SS7-27,271.22110552763814,s,90.89282701425145,RU,1e-07,M,association,0,2000
SS,S,E,SS7,SS7-28,281.26633165829145,s,90.77423760587905,RU,1e-07,M,association,0,2000
SS,S,E,SS7,SS7-29,291.3115577889447,s,90.79587263864389,RU,1e-07,M,association,0,2000
SS,S,E,SS7,SS7-30,301.35678391959794,s,90.79285076159469,RU,1e-07,M,association,0,2000
SS,S,E,SS7,SS7-31,311.40201005025125,s,90.98844421163135,RU,1e-07,M,association,0,2000
SS,S,E,SS7,SS7-32,321.4472361809045,s,90.93569962911474,RU,1e-07,M,association,0,2000
SS,S,E,SS7,SS7-33,331.49246231155774,s,90.85915165761241,RU,1e-07,M,association,0,2000
SS,S,E,SS7,SS7-34,341.53768844221105,s,90.82388001779594,RU,1e-07,M,association,0,2000
SS,S,E,SS7,SS7-35,351.5829145728643,s,90.81780011009839,RU,1e-07,M,association,0,2000
SS,S,E,SS7,SS7-36,361.62814070351754,s,90.80079331635382,RU,1e-07,M,association,0,2000
SS,S,E,SS7,SS7-37,371.67336683417085,s,90.97222771507197,RU,1e-07,M,association,0,2000
SS,S,E,SS7,SS7-38,381.7185929648241,s,90.83431975432138,RU,1e-07,M,association,0,2000
SS,S,E,SS7,SS7-39,391.76381909547734,s,90.90691857664949,RU,1e-07,M,association,0,2000
SS,S,E,SS7,SS7-40,401.8090452261306,s,90.96673928638643,RU,1e-07,M,association,0,2000
SS,S,E,SS7,SS7-41,411.8542713567839,s,90.94841549810764,RU,1e-07,M,association,0,2000
SS,S,E,SS7,SS7-42,421.89949748743715,s,90.87787125914019,RU,1e-07,M,association,0,2000
SS,S,E,SS7,SS7-43,431.9447236180904,s,90.75965991408634,RU,1e-07,M,association,0,2000
SS,S,E,SS7,SS7-44,441.9899497487437,s,90.87049987464134,RU,1e-07,M,association,0,2000
SS,S,E,SS7,SS7-45,452.03517587939695,s,90.86791482401134,RU,1e-07,M,association,0,2000
SS,S,E,SS7,SS7-46,462.0804020100502,s,90.8249672893759,RU,1e-07,M,association,0,2000
SS,S,E,SS7,SS7-47,472.1256281407035,s,90.8985714240683,RU,1e-07,M,association,0,2000
SS,S,E,SS7,SS7-48,482.17085427135675,s,90.95956067752262,RU,1e-07,M,association,0,2000
SS,S,E,SS7,SS7-49,492.21608040201,s,90.87228742661952,RU,1e-07,M,association,0,2000
SS,S,E,SS7,SS7-50,502.2613065326633,s,90.92239824929722,RU,1e-07,M,association,0,2000
SS,S,E,SS7,SS7-51,512.3065326633165,s,91.00092257140948,RU,1e-07,M,association,0,2000
SS,S,E,SS7,SS7-52,522.3517587939698,s,91.00825500905877,RU,1e-07,M,association,0,2000
SS,S,E,SS7,SS7-53,532.3969849246231,s,90.97069659089715,RU,1e-07,M,association,0,2000
SS,S,E,SS7,SS7-54,542.4422110552763,s,90.98958151022104,RU,1e-07,M,association,0,2000
SS,S,E,SS7,SS7-55,552.4874371859296,s,91.02547421697123,RU,1e-07,M,association,0,2000
SS,S,E,SS7,SS7-56,562.5326633165829,s,90.87336259638755,RU,1e-07,M,association,0,2000
SS,S,E,SS7,SS7-57,572.5778894472361,s,90.83458645015408,RU,1e-07,M,association,0,2000
SS,S,E,SS7,SS7-58,582.6231155778894,s,90.77478304941428,RU,1e-07,M,association,0,2000
SS,S,E,SS7,SS7-59,592.6683417085427,s,90.90220240482641,RU,1e-07,M,association,0,2000
SS,S,E,SS7,SS7-60,602.7135678391959,s,90.9037533259762,RU,1e-07,M,association,0,2000
SS,S,E,SS7,SS7-61,612.7587939698492,s,90.97296616531514,RU,1e-07,M,association,0,2000
SS,S,E,SS7,SS7-62,622.8040201005025,s,90.83782568930167,RU,1e-07,M,association,0,2000
SS,S,E,SS7,SS7-63,632.8492462311557,s,90.81011662285044,RU,1e-07,M,association,0,2000
SS,S,E,SS7,SS7-64,642.894472361809,s,90.85077572549866,RU,1e-07,M,association,0,2000
SS,S,E,SS7,SS7-65,652.9396984924623,s,90.99418228654456,RU,1e-07,M,association,0,2000
SS,S,E,SS7,SS7-66,662.9849246231155,s,90.90342593290573,RU,1e-07,M,association,0,2000
SS,S,E,SS7,SS7-67,673.0301507537688,s,90.85074156238609,RU,1e-07,M,association,0,2000
SS,S,E,SS7,SS7-68,683.0753768844221,s,90.89952411782289,RU,1e-07,M,association,0,2000
SS,S,E,SS7,SS7-69,693.1206030150753,s,90.91361192117083,RU,1e-07,M,association,0,2000
SS,S,E,SS7,SS7-70,703.1658291457286,s,90.98813591842882,RU,1e-07,M,association,0,2000
SS,S,E,SS7,SS7-71,713.2110552763819,s,90.85360357323127,RU,1e-07,M,association,0,2000
SS,S,E,SS7,SS7-72,723.2562814070351,s,90.83337531524016,RU,1e-07,M,association,0,2000
SS,S,E,SS7,SS7-73,733.3015075376884,s,90.88030797969753,RU,1e-07,M,association,0,2000
SS,S,E,SS7,SS7-74,743.3467336683417,s,90.88582583927074,RU,1e-07,M,association,0,2000
SS,S,E,SS7,SS7-75,753.3919597989949,s,90.84146387332457,RU,1e-07,M,association,0,2000
SS,S,E,SS7,SS7-76,763.4371859296482,s,91.03736472730759,RU,1e-07,M,association,0,2000
SS,S,E,SS7,SS7-77,773.4824120603015,s,90.934525605426,RU,1e-07,M,association,0,2000
SS,S,E,SS7,SS7-78,783.5276381909547,s,90.89804873158133,RU,1e-07,M,association,0,2000
SS,S,E,SS7,SS7-79,793.572864321608,s,90.82497140975758,RU,1e-07,M,association,0,2000
SS,S,E,SS7,SS7-80,803.6180904522612,s,90.8721173816905,RU,1e-07,M,association,0,2000
SS,S,E,SS7,SS7-81,813.6633165829145,s,91.01721770449954,RU,1e-07,M,association,0,2000
SS,S,E,SS7,SS7-82,823.7085427135678,s,90.79172184831988,RU,1e-07,M,association,0,2000
SS,S,E,SS7,SS7-83,833.753768844221,s,90.87813301069761,RU,1e-07,M,association,0,2000
SS,S,E,SS7,SS7-84,843.7989949748743,s,90.88253109555667,RU,1e-07,M,association,0,2000
SS,S,E,SS7,SS7-85,853.8442211055276,s,90.89015505201368,RU,1e-07,M,association,0,2000
SS,S,E,SS7,SS7-86,863.8894472361808,s,90.91037930655054,RU,1e-07,M,association,0,2000
SS,S,E,SS7,SS7-87,873.9346733668341,s,90.92910697384497,RU,1e-07,M,association,0,2000
SS,S,E,SS7,SS7-88,883.9798994974874,s,90.9502454012585,RU,1e-07,M,association,0,2000
SS,S,E,SS7,SS7-89,894.0251256281406,s,90.84687950656497,RU,1e-07,M,association,0,2000
SS,S,E,SS7,SS7-90,904.0703517587939,s,90.931658626185,RU,1e-07,M,association,0,2000
SS,S,E,SS7,SS7-91,914.1155778894472,s,90.84159441957352,RU,1e-07,M,association,0,2000
SS,S,E,SS7,SS7-92,924.1608040201004,s,90.81754866469598,RU,1e-07,M,association,0,2000
SS,S,E,SS7,SS7-93,934.2060301507537,s,90.96713889597648,RU,1e-07,M,association,0,2000
SS,S,E,SS7,SS7-94,944.251256281407,s,90.87329386649887,RU,1e-07,M,association,0,2000
SS,S,E,SS7,SS7-95,954.2964824120602,s,90.93660035278637,RU,1e-07,M,association,0,2000
SS,S,E,SS7,SS7-96,964.3417085427135,s,90.9608661815373,RU,1e-07,M,association,0,2000
SS,S,E,SS7,SS7-97,974.3869346733668,s,90.92878343272221,RU,1e-07,M,association,0,2000
SS,S,E,SS7,SS7-98,984.43216080402,s,90.8458943609639,RU,1e-07,M,association,0,2000
SS,S,E,SS7,SS7-99,994.4773869346733,s,90.8973391279681,RU,1e-07,M,association,0,2000
SS,S,E,SS7,SS7-100,1004.5226130653266,s,90.90606569357082,RU,1e-07,M,association,0,2000
SS,S,E,SS7,SS7-101,1014.5678391959798,s,90.90245352578923,RU,1e-07,M,association,0,2000
SS,S,E,SS7,SS7-102,1024.613065326633,s,90.79307851134824,RU,1e-07,M,association,0,2000
SS,S,E,SS7,SS7-103,1034.6582914572864,s,90.84102789130712,RU,1e-07,M,association,0,2000
SS,S,E,SS7,SS7-104,1044.7035175879396,s,91.0054682875205,RU,1e-07,M,association,0,2000
SS,S,E,SS7,SS7-105,1054.7487437185928,s,90.94942534185984,RU,1e-07,M,association,0,2000
SS,S,E,SS7,SS7-106,1064.7939698492462,s,90.91465067804192,RU,1e-07,M,association,0,2000
SS,S,E,SS7,SS7-107,1074.8391959798994,s,91.07419253005166,RU,1e-07,M,association,0,2000
SS,S,E,SS7,SS7-108,1084.8844221105526,s,90.96740011566274,RU,1e-07,M,association,0,2000
SS,S,E,SS7,SS7-109,1094.929648241206,s,90.93374529928514,RU,1e-07,M,association,0,2000
SS,S,E,SS7,SS7-110,1104.9748743718592,s,90.94520787783563,RU,1e-07,M,association,0,2000
SS,S,E,SS7,SS7-111,1115.0201005025124,s,90.92809033916684,RU,1e-07,M,association,0,2000
SS,S,E,SS7,SS7-112,1125.0653266331658,s,90.92368390959864,RU,1e-07,M,association,0,2000
SS,S,E,SS7,SS7-113,1135.110552763819,s,90.93224343866953,RU,1e-07,M,association,0,2000
SS,S,E,SS7,SS7-114,1145.1557788944722,s,90.92647111649724,RU,1e-07,M,association,0,2000
SS,S,E,SS7,SS7-115,1155.2010050251256,s,90.99122242709363,RU,1e-07,M,association,0,2000
SS,S,E,SS7,SS7-116,1165.2462311557788,s,90.9690698738053,RU,1e-07,M,association,0,2000
SS,S,E,SS7,SS7-117,1175.291457286432,s,90.88484106595084,RU,1e-07,M,association,0,2000
SS,S,E,SS7,SS7-118,1185.3366834170854,s,90.77929878866811,RU,1e-07,M,association,0,2000
SS,S,E,SS7,SS7-119,1195.3819095477386,s,90.89584483728997,RU,1e-07,M,association,0,2000
SS,S,E,SS7,SS7-120,1205.4271356783918,s,90.9334309304384,RU,1e-07,M,association,0,2000
SS,S,E,SS7,SS7-121,1215.4723618090452,s,90.81555429547784,RU,1e-07,M,association,0,2000
SS,S,E,SS7,SS7-122,1225.5175879396984,s,90.88507086595651,RU,1e-07,M,association,0,2000
SS,S,E,SS7,SS7-123,1235.5628140703516,s,90.86052141218401,RU,1e-07,M,association,0,2000
SS,S,E,SS7,SS7-124,1245.608040201005,s,90.79663644640688,RU,1e-07,M,association,0,2000
SS,S,E,SS7,SS7-125,1255.6532663316582,s,90.93922496822891,RU,1e-07,M,association,0,2000
SS,S,E,SS7,SS7-126,1265.6984924623114,s,90.89970619781319,RU,1e-07,M,association,0,2000
SS,S,E,SS7,SS7-127,1275.7437185929648,s,90.90219740865174,RU,1e-07,M,association,0,2000
SS,S,E,SS7,SS7-128,1285.788944723618,s,90.99576854016156,RU,1e-07,M,association,0,2000
SS,S,E,SS7,SS7-129,1295.8341708542712,s,91.06363319937606,RU,1e-07,M,association,0,2000
SS,S,E,SS7,SS7-130,1305.8793969849246,s,90.91681748235456,RU,1e-07,M,association,0,2000
SS,S,E,SS7,SS7-131,1315.9246231155778,s,90.85947637071911,RU,1e-07,M,association,0,2000
SS,S,E,SS7,SS7-132,1325.969849246231,s,90.99727972798019,RU,1e-07,M,association,0,2000
SS,S,E,SS7,SS7-133,1336.0150753768844,s,90.9050513676033,RU,1e-07,M,association,0,2000
SS,S,E,SS7,SS7-134,1346.0603015075376,s,90.78180652278846,RU,1e-07,M,association,0,2000
SS,S,E,SS7,SS7-135,1356.1055276381908,s,90.91253168681972,RU,1e-07,M,association,0,2000
SS,S,E,SS7,SS7-136,1366.1507537688442,s,90.99474909919553,RU,1e-07,M,association,0,2000
SS,S,E,SS7,SS7-137,1376.1959798994974,s,90.96792848300213,RU,1e-07,M,association,0,2000
SS,S,E,SS7,SS7-138,1386.2412060301506,s,91.0237328737405,RU,1e-07,M,association,0,2000
SS,S,E,SS7,SS7-139,1396.286432160804,s,90.86815358082224,RU,1e-07,M,association,0,2000
SS,S,E,SS7,SS7-140,1406.3316582914572,s,90.87084410152816,RU,1e-07,M,association,0,2000
SS,S,E,SS7,SS7-141,1416.3768844221104,s,90.93227403398761,RU,1e-07,M,association,0,2000
SS,S,E,SS7,SS7-142,1426.4221105527638,s,90.84535935778706,RU,1e-07,M,association,0,2000
SS,S,E,SS7,SS7-143,1436.467336683417,s,90.96224424371299,RU,1e-07,M,association,0,2000
SS,S,E,SS7,SS7-144,1446.5125628140702,s,90.83970165366536,RU,1e-07,M,association,0,2000
SS,S,E,SS7,SS7-145,1456.5577889447236,s,90.92237374482671,RU,1e-07,M,association,0,2000
SS,S,E,SS7,SS7-146,1466.6030150753768,s,90.79897181686978,RU,1e-07,M,association,0,2000
SS,S,E,SS7,SS7-147,1476.64824120603,s,90.90550971276916,RU,1e-07,M,association,0,2000
SS,S,E,SS7,SS7-148,1486.6934673366834,s,90.96655720750537,RU,1e-07,M,association,0,2000
SS,S,E,SS7,SS7-149,1496.7386934673366,s,90.85289618463612,RU,1e-07,M,association,0,2000
SS,S,E,SS7,SS7-150,1506.7839195979898,s,90.93252630079586,RU,1e-07,M,association,0,2000
SS,S,E,SS7,SS7-151,1516.8291457286432,s,90.8287561368601,RU,1e-07,M,association,0,2000
SS,S,E,SS7,SS7-152,1526.8743718592964,s,90.90807172353277,RU,1e-07,M,association,0,2000
SS,S,E,SS7,SS7-153,1536.9195979899496,s,90.90111739422542,RU,1e-07,M,association,0,2000
SS,S,E,SS7,SS7-154,1546.964824120603,s,90.83842110201437,RU,1e-07,M,association,0,2000
SS,S,E,SS7,SS7-155,1557.0100502512562,s,90.96809488487376,RU,1e-07,M,association,0,2000
SS,S,E,SS7,SS7-156,1567.0552763819094,s,90.92027919388795,RU,1e-07,M,association,0,2000
SS,S,E,SS7,SS7-157,1577.1005025125628,s,90.83426678895123,RU,1e-07,M,association,0,2000
SS,S,E,SS7,SS7-158,1587.145728643216,s,90.8572789797409,RU,1e-07,M,association,0,2000
SS,S,E,SS7,SS7-159,1597.1909547738692,s,90.85288342564434,RU,1e-07,M,association,0,2000
SS,S,E,SS7,SS7-160,1607.2361809045224,s,90.90155746628447,RU,1e-07,M,association,0,2000
SS,S,E,SS7,SS7-161,1617.2814070351758,s,90.91947786303459,RU,1e-07,M,association,0,2000
SS,S,E,SS7,SS7-162,1627.326633165829,s,90.94978739323757,RU,1e-07,M,association,0,2000
SS,S,E,SS7,SS7-163,1637.3718592964822,s,90.87746479143573,RU,1e-07,M,association,0,2000
SS,S,E,SS7,SS7-164,1647.4170854271356,s,90.78927332102073,RU,1e-07,M,association,0,2000
SS,S,E,SS7,SS7-165,1657.4623115577888,s,90.84930042659802,RU,1e-07,M,association,0,2000
SS,S,E,SS7,SS7-166,1667.507537688442,s,90.84021368085625,RU,1e-07,M,association,0,2000
SS,S,E,SS7,SS7-167,1677.5527638190954,s,90.78355386816894,RU,1e-07,M,association,0,2000
SS,S,E,SS7,SS7-168,1687.5979899497486,s,90.91078639264182,RU,1e-07,M,association,0,2000
SS,S,E,SS7,SS7-169,1697.6432160804018,s,90.91290916069775,RU,1e-07,M,association,0,2000
SS,S,E,SS7,SS7-170,1707.6884422110552,s,90.92782839114028,RU,1e-07,M,association,0,2000
SS,S,E,SS7,SS7-171,1717.7336683417084,s,91.0202272182988,RU,1e-07,M,association,0,2000
SS,S,E,SS7,SS7-172,1727.7788944723616,s,90.76206987909157,RU,1e-07,M,association,0,2000
SS,S,E,SS7,SS7-173,1737.824120603015,s,90.82459800920071,RU,1e-07,M,association,0,2000
SS,S,E,SS7,SS7-174,1747.8693467336682,s,91.00508346218459,RU,1e-07,M,association,0,2000
SS,S,E,SS7,SS7-175,1757.9145728643214,s,90.83033503519154,RU,1e-07,M,association,0,2000
SS,S,E,SS7,SS7-176,1767.9597989949748,s,90.94066180624446,RU,1e-07,M,association,0,2000
SS,S,E,SS7,SS7-177,1778.005025125628,s,91.02057391694746,RU,1e-07,M,association,0,2000
SS,S,E,SS7,SS7-178,1788.0502512562812,s,90.93412583353782,RU,1e-07,M,association,0,2000
SS,S,E,SS7,SS7-179,1798.0954773869346,s,90.88983643897693,RU,1e-07,M,association,0,2000
SS,S,E,SS7,SS7-180,1808.1407035175878,s,90.89744301945566,RU,1e-07,M,association,0,2000
SS,S,E,SS7,SS7-181,1818.185929648241,s,90.9047201612481,RU,1e-07,M,association,0,2000
SS,S,E,SS7,SS7-182,1828.2311557788944,s,90.89527690593924,RU,1e-07,M,association,0,2000
SS,S,E,SS7,SS7-183,1838.2763819095476,s,90.84344342023996,RU,1e-07,M,association,0,2000
SS,S,E,SS7,SS7-184,1848.3216080402008,s,90.90992099664827,RU,1e-07,M,association,0,2000
SS,S,E,SS7,SS7-185,1858.3668341708542,s,90.82267635330636,RU,1e-07,M,association,0,2000
SS,S,E,SS7,SS7-186,1868.4120603015074,s,90.84182645847616,RU,1e-07,M,association,0,2000
SS,S,E,SS7,SS7-187,1878.4572864321606,s,90.98176382706545,RU,1e-07,M,association,0,2000
SS,S,E,SS7,SS7-188,1888.502512562814,s,90.87430691940708,RU,1e-07,M,association,0,2000
SS,S,E,SS7,SS7-189,1898.5477386934672,s,90.90929503101262,RU,1e-07,M,association,0,2000
SS,S,E,SS7,SS7-190,1908.5929648241204,s,90.94460829994387,RU,1e-07,M,association,0,2000
SS,S,E,SS7,SS7-191,1918.6381909547738,s,90.91805628684844,RU,1e-07,M,association,0,2000
SS,S,E,SS7,SS7-192,1928.683417085427,s,91.00919238915368,RU,1e-07,M,association,0,2000
SS,S,E,SS7,SS7-193,1938.7286432160802,s,90.9264127873117,RU,1e-07,M,association,0,2000
SS,S,E,SS7,SS7-194,1948.7738693467336,s,90.84238663620467,RU,1e-07,M,association,0,2000
SS,S,E,SS7,SS7-195,1958.8190954773868,s,90.8557246451759,RU,1e-07,M,association,0,2000
SS,S,E,SS7,SS7-196,1968.86432160804,s,90.98176962553237,RU,1e-07,M,association,0,2000
SS,S,E,SS7,SS7-197,1978.9095477386934,s,90.97315582532202,RU,1e-07,M,association,0,2000
SS,S,E,SS7,SS7-198,1988.9547738693466,s,90.87306290196734,RU,1e-07,M,association,0,2000
SS,S,E,SS7,SS7-199,1999.0,s,90.89428968407402,RU,1e-07,M,association,0,2000
SS,S,E,SS7,SS7-200,2000.0,s,91.00808925935863,RU,1e-07,M,dissociation,0,2000
SS,S,E,SS7,SS7-201,2004.040404040404,s,87.21699906842565,RU,1e-07,M,dissociation,0,2000
SS,S,E,SS7,SS7-202,2008.080808080808,s,83.811903776062,RU,1e-07,M,dissociation,0,2000
SS,S,E,SS7,SS7-203,2012.121212121212,s,80.54734774972341,RU,1e-07,M,dissociation,0,2000
SS,S,E,SS7,SS7-204,2016.1616161616162,s,77.32554833444016,RU,1e-07,M,dissociation,0,2000
SS,S,E,SS7,SS7-205,2020.20202020202,s,74.23412504986003,RU,1e-07,M,dissociation,0,2000
SS,S,E,SS7,SS7-206,2024.2424242424242,s,71.34744908984271,RU,1e-07,M,dissociation,0,2000
SS,S,E,SS7,SS7-207,2028.2828282828282,s,68.49841486294052,RU,1e-07,M,dissociation,0,2000
SS,S,E,SS7,SS7-208,2032.3232323232323,s,65.84006426867187,RU,1e-07,M,dissociation,0,2000
SS,S,E,SS7,SS7-209,2036.3636363636363,s,63.31187139470489,RU,1e-07,M,dissociation,0,2000
SS,S,E,SS7,SS7-210,2040.4040404040404,s,60.62941769417371,RU,1e-07,M,dissociation,0,2000
SS,S,E,SS7,SS7-211,2044.4444444444443,s,58.191672459961886,RU,1e-07,M,dissociation,0,2000
SS,S,E,SS7,SS7-212,2048.4848484848485,s,55.95738371273315,RU,1e-07,M,dissociation,0,2000
SS,S,E,SS7,SS7-213,2052.5252525252527,s,53.68294064507694,RU,1e-07,M,dissociation,0,2000
SS,S,E,SS7,SS7-214,2056.5656565656564,s,51.76759830715887,RU,1e-07,M,dissociation,0,2000
SS,S,E,SS7,SS7-215,2060.6060606060605,s,49.737369683545246,RU,1e-07,M,dissociation,0,2000
SS,S,E,SS7,SS7-216,2064.6464646464647,s,47.70774761241373,RU,1e-07,M,dissociation,0,2000
SS,S,E,SS7,SS7-217,2068.686868686869,s,45.79781890382579,RU,1e-07,M,dissociation,0,2000
SS,S,E,SS7,SS7-218,2072.7272727272725,s,44.02823936926816,RU,1e-07,M,dissociation,0,2000
SS,S,E,SS7,SS7-219,2076.7676767676767,s,42.07927387791603,RU,1e-07,M,dissociation,0,2000
SS,S,E,SS7,SS7-220,2080.808080808081,s,40.518337725552804,RU,1e-07,M,dissociation,0,2000
SS,S,E,SS7,SS7-221,2084.848484848485,s,38.81371954843662,RU,1e-07,M,dissociation,0,2000
SS,S,E,SS7,SS7-222,2088.8888888888887,s,37.34065558669545,RU,1e-07,M,dissociation,0,2000
SS,S,E,SS7,SS7-223,2092.929292929293,s,35.89429094466199,RU,1e-07,M,dissociation,0,2000
SS,S,E,SS7,SS7-224,2096.969696969697,s,34.50929636216988,RU,1e-07,M,dissociation,0,2000
SS,S,E,SS7,SS7-225,2101.010101010101,s,33.14428984459546,RU,1e-07,M,dissociation,0,2000
SS,S,E,SS7,SS7-226,2105.050505050505,s,31.89639961417858,RU,1e-07,M,dissociation,0,2000
SS,S,E,SS7,SS7-227,2109.090909090909,s,30.445006838948768,RU,1e-07,M,dissociation,0,2000
SS,S,E,SS7,SS7-228,2113.131313131313,s,29.37476431141469,RU,1e-07,M,dissociation,0,2000
SS,S,E,SS7,SS7-229,2117.1717171717173,s,28.161486031847524,RU,1e-07,M,dissociation,0,2000
SS,S,E,SS7,SS7-230,2121.212121212121,s,27.12012080414756,RU,1e-07,M,dissociation,0,2000
SS,S,E,SS7,SS7-231,2125.252525252525,s,25.961643340928152,RU,1e-07,M,dissociation,0,2000
SS,S,E,SS7,SS7-232,2129.2929292929293,s,24.9202407005594,RU,1e-07,M,dissociation,0,2000
SS,S,E,SS7,SS7-233,2133.3333333333335,s,24.041863920968385,RU,1e-07,M,dissociation,0,2000
SS,S,E,SS7,SS7-234,2137.373737373737,s,23.113374753271295,RU,1e-07,M,dissociation,0,2000
SS,S,E,SS7,SS7-235,2141.4141414141413,s,22.06923868506186,RU,1e-07,M,dissociation,0,2000
SS,S,E,SS7,SS7-236,2145.4545454545455,s,21.244453673037594,RU,1e-07,M,dissociation,0,2000
SS,S,E,SS7,SS7-237,2149.4949494949497,s,20.480537242116522,RU,1e-07,M,dissociation,0,2000
SS,S,E,SS7,SS7-238,2153.5353535353534,s,19.572680792581366,RU,1e-07,M,dissociation,0,2000
SS,S,E,SS7,SS7-239,2157.5757575757575,s,18.765636135276,RU,1e-07,M,dissociation,0,2000
SS,S,E,SS7,SS7-240,2161.6161616161617,s,17.95357577083094,RU,1e-07,M,dissociation,0,2000
SS,S,E,SS7,SS7-241,2165.656565656566,s,17.444139506777034,RU,1e-07,M,dissociation,0,2000
SS,S,E,SS7,SS7-242,2169.6969696969695,s,16.760723335410667,RU,1e-07,M,dissociation,0,2000
SS,S,E,SS7,SS7-243,2173.7373737373737,s,16.04961424254999,RU,1e-07,M,dissociation,0,2000
SS,S,E,SS7,SS7-244,2177.777777777778,s,15.261627587843146,RU,1e-07,M,dissociation,0,2000
SS,S,E,SS7,SS7-245,2181.818181818182,s,14.755849503941718,RU,1e-07,M,dissociation,0,2000
SS,S,E,SS7,SS7-246,2185.8585858585857,s,14.156226080710383,RU,1e-07,M,dissociation,0,2000
SS,S,E,SS7,SS7-247,2189.89898989899,s,13.496434129169621,RU,1e-07,M,dissociation,0,2000
SS,S,E,SS7,SS7-248,2193.939393939394,s,13.028495993773287,RU,1e-07,M,dissociation,0,2000
SS,S,E,SS7,SS7-249,2197.979797979798,s,12.508433199505644,RU,1e-07,M,dissociation,0,2000
SS,S,E,SS7,SS7-250,2202.020202020202,s,12.21324149432849,RU,1e-07,M,dissociation,0,2000
SS,S,E,SS7,SS7-251,2206.060606060606,s,11.533827875938522,RU,1e-07,M,dissociation,0,2000
SS,S,E,SS7,SS7-252,2210.10101010101,s,10.97257490223968,RU,1e-07,M,dissociation,0,2000
SS,S,E,SS7,SS7-253,2214.1414141414143,s,10.7801787040855,RU,1e-07,M,dissociation,0,2000
SS,S,E,SS7,SS7-254,2218.181818181818,s,10.204008456982404,RU,1e-07,M,dissociation,0,2000
SS,S,E,SS7,SS7-255,2222.222222222222,s,10.10729964203805,RU,1e-07,M,dissociation,0,2000
SS,S,E,SS7,SS7-256,2226.2626262626263,s,9.465698713817108,RU,1e-07,M,dissociation,0,2000
SS,S,E,SS7,SS7-257,2230.3030303030305,s,9.037772063269967,RU,1e-07,M,dissociation,0,2000
SS,S,E,SS7,SS7-258,2234.343434343434,s,8.717997355876024,RU,1e-07,M,dissociation,0,2000
SS,S,E,SS7,SS7-259,2238.3838383838383,s,8.44792379835642,RU,1e-07,M,dissociation,0,2000
SS,S,E,SS7,SS7-260,2242.4242424242425,s,7.970797282371637,RU,1e-07,M,dissociation,0,2000
SS,S,E,SS7,SS7-261,2246.4646464646466,s,7.746849308536216,RU,1e-07,M,dissociation,0,2000
SS,S,E,SS7,SS7-262,2250.5050505050503,s,7.469175686675365,RU,1e-07,M,dissociation,0,2000
SS,S,E,SS7,SS7-263,2254.5454545454545,s,7.095424985137191,RU,1e-07,M,dissociation,0,2000
SS,S,E,SS7,SS7-264,2258.5858585858587,s,6.788011576144333,RU,1e-07,M,dissociation,0,2000
SS,S,E,SS7,SS7-265,2262.626262626263,s,6.44870548301606,RU,1e-07,M,dissociation,0,2000
SS,S,E,SS7,SS7-266,2266.6666666666665,s,6.151634383165885,RU,1e-07,M,dissociation,0,2000
SS,S,E,SS7,SS7-267,2270.7070707070707,s,6.002021504232556,RU,1e-07,M,dissociation,0,2000
SS,S,E,SS7,SS7-268,2274.747474747475,s,5.892542333274536,RU,1e-07,M,dissociation,0,2000
SS,S,E,SS7,SS7-269,2278.787878787879,s,5.627719532810236,RU,1e-07,M,dissociation,0,2000
SS,S,E,SS7,SS7-270,2282.8282828282827,s,5.297019226006551,RU,1e-07,M,dissociation,0,2000
SS,S,E,SS7,SS7-271,2286.868686868687,s,5.196396910542997,RU,1e-07,M,dissociation,0,2000
SS,S,E,SS7,SS7-272,2290.909090909091,s,4.927428284192925,RU,1e-07,M,dissociation,0,2000
SS,S,E,SS7,SS7-273,2294.949494949495,s,4.704329017795371,RU,1e-07,M,dissociation,0,2000
SS,S,E,SS7,SS7-274,2298.989898989899,s,4.527169509994479,RU,1e-07,M,dissociation,0,2000
SS,S,E,SS7,SS7-275,2303.030303030303,s,4.412254736169922,RU,1e-07,M,dissociation,0,2000
SS,S,E,SS7,SS7-276,2307.070707070707,s,4.116917754801324,RU,1e-07,M,dissociation,0,2000
SS,S,E,SS7,SS7-277,2311.1111111111113,s,3.951247122835062,RU,1e-07,M,dissociation,0,2000
SS,S,E,SS7,SS7-278,2315.151515151515,s,4.00815999761034,RU,1e-07,M,dissociation,0,2000
SS,S,E,SS7,SS7-279,2319.191919191919,s,3.6300894493361238,RU,1e-07,M,dissociation,0,2000
SS,S,E,SS7,SS7-280,2323.2323232323233,s,3.572849120755553,RU,1e-07,M,dissociation,0,2000
SS,S,E,SS7,SS7-281,2327.2727272727275,s,3.361909556204523,RU,1e-07,M,dissociation,0,2000
SS,S,E,SS7,SS7-282,2331.313131313131,s,3.1595857011940955,RU,1e-07,M,dissociation,0,2000
SS,S,E,SS7,SS7-283,2335.3535353535353,s,3.2261223265999144,RU,1e-07,M,dissociation,0,2000
SS,S,E,SS7,SS7-284,2339.3939393939395,s,3.1123435063997693,RU,1e-07,M,dissociation,0,2000
SS,S,E,SS7,SS7-285,2343.4343434343436,s,3.0774116446827,RU,1e-07,M,dissociation,0,2000
SS,S,E,SS7,SS7-286,2347.4747474747473,s,2.7789457647943583,RU,1e-07,M,dissociation,0,2000
SS,S,E,SS7,SS7-287,2351.5151515151515,s,2.572094550870062,RU,1e-07,M,dissociation,0,2000
SS,S,E,SS7,SS7-288,2355.5555555555557,s,2.560890111429875,RU,1e-07,M,dissociation,0,2000
SS,S,E,SS7,SS7-289,2359.59595959596,s,2.4556207007111954,RU,1e-07,M,dissociation,0,2000
SS,S,E,SS7,SS7-290,2363.6363636363635,s,2.308970257261047,RU,1e-07,M,dissociation,0,2000
SS,S,E,SS7,SS7-291,2367.6767676767677,s,2.4755024713318146,RU,1e-07,M,dissociation,0,2000
SS,S,E,SS7,SS7-292,2371.717171717172,s,2.3344222628097193,RU,1e-07,M,dissociation,0,2000
SS,S,E,SS7,SS7-293,2375.757575757576,s,2.0758400915852877,RU,1e-07,M,dissociation,0,2000
SS,S,E,SS7,SS7-294,2379.7979797979797,s,2.0688745095579386,RU,1e-07,M,dissociation,0,2000
SS,S,E,SS7,SS7-295,2383.838383838384,s,2.0148530759136953,RU,1e-07,M,dissociation,0,2000
SS,S,E,SS7,SS7-296,2387.878787878788,s,1.9867755948917383,RU,1e-07,M,dissociation,0,2000
SS,S,E,SS7,SS7-297,2391.9191919191917,s,1.8221862765587227,RU,1e-07,M,dissociation,0,2000
SS,S,E,SS7,SS7-298,2395.959595959596,s,1.6596790497480378,RU,1e-07,M,dissociation,0,2000
SS,S,E,SS7,SS7-299,2400.0,s,1.6545472010220466,RU,1e-07,M,dissociation,0,2000
