Conc1	1E-06	
Start1	360	
Stop1	1559.8	
Kobs	0.00022198762659549	
Error Kobs	2.5506481892688E-06	
Koff	0	
Error Koff	0	
Time1	Data1	Fit1	
360	0	0	
360.2	-0.00023564	0.00018135	
360.4	-0.0007643	0.00036247	
360.6	-0.00120575	0.00054336	
360.8	-0.00185248	0.00072401	
361	-0.00208124	0.00090445	
361.2	-0.00215392	0.00108465	
361.4	-0.00241433	0.00126462	
361.6	-0.00185993	0.00144437	
361.8	-0.00168073	0.00162389	
362	-0.00153762	0.00180318	
362.2	-0.00086115	0.00198224	
362.4	-0.00082412	0.00216108	
362.6	-0.00000271	0.00233969	
362.8	-0.00027795	0.00251808	
363	-0.00072716	0.00269623	
363.2	-0.00013063	0.00287417	
363.4	0.0003798	0.00305187	
363.6	0.00010657	0.00322936	
363.8	0.00049086	0.00340661	
364	0.00200571	0.00358365	
364.2	0.0032842	0.00376046	
364.4	0.00331951	0.00393704	
364.6	0.00320287	0.0041134	
364.8	0.00381627	0.00428954	
365	0.00407955	0.00446546	
365.2	0.00407658	0.00464115	
365.4	0.00479316	0.00481662	
365.6	0.00515636	0.00499187	
365.8	0.00464217	0.00516689	
366	0.00461764	0.00534169	
366.2	0.00559462	0.00551628	
366.4	0.00512746	0.00569064	
366.6	0.00547381	0.00586478	
366.8	0.00490326	0.0060387	
367	0.00470741	0.0062124	
367.2	0.00531018	0.00638588	
367.4	0.00565	0.00655914	
367.6	0.0054796	0.00673218	
367.8	0.00660105	0.006905	
368	0.00681273	0.0070776	
368.2	0.00730805	0.00724998	
368.4	0.00736408	0.00742215	
368.6	0.00725549	0.0075941	
368.8	0.00773351	0.00776583	
369	0.00750652	0.00793734	
369.2	0.00756114	0.00810863	
369.4	0.00811102	0.00827971	
369.6	0.00717473	0.00845057	
369.8	0.00682975	0.00862122	
370	0.00672032	0.00879165	
370.2	0.00672785	0.00896186	
370.4	0.00593393	0.00913186	
370.6	0.0072505	0.00930164	
370.8	0.00744223	0.0094712	
371	0.00798246	0.00964056	
371.2	0.00825074	0.00980969	
371.4	0.00813579	0.00997862	
371.6	0.00712991	0.01014733	
371.8	0.00745338	0.01031582	
372	0.0084671	0.0104841	
372.2	0.00931948	0.01065217	
372.4	0.00938608	0.01082003	
372.6	0.00937246	0.01098767	
372.8	0.00967967	0.0111551	
373	0.00999479	0.01132232	
373.2	0.00986207	0.01148933	
373.4	0.00991772	0.01165613	
373.6	0.00980975	0.01182271	
373.8	0.01061688	0.01198908	
374	0.01076629	0.01215525	
374.2	0.01148533	0.0123212	
374.4	0.01213564	0.01248694	
374.6	0.0132057	0.01265247	
374.8	0.01378524	0.0128178	
375	0.01435943	0.01298291	
375.2	0.0135754	0.01314781	
375.4	0.01298982	0.01331251	
375.6	0.01279233	0.013477	
375.8	0.01387421	0.01364128	
376	0.0135728	0.01380535	
376.2	0.01253	0.01396921	
376.4	0.01162338	0.01413286	
376.6	0.01169581	0.01429631	
376.8	0.0120187	0.01445955	
377	0.01224667	0.01462258	
377.2	0.01236067	0.01478541	
377.4	0.01280972	0.01494803	
377.6	0.01308813	0.01511045	
377.8	0.01380108	0.01527266	
378	0.01338252	0.01543466	
378.2	0.01354592	0.01559646	
378.4	0.01337176	0.01575805	
378.6	0.01397118	0.01591944	
378.8	0.01476969	0.01608063	
379	0.01520327	0.01624161	
379.2	0.01547667	0.01640239	
379.4	0.01697736	0.01656296	
379.6	0.01760749	0.01672333	
379.8	0.01806708	0.0168835	
380	0.01789925	0.01704346	
380.2	0.01879884	0.01720322	
380.4	0.01893542	0.01736278	
380.6	0.02049281	0.01752214	
380.8	0.02116455	0.01768129	
381	0.02171793	0.01784024	
381.2	0.02099842	0.017999	
381.4	0.02075564	0.01815755	
381.6	0.01955842	0.0183159	
381.8	0.01959476	0.01847405	
382	0.01882635	0.018632	
382.2	0.01881958	0.01878974	
382.4	0.01804818	0.01894729	
382.6	0.01829775	0.01910464	
382.8	0.01879441	0.01926179	
383	0.01840372	0.01941875	
383.2	0.01773653	0.0195755	
383.4	0.01756348	0.01973205	
383.6	0.01796428	0.01988841	
383.8	0.0171427	0.02004457	
384	0.01720621	0.02020053	
384.2	0.01708094	0.02035629	
384.4	0.01732107	0.02051185	
384.6	0.01846743	0.02066722	
384.8	0.01897059	0.02082239	
385	0.01898484	0.02097737	
385.2	0.01896635	0.02113215	
385.4	0.02018702	0.02128673	
385.6	0.0210665	0.02144112	
385.8	0.02251178	0.02159531	
386	0.02319231	0.0217493	
386.2	0.02363741	0.0219031	
386.4	0.02482153	0.02205671	
386.6	0.02563608	0.02221012	
386.8	0.02598768	0.02236334	
387	0.02559937	0.02251636	
387.2	0.02601111	0.02266919	
387.4	0.0257303	0.02282183	
387.6	0.02557471	0.02297427	
387.8	0.024078	0.02312652	
388	0.02376459	0.02327857	
388.2	0.02343855	0.02343044	
388.4	0.02368316	0.02358211	
388.6	0.02336415	0.02373359	
388.8	0.02309503	0.02388488	
389	0.02306063	0.02403597	
389.2	0.02281098	0.02418688	
389.4	0.02275687	0.02433759	
389.6	0.02284123	0.02448811	
389.8	0.02318433	0.02463845	
390	0.0233177	0.02478859	
390.2	0.02397426	0.02493854	
390.4	0.02531749	0.0250883	
390.6	0.02625091	0.02523787	
390.8	0.0267344	0.02538725	
391	0.02768221	0.02553645	
391.2	0.02744235	0.02568545	
391.4	0.02689878	0.02583427	
391.6	0.02699998	0.02598289	
391.8	0.02697028	0.02613133	
392	0.02706853	0.02627958	
392.2	0.027334	0.02642765	
392.4	0.02726482	0.02657552	
392.6	0.0275843	0.02672321	
392.8	0.02738553	0.02687071	
393	0.02718692	0.02701802	
393.2	0.02644729	0.02716515	
393.4	0.0270136	0.02731209	
393.6	0.0265756	0.02745885	
393.8	0.0270367	0.02760542	
394	0.02709409	0.0277518	
394.2	0.02764769	0.027898	
394.4	0.02719856	0.02804401	
394.6	0.02765925	0.02818984	
394.8	0.02634694	0.02833548	
395	0.02667985	0.02848094	
395.2	0.02615097	0.02862622	
395.4	0.02686819	0.02877131	
395.6	0.02732052	0.02891622	
395.8	0.02749306	0.02906094	
396	0.02770284	0.02920548	
396.2	0.02804187	0.02934984	
396.4	0.02895223	0.02949401	
396.6	0.02956883	0.029638	
396.8	0.02996356	0.02978181	
397	0.03005101	0.02992544	
397.2	0.02988271	0.03006888	
397.4	0.03008788	0.03021215	
397.6	0.02994926	0.03035523	
397.8	0.03137477	0.03049813	
398	0.03144098	0.03064085	
398.2	0.03021146	0.03078339	
398.4	0.02981623	0.03092575	
398.6	0.03118484	0.03106792	
398.8	0.03079222	0.03120992	
399	0.03064399	0.03135174	
399.2	0.03043267	0.03149338	
399.4	0.03029569	0.03163484	
399.6	0.03044391	0.03177612	
399.8	0.03001436	0.03191722	
400	0.03045405	0.03205814	
400.2	0.03114633	0.03219889	
400.4	0.03109925	0.03233945	
400.6	0.03074614	0.03247984	
400.8	0.03080118	0.03262005	
401	0.03038785	0.03276008	
401.2	0.03016316	0.03289994	
401.4	0.03118346	0.03303961	
401.6	0.03161413	0.03317911	
401.8	0.03210649	0.03331844	
402	0.03121762	0.03345759	
402.2	0.03054277	0.03359656	
402.4	0.03189451	0.03373535	
402.6	0.03205873	0.03387397	
402.8	0.03098474	0.03401242	
403	0.03053286	0.03415069	
403.2	0.03062015	0.03428878	
403.4	0.03057513	0.0344267	
403.6	0.03106882	0.03456444	
403.8	0.03168188	0.03470201	
404	0.03186774	0.03483941	
404.2	0.03252435	0.03497663	
404.4	0.03279741	0.03511368	
404.6	0.03302966	0.03525055	
404.8	0.03289987	0.03538725	
405	0.0333406	0.03552378	
405.2	0.03332838	0.03566013	
405.4	0.0337831	0.03579631	
405.6	0.03414909	0.03593232	
405.8	0.03372497	0.03606816	
406	0.03243993	0.03620382	
406.2	0.03293339	0.03633932	
406.4	0.03337306	0.03647464	
406.6	0.03279063	0.03660979	
406.8	0.03266703	0.03674477	
407	0.03258392	0.03687958	
407.2	0.03351756	0.03701421	
407.4	0.0344186	0.03714868	
407.6	0.03510359	0.03728298	
407.8	0.03512188	0.0374171	
408	0.03561326	0.03755106	
408.2	0.03639454	0.03768485	
408.4	0.03638741	0.03781846	
408.6	0.03557336	0.03795191	
408.8	0.03591377	0.03808519	
409	0.03645822	0.0382183	
409.2	0.03583756	0.03835124	
409.4	0.03632171	0.03848401	
409.6	0.03632813	0.03861662	
409.8	0.03541915	0.03874906	
410	0.03506409	0.03888133	
410.2	0.03572578	0.03901343	
410.4	0.03583117	0.03914536	
410.6	0.0358418	0.03927713	
410.8	0.03616292	0.03940873	
411	0.0371447	0.03954016	
411.2	0.03812841	0.03967143	
411.4	0.03801751	0.03980253	
411.6	0.03717876	0.03993347	
411.8	0.03717257	0.04006424	
412	0.03763662	0.04019484	
412.2	0.0369	0.04032528	
412.4	0.03672599	0.04045555	
412.6	0.03687633	0.04058566	
412.8	0.03789511	0.0407156	
413	0.03796546	0.04084538	
413.2	0.03762133	0.040975	
413.4	0.0381852	0.04110445	
413.6	0.03796079	0.04123373	
413.8	0.03781546	0.04136285	
414	0.03753846	0.04149181	
414.2	0.03793771	0.04162061	
414.4	0.03801413	0.04174924	
414.6	0.03695566	0.04187771	
414.8	0.03667429	0.04200602	
415	0.03654891	0.04213416	
415.2	0.03675633	0.04226214	
415.4	0.03666299	0.04238996	
415.6	0.03714415	0.04251762	
415.8	0.03794038	0.04264512	
416	0.03795077	0.04277245	
416.2	0.03727035	0.04289962	
416.4	0.03768938	0.04302664	
416.6	0.03831646	0.04315349	
416.8	0.03881731	0.04328018	
417	0.03942193	0.04340671	
417.2	0.03956168	0.04353308	
417.4	0.04039733	0.04365929	
417.6	0.04003471	0.04378534	
417.8	0.03981797	0.04391123	
418	0.03936997	0.04403696	
418.2	0.03946007	0.04416253	
418.4	0.03881108	0.04428795	
418.6	0.03801864	0.0444132	
418.8	0.03802246	0.04453829	
419	0.03842489	0.04466323	
419.2	0.03963004	0.04478801	
419.4	0.03939707	0.04491263	
419.6	0.03990494	0.04503709	
419.8	0.03964871	0.0451614	
420	0.03989858	0.04528555	
420.2	0.03955374	0.04540954	
420.4	0.04066123	0.04553337	
420.6	0.04091801	0.04565705	
420.8	0.04104105	0.04578057	
421	0.04096197	0.04590393	
421.2	0.04128799	0.04602714	
421.4	0.04124106	0.04615019	
421.6	0.04004072	0.04627308	
421.8	0.0402808	0.04639582	
422	0.03961692	0.04651841	
422.2	0.03981037	0.04664084	
422.4	0.0398256	0.04676311	
422.6	0.03958919	0.04688523	
422.8	0.04020751	0.04700719	
423	0.03981636	0.047129	
423.2	0.03994308	0.04725066	
423.4	0.0392915	0.04737216	
423.6	0.04067067	0.04749351	
423.8	0.04172347	0.0476147	
424	0.04239663	0.04773574	
424.2	0.04277718	0.04785663	
424.4	0.04315435	0.04797736	
424.6	0.04197139	0.04809794	
424.8	0.04205889	0.04821837	
425	0.04285524	0.04833865	
425.2	0.04354383	0.04845877	
425.4	0.0433081	0.04857874	
425.6	0.04289605	0.04869856	
425.8	0.04410259	0.04881823	
426	0.0432513	0.04893774	
426.2	0.04380581	0.04905711	
426.4	0.04446274	0.04917632	
426.6	0.04413369	0.04929539	
426.8	0.04384832	0.0494143	
427	0.0431727	0.04953306	
427.2	0.04366224	0.04965167	
427.4	0.04365825	0.04977013	
427.6	0.04457508	0.04988844	
427.8	0.04488874	0.0500066	
428	0.04423538	0.05012461	
428.2	0.04408412	0.05024247	
428.4	0.04372615	0.05036018	
428.6	0.04418558	0.05047775	
428.8	0.04466451	0.05059516	
429	0.0456348	0.05071243	
429.2	0.04639448	0.05082954	
429.4	0.04709291	0.05094651	
429.6	0.04715678	0.05106333	
429.8	0.04751466	0.05118	
430	0.047084	0.05129653	
430.2	0.04792789	0.05141291	
430.4	0.04736268	0.05152914	
430.6	0.0470085	0.05164522	
430.8	0.04670135	0.05176115	
431	0.04709932	0.05187694	
431.2	0.04637975	0.05199258	
431.4	0.04657839	0.05210808	
431.6	0.0472127	0.05222343	
431.8	0.04771132	0.05233863	
432	0.04773224	0.05245369	
432.2	0.04801817	0.0525686	
432.4	0.04911977	0.05268337	
432.6	0.05008591	0.05279799	
432.8	0.04970162	0.05291246	
433	0.05094957	0.05302679	
433.2	0.05132715	0.05314098	
433.4	0.05089751	0.05325502	
433.6	0.05076423	0.05336891	
433.8	0.05066454	0.05348267	
434	0.05116593	0.05359627	
434.2	0.05005304	0.05370974	
434.4	0.049064	0.05382306	
434.6	0.0495717	0.05393624	
434.8	0.04868975	0.05404927	
435	0.04836338	0.05416216	
435.2	0.0482224	0.05427491	
435.4	0.04921466	0.05438751	
435.6	0.04958535	0.05449997	
435.8	0.04973331	0.05461229	
436	0.05020322	0.05472447	
436.2	0.05058862	0.05483651	
436.4	0.05191728	0.0549484	
436.6	0.05208714	0.05506015	
436.8	0.0518542	0.05517176	
437	0.05266784	0.05528323	
437.2	0.05272056	0.05539456	
437.4	0.05270594	0.05550575	
437.6	0.05285167	0.05561679	
437.8	0.05356592	0.0557277	
438	0.05345234	0.05583846	
438.2	0.05229228	0.05594908	
438.4	0.0524255	0.05605957	
438.6	0.05204389	0.05616991	
438.8	0.05171008	0.05628012	
439	0.05180136	0.05639018	
439.2	0.05195355	0.05650011	
439.4	0.05257677	0.05660989	
439.6	0.05272834	0.05671954	
439.8	0.05252134	0.05682905	
440	0.05268213	0.05693842	
440.2	0.05237599	0.05704765	
440.4	0.05314968	0.05715674	
440.6	0.05279498	0.0572657	
440.8	0.05275755	0.05737451	
441	0.05264781	0.05748319	
441.2	0.05264649	0.05759173	
441.4	0.05216263	0.05770014	
441.6	0.05278401	0.0578084	
441.8	0.05358822	0.05791653	
442	0.05318134	0.05802453	
442.2	0.05346856	0.05813238	
442.4	0.05365429	0.0582401	
442.6	0.05418882	0.05834768	
442.8	0.05536329	0.05845513	
443	0.05549359	0.05856244	
443.2	0.05573707	0.05866961	
443.4	0.05602765	0.05877665	
443.6	0.0559542	0.05888356	
443.8	0.0553265	0.05899032	
444	0.05537659	0.05909695	
444.2	0.05503162	0.05920345	
444.4	0.0556376	0.05930981	
444.6	0.05551549	0.05941604	
444.8	0.05593897	0.05952213	
445	0.05587653	0.05962809	
445.2	0.05648253	0.05973392	
445.4	0.05660794	0.05983961	
445.6	0.05835069	0.05994517	
445.8	0.05876618	0.06005059	
446	0.05947214	0.06015588	
446.2	0.05994596	0.06026103	
446.4	0.05987112	0.06036606	
446.6	0.05997153	0.06047095	
446.8	0.05970316	0.0605757	
447	0.05948475	0.06068033	
447.2	0.05895007	0.06078482	
447.4	0.05886893	0.06088918	
447.6	0.05884336	0.06099341	
447.8	0.05801394	0.0610975	
448	0.05722351	0.06120146	
448.2	0.05660473	0.0613053	
448.4	0.05615222	0.061409	
448.6	0.05610078	0.06151256	
448.8	0.05605556	0.061616	
449	0.05506264	0.06171931	
449.2	0.05515734	0.06182248	
449.4	0.05525539	0.06192553	
449.6	0.05588435	0.06202844	
449.8	0.05582664	0.06213123	
450	0.05614477	0.06223388	
450.2	0.05594034	0.06233641	
450.4	0.05670955	0.0624388	
450.6	0.05707038	0.06254107	
450.8	0.05789583	0.0626432	
451	0.05908285	0.06274521	
451.2	0.0586115	0.06284708	
451.4	0.05974068	0.06294883	
451.6	0.05961705	0.06305045	
451.8	0.0599099	0.06315194	
452	0.0598319	0.0632533	
452.2	0.05989591	0.06335453	
452.4	0.05938189	0.06345564	
452.6	0.05914581	0.06355661	
452.8	0.0592514	0.06365746	
453	0.0578077	0.06375818	
453.2	0.05832546	0.06385878	
453.4	0.05800212	0.06395924	
453.6	0.05878559	0.06405958	
453.8	0.05943182	0.06415979	
454	0.05965076	0.06425988	
454.2	0.05988443	0.06435984	
454.4	0.06008828	0.06445967	
454.6	0.05954938	0.06455937	
454.8	0.0595121	0.06465895	
455	0.05969989	0.0647584	
455.2	0.05931165	0.06485773	
455.4	0.06025546	0.06495693	
455.6	0.06028101	0.065056	
455.8	0.06028156	0.06515495	
456	0.05938499	0.06525378	
456.2	0.0592245	0.06535248	
456.4	0.05926005	0.06545105	
456.6	0.05859697	0.0655495	
456.8	0.05852393	0.06564783	
457	0.05735462	0.06574603	
457.2	0.0587964	0.0658441	
457.4	0.05919259	0.06594205	
457.6	0.060735	0.06603988	
457.8	0.06088291	0.06613758	
458	0.06114211	0.06623516	
458.2	0.06198358	0.06633262	
458.4	0.06212149	0.06642995	
458.6	0.06341772	0.06652716	
458.8	0.06443295	0.06662425	
459	0.06610082	0.06672121	
459.2	0.06575792	0.06681805	
459.4	0.06615945	0.06691477	
459.6	0.06616911	0.06701136	
459.8	0.06632858	0.06710784	
460	0.06596929	0.06720419	
460.2	0.06586449	0.06730042	
460.4	0.06565998	0.06739652	
460.6	0.065222	0.06749251	
460.8	0.06473215	0.06758837	
461	0.06402384	0.06768411	
461.2	0.06517541	0.06777974	
461.4	0.06491565	0.06787524	
461.6	0.0659511	0.06797061	
461.8	0.06621376	0.06806587	
462	0.06681733	0.06816101	
462.2	0.06763774	0.06825603	
462.4	0.06755096	0.06835092	
462.6	0.06829357	0.0684457	
462.8	0.06878298	0.06854036	
463	0.06917166	0.06863489	
463.2	0.06785322	0.06872931	
463.4	0.06772489	0.06882361	
463.6	0.06659304	0.06891778	
463.8	0.06587811	0.06901184	
464	0.06448236	0.06910578	
464.2	0.0633604	0.0691996	
464.4	0.06287251	0.0692933	
464.6	0.06206084	0.06938689	
464.8	0.0607522	0.06948035	
465	0.06085324	0.0695737	
465.2	0.06189618	0.06966692	
465.4	0.06129325	0.06976003	
465.6	0.06181578	0.06985302	
465.8	0.06187047	0.0699459	
466	0.0621056	0.07003865	
466.2	0.06242581	0.07013129	
466.4	0.06238768	0.07022381	
466.6	0.06271879	0.07031622	
466.8	0.06355794	0.07040851	
467	0.06376391	0.07050068	
467.2	0.06376447	0.07059273	
467.4	0.0642655	0.07068467	
467.6	0.06496327	0.07077649	
467.8	0.06546472	0.07086819	
468	0.06623731	0.07095978	
468.2	0.06709156	0.07105125	
468.4	0.06763115	0.07114261	
468.6	0.06749021	0.07123385	
468.8	0.067504	0.07132497	
469	0.06809466	0.07141598	
469.2	0.06810402	0.07150688	
469.4	0.06729682	0.07159766	
469.6	0.06753387	0.07168832	
469.8	0.06757634	0.07177887	
470	0.06798867	0.0718693	
470.2	0.06809524	0.07195962	
470.4	0.06770069	0.07204983	
470.6	0.06745328	0.07213992	
470.8	0.06711221	0.0722299	
471	0.06752857	0.07231976	
471.2	0.06805195	0.07240951	
471.4	0.06941634	0.07249915	
471.6	0.06971828	0.07258867	
471.8	0.06936357	0.07267808	
472	0.06903209	0.07276737	
472.2	0.06853329	0.07285656	
472.4	0.06748708	0.07294563	
472.6	0.06660164	0.07303458	
472.8	0.06598887	0.07312343	
473	0.06587965	0.07321216	
473.2	0.06533871	0.07330078	
473.4	0.06480418	0.07338928	
473.6	0.06563807	0.07347768	
473.8	0.06571816	0.07356596	
474	0.0661847	0.07365413	
474.2	0.06611019	0.07374219	
474.4	0.06624304	0.07383014	
474.6	0.06602195	0.07391798	
474.8	0.06702384	0.0740057	
475	0.0692433	0.07409332	
475.2	0.06984182	0.07418082	
475.4	0.07092317	0.07426821	
475.6	0.07016856	0.07435549	
475.8	0.07043558	0.07444266	
476	0.07090143	0.07452972	
476.2	0.07144275	0.07461668	
476.4	0.07145726	0.07470352	
476.6	0.07129944	0.07479025	
476.8	0.07081131	0.07487687	
477	0.06993202	0.07496338	
477.2	0.07054891	0.07504978	
477.4	0.07029652	0.07513607	
477.6	0.07052949	0.07522225	
477.8	0.07010711	0.07530833	
478	0.07064086	0.07539429	
478.2	0.07104522	0.07548015	
478.4	0.07271075	0.07556589	
478.6	0.07312649	0.07565153	
478.8	0.07425026	0.07573706	
479	0.07507911	0.07582248	
479.2	0.0748586	0.07590779	
479.4	0.07507741	0.075993	
479.6	0.07503002	0.0760781	
479.8	0.07551923	0.07616308	
480	0.07495447	0.07624797	
480.2	0.07394616	0.07633274	
480.4	0.07251866	0.07641741	
480.6	0.07140119	0.07650197	
480.8	0.07004888	0.07658642	
481	0.0684312	0.07667076	
481.2	0.06948372	0.076755	
481.4	0.06871753	0.07683914	
481.6	0.06865618	0.07692316	
481.8	0.06932827	0.07700708	
482	0.06988604	0.07709089	
482.2	0.07030341	0.0771746	
482.4	0.0714274	0.0772582	
482.6	0.07148259	0.07734169	
482.8	0.07244529	0.07742508	
483	0.07341207	0.07750837	
483.2	0.07369816	0.07759154	
483.4	0.07397813	0.07767462	
483.6	0.07395287	0.07775758	
483.8	0.07334257	0.07784045	
484	0.07337176	0.0779232	
484.2	0.07270731	0.07800585	
484.4	0.0730668	0.0780884	
484.6	0.07365504	0.07817085	
484.8	0.07432922	0.07825318	
485	0.07433257	0.07833542	
485.2	0.07486285	0.07841755	
485.4	0.07391705	0.07849957	
485.6	0.07406775	0.0785815	
485.8	0.07398942	0.07866332	
486	0.0742593	0.07874503	
486.2	0.07429826	0.07882664	
486.4	0.07546699	0.07890815	
486.6	0.07552972	0.07898955	
486.8	0.07596029	0.07907086	
487	0.07555063	0.07915206	
487.2	0.07583317	0.07923315	
487.4	0.07657492	0.07931414	
487.6	0.07609539	0.07939503	
487.8	0.07623229	0.07947582	
488	0.07612295	0.07955651	
488.2	0.07598594	0.07963709	
488.4	0.07677921	0.07971757	
488.6	0.07699059	0.07979795	
488.8	0.07621351	0.07987823	
489	0.07545584	0.07995841	
489.2	0.07479572	0.08003848	
489.4	0.0754884	0.08011846	
489.6	0.07550766	0.08019833	
489.8	0.07498546	0.0802781	
490	0.07470997	0.08035777	
490.2	0.07332211	0.08043734	
490.4	0.07311784	0.0805168	
490.6	0.07281379	0.08059617	
490.8	0.07315166	0.08067544	
491	0.07272094	0.0807546	
491.2	0.07284933	0.08083367	
491.4	0.07293422	0.08091264	
491.6	0.07255408	0.0809915	
491.8	0.07286911	0.08107027	
492	0.07329089	0.08114894	
492.2	0.0750309	0.0812275	
492.4	0.07481229	0.08130597	
492.6	0.07487074	0.08138434	
492.8	0.07570382	0.08146261	
493	0.0772082	0.08154077	
493.2	0.07731749	0.08161884	
493.4	0.07812964	0.08169682	
493.6	0.07708355	0.08177469	
493.8	0.0767338	0.08185246	
494	0.07549676	0.08193014	
494.2	0.0744842	0.08200772	
494.4	0.07538868	0.0820852	
494.6	0.07577768	0.08216258	
494.8	0.07560746	0.08223986	
495	0.07565232	0.08231704	
495.2	0.07534223	0.08239413	
495.4	0.07568178	0.08247112	
495.6	0.07582997	0.08254801	
495.8	0.07619832	0.08262481	
496	0.07687845	0.0827015	
496.2	0.07812342	0.0827781	
496.4	0.07719828	0.08285461	
496.6	0.07734104	0.08293101	
496.8	0.07885268	0.08300732	
497	0.07839337	0.08308354	
497.2	0.07787855	0.08315965	
497.4	0.0783467	0.08323567	
497.6	0.07795278	0.0833116	
497.8	0.07790438	0.08338742	
498	0.07766211	0.08346316	
498.2	0.07767202	0.08353879	
498.4	0.07900266	0.08361433	
498.6	0.07850526	0.08368977	
498.8	0.07925392	0.08376512	
499	0.07986698	0.08384038	
499.2	0.07939958	0.08391553	
499.4	0.0794356	0.0839906	
499.6	0.07872656	0.08406556	
499.8	0.07788974	0.08414044	
500	0.07839988	0.08421521	
500.2	0.07844427	0.0842899	
500.4	0.07693204	0.08436449	
500.6	0.07760937	0.08443898	
500.8	0.07781535	0.08451338	
501	0.0769481	0.08458768	
501.2	0.07706687	0.0846619	
501.4	0.07714338	0.08473601	
501.6	0.07675889	0.08481004	
501.8	0.07652318	0.08488397	
502	0.07711133	0.0849578	
502.2	0.0777975	0.08503154	
502.4	0.07916072	0.08510519	
502.6	0.07934012	0.08517875	
502.8	0.08058482	0.08525221	
503	0.08116269	0.08532558	
503.2	0.08143325	0.08539886	
503.4	0.08126943	0.08547204	
503.6	0.08105405	0.08554513	
503.8	0.08066393	0.08561813	
504	0.08185148	0.08569104	
504.2	0.08138144	0.08576385	
504.4	0.08057816	0.08583657	
504.6	0.08090911	0.0859092	
504.8	0.08079864	0.08598174	
505	0.07969576	0.08605419	
505.2	0.07899669	0.08612654	
505.4	0.07852061	0.0861988	
505.6	0.07796483	0.08627097	
505.8	0.0774809	0.08634305	
506	0.07841083	0.08641504	
506.2	0.07896364	0.08648694	
506.4	0.07891419	0.08655874	
506.6	0.07837556	0.08663046	
506.8	0.07763194	0.08670208	
507	0.07801399	0.08677361	
507.2	0.07925724	0.08684506	
507.4	0.07980408	0.08691641	
507.6	0.07992018	0.08698767	
507.8	0.08027739	0.08705884	
508	0.08095054	0.08712992	
508.2	0.08064518	0.08720091	
508.4	0.08104428	0.08727182	
508.6	0.08116724	0.08734263	
508.8	0.08162621	0.08741335	
509	0.08014195	0.08748398	
509.2	0.08012405	0.08755452	
509.4	0.08071032	0.08762498	
509.6	0.08147082	0.08769534	
509.8	0.08154255	0.08776562	
510	0.08339765	0.0878358	
510.2	0.08325072	0.0879059	
510.4	0.08331413	0.08797591	
510.6	0.08261229	0.08804583	
510.8	0.08268898	0.08811566	
511	0.08298432	0.0881854	
511.2	0.08297032	0.08825506	
511.4	0.08247128	0.08832462	
511.6	0.08155474	0.0883941	
511.8	0.08158717	0.08846349	
512	0.08136717	0.08853279	
512.2	0.08160536	0.08860201	
512.4	0.08180305	0.08867114	
512.6	0.08132457	0.08874017	
512.8	0.08172683	0.08880913	
513	0.08177473	0.08887799	
513.2	0.0822763	0.08894677	
513.4	0.08344445	0.08901546	
513.6	0.08398145	0.08908406	
513.8	0.08446986	0.08915258	
514	0.08521369	0.08922101	
514.2	0.08577944	0.08928935	
514.4	0.086008	0.08935761	
514.6	0.08542737	0.08942578	
514.8	0.08578822	0.08949386	
515	0.08451888	0.08956186	
515.2	0.0837929	0.08962977	
515.4	0.08327338	0.08969759	
515.6	0.08290509	0.08976533	
515.8	0.08256763	0.08983298	
516	0.08215328	0.08990055	
516.2	0.08242884	0.08996803	
516.4	0.08255547	0.09003543	
516.6	0.08343259	0.09010274	
516.8	0.08392283	0.09016997	
517	0.08404666	0.09023711	
517.2	0.08401996	0.09030417	
517.4	0.08454267	0.09037114	
517.6	0.08433645	0.09043802	
517.8	0.08434879	0.09050482	
518	0.08426053	0.09057154	
518.2	0.08549675	0.09063817	
518.4	0.08475818	0.09070472	
518.6	0.08628655	0.09077118	
518.8	0.08662497	0.09083756	
519	0.08644067	0.09090386	
519.2	0.08653104	0.09097007	
519.4	0.08694914	0.0910362	
519.6	0.08687929	0.09110224	
519.8	0.08620592	0.0911682	
520	0.08603278	0.09123408	
520.2	0.08620132	0.09129987	
520.4	0.08605979	0.09136558	
520.6	0.08664148	0.09143121	
520.8	0.08621751	0.09149675	
521	0.0862378	0.09156221	
521.2	0.08673793	0.09162759	
521.4	0.08636467	0.09169288	
521.6	0.08657895	0.09175809	
521.8	0.08622269	0.09182322	
522	0.08719495	0.09188827	
522.2	0.08784929	0.09195324	
522.4	0.08801309	0.09201812	
522.6	0.08906386	0.09208292	
522.8	0.08864347	0.09214764	
523	0.08924066	0.09221227	
523.2	0.08838512	0.09227683	
523.4	0.08822788	0.0923413	
523.6	0.08721897	0.09240569	
523.8	0.08651349	0.09247	
524	0.0865851	0.09253423	
524.2	0.08611277	0.09259837	
524.4	0.08611505	0.09266244	
524.6	0.08642722	0.09272642	
524.8	0.08638375	0.09279032	
525	0.08743501	0.09285415	
525.2	0.08793331	0.09291789	
525.4	0.08807305	0.09298155	
525.6	0.08906261	0.09304513	
525.8	0.08921467	0.09310863	
526	0.08981994	0.09317205	
526.2	0.08979667	0.09323538	
526.4	0.08974798	0.09329864	
526.6	0.08947771	0.09336182	
526.8	0.08917751	0.09342492	
527	0.09033359	0.09348794	
527.2	0.08946417	0.09355087	
527.4	0.08990655	0.09361373	
527.6	0.09000667	0.09367651	
527.8	0.08978914	0.09373921	
528	0.08980314	0.09380183	
528.2	0.08846464	0.09386437	
528.4	0.08876276	0.09392683	
528.6	0.08842808	0.09398922	
528.8	0.08791	0.09405152	
529	0.08684476	0.09411375	
529.2	0.08630605	0.09417589	
529.4	0.08589989	0.09423796	
529.6	0.08624081	0.09429995	
529.8	0.0871094	0.09436186	
530	0.08767353	0.09442369	
530.2	0.08863959	0.09448544	
530.4	0.08879853	0.09454712	
530.6	0.08899442	0.09460871	
530.8	0.08950507	0.09467023	
531	0.09098964	0.09473167	
531.2	0.09056716	0.09479304	
531.4	0.09152216	0.09485432	
531.6	0.09162755	0.09491553	
531.8	0.09082173	0.09497666	
532	0.09105977	0.09503771	
532.2	0.09061366	0.09509869	
532.4	0.09146608	0.09515959	
532.6	0.09067343	0.09522041	
532.8	0.08989378	0.09528115	
533	0.0890651	0.09534182	
533.2	0.09000128	0.09540241	
533.4	0.09055104	0.09546292	
533.6	0.09207124	0.09552336	
533.8	0.0926234	0.09558372	
534	0.09304425	0.095644	
534.2	0.09294228	0.09570421	
534.4	0.09234132	0.09576434	
534.6	0.09272211	0.0958244	
534.8	0.09232445	0.09588438	
535	0.0928419	0.09594428	
535.2	0.0923625	0.09600411	
535.4	0.09313075	0.09606386	
535.6	0.09257809	0.09612353	
535.8	0.09214093	0.09618313	
536	0.09317561	0.09624266	
536.2	0.09230144	0.09630211	
536.4	0.09293648	0.09636148	
536.6	0.09279966	0.09642078	
536.8	0.09263402	0.09648	
537	0.09345095	0.09653915	
537.2	0.09412016	0.09659823	
537.4	0.09321091	0.09665723	
537.6	0.09332488	0.09671615	
537.8	0.09270886	0.096775	
538	0.0920907	0.09683378	
538.2	0.0923641	0.09689248	
538.4	0.09265377	0.0969511	
538.6	0.09251055	0.09700965	
538.8	0.09184601	0.09706813	
539	0.09254498	0.09712654	
539.2	0.09216209	0.09718487	
539.4	0.09215511	0.09724312	
539.6	0.09145275	0.0973013	
539.8	0.09125975	0.09735941	
540	0.0911256	0.09741745	
540.2	0.09108569	0.09747541	
540.4	0.09171849	0.0975333	
540.6	0.09168819	0.09759111	
540.8	0.0929427	0.09764885	
541	0.09418372	0.09770652	
541.2	0.09329259	0.09776412	
541.4	0.09296875	0.09782164	
541.6	0.0934818	0.09787909	
541.8	0.09415669	0.09793646	
542	0.09430129	0.09799377	
542.2	0.09503481	0.098051	
542.4	0.09491966	0.09810816	
542.6	0.09462028	0.09816525	
542.8	0.09515821	0.09822226	
543	0.09520263	0.0982792	
543.2	0.09490075	0.09833607	
543.4	0.09520134	0.09839287	
543.6	0.09486677	0.0984496	
543.8	0.09428851	0.09850625	
544	0.09345253	0.09856283	
544.2	0.09375824	0.09861934	
544.4	0.09248915	0.09867578	
544.6	0.09234735	0.09873215	
544.8	0.09335435	0.09878844	
545	0.09265186	0.09884467	
545.2	0.0919207	0.09890082	
545.4	0.0923419	0.09895691	
545.6	0.09222377	0.09901292	
545.8	0.09339812	0.09906886	
546	0.09299134	0.09912473	
546.2	0.09342677	0.09918053	
546.4	0.09474331	0.09923626	
546.6	0.0955676	0.09929191	
546.8	0.09655487	0.0993475	
547	0.09642816	0.09940302	
547.2	0.09740852	0.09945846	
547.4	0.09784504	0.09951384	
547.6	0.09751008	0.09956915	
547.8	0.09740274	0.09962438	
548	0.09754496	0.09967955	
548.2	0.09715324	0.09973464	
548.4	0.09712162	0.09978967	
548.6	0.09740173	0.09984463	
548.8	0.09693499	0.09989951	
549	0.09634663	0.09995433	
549.2	0.09621027	0.10000908	
549.4	0.09637126	0.10006376	
549.6	0.09725103	0.10011837	
549.8	0.09775374	0.10017291	
550	0.09743987	0.10022738	
550.2	0.09746574	0.10028178	
550.4	0.09735241	0.10033612	
550.6	0.09730602	0.10039038	
550.8	0.09793597	0.10044458	
551	0.09836041	0.1004987	
551.2	0.09932447	0.10055276	
551.4	0.09897594	0.10060675	
551.6	0.09904588	0.10066068	
551.8	0.09887083	0.10071453	
552	0.09890856	0.10076831	
552.2	0.09815499	0.10082203	
552.4	0.09754124	0.10087568	
552.6	0.09718572	0.10092926	
552.8	0.09660864	0.10098278	
553	0.09624132	0.10103622	
553.2	0.09671334	0.1010896	
553.4	0.09684635	0.10114291	
553.6	0.09698056	0.10119615	
553.8	0.09622304	0.10124933	
554	0.09615655	0.10130244	
554.2	0.09656645	0.10135548	
554.4	0.09733241	0.10140845	
554.6	0.09891885	0.10146136	
554.8	0.10018138	0.1015142	
555	0.10069529	0.10156697	
555.2	0.10066659	0.10161967	
555.4	0.10028109	0.10167231	
555.6	0.09975319	0.10172488	
555.8	0.09910088	0.10177739	
556	0.09889493	0.10182983	
556.2	0.0980166	0.1018822	
556.4	0.09784688	0.10193451	
556.6	0.09823685	0.10198675	
556.8	0.09825183	0.10203892	
557	0.09768103	0.10209103	
557.2	0.0980939	0.10214307	
557.4	0.09801384	0.10219505	
557.6	0.09838208	0.10224696	
557.8	0.09885453	0.1022988	
558	0.09921019	0.10235058	
558.2	0.09954014	0.1024023	
558.4	0.09996373	0.10245394	
558.6	0.09978618	0.10250553	
558.8	0.10006068	0.10255704	
559	0.1000154	0.10260849	
559.2	0.09989342	0.10265988	
559.4	0.09972699	0.1027112	
559.6	0.09827946	0.10276246	
559.8	0.09880954	0.10281365	
560	0.09909389	0.10286478	
560.2	0.09902997	0.10291584	
560.4	0.09941788	0.10296684	
560.6	0.09993245	0.10301777	
560.8	0.10051055	0.10306864	
561	0.10056813	0.10311944	
561.2	0.10188051	0.10317018	
561.4	0.10170801	0.10322085	
561.6	0.10087137	0.10327147	
561.8	0.09952896	0.10332201	
562	0.09890943	0.10337249	
562.2	0.09846938	0.10342291	
562.4	0.09821118	0.10347327	
562.6	0.09726405	0.10352356	
562.8	0.09735178	0.10357379	
563	0.09758049	0.10362395	
563.2	0.09750384	0.10367405	
563.4	0.09754428	0.10372409	
563.6	0.09798372	0.10377406	
563.8	0.09975409	0.10382397	
564	0.10008788	0.10387382	
564.2	0.10082187	0.1039236	
564.4	0.10101118	0.10397332	
564.6	0.10179914	0.10402298	
564.8	0.10192399	0.10407258	
565	0.10203437	0.10412211	
565.2	0.10164916	0.10417158	
565.4	0.10115032	0.10422099	
565.6	0.10065539	0.10427033	
565.8	0.09940099	0.10431961	
566	0.09949004	0.10436883	
566.2	0.099124	0.10441799	
566.4	0.09815334	0.10446708	
566.6	0.09816871	0.10451611	
566.8	0.09884231	0.10456508	
567	0.09994169	0.10461399	
567.2	0.10077366	0.10466284	
567.4	0.10170203	0.10471162	
567.6	0.10307751	0.10476035	
567.8	0.10281018	0.10480901	
568	0.10314676	0.10485761	
568.2	0.10307299	0.10490614	
568.4	0.10274621	0.10495462	
568.6	0.10271834	0.10500304	
568.8	0.10287543	0.10505139	
569	0.10313674	0.10509968	
569.2	0.10251916	0.10514791	
569.4	0.10310115	0.10519608	
569.6	0.10132777	0.10524419	
569.8	0.10068629	0.10529224	
570	0.10049145	0.10534023	
570.2	0.09998753	0.10538815	
570.4	0.09979857	0.10543602	
570.6	0.10134851	0.10548383	
570.8	0.10105899	0.10553157	
571	0.10176683	0.10557925	
571.2	0.10218853	0.10562688	
571.4	0.10203375	0.10567444	
571.6	0.10268587	0.10572195	
571.8	0.10210376	0.10576939	
572	0.10277535	0.10581677	
572.2	0.10305941	0.10586409	
572.4	0.10339208	0.10591136	
572.6	0.10353543	0.10595856	
572.8	0.10399766	0.1060057	
573	0.1040585	0.10605279	
573.2	0.10361569	0.10609981	
573.4	0.10366107	0.10614678	
573.6	0.10294367	0.10619368	
573.8	0.10412484	0.10624053	
574	0.10377279	0.10628731	
574.2	0.10397175	0.10633404	
574.4	0.10502695	0.10638071	
574.6	0.10487903	0.10642732	
574.8	0.10379711	0.10647387	
575	0.10480428	0.10652036	
575.2	0.10443205	0.10656679	
575.4	0.10484267	0.10661316	
575.6	0.10509211	0.10665948	
575.8	0.10369708	0.10670573	
576	0.10332528	0.10675193	
576.2	0.10267401	0.10679807	
576.4	0.10149195	0.10684415	
576.6	0.10097349	0.10689017	
576.8	0.10060742	0.10693613	
577	0.1000158	0.10698204	
577.2	0.09993678	0.10702788	
577.4	0.09911775	0.10707367	
577.6	0.09968809	0.10711941	
577.8	0.10117051	0.10716508	
578	0.10043427	0.10721069	
578.2	0.10122716	0.10725625	
578.4	0.10236827	0.10730175	
578.6	0.10212471	0.10734719	
578.8	0.10306992	0.10739258	
579	0.10343551	0.1074379	
579.2	0.10369501	0.10748317	
579.4	0.10408184	0.10752839	
579.6	0.10405984	0.10757354	
579.8	0.1032371	0.10761864	
580	0.10324996	0.10766368	
580.2	0.10297135	0.10770866	
580.4	0.10325219	0.10775359	
580.6	0.10342339	0.10779846	
580.8	0.10397527	0.10784327	
581	0.10331039	0.10788803	
581.2	0.10362621	0.10793273	
581.4	0.10453098	0.10797737	
581.6	0.10594505	0.10802196	
581.8	0.10592306	0.10806649	
582	0.10551804	0.10811096	
582.2	0.10657681	0.10815538	
582.4	0.10674416	0.10819974	
582.6	0.10639802	0.10824405	
582.8	0.10628418	0.10828829	
583	0.10521687	0.10833249	
583.2	0.10593966	0.10837662	
583.4	0.10547466	0.1084207	
583.6	0.10542643	0.10846473	
583.8	0.10515763	0.1085087	
584	0.10497311	0.10855261	
584.2	0.10528381	0.10859647	
584.4	0.10554618	0.10864027	
584.6	0.10661266	0.10868402	
584.8	0.10696719	0.10872771	
585	0.10646904	0.10877135	
585.2	0.10740979	0.10881493	
585.4	0.10853868	0.10885845	
585.6	0.10803445	0.10890192	
585.8	0.10818425	0.10894534	
586	0.10840542	0.1089887	
586.2	0.10859903	0.109032	
586.4	0.10832355	0.10907525	
586.6	0.10805202	0.10911845	
586.8	0.10724696	0.10916159	
587	0.10739043	0.10920468	
587.2	0.10756412	0.10924771	
587.4	0.1071219	0.10929069	
587.6	0.10755636	0.10933361	
587.8	0.10743792	0.10937648	
588	0.10702845	0.10941929	
588.2	0.10703105	0.10946205	
588.4	0.10737689	0.10950476	
588.6	0.10815581	0.10954741	
588.8	0.10722341	0.10959001	
589	0.10762844	0.10963255	
589.2	0.10809543	0.10967504	
589.4	0.10786837	0.10971748	
589.6	0.10786443	0.10975986	
589.8	0.10765899	0.10980219	
590	0.1080901	0.10984447	
590.2	0.10807358	0.10988669	
590.4	0.10757192	0.10992886	
590.6	0.10771028	0.10997097	
590.8	0.10666615	0.11001303	
591	0.10776158	0.11005504	
591.2	0.10738096	0.11009699	
591.4	0.10720045	0.1101389	
591.6	0.10708017	0.11018074	
591.8	0.10692443	0.11022254	
592	0.10705202	0.11026428	
592.2	0.1077453	0.11030597	
592.4	0.10830648	0.11034761	
592.6	0.10788576	0.11038919	
592.8	0.10776308	0.11043073	
593	0.10799769	0.11047221	
593.2	0.10787414	0.11051363	
593.4	0.10772029	0.11055501	
593.6	0.10814393	0.11059633	
593.8	0.10756253	0.1106376	
594	0.10808639	0.11067881	
594.2	0.1067171	0.11071998	
594.4	0.10718102	0.11076109	
594.6	0.10683115	0.11080215	
594.8	0.10649158	0.11084316	
595	0.10712032	0.11088412	
595.2	0.10734384	0.11092502	
595.4	0.10786361	0.11096588	
595.6	0.10839395	0.11100668	
595.8	0.10908977	0.11104743	
596	0.10870765	0.11108812	
596.2	0.10895414	0.11112877	
596.4	0.10901091	0.11116937	
596.6	0.10837409	0.11120991	
596.8	0.10842645	0.1112504	
597	0.10931601	0.11129084	
597.2	0.11046651	0.11133123	
597.4	0.11036303	0.11137157	
597.6	0.1105943	0.11141186	
597.8	0.11048244	0.11145209	
598	0.10974442	0.11149228	
598.2	0.10878784	0.11153241	
598.4	0.10943016	0.1115725	
598.6	0.10881848	0.11161253	
598.8	0.1087802	0.11165251	
599	0.10893489	0.11169244	
599.2	0.10846349	0.11173233	
599.4	0.10738804	0.11177216	
599.6	0.10600722	0.11181194	
599.8	0.10627567	0.11185167	
600	0.10663495	0.11189134	
600.2	0.10695283	0.11193097	
600.4	0.10812337	0.11197055	
600.6	0.10892406	0.11201008	
600.8	0.10936721	0.11204956	
601	0.11107335	0.11208899	
601.2	0.11233545	0.11212837	
601.4	0.11269504	0.1121677	
601.6	0.11337211	0.11220698	
601.8	0.11343329	0.1122462	
602	0.11243524	0.11228538	
602.2	0.11240501	0.11232451	
602.4	0.1126641	0.11236359	
602.6	0.11237327	0.11240263	
602.8	0.11120589	0.11244161	
603	0.1099278	0.11248054	
603.2	0.10869048	0.11251942	
603.4	0.10788687	0.11255826	
603.6	0.10891825	0.11259704	
603.8	0.1096828	0.11263578	
604	0.10977789	0.11267446	
604.2	0.10982219	0.1127131	
604.4	0.10971876	0.11275169	
604.6	0.10980634	0.11279023	
604.8	0.10992382	0.11282872	
605	0.11084916	0.11286716	
605.2	0.11138431	0.11290555	
605.4	0.11189117	0.1129439	
605.6	0.11101837	0.11298219	
605.8	0.11094448	0.11302044	
606	0.11080243	0.11305864	
606.2	0.11108292	0.11309679	
606.4	0.1108437	0.11313489	
606.6	0.11117749	0.11317295	
606.8	0.11032058	0.11321095	
607	0.11036174	0.11324891	
607.2	0.1117058	0.11328682	
607.4	0.1118572	0.11332468	
607.6	0.11270565	0.11336249	
607.8	0.1126296	0.11340026	
608	0.1134053	0.11343798	
608.2	0.11303588	0.11347565	
608.4	0.11256324	0.11351327	
608.6	0.11376691	0.11355084	
608.8	0.11452461	0.11358837	
609	0.11482148	0.11362585	
609.2	0.11503734	0.11366328	
609.4	0.1155505	0.11370067	
609.6	0.11559993	0.11373801	
609.8	0.11670273	0.1137753	
610	0.11683053	0.11381254	
610.2	0.11674896	0.11384973	
610.4	0.11680961	0.11388688	
610.6	0.11696199	0.11392399	
610.8	0.11565957	0.11396104	
611	0.11525254	0.11399805	
611.2	0.11603229	0.11403501	
611.4	0.11541916	0.11407192	
611.6	0.11441451	0.11410879	
611.8	0.11413153	0.11414561	
612	0.1132128	0.11418238	
612.2	0.11193438	0.11421911	
612.4	0.11205039	0.11425579	
612.6	0.11225766	0.11429243	
612.8	0.11207159	0.11432901	
613	0.11237688	0.11436556	
613.2	0.11320909	0.11440205	
613.4	0.11380193	0.1144385	
613.6	0.11532324	0.1144749	
613.8	0.11585516	0.11451126	
614	0.11615845	0.11454757	
614.2	0.11613314	0.11458384	
614.4	0.11643744	0.11462005	
614.6	0.11692359	0.11465623	
614.8	0.11655321	0.11469235	
615	0.11797835	0.11472844	
615.2	0.119589	0.11476447	
615.4	0.11865081	0.11480046	
615.6	0.11835161	0.11483641	
615.8	0.11736799	0.1148723	
616	0.11701301	0.11490816	
616.2	0.11652976	0.11494397	
616.4	0.11617489	0.11497973	
616.6	0.11588693	0.11501545	
616.8	0.11505252	0.11505112	
617	0.11554693	0.11508675	
617.2	0.11596712	0.11512233	
617.4	0.11627796	0.11515786	
617.6	0.11691138	0.11519336	
617.8	0.11695087	0.1152288	
618	0.11680548	0.1152642	
618.2	0.11606743	0.11529956	
618.4	0.11599107	0.11533487	
618.6	0.11525449	0.11537014	
618.8	0.11473331	0.11540536	
619	0.11511525	0.11544054	
619.2	0.11425605	0.11547568	
619.4	0.11328563	0.11551077	
619.6	0.11313907	0.11554581	
619.8	0.11257005	0.11558081	
620	0.11319125	0.11561577	
620.2	0.11284271	0.11565068	
620.4	0.11316386	0.11568555	
620.6	0.11367732	0.11572037	
620.8	0.11366194	0.11575515	
621	0.11439687	0.11578988	
621.2	0.11464276	0.11582458	
621.4	0.11504434	0.11585922	
621.6	0.11498897	0.11589383	
621.8	0.11496447	0.11592839	
622	0.11438618	0.1159629	
622.2	0.11353182	0.11599737	
622.4	0.1126066	0.1160318	
622.6	0.11286217	0.11606619	
622.8	0.11383059	0.11610053	
623	0.11345601	0.11613483	
623.2	0.11370029	0.11616908	
623.4	0.11427318	0.11620329	
623.6	0.11515347	0.11623746	
623.8	0.11583208	0.11627158	
624	0.11629832	0.11630567	
624.2	0.11636546	0.1163397	
624.4	0.1164187	0.1163737	
624.6	0.11629376	0.11640765	
624.8	0.1153265	0.11644156	
625	0.11499855	0.11647542	
625.2	0.1142168	0.11650925	
625.4	0.11471396	0.11654303	
625.6	0.11469945	0.11657676	
625.8	0.11369154	0.11661046	
626	0.112836	0.11664411	
626.2	0.1122705	0.11667772	
626.4	0.11198878	0.11671129	
626.6	0.11293501	0.11674481	
626.8	0.11318626	0.11677829	
627	0.11407986	0.11681173	
627.2	0.11549893	0.11684513	
627.4	0.11754302	0.11687848	
627.6	0.1184956	0.1169118	
627.8	0.11914976	0.11694507	
628	0.1195421	0.1169783	
628.2	0.11895398	0.11701148	
628.4	0.11906777	0.11704463	
628.6	0.11903917	0.11707773	
628.8	0.11831462	0.11711079	
629	0.11848011	0.11714381	
629.2	0.1176579	0.11717678	
629.4	0.11822113	0.11720972	
629.6	0.11736193	0.11724261	
629.8	0.11682834	0.11727546	
630	0.1163127	0.11730827	
630.2	0.11556604	0.11734104	
630.4	0.11471269	0.11737377	
630.6	0.11512455	0.11740645	
630.8	0.11594592	0.11743909	
631	0.11667912	0.1174717	
631.2	0.11693662	0.11750426	
631.4	0.11791628	0.11753678	
631.6	0.11734926	0.11756926	
631.8	0.11753267	0.11760169	
632	0.11721188	0.11763409	
632.2	0.1172704	0.11766645	
632.4	0.11768096	0.11769876	
632.6	0.11689729	0.11773103	
632.8	0.11739545	0.11776327	
633	0.11779876	0.11779546	
633.2	0.11850523	0.11782761	
633.4	0.11931436	0.11785972	
633.6	0.11940834	0.11789179	
633.8	0.1202864	0.11792382	
634	0.12064838	0.11795581	
634.2	0.12046612	0.11798776	
634.4	0.12046987	0.11801966	
634.6	0.12081683	0.11805153	
634.8	0.12056067	0.11808336	
635	0.12122528	0.11811514	
635.2	0.12137218	0.11814689	
635.4	0.1213409	0.1181786	
635.6	0.12055607	0.11821026	
635.8	0.11948908	0.11824189	
636	0.11899248	0.11827347	
636.2	0.11945627	0.11830502	
636.4	0.11916317	0.11833652	
636.6	0.11919431	0.11836799	
636.8	0.11939852	0.11839942	
637	0.11851557	0.1184308	
637.2	0.11811764	0.11846215	
637.4	0.11709654	0.11849345	
637.6	0.11729024	0.11852472	
637.8	0.11762946	0.11855595	
638	0.11731315	0.11858714	
638.2	0.11681623	0.11861829	
638.4	0.11675302	0.11864939	
638.6	0.11678408	0.11868046	
638.8	0.11679378	0.11871149	
639	0.11808113	0.11874248	
639.2	0.117522	0.11877344	
639.4	0.11722438	0.11880435	
639.6	0.11642532	0.11883522	
639.8	0.11591023	0.11886606	
640	0.11624098	0.11889685	
640.2	0.11700106	0.11892761	
640.4	0.11738958	0.11895832	
640.6	0.11818588	0.118989	
640.8	0.11780773	0.11901964	
641	0.11784242	0.11905024	
641.2	0.11783137	0.1190808	
641.4	0.11835015	0.11911133	
641.6	0.11938316	0.11914181	
641.8	0.11996725	0.11917226	
642	0.12033186	0.11920266	
642.2	0.12046327	0.11923303	
642.4	0.12101926	0.11926336	
642.6	0.1209964	0.11929366	
642.8	0.12105282	0.11932391	
643	0.12109497	0.11935412	
643.2	0.12084507	0.1193843	
643.4	0.12081835	0.11941444	
643.6	0.12059518	0.11944454	
643.8	0.11995777	0.1194746	
644	0.11907652	0.11950463	
644.2	0.1190753	0.11953461	
644.4	0.11924417	0.11956456	
644.6	0.11925504	0.11959447	
644.8	0.11913381	0.11962434	
645	0.11899483	0.11965418	
645.2	0.11944775	0.11968398	
645.4	0.1202066	0.11971373	
645.6	0.11994905	0.11974346	
645.8	0.11992011	0.11977314	
646	0.1196487	0.11980279	
646.2	0.11902423	0.11983239	
646.4	0.11884144	0.11986197	
646.6	0.11860059	0.1198915	
646.8	0.11939149	0.119921	
647	0.11968347	0.11995045	
647.2	0.12079227	0.11997988	
647.4	0.12090236	0.12000926	
647.6	0.12109966	0.12003861	
647.8	0.12069991	0.12006792	
648	0.12077056	0.12009719	
648.2	0.12158416	0.12012643	
648.4	0.12201543	0.12015562	
648.6	0.12216615	0.12018479	
648.8	0.12161269	0.12021391	
649	0.12172078	0.120243	
649.2	0.12087634	0.12027205	
649.4	0.11974969	0.12030106	
649.6	0.11878375	0.12033004	
649.8	0.11899641	0.12035898	
650	0.11840133	0.12038789	
650.2	0.11822913	0.12041675	
650.4	0.11856389	0.12044559	
650.6	0.11911264	0.12047438	
650.8	0.11915036	0.12050314	
651	0.11939485	0.12053186	
651.2	0.12024153	0.12056055	
651.4	0.12022557	0.12058919	
651.6	0.12207562	0.12061781	
651.8	0.12248058	0.12064638	
652	0.12335565	0.12067492	
652.2	0.12288487	0.12070343	
652.4	0.1225149	0.12073189	
652.6	0.12227505	0.12076033	
652.8	0.12133399	0.12078872	
653	0.12151148	0.12081708	
653.2	0.12060608	0.12084541	
653.4	0.12060587	0.12087369	
653.6	0.12069307	0.12090195	
653.8	0.12074976	0.12093016	
654	0.12114719	0.12095834	
654.2	0.12151707	0.12098649	
654.4	0.12126441	0.1210146	
654.6	0.12165695	0.12104267	
654.8	0.12183493	0.12107071	
655	0.12239651	0.12109871	
655.2	0.12341629	0.12112668	
655.4	0.12420459	0.12115461	
655.6	0.1256798	0.12118251	
655.8	0.12506833	0.12121037	
656	0.12575567	0.1212382	
656.2	0.12516452	0.12126599	
656.4	0.12662391	0.12129374	
656.6	0.12726173	0.12132146	
656.8	0.12595776	0.12134915	
657	0.12556537	0.1213768	
657.2	0.12528004	0.12140441	
657.4	0.12473482	0.12143199	
657.6	0.12462847	0.12145954	
657.8	0.12406507	0.12148705	
658	0.12359135	0.12151452	
658.2	0.12242724	0.12154196	
658.4	0.12187583	0.12156937	
658.6	0.12169208	0.12159674	
658.8	0.12085194	0.12162408	
659	0.12049835	0.12165138	
659.2	0.12089553	0.12167865	
659.4	0.12090583	0.12170588	
659.6	0.12112323	0.12173308	
659.8	0.12126392	0.12176024	
660	0.12875046	0.12178737	
660.2	0.12787866	0.12178196	
660.4	0.12683485	0.12177656	
660.6	0.12533632	0.12177115	
660.8	0.12372107	0.12176574	
661	0.12287766	0.12176034	
661.2	0.12194639	0.12175493	
661.4	0.12125566	0.12174953	
661.6	0.12063534	0.12174412	
661.8	0.12078326	0.12173872	
662	0.1210181	0.12173331	
662.2	0.12161784	0.12172791	
662.4	0.12209054	0.1217225	
662.6	0.12223558	0.1217171	
662.8	0.12170876	0.12171169	
663	0.12193336	0.12170629	
663.2	0.12246917	0.12170089	
663.4	0.12293358	0.12169548	
663.6	0.12293571	0.12169008	
663.8	0.12414755	0.12168468	
664	0.12559551	0.12167928	
664.2	0.12634388	0.12167387	
664.4	0.12595606	0.12166847	
664.6	0.12503976	0.12166307	
664.8	0.12503306	0.12165767	
665	0.12506173	0.12165227	
665.2	0.12462027	0.12164687	
665.4	0.1242138	0.12164147	
665.6	0.12351569	0.12163607	
665.8	0.12263699	0.12163067	
666	0.12259405	0.12162527	
666.2	0.12176572	0.12161987	
666.4	0.12119657	0.12161447	
666.6	0.12033937	0.12160907	
666.8	0.11945051	0.12160367	
667	0.11933366	0.12159827	
667.2	0.1196026	0.12159287	
667.4	0.11966229	0.12158747	
667.6	0.11980044	0.12158207	
667.8	0.12170706	0.12157668	
668	0.12295445	0.12157128	
668.2	0.1227394	0.12156588	
668.4	0.12258223	0.12156048	
668.6	0.1227431	0.12155509	
668.8	0.12391733	0.12154969	
669	0.12392366	0.12154429	
669.2	0.1245238	0.1215389	
669.4	0.1251945	0.1215335	
669.6	0.12512611	0.12152811	
669.8	0.1245662	0.12152271	
670	0.12495616	0.12151732	
670.2	0.12428917	0.12151192	
670.4	0.12476397	0.12150653	
670.6	0.1237908	0.12150113	
670.8	0.12343721	0.12149574	
671	0.12377811	0.12149034	
671.2	0.12395319	0.12148495	
671.4	0.12409904	0.12147956	
671.6	0.12436956	0.12147416	
671.8	0.12485873	0.12146877	
672	0.124718	0.12146338	
672.2	0.12435815	0.12145799	
672.4	0.12390565	0.12145259	
672.6	0.12345004	0.1214472	
672.8	0.12277692	0.12144181	
673	0.12324919	0.12143642	
673.2	0.12275262	0.12143103	
673.4	0.12284435	0.12142564	
673.6	0.12222582	0.12142024	
673.8	0.12082875	0.12141485	
674	0.12108851	0.12140946	
674.2	0.1208291	0.12140407	
674.4	0.12105691	0.12139868	
674.6	0.12007429	0.12139329	
674.8	0.12043034	0.1213879	
675	0.12044009	0.12138251	
675.2	0.12117337	0.12137713	
675.4	0.12209141	0.12137174	
675.6	0.12197422	0.12136635	
675.8	0.12124586	0.12136096	
676	0.12078869	0.12135557	
676.2	0.1209299	0.12135018	
676.4	0.11988426	0.1213448	
676.6	0.11938842	0.12133941	
676.8	0.1195887	0.12133402	
677	0.12102256	0.12132864	
677.2	0.12069295	0.12132325	
677.4	0.12132206	0.12131786	
677.6	0.12166349	0.12131248	
677.8	0.12212474	0.12130709	
678	0.12280524	0.12130171	
678.2	0.12153234	0.12129632	
678.4	0.12174798	0.12129093	
678.6	0.12140937	0.12128555	
678.8	0.12220594	0.12128017	
679	0.12220463	0.12127478	
679.2	0.12260172	0.1212694	
679.4	0.1216968	0.12126401	
679.6	0.12172464	0.12125863	
679.8	0.12081728	0.12125325	
680	0.12146155	0.12124786	
680.2	0.121558	0.12124248	
680.4	0.12122872	0.1212371	
680.6	0.1216372	0.12123171	
680.8	0.12204263	0.12122633	
681	0.12171219	0.12122095	
681.2	0.12118572	0.12121557	
681.4	0.12095083	0.12121019	
681.6	0.12125799	0.12120481	
681.8	0.12200297	0.12119942	
682	0.12191403	0.12119404	
682.2	0.12166277	0.12118866	
682.4	0.12204887	0.12118328	
682.6	0.12147182	0.1211779	
682.8	0.12101378	0.12117252	
683	0.12037178	0.12116714	
683.2	0.11913454	0.12116176	
683.4	0.11885751	0.12115638	
683.6	0.11985245	0.12115101	
683.8	0.1194266	0.12114563	
684	0.11951952	0.12114025	
684.2	0.11932906	0.12113487	
684.4	0.11972405	0.12112949	
684.6	0.12041888	0.12112411	
684.8	0.12032908	0.12111874	
685	0.1208119	0.12111336	
685.2	0.12115904	0.12110798	
685.4	0.12171069	0.12110261	
685.6	0.12177945	0.12109723	
685.8	0.12289656	0.12109185	
686	0.12310418	0.12108648	
686.2	0.12234594	0.1210811	
686.4	0.12179521	0.12107573	
686.6	0.12178346	0.12107035	
686.8	0.12102217	0.12106497	
687	0.12034226	0.1210596	
687.2	0.11949405	0.12105423	
687.4	0.11935332	0.12104885	
687.6	0.11915727	0.12104348	
687.8	0.11784572	0.1210381	
688	0.11644909	0.12103273	
688.2	0.11697635	0.12102736	
688.4	0.1178734	0.12102198	
688.6	0.1187027	0.12101661	
688.8	0.11876044	0.12101124	
689	0.11945533	0.12100586	
689.2	0.11936206	0.12100049	
689.4	0.11946405	0.12099512	
689.6	0.11970026	0.12098975	
689.8	0.12014321	0.12098438	
690	0.12018565	0.12097901	
690.2	0.11981052	0.12097363	
690.4	0.12027199	0.12096826	
690.6	0.12102734	0.12096289	
690.8	0.12006075	0.12095752	
691	0.12043178	0.12095215	
691.2	0.1191494	0.12094678	
691.4	0.11915719	0.12094141	
691.6	0.11870613	0.12093604	
691.8	0.11805738	0.12093067	
692	0.11875045	0.12092531	
692.2	0.12017896	0.12091994	
692.4	0.12018285	0.12091457	
692.6	0.1207662	0.1209092	
692.8	0.12120418	0.12090383	
693	0.12102428	0.12089846	
693.2	0.12182569	0.1208931	
693.4	0.12166961	0.12088773	
693.6	0.12158337	0.12088236	
693.8	0.1210387	0.120877	
694	0.12013849	0.12087163	
694.2	0.1199621	0.12086626	
694.4	0.12060554	0.1208609	
694.6	0.12148697	0.12085553	
694.8	0.1202712	0.12085017	
695	0.12018087	0.1208448	
695.2	0.11839647	0.12083944	
695.4	0.11912895	0.12083407	
695.6	0.11852658	0.12082871	
695.8	0.11900399	0.12082334	
696	0.12003013	0.12081798	
696.2	0.1198194	0.12081261	
696.4	0.11878502	0.12080725	
696.6	0.11969496	0.12080189	
696.8	0.11958894	0.12079652	
697	0.119484	0.12079116	
697.2	0.11941887	0.1207858	
697.4	0.11847399	0.12078044	
697.6	0.11835881	0.12077507	
697.8	0.1184728	0.12076971	
698	0.11832258	0.12076435	
698.2	0.11944777	0.12075899	
698.4	0.11948341	0.12075363	
698.6	0.11897017	0.12074827	
698.8	0.11846388	0.1207429	
699	0.1180685	0.12073754	
699.2	0.11763924	0.12073218	
699.4	0.11827429	0.12072682	
699.6	0.11792004	0.12072146	
699.8	0.11880069	0.1207161	
700	0.11874693	0.12071075	
700.2	0.11809961	0.12070539	
700.4	0.11775988	0.12070003	
700.6	0.11747863	0.12069467	
700.8	0.11784824	0.12068931	
701	0.11809124	0.12068395	
701.2	0.11755098	0.12067859	
701.4	0.11827535	0.12067324	
701.6	0.11969169	0.12066788	
701.8	0.11974597	0.12066252	
702	0.11986255	0.12065716	
702.2	0.12033141	0.12065181	
702.4	0.11955042	0.12064645	
702.6	0.11938796	0.12064109	
702.8	0.11987447	0.12063574	
703	0.11987383	0.12063038	
703.2	0.11970594	0.12062503	
703.4	0.11982398	0.12061967	
703.6	0.11973394	0.12061432	
703.8	0.12022688	0.12060896	
704	0.11903568	0.12060361	
704.2	0.11930654	0.12059825	
704.4	0.1190024	0.1205929	
704.6	0.11828815	0.12058755	
704.8	0.11982602	0.12058219	
705	0.11911332	0.12057684	
705.2	0.11936347	0.12057148	
705.4	0.11949927	0.12056613	
705.6	0.11999894	0.12056078	
705.8	0.11913771	0.12055543	
706	0.1201642	0.12055007	
706.2	0.11976377	0.12054472	
706.4	0.11977158	0.12053937	
706.6	0.11989314	0.12053402	
706.8	0.12033671	0.12052867	
707	0.11997346	0.12052332	
707.2	0.12016038	0.12051797	
707.4	0.12051523	0.12051262	
707.6	0.12102112	0.12050726	
707.8	0.12047142	0.12050191	
708	0.11994522	0.12049656	
708.2	0.11970763	0.12049122	
708.4	0.11868968	0.12048587	
708.6	0.11861519	0.12048052	
708.8	0.11873797	0.12047517	
709	0.11796379	0.12046982	
709.2	0.11868966	0.12046447	
709.4	0.1181754	0.12045912	
709.6	0.11826174	0.12045377	
709.8	0.11860195	0.12044843	
710	0.11933181	0.12044308	
710.2	0.11889208	0.12043773	
710.4	0.12076085	0.12043239	
710.6	0.12119205	0.12042704	
710.8	0.12068288	0.12042169	
711	0.12072637	0.12041635	
711.2	0.12166417	0.120411	
711.4	0.12042331	0.12040565	
711.6	0.12007553	0.12040031	
711.8	0.11926471	0.12039496	
712	0.11854439	0.12038962	
712.2	0.11752196	0.12038427	
712.4	0.11654076	0.12037893	
712.6	0.11722353	0.12037358	
712.8	0.11718006	0.12036824	
713	0.11703292	0.1203629	
713.2	0.11725033	0.12035755	
713.4	0.11719438	0.12035221	
713.6	0.11750437	0.12034687	
713.8	0.11811566	0.12034152	
714	0.11837035	0.12033618	
714.2	0.11903864	0.12033084	
714.4	0.1201316	0.12032549	
714.6	0.12023796	0.12032015	
714.8	0.11945795	0.12031481	
715	0.11987718	0.12030947	
715.2	0.12055624	0.12030413	
715.4	0.11902165	0.12029879	
715.6	0.11898304	0.12029345	
715.8	0.11851188	0.12028811	
716	0.11798911	0.12028276	
716.2	0.11724102	0.12027742	
716.4	0.11707616	0.12027208	
716.6	0.1178375	0.12026675	
716.8	0.11716348	0.12026141	
717	0.11758053	0.12025607	
717.2	0.11867546	0.12025073	
717.4	0.11926315	0.12024539	
717.6	0.11896326	0.12024005	
717.8	0.11970282	0.12023471	
718	0.11942946	0.12022937	
718.2	0.11964118	0.12022404	
718.4	0.11990178	0.1202187	
718.6	0.11986169	0.12021336	
718.8	0.11949428	0.12020802	
719	0.11921068	0.12020269	
719.2	0.11933316	0.12019735	
719.4	0.11786439	0.12019201	
719.6	0.11824686	0.12018668	
719.8	0.11752098	0.12018134	
720	0.11768902	0.12017601	
720.2	0.11698152	0.12017067	
720.4	0.11687505	0.12016534	
720.6	0.11680577	0.12016	
720.8	0.11593123	0.12015467	
721	0.11730934	0.12014933	
721.2	0.11815429	0.120144	
721.4	0.11823062	0.12013866	
721.6	0.11780662	0.12013333	
721.8	0.11905819	0.120128	
722	0.11938424	0.12012266	
722.2	0.12012471	0.12011733	
722.4	0.12038808	0.120112	
722.6	0.12061802	0.12010667	
722.8	0.1210669	0.12010133	
723	0.12123831	0.120096	
723.2	0.12145473	0.12009067	
723.4	0.12088866	0.12008534	
723.6	0.12134685	0.12008001	
723.8	0.12128606	0.12007468	
724	0.12129334	0.12006934	
724.2	0.12052689	0.12006401	
724.4	0.11985239	0.12005868	
724.6	0.1190425	0.12005335	
724.8	0.11778649	0.12004802	
725	0.11747037	0.12004269	
725.2	0.11662046	0.12003736	
725.4	0.11619024	0.12003203	
725.6	0.11598871	0.12002671	
725.8	0.11609547	0.12002138	
726	0.11667882	0.12001605	
726.2	0.11574309	0.12001072	
726.4	0.11516038	0.12000539	
726.6	0.11571138	0.12000006	
726.8	0.11567581	0.11999474	
727	0.11599298	0.11998941	
727.2	0.11632232	0.11998408	
727.4	0.11633759	0.11997876	
727.6	0.11786821	0.11997343	
727.8	0.11840882	0.1199681	
728	0.11883754	0.11996278	
728.2	0.1197002	0.11995745	
728.4	0.12005504	0.11995212	
728.6	0.12025175	0.1199468	
728.8	0.11941197	0.11994147	
729	0.11824983	0.11993615	
729.2	0.11791551	0.11993082	
729.4	0.117419	0.1199255	
729.6	0.11673363	0.11992018	
729.8	0.11622508	0.11991485	
730	0.11571774	0.11990953	
730.2	0.11475827	0.1199042	
730.4	0.11461629	0.11989888	
730.6	0.11502149	0.11989356	
730.8	0.11562955	0.11988823	
731	0.11612728	0.11988291	
731.2	0.11714869	0.11987759	
731.4	0.11751656	0.11987227	
731.6	0.11882451	0.11986695	
731.8	0.11949698	0.11986162	
732	0.12064522	0.1198563	
732.2	0.12128371	0.11985098	
732.4	0.12071926	0.11984566	
732.6	0.12043027	0.11984034	
732.8	0.11827261	0.11983502	
733	0.1179215	0.1198297	
733.2	0.11813816	0.11982438	
733.4	0.1176388	0.11981906	
733.6	0.1180258	0.11981374	
733.8	0.1177032	0.11980842	
734	0.11692365	0.1198031	
734.2	0.11748906	0.11979778	
734.4	0.11655906	0.11979246	
734.6	0.11704159	0.11978714	
734.8	0.11744651	0.11978183	
735	0.1176103	0.11977651	
735.2	0.11824733	0.11977119	
735.4	0.11839961	0.11976587	
735.6	0.11859796	0.11976056	
735.8	0.11819567	0.11975524	
736	0.11880857	0.11974992	
736.2	0.11830525	0.11974461	
736.4	0.11823292	0.11973929	
736.6	0.11852389	0.11973397	
736.8	0.1173983	0.11972866	
737	0.11719723	0.11972334	
737.2	0.11657074	0.11971803	
737.4	0.11592354	0.11971271	
737.6	0.11560097	0.1197074	
737.8	0.11416871	0.11970208	
738	0.1141773	0.11969677	
738.2	0.11412663	0.11969145	
738.4	0.11381897	0.11968614	
738.6	0.11420245	0.11968083	
738.8	0.11402764	0.11967551	
739	0.11503855	0.1196702	
739.2	0.11531352	0.11966489	
739.4	0.11581528	0.11965957	
739.6	0.11559552	0.11965426	
739.8	0.11667337	0.11964895	
740	0.11775123	0.11964364	
740.2	0.11819168	0.11963833	
740.4	0.11874249	0.11963301	
740.6	0.11762149	0.1196277	
740.8	0.11664326	0.11962239	
741	0.11744743	0.11961708	
741.2	0.11794769	0.11961177	
741.4	0.11824401	0.11960646	
741.6	0.1177398	0.11960115	
741.8	0.11714431	0.11959584	
742	0.11747347	0.11959053	
742.2	0.11739076	0.11958522	
742.4	0.11703255	0.11957991	
742.6	0.11729331	0.1195746	
742.8	0.11725081	0.11956929	
743	0.11749227	0.11956399	
743.2	0.11657603	0.11955868	
743.4	0.11689949	0.11955337	
743.6	0.11667388	0.11954806	
743.8	0.11661928	0.11954275	
744	0.1163757	0.11953745	
744.2	0.11696615	0.11953214	
744.4	0.11661519	0.11952683	
744.6	0.11628655	0.11952153	
744.8	0.11744788	0.11951622	
745	0.11855582	0.11951091	
745.2	0.11758078	0.11950561	
745.4	0.1175714	0.1195003	
745.6	0.1172351	0.119495	
745.8	0.11734927	0.11948969	
746	0.11754376	0.11948439	
746.2	0.11804666	0.11947908	
746.4	0.11705542	0.11947378	
746.6	0.11734607	0.11946847	
746.8	0.11658128	0.11946317	
747	0.11665761	0.11945787	
747.2	0.11638099	0.11945256	
747.4	0.11757378	0.11944726	
747.6	0.11696962	0.11944196	
747.8	0.1166373	0.11943665	
748	0.11710295	0.11943135	
748.2	0.11751757	0.11942605	
748.4	0.11758117	0.11942075	
748.6	0.11778265	0.11941545	
748.8	0.11865642	0.11941014	
749	0.1186198	0.11940484	
749.2	0.11861572	0.11939954	
749.4	0.11921809	0.11939424	
749.6	0.11948052	0.11938894	
749.8	0.12033585	0.11938364	
750	0.12055522	0.11937834	
750.2	0.12039719	0.11937304	
750.4	0.11923421	0.11936774	
750.6	0.11970969	0.11936244	
750.8	0.11990688	0.11935714	
751	0.11987619	0.11935184	
751.2	0.11981828	0.11934654	
751.4	0.1192706	0.11934124	
751.6	0.11809411	0.11933595	
751.8	0.11780466	0.11933065	
752	0.11725584	0.11932535	
752.2	0.11642651	0.11932005	
752.4	0.11637627	0.11931475	
752.6	0.11549562	0.11930946	
752.8	0.11563267	0.11930416	
753	0.11531514	0.11929886	
753.2	0.11579649	0.11929357	
753.4	0.116367	0.11928827	
753.6	0.11720327	0.11928297	
753.8	0.11755637	0.11927768	
754	0.11740629	0.11927238	
754.2	0.11758935	0.11926709	
754.4	0.118064	0.11926179	
754.6	0.1193794	0.1192565	
754.8	0.11988408	0.1192512	
755	0.11963202	0.11924591	
755.2	0.11939845	0.11924062	
755.4	0.11918017	0.11923532	
755.6	0.11890283	0.11923003	
755.8	0.11908107	0.11922473	
756	0.11817491	0.11921944	
756.2	0.11768678	0.11921415	
756.4	0.11802482	0.11920886	
756.6	0.11856624	0.11920356	
756.8	0.11910491	0.11919827	
757	0.11972322	0.11919298	
757.2	0.12003426	0.11918769	
757.4	0.1198055	0.1191824	
757.6	0.11944925	0.1191771	
757.8	0.11841708	0.11917181	
758	0.1186891	0.11916652	
758.2	0.11874037	0.11916123	
758.4	0.11860117	0.11915594	
758.6	0.11842182	0.11915065	
758.8	0.11721083	0.11914536	
759	0.11640756	0.11914007	
759.2	0.11566524	0.11913478	
759.4	0.11568061	0.11912949	
759.6	0.11533702	0.1191242	
759.8	0.11525871	0.11911892	
760	0.11514556	0.11911363	
760.2	0.11574688	0.11910834	
760.4	0.11703665	0.11910305	
760.6	0.11813416	0.11909776	
760.8	0.11753045	0.11909248	
761	0.11759768	0.11908719	
761.2	0.11781466	0.1190819	
761.4	0.11751385	0.11907661	
761.6	0.11748791	0.11907133	
761.8	0.11745271	0.11906604	
762	0.11797939	0.11906076	
762.2	0.11729921	0.11905547	
762.4	0.11629953	0.11905018	
762.6	0.1165312	0.1190449	
762.8	0.11690231	0.11903961	
763	0.11752071	0.11903433	
763.2	0.11685579	0.11902904	
763.4	0.11773355	0.11902376	
763.6	0.11706309	0.11901848	
763.8	0.11663414	0.11901319	
764	0.1168139	0.11900791	
764.2	0.11655867	0.11900262	
764.4	0.11634983	0.11899734	
764.6	0.11517314	0.11899206	
764.8	0.11481667	0.11898677	
765	0.11506606	0.11898149	
765.2	0.11562347	0.11897621	
765.4	0.11607204	0.11897093	
765.6	0.11639035	0.11896565	
765.8	0.11741307	0.11896036	
766	0.11804158	0.11895508	
766.2	0.11836311	0.1189498	
766.4	0.11904935	0.11894452	
766.6	0.1200387	0.11893924	
766.8	0.12047809	0.11893396	
767	0.12059152	0.11892868	
767.2	0.12100769	0.1189234	
767.4	0.12141326	0.11891812	
767.6	0.1196666	0.11891284	
767.8	0.11875133	0.11890756	
768	0.11783771	0.11890228	
768.2	0.1168745	0.118897	
768.4	0.11668133	0.11889172	
768.6	0.11679192	0.11888645	
768.8	0.11736192	0.11888117	
769	0.11720561	0.11887589	
769.2	0.11646775	0.11887061	
769.4	0.11621637	0.11886533	
769.6	0.11574316	0.11886006	
769.8	0.11680719	0.11885478	
770	0.11734533	0.1188495	
770.2	0.11782822	0.11884423	
770.4	0.11743707	0.11883895	
770.6	0.11714362	0.11883367	
770.8	0.11746528	0.1188284	
771	0.11898367	0.11882312	
771.2	0.11889409	0.11881785	
771.4	0.11826254	0.11881257	
771.6	0.11741005	0.1188073	
771.8	0.11780001	0.11880202	
772	0.11794686	0.11879675	
772.2	0.1186438	0.11879147	
772.4	0.11989398	0.1187862	
772.6	0.12008622	0.11878093	
772.8	0.11994093	0.11877565	
773	0.12021294	0.11877038	
773.2	0.11993257	0.11876511	
773.4	0.12000076	0.11875983	
773.6	0.12093821	0.11875456	
773.8	0.12207766	0.11874929	
774	0.12230809	0.11874402	
774.2	0.12244685	0.11873875	
774.4	0.12189019	0.11873347	
774.6	0.12194189	0.1187282	
774.8	0.12207909	0.11872293	
775	0.12162304	0.11871766	
775.2	0.11956062	0.11871239	
775.4	0.11974223	0.11870712	
775.6	0.11886347	0.11870185	
775.8	0.1185589	0.11869658	
776	0.11812599	0.11869131	
776.2	0.11834568	0.11868604	
776.4	0.1185518	0.11868077	
776.6	0.11807953	0.1186755	
776.8	0.11783221	0.11867023	
777	0.11798893	0.11866496	
777.2	0.11813658	0.1186597	
777.4	0.1178233	0.11865443	
777.6	0.11769395	0.11864916	
777.8	0.11771793	0.11864389	
778	0.1171352	0.11863863	
778.2	0.11702291	0.11863336	
778.4	0.11685557	0.11862809	
778.6	0.11665811	0.11862282	
778.8	0.11708727	0.11861756	
779	0.11714631	0.11861229	
779.2	0.11719083	0.11860703	
779.4	0.11761754	0.11860176	
779.6	0.11761687	0.11859649	
779.8	0.1173838	0.11859123	
780	0.11755816	0.11858596	
780.2	0.1185896	0.1185807	
780.4	0.11952331	0.11857544	
780.6	0.11989258	0.11857017	
780.8	0.11992467	0.11856491	
781	0.12071204	0.11855964	
781.2	0.12119307	0.11855438	
781.4	0.12038871	0.11854912	
781.6	0.11954977	0.11854385	
781.8	0.11870931	0.11853859	
782	0.11797584	0.11853333	
782.2	0.11744602	0.11852806	
782.4	0.11727925	0.1185228	
782.6	0.11709967	0.11851754	
782.8	0.11769529	0.11851228	
783	0.1179517	0.11850702	
783.2	0.11745876	0.11850176	
783.4	0.11779806	0.11849649	
783.6	0.11756135	0.11849123	
783.8	0.1178728	0.11848597	
784	0.11905017	0.11848071	
784.2	0.12050163	0.11847545	
784.4	0.12035485	0.11847019	
784.6	0.12095477	0.11846493	
784.8	0.12108074	0.11845967	
785	0.12160976	0.11845441	
785.2	0.12190168	0.11844916	
785.4	0.12229418	0.1184439	
785.6	0.12124791	0.11843864	
785.8	0.12094736	0.11843338	
786	0.12130616	0.11842812	
786.2	0.12147289	0.11842286	
786.4	0.12114251	0.11841761	
786.6	0.12136391	0.11841235	
786.8	0.12183917	0.11840709	
787	0.12148898	0.11840184	
787.2	0.12055917	0.11839658	
787.4	0.1198616	0.11839132	
787.6	0.11821976	0.11838607	
787.8	0.11794616	0.11838081	
788	0.11710369	0.11837555	
788.2	0.11608979	0.1183703	
788.4	0.11486809	0.11836504	
788.6	0.11509318	0.11835979	
788.8	0.11502801	0.11835453	
789	0.11466175	0.11834928	
789.2	0.11496539	0.11834403	
789.4	0.11551552	0.11833877	
789.6	0.11480258	0.11833352	
789.8	0.11636984	0.11832826	
790	0.11731245	0.11832301	
790.2	0.11827779	0.11831776	
790.4	0.11828883	0.1183125	
790.6	0.11907344	0.11830725	
790.8	0.11936974	0.118302	
791	0.11957466	0.11829675	
791.2	0.12006556	0.1182915	
791.4	0.11915593	0.11828624	
791.6	0.119429	0.11828099	
791.8	0.11880489	0.11827574	
792	0.1189913	0.11827049	
792.2	0.11860543	0.11826524	
792.4	0.11884565	0.11825999	
792.6	0.11947749	0.11825474	
792.8	0.11909413	0.11824949	
793	0.11921001	0.11824424	
793.2	0.11947868	0.11823899	
793.4	0.11983285	0.11823374	
793.6	0.11940361	0.11822849	
793.8	0.11928747	0.11822324	
794	0.11895341	0.11821799	
794.2	0.1182591	0.11821274	
794.4	0.11710761	0.1182075	
794.6	0.11623066	0.11820225	
794.8	0.1159495	0.118197	
795	0.11592918	0.11819175	
795.2	0.1155442	0.1181865	
795.4	0.11504061	0.11818126	
795.6	0.11564729	0.11817601	
795.8	0.11468716	0.11817076	
796	0.11535222	0.11816552	
796.2	0.11513175	0.11816027	
796.4	0.11545923	0.11815503	
796.6	0.1157775	0.11814978	
796.8	0.11618637	0.11814453	
797	0.11758057	0.11813929	
797.2	0.11762609	0.11813404	
797.4	0.11788628	0.1181288	
797.6	0.11775865	0.11812356	
797.8	0.11786114	0.11811831	
798	0.11790076	0.11811307	
798.2	0.11699453	0.11810782	
798.4	0.11652807	0.11810258	
798.6	0.11604818	0.11809734	
798.8	0.11673352	0.11809209	
799	0.11727323	0.11808685	
799.2	0.11754385	0.11808161	
799.4	0.11742122	0.11807637	
799.6	0.11728065	0.11807112	
799.8	0.11659235	0.11806588	
800	0.11709099	0.11806064	
800.2	0.11646175	0.1180554	
800.4	0.11616706	0.11805016	
800.6	0.11511902	0.11804492	
800.8	0.11561408	0.11803967	
801	0.1155353	0.11803443	
801.2	0.11611855	0.11802919	
801.4	0.11657689	0.11802395	
801.6	0.11730891	0.11801871	
801.8	0.11851346	0.11801347	
802	0.11863873	0.11800823	
802.2	0.1195023	0.118003	
802.4	0.12037209	0.11799776	
802.6	0.12035792	0.11799252	
802.8	0.12105767	0.11798728	
803	0.12120282	0.11798204	
803.2	0.1211999	0.1179768	
803.4	0.12131073	0.11797157	
803.6	0.12150495	0.11796633	
803.8	0.12093252	0.11796109	
804	0.12079989	0.11795585	
804.2	0.11982323	0.11795062	
804.4	0.11839612	0.11794538	
804.6	0.11689569	0.11794014	
804.8	0.11675981	0.11793491	
805	0.11645629	0.11792967	
805.2	0.11656524	0.11792444	
805.4	0.11587815	0.1179192	
805.6	0.11589857	0.11791397	
805.8	0.11616006	0.11790873	
806	0.11592345	0.1179035	
806.2	0.11623501	0.11789826	
806.4	0.11598589	0.11789303	
806.6	0.1155779	0.11788779	
806.8	0.11608497	0.11788256	
807	0.11635049	0.11787733	
807.2	0.11680477	0.11787209	
807.4	0.11677112	0.11786686	
807.6	0.11703066	0.11786163	
807.8	0.11745754	0.11785639	
808	0.11735794	0.11785116	
808.2	0.11664487	0.11784593	
808.4	0.11551482	0.1178407	
808.6	0.11501102	0.11783547	
808.8	0.11432502	0.11783023	
809	0.11398477	0.117825	
809.2	0.11428625	0.11781977	
809.4	0.11386809	0.11781454	
809.6	0.11432655	0.11780931	
809.8	0.11470391	0.11780408	
810	0.11498135	0.11779885	
810.2	0.11589536	0.11779362	
810.4	0.11672036	0.11778839	
810.6	0.11730507	0.11778316	
810.8	0.11816674	0.11777793	
811	0.11875816	0.1177727	
811.2	0.11847959	0.11776747	
811.4	0.11885381	0.11776225	
811.6	0.11874054	0.11775702	
811.8	0.11858896	0.11775179	
812	0.11828918	0.11774656	
812.2	0.1179291	0.11774133	
812.4	0.11863754	0.11773611	
812.6	0.11842222	0.11773088	
812.8	0.11775291	0.11772565	
813	0.11796275	0.11772043	
813.2	0.11924063	0.1177152	
813.4	0.11831503	0.11770997	
813.6	0.1192245	0.11770475	
813.8	0.11915617	0.11769952	
814	0.11929069	0.1176943	
814.2	0.1201005	0.11768907	
814.4	0.11992995	0.11768385	
814.6	0.11892226	0.11767862	
814.8	0.11789769	0.1176734	
815	0.11622139	0.11766817	
815.2	0.1147775	0.11766295	
815.4	0.11454737	0.11765773	
815.6	0.11336165	0.1176525	
815.8	0.11326944	0.11764728	
816	0.11333524	0.11764206	
816.2	0.11341431	0.11763683	
816.4	0.11368262	0.11763161	
816.6	0.11319481	0.11762639	
816.8	0.11349306	0.11762116	
817	0.11384402	0.11761594	
817.2	0.11446586	0.11761072	
817.4	0.11425129	0.1176055	
817.6	0.11510001	0.11760028	
817.8	0.11531342	0.11759506	
818	0.11509558	0.11758984	
818.2	0.11527675	0.11758462	
818.4	0.11539343	0.1175794	
818.6	0.11465832	0.11757418	
818.8	0.11504746	0.11756896	
819	0.11523609	0.11756374	
819.2	0.11534376	0.11755852	
819.4	0.11489445	0.1175533	
819.6	0.11460804	0.11754808	
819.8	0.11483871	0.11754286	
820	0.11485259	0.11753764	
820.2	0.11509797	0.11753242	
820.4	0.11612776	0.1175272	
820.6	0.1165955	0.11752199	
820.8	0.11656866	0.11751677	
821	0.11647102	0.11751155	
821.2	0.11621517	0.11750633	
821.4	0.11623105	0.11750112	
821.6	0.11704813	0.1174959	
821.8	0.11668288	0.11749069	
822	0.11612549	0.11748547	
822.2	0.11635305	0.11748025	
822.4	0.1168354	0.11747504	
822.6	0.11663989	0.11746982	
822.8	0.11657055	0.11746461	
823	0.11580651	0.11745939	
823.2	0.11536368	0.11745418	
823.4	0.11454469	0.11744896	
823.6	0.1148305	0.11744375	
823.8	0.11543919	0.11743853	
824	0.11506761	0.11743332	
824.2	0.11600304	0.11742811	
824.4	0.11621176	0.11742289	
824.6	0.11640255	0.11741768	
824.8	0.11622279	0.11741247	
825	0.11670535	0.11740725	
825.2	0.11646221	0.11740204	
825.4	0.11704023	0.11739683	
825.6	0.11648549	0.11739162	
825.8	0.11564536	0.11738641	
826	0.11580416	0.11738119	
826.2	0.11475845	0.11737598	
826.4	0.11426081	0.11737077	
826.6	0.11377875	0.11736556	
826.8	0.1125713	0.11736035	
827	0.11287499	0.11735514	
827.2	0.11317503	0.11734993	
827.4	0.11240097	0.11734472	
827.6	0.11300244	0.11733951	
827.8	0.11344403	0.1173343	
828	0.1137818	0.11732909	
828.2	0.11452955	0.11732388	
828.4	0.11367419	0.11731867	
828.6	0.11472622	0.11731346	
828.8	0.11485111	0.11730826	
829	0.11561059	0.11730305	
829.2	0.11607333	0.11729784	
829.4	0.11597458	0.11729263	
829.6	0.11615327	0.11728743	
829.8	0.11696514	0.11728222	
830	0.11608048	0.11727701	
830.2	0.11518811	0.1172718	
830.4	0.11609596	0.1172666	
830.6	0.11624483	0.11726139	
830.8	0.11608574	0.11725619	
831	0.11717533	0.11725098	
831.2	0.11688179	0.11724577	
831.4	0.11649619	0.11724057	
831.6	0.11660831	0.11723536	
831.8	0.11675615	0.11723016	
832	0.11637063	0.11722495	
832.2	0.11601267	0.11721975	
832.4	0.11527812	0.11721455	
832.6	0.11646199	0.11720934	
832.8	0.11623203	0.11720414	
833	0.11691937	0.11719894	
833.2	0.11731189	0.11719373	
833.4	0.11721458	0.11718853	
833.6	0.11796652	0.11718333	
833.8	0.11810688	0.11717812	
834	0.11761791	0.11717292	
834.2	0.11890118	0.11716772	
834.4	0.12036191	0.11716252	
834.6	0.12009387	0.11715732	
834.8	0.12023474	0.11715211	
835	0.11961246	0.11714691	
835.2	0.11844149	0.11714171	
835.4	0.11747196	0.11713651	
835.6	0.11619329	0.11713131	
835.8	0.11544103	0.11712611	
836	0.1144668	0.11712091	
836.2	0.11428075	0.11711571	
836.4	0.11384611	0.11711051	
836.6	0.11424675	0.11710531	
836.8	0.11367473	0.11710011	
837	0.1149622	0.11709491	
837.2	0.11518328	0.11708972	
837.4	0.11603174	0.11708452	
837.6	0.11699444	0.11707932	
837.8	0.11799558	0.11707412	
838	0.11851219	0.11706892	
838.2	0.11960991	0.11706373	
838.4	0.12042363	0.11705853	
838.6	0.1194167	0.11705333	
838.8	0.11968454	0.11704814	
839	0.11842527	0.11704294	
839.2	0.11812943	0.11703774	
839.4	0.11707264	0.11703255	
839.6	0.11614589	0.11702735	
839.8	0.11595066	0.11702216	
840	0.11529753	0.11701696	
840.2	0.11518153	0.11701176	
840.4	0.11469644	0.11700657	
840.6	0.11414486	0.11700137	
840.8	0.11402727	0.11699618	
841	0.11421689	0.11699099	
841.2	0.11305614	0.11698579	
841.4	0.11331471	0.1169806	
841.6	0.11268386	0.11697541	
841.8	0.11273288	0.11697021	
842	0.11267758	0.11696502	
842.2	0.11356476	0.11695983	
842.4	0.11385113	0.11695463	
842.6	0.11394822	0.11694944	
842.8	0.11528495	0.11694425	
843	0.11531557	0.11693906	
843.2	0.11679288	0.11693387	
843.4	0.11689463	0.11692867	
843.6	0.11800011	0.11692348	
843.8	0.11883802	0.11691829	
844	0.11877051	0.1169131	
844.2	0.11872706	0.11690791	
844.4	0.11863524	0.11690272	
844.6	0.11867727	0.11689753	
844.8	0.11910741	0.11689234	
845	0.11884304	0.11688715	
845.2	0.11729137	0.11688196	
845.4	0.11740612	0.11687677	
845.6	0.1164953	0.11687158	
845.8	0.11612115	0.11686639	
846	0.11583231	0.11686121	
846.2	0.11613062	0.11685602	
846.4	0.11566618	0.11685083	
846.6	0.11525975	0.11684564	
846.8	0.11506754	0.11684045	
847	0.11482596	0.11683527	
847.2	0.11530225	0.11683008	
847.4	0.11392901	0.11682489	
847.6	0.11400113	0.11681971	
847.8	0.1134004	0.11681452	
848	0.11356648	0.11680933	
848.2	0.11389194	0.11680415	
848.4	0.11430693	0.11679896	
848.6	0.11405879	0.11679378	
848.8	0.11405365	0.11678859	
849	0.1137951	0.11678341	
849.2	0.11327957	0.11677822	
849.4	0.11324067	0.11677304	
849.6	0.11300554	0.11676785	
849.8	0.11342375	0.11676267	
850	0.11447126	0.11675748	
850.2	0.11457148	0.1167523	
850.4	0.11408413	0.11674712	
850.6	0.11404614	0.11674193	
850.8	0.11492362	0.11673675	
851	0.11623762	0.11673157	
851.2	0.11725095	0.11672639	
851.4	0.11713226	0.1167212	
851.6	0.1185756	0.11671602	
851.8	0.11892692	0.11671084	
852	0.11927319	0.11670566	
852.2	0.11951841	0.11670048	
852.4	0.11924836	0.1166953	
852.6	0.11859111	0.11669012	
852.8	0.11859352	0.11668493	
853	0.11760042	0.11667975	
853.2	0.11756592	0.11667457	
853.4	0.11749786	0.11666939	
853.6	0.11745793	0.11666421	
853.8	0.11775589	0.11665904	
854	0.11761646	0.11665386	
854.2	0.1161041	0.11664868	
854.4	0.11608735	0.1166435	
854.6	0.11641964	0.11663832	
854.8	0.11644136	0.11663314	
855	0.11652582	0.11662796	
855.2	0.11633645	0.11662279	
855.4	0.11510256	0.11661761	
855.6	0.11536871	0.11661243	
855.8	0.11418887	0.11660725	
856	0.11447061	0.11660208	
856.2	0.11477282	0.1165969	
856.4	0.11384679	0.11659172	
856.6	0.11353556	0.11658655	
856.8	0.1133543	0.11658137	
857	0.11338748	0.11657619	
857.2	0.11393633	0.11657102	
857.4	0.11426691	0.11656584	
857.6	0.11351643	0.11656067	
857.8	0.11423856	0.11655549	
858	0.11410654	0.11655032	
858.2	0.11391015	0.11654514	
858.4	0.11433747	0.11653997	
858.6	0.11402794	0.1165348	
858.8	0.11312745	0.11652962	
859	0.11320627	0.11652445	
859.2	0.11288796	0.11651928	
859.4	0.11172792	0.1165141	
859.6	0.11168929	0.11650893	
859.8	0.11106737	0.11650376	
860	0.11099907	0.11649858	
860.2	0.11067877	0.11649341	
860.4	0.11058349	0.11648824	
860.6	0.1112413	0.11648307	
860.8	0.11047022	0.1164779	
861	0.11177662	0.11647273	
861.2	0.11134452	0.11646756	
861.4	0.11155316	0.11646238	
861.6	0.11088251	0.11645721	
861.8	0.11223616	0.11645204	
862	0.11335731	0.11644687	
862.2	0.11418524	0.1164417	
862.4	0.11498395	0.11643653	
862.6	0.11509699	0.11643137	
862.8	0.11390102	0.1164262	
863	0.11462393	0.11642103	
863.2	0.11464389	0.11641586	
863.4	0.11477865	0.11641069	
863.6	0.11391201	0.11640552	
863.8	0.11450196	0.11640035	
864	0.11440154	0.11639519	
864.2	0.11514992	0.11639002	
864.4	0.11465408	0.11638485	
864.6	0.1147416	0.11637968	
864.8	0.11392535	0.11637452	
865	0.11465998	0.11636935	
865.2	0.1134379	0.11636418	
865.4	0.11380619	0.11635902	
865.6	0.1137111	0.11635385	
865.8	0.11467067	0.11634869	
866	0.11525587	0.11634352	
866.2	0.11473821	0.11633836	
866.4	0.11364223	0.11633319	
866.6	0.11274465	0.11632803	
866.8	0.11265462	0.11632286	
867	0.11384597	0.1163177	
867.2	0.1141795	0.11631253	
867.4	0.11351067	0.11630737	
867.6	0.11332409	0.11630221	
867.8	0.11459634	0.11629704	
868	0.11511674	0.11629188	
868.2	0.11635727	0.11628672	
868.4	0.11682698	0.11628155	
868.6	0.11773638	0.11627639	
868.8	0.11755358	0.11627123	
869	0.11798974	0.11626607	
869.2	0.1185644	0.1162609	
869.4	0.11919459	0.11625574	
869.6	0.11922703	0.11625058	
869.8	0.11867543	0.11624542	
870	0.1182981	0.11624026	
870.2	0.11694583	0.1162351	
870.4	0.11584571	0.11622994	
870.6	0.11556158	0.11622478	
870.8	0.11554546	0.11621962	
871	0.11469391	0.11621446	
871.2	0.11408365	0.1162093	
871.4	0.1136025	0.11620414	
871.6	0.11453349	0.11619898	
871.8	0.11512049	0.11619382	
872	0.11537356	0.11618866	
872.2	0.11523669	0.1161835	
872.4	0.11439544	0.11617835	
872.6	0.11398259	0.11617319	
872.8	0.11357807	0.11616803	
873	0.11344639	0.11616287	
873.2	0.11332603	0.11615772	
873.4	0.1128401	0.11615256	
873.6	0.11296451	0.1161474	
873.8	0.11268995	0.11614225	
874	0.1131558	0.11613709	
874.2	0.11305383	0.11613193	
874.4	0.1127471	0.11612678	
874.6	0.11381904	0.11612162	
874.8	0.1145043	0.11611647	
875	0.11454765	0.11611131	
875.2	0.11484291	0.11610616	
875.4	0.11512763	0.116101	
875.6	0.11588812	0.11609585	
875.8	0.11575256	0.11609069	
876	0.11517974	0.11608554	
876.2	0.11469048	0.11608039	
876.4	0.11398175	0.11607523	
876.6	0.11394656	0.11607008	
876.8	0.11422879	0.11606493	
877	0.11332066	0.11605977	
877.2	0.11404769	0.11605462	
877.4	0.11461546	0.11604947	
877.6	0.11484714	0.11604432	
877.8	0.11602949	0.11603916	
878	0.11722442	0.11603401	
878.2	0.11764165	0.11602886	
878.4	0.11737252	0.11602371	
878.6	0.11821508	0.11601856	
878.8	0.1176425	0.11601341	
879	0.11744984	0.11600826	
879.2	0.11695013	0.11600311	
879.4	0.1176878	0.11599796	
879.6	0.11779171	0.11599281	
879.8	0.1171737	0.11598766	
880	0.11580036	0.11598251	
880.2	0.11560292	0.11597736	
880.4	0.11485014	0.11597221	
880.6	0.114403	0.11596706	
880.8	0.11365333	0.11596191	
881	0.11236822	0.11595676	
881.2	0.11274908	0.11595161	
881.4	0.11260909	0.11594647	
881.6	0.11248883	0.11594132	
881.8	0.11302085	0.11593617	
882	0.1127371	0.11593102	
882.2	0.11279955	0.11592588	
882.4	0.11268617	0.11592073	
882.6	0.11361259	0.11591558	
882.8	0.11393723	0.11591044	
883	0.11410798	0.11590529	
883.2	0.11429739	0.11590015	
883.4	0.115503	0.115895	
883.6	0.11589501	0.11588986	
883.8	0.11595336	0.11588471	
884	0.11600285	0.11587957	
884.2	0.11622209	0.11587442	
884.4	0.11538702	0.11586928	
884.6	0.1153631	0.11586413	
884.8	0.11523212	0.11585899	
885	0.11488417	0.11585384	
885.2	0.11488223	0.1158487	
885.4	0.11463111	0.11584356	
885.6	0.11450288	0.11583841	
885.8	0.11383505	0.11583327	
886	0.11346256	0.11582813	
886.2	0.11349861	0.11582299	
886.4	0.11384566	0.11581784	
886.6	0.11340568	0.1158127	
886.8	0.11241166	0.11580756	
887	0.11227573	0.11580242	
887.2	0.11196027	0.11579728	
887.4	0.11166652	0.11579214	
887.6	0.11110445	0.115787	
887.8	0.10976126	0.11578186	
888	0.10963649	0.11577672	
888.2	0.10911632	0.11577158	
888.4	0.10925932	0.11576644	
888.6	0.10935901	0.1157613	
888.8	0.10910302	0.11575616	
889	0.10858435	0.11575102	
889.2	0.10950789	0.11574588	
889.4	0.10909322	0.11574074	
889.6	0.10968848	0.1157356	
889.8	0.10991135	0.11573046	
890	0.11039839	0.11572533	
890.2	0.11102486	0.11572019	
890.4	0.11224525	0.11571505	
890.6	0.11244376	0.11570991	
890.8	0.11265885	0.11570478	
891	0.11356455	0.11569964	
891.2	0.1137756	0.1156945	
891.4	0.11389792	0.11568937	
891.6	0.11374961	0.11568423	
891.8	0.11431509	0.11567909	
892	0.11570065	0.11567396	
892.2	0.11559682	0.11566882	
892.4	0.11599103	0.11566369	
892.6	0.11603301	0.11565855	
892.8	0.11556736	0.11565342	
893	0.11533452	0.11564828	
893.2	0.11527705	0.11564315	
893.4	0.11431594	0.11563801	
893.6	0.11434613	0.11563288	
893.8	0.11441594	0.11562775	
894	0.11459698	0.11562261	
894.2	0.11471887	0.11561748	
894.4	0.11499006	0.11561235	
894.6	0.11519907	0.11560721	
894.8	0.11509632	0.11560208	
895	0.11615549	0.11559695	
895.2	0.1166347	0.11559182	
895.4	0.11600327	0.11558668	
895.6	0.11527021	0.11558155	
895.8	0.1157718	0.11557642	
896	0.11633035	0.11557129	
896.2	0.11590558	0.11556616	
896.4	0.11728944	0.11556103	
896.6	0.11741174	0.1155559	
896.8	0.11718112	0.11555077	
897	0.11756078	0.11554564	
897.2	0.1174672	0.11554051	
897.4	0.1169824	0.11553538	
897.6	0.11717307	0.11553025	
897.8	0.11790536	0.11552512	
898	0.11932781	0.11551999	
898.2	0.11966047	0.11551486	
898.4	0.11964075	0.11550973	
898.6	0.11991771	0.11550461	
898.8	0.11965619	0.11549948	
899	0.11949749	0.11549435	
899.2	0.11896255	0.11548922	
899.4	0.11833787	0.11548409	
899.6	0.11847583	0.11547897	
899.8	0.11787436	0.11547384	
900	0.11816598	0.11546871	
900.2	0.11808034	0.11546359	
900.4	0.11843058	0.11545846	
900.6	0.11794558	0.11545334	
900.8	0.11778054	0.11544821	
901	0.11752267	0.11544308	
901.2	0.11650644	0.11543796	
901.4	0.11586304	0.11543283	
901.6	0.11636606	0.11542771	
901.8	0.11654964	0.11542258	
902	0.11666416	0.11541746	
902.2	0.11560205	0.11541234	
902.4	0.11484607	0.11540721	
902.6	0.1149894	0.11540209	
902.8	0.11408904	0.11539697	
903	0.11362299	0.11539184	
903.2	0.11436715	0.11538672	
903.4	0.11560514	0.1153816	
903.6	0.11580027	0.11537647	
903.8	0.11512672	0.11537135	
904	0.11571695	0.11536623	
904.2	0.11533339	0.11536111	
904.4	0.11515444	0.11535599	
904.6	0.11551028	0.11535086	
904.8	0.1152007	0.11534574	
905	0.11475489	0.11534062	
905.2	0.11430376	0.1153355	
905.4	0.11452139	0.11533038	
905.6	0.11432038	0.11532526	
905.8	0.11391998	0.11532014	
906	0.11378809	0.11531502	
906.2	0.11368225	0.1153099	
906.4	0.1134826	0.11530478	
906.6	0.11363977	0.11529966	
906.8	0.11334211	0.11529454	
907	0.11328781	0.11528943	
907.2	0.11371577	0.11528431	
907.4	0.11470165	0.11527919	
907.6	0.11388069	0.11527407	
907.8	0.11398949	0.11526895	
908	0.11409258	0.11526384	
908.2	0.11298867	0.11525872	
908.4	0.11237625	0.1152536	
908.6	0.11222586	0.11524848	
908.8	0.11211623	0.11524337	
909	0.11270911	0.11523825	
909.2	0.11273471	0.11523313	
909.4	0.1127101	0.11522802	
909.6	0.11288694	0.1152229	
909.8	0.11326998	0.11521779	
910	0.11472443	0.11521267	
910.2	0.11505175	0.11520756	
910.4	0.11555244	0.11520244	
910.6	0.11507708	0.11519733	
910.8	0.1156056	0.11519221	
911	0.11455142	0.1151871	
911.2	0.11472968	0.11518199	
911.4	0.1152662	0.11517687	
911.6	0.11502711	0.11517176	
911.8	0.11559137	0.11516665	
912	0.11522784	0.11516153	
912.2	0.1142013	0.11515642	
912.4	0.11438646	0.11515131	
912.6	0.11458092	0.11514619	
912.8	0.11541783	0.11514108	
913	0.11520404	0.11513597	
913.2	0.11503136	0.11513086	
913.4	0.1155231	0.11512575	
913.6	0.11623242	0.11512064	
913.8	0.11671346	0.11511553	
914	0.11682646	0.11511041	
914.2	0.11535818	0.1151053	
914.4	0.11491827	0.11510019	
914.6	0.11353258	0.11509508	
914.8	0.11299756	0.11508997	
915	0.11247685	0.11508486	
915.2	0.11234677	0.11507976	
915.4	0.11211111	0.11507465	
915.6	0.11202303	0.11506954	
915.8	0.11142276	0.11506443	
916	0.11108786	0.11505932	
916.2	0.11040079	0.11505421	
916.4	0.10997511	0.1150491	
916.6	0.11021524	0.115044	
916.8	0.11134584	0.11503889	
917	0.11172113	0.11503378	
917.2	0.1121312	0.11502867	
917.4	0.11290064	0.11502357	
917.6	0.11334326	0.11501846	
917.8	0.11246887	0.11501335	
918	0.11211874	0.11500825	
918.2	0.11275745	0.11500314	
918.4	0.11311714	0.11499804	
918.6	0.11415422	0.11499293	
918.8	0.11402579	0.11498783	
919	0.11560998	0.11498272	
919.2	0.11421134	0.11497762	
919.4	0.11504635	0.11497251	
919.6	0.11556631	0.11496741	
919.8	0.11480762	0.1149623	
920	0.11479078	0.1149572	
920.2	0.11441743	0.11495209	
920.4	0.11455068	0.11494699	
920.6	0.11567124	0.11494189	
920.8	0.11658592	0.11493678	
921	0.11717048	0.11493168	
921.2	0.11635266	0.11492658	
921.4	0.11604315	0.11492148	
921.6	0.11663574	0.11491637	
921.8	0.11564358	0.11491127	
922	0.11652523	0.11490617	
922.2	0.11718848	0.11490107	
922.4	0.116869	0.11489597	
922.6	0.11742061	0.11489087	
922.8	0.11680042	0.11488577	
923	0.11668606	0.11488067	
923.2	0.11587245	0.11487557	
923.4	0.11654695	0.11487047	
923.6	0.11571665	0.11486537	
923.8	0.11441366	0.11486027	
924	0.1139338	0.11485517	
924.2	0.11259997	0.11485007	
924.4	0.11256387	0.11484497	
924.6	0.11271395	0.11483987	
924.8	0.11258036	0.11483477	
925	0.11224626	0.11482967	
925.2	0.11141453	0.11482458	
925.4	0.1111341	0.11481948	
925.6	0.11094751	0.11481438	
925.8	0.10918042	0.11480928	
926	0.10997803	0.11480419	
926.2	0.11068998	0.11479909	
926.4	0.11121339	0.11479399	
926.6	0.11173316	0.1147889	
926.8	0.11204731	0.1147838	
927	0.11232869	0.1147787	
927.2	0.11270873	0.11477361	
927.4	0.11216929	0.11476851	
927.6	0.11257257	0.11476342	
927.8	0.11277192	0.11475832	
928	0.1126812	0.11475323	
928.2	0.11243699	0.11474813	
928.4	0.11315973	0.11474304	
928.6	0.11320339	0.11473794	
928.8	0.11316196	0.11473285	
929	0.11294564	0.11472776	
929.2	0.11314149	0.11472266	
929.4	0.11182905	0.11471757	
929.6	0.11114001	0.11471248	
929.8	0.1109626	0.11470738	
930	0.11203144	0.11470229	
930.2	0.11186786	0.1146972	
930.4	0.11225376	0.11469211	
930.6	0.11186166	0.11468701	
930.8	0.11165701	0.11468192	
931	0.11110888	0.11467683	
931.2	0.11097012	0.11467174	
931.4	0.11115823	0.11466665	
931.6	0.11196852	0.11466156	
931.8	0.11233819	0.11465647	
932	0.1127859	0.11465138	
932.2	0.11294393	0.11464629	
932.4	0.11383678	0.1146412	
932.6	0.1145399	0.11463611	
932.8	0.11471342	0.11463102	
933	0.11522152	0.11462593	
933.2	0.1149739	0.11462084	
933.4	0.11417079	0.11461575	
933.6	0.11450063	0.11461066	
933.8	0.11446444	0.11460557	
934	0.11515628	0.11460049	
934.2	0.11442918	0.1145954	
934.4	0.11416235	0.11459031	
934.6	0.11424411	0.11458522	
934.8	0.11344263	0.11458014	
935	0.1132558	0.11457505	
935.2	0.11345175	0.11456996	
935.4	0.11386921	0.11456488	
935.6	0.11402987	0.11455979	
935.8	0.11485069	0.1145547	
936	0.11370313	0.11454962	
936.2	0.1137043	0.11454453	
936.4	0.11474561	0.11453945	
936.6	0.11469308	0.11453436	
936.8	0.11476798	0.11452928	
937	0.11423869	0.11452419	
937.2	0.11448471	0.11451911	
937.4	0.11451192	0.11451402	
937.6	0.11446409	0.11450894	
937.8	0.11475077	0.11450385	
938	0.11457351	0.11449877	
938.2	0.11450763	0.11449369	
938.4	0.11489489	0.1144886	
938.6	0.11603672	0.11448352	
938.8	0.11559288	0.11447844	
939	0.11626527	0.11447336	
939.2	0.11632724	0.11446827	
939.4	0.11658663	0.11446319	
939.6	0.11662422	0.11445811	
939.8	0.11709616	0.11445303	
940	0.11551195	0.11444795	
940.2	0.11621176	0.11444287	
940.4	0.11672552	0.11443779	
940.6	0.11656389	0.11443271	
940.8	0.11667612	0.11442762	
941	0.1168105	0.11442254	
941.2	0.11724795	0.11441746	
941.4	0.11675459	0.11441239	
941.6	0.11630975	0.11440731	
941.8	0.11653062	0.11440223	
942	0.11691246	0.11439715	
942.2	0.11735164	0.11439207	
942.4	0.11674009	0.11438699	
942.6	0.11670782	0.11438191	
942.8	0.11567757	0.11437683	
943	0.11498439	0.11437176	
943.2	0.11437552	0.11436668	
943.4	0.11427914	0.1143616	
943.6	0.11422739	0.11435652	
943.8	0.11422215	0.11435145	
944	0.11304711	0.11434637	
944.2	0.11264334	0.11434129	
944.4	0.11247534	0.11433622	
944.6	0.1121904	0.11433114	
944.8	0.11318934	0.11432606	
945	0.11428615	0.11432099	
945.2	0.11428593	0.11431591	
945.4	0.11542336	0.11431084	
945.6	0.11563602	0.11430576	
945.8	0.11698443	0.11430069	
946	0.11746572	0.11429561	
946.2	0.11694584	0.11429054	
946.4	0.11605953	0.11428546	
946.6	0.11606003	0.11428039	
946.8	0.11560863	0.11427532	
947	0.11529619	0.11427024	
947.2	0.11508661	0.11426517	
947.4	0.11503225	0.1142601	
947.6	0.11457001	0.11425502	
947.8	0.11429502	0.11424995	
948	0.11272639	0.11424488	
948.2	0.11187904	0.11423981	
948.4	0.11155713	0.11423474	
948.6	0.11138353	0.11422966	
948.8	0.11172757	0.11422459	
949	0.11140517	0.11421952	
949.2	0.11060381	0.11421445	
949.4	0.11058748	0.11420938	
949.6	0.1099413	0.11420431	
949.8	0.10891077	0.11419924	
950	0.10919028	0.11419417	
950.2	0.10933619	0.1141891	
950.4	0.10896953	0.11418403	
950.6	0.10986741	0.11417896	
950.8	0.11045979	0.11417389	
951	0.11050285	0.11416882	
951.2	0.11053158	0.11416375	
951.4	0.11148016	0.11415869	
951.6	0.11174687	0.11415362	
951.8	0.11163092	0.11414855	
952	0.11093726	0.11414348	
952.2	0.11197014	0.11413841	
952.4	0.11141121	0.11413335	
952.6	0.1109063	0.11412828	
952.8	0.11043715	0.11412321	
953	0.10956012	0.11411815	
953.2	0.10916759	0.11411308	
953.4	0.10910483	0.11410801	
953.6	0.1087996	0.11410295	
953.8	0.1087826	0.11409788	
954	0.11084682	0.11409282	
954.2	0.11170273	0.11408775	
954.4	0.11196197	0.11408269	
954.6	0.11302823	0.11407762	
954.8	0.11308433	0.11407256	
955	0.11330095	0.11406749	
955.2	0.11318075	0.11406243	
955.4	0.11420272	0.11405736	
955.6	0.11421137	0.1140523	
955.8	0.11383097	0.11404724	
956	0.11363171	0.11404217	
956.2	0.11376395	0.11403711	
956.4	0.11244327	0.11403205	
956.6	0.11116403	0.11402698	
956.8	0.11053286	0.11402192	
957	0.10992035	0.11401686	
957.2	0.11034555	0.1140118	
957.4	0.11027868	0.11400674	
957.6	0.11032152	0.11400167	
957.8	0.11121518	0.11399661	
958	0.11214066	0.11399155	
958.2	0.1129099	0.11398649	
958.4	0.11329948	0.11398143	
958.6	0.11342953	0.11397637	
958.8	0.11418469	0.11397131	
959	0.11548806	0.11396625	
959.2	0.11569294	0.11396119	
959.4	0.11603722	0.11395613	
959.6	0.11556347	0.11395107	
959.8	0.11483449	0.11394601	
960	0.11485076	0.11394095	
960.2	0.11452587	0.1139359	
960.4	0.11503828	0.11393084	
960.6	0.1135445	0.11392578	
960.8	0.11372606	0.11392072	
961	0.11327837	0.11391566	
961.2	0.11264426	0.11391061	
961.4	0.11282714	0.11390555	
961.6	0.11308804	0.11390049	
961.8	0.11304693	0.11389543	
962	0.11296052	0.11389038	
962.2	0.11288661	0.11388532	
962.4	0.11331126	0.11388027	
962.6	0.11354744	0.11387521	
962.8	0.11463438	0.11387015	
963	0.11488543	0.1138651	
963.2	0.11401628	0.11386004	
963.4	0.11322225	0.11385499	
963.6	0.11232906	0.11384993	
963.8	0.11191856	0.11384488	
964	0.11213115	0.11383982	
964.2	0.11181315	0.11383477	
964.4	0.11241552	0.11382972	
964.6	0.11063411	0.11382466	
964.8	0.11094609	0.11381961	
965	0.11019413	0.11381456	
965.2	0.10997753	0.1138095	
965.4	0.11017679	0.11380445	
965.6	0.11038956	0.1137994	
965.8	0.10979077	0.11379435	
966	0.10871107	0.11378929	
966.2	0.1088985	0.11378424	
966.4	0.10957724	0.11377919	
966.6	0.11024629	0.11377414	
966.8	0.11054852	0.11376909	
967	0.11101356	0.11376404	
967.2	0.11115107	0.11375899	
967.4	0.11182019	0.11375394	
967.6	0.11170492	0.11374889	
967.8	0.11159834	0.11374384	
968	0.11281892	0.11373879	
968.2	0.11268176	0.11373374	
968.4	0.11307205	0.11372869	
968.6	0.11319007	0.11372364	
968.8	0.11368462	0.11371859	
969	0.11303929	0.11371354	
969.2	0.11328428	0.11370849	
969.4	0.11295024	0.11370344	
969.6	0.11338411	0.11369839	
969.8	0.11203862	0.11369335	
970	0.11117239	0.1136883	
970.2	0.1118809	0.11368325	
970.4	0.11163694	0.1136782	
970.6	0.11216506	0.11367316	
970.8	0.11301694	0.11366811	
971	0.11428173	0.11366306	
971.2	0.11498891	0.11365802	
971.4	0.1152771	0.11365297	
971.6	0.11509277	0.11364793	
971.8	0.11484505	0.11364288	
972	0.11523393	0.11363784	
972.2	0.11515971	0.11363279	
972.4	0.11559002	0.11362775	
972.6	0.11590248	0.1136227	
972.8	0.11509876	0.11361766	
973	0.11435104	0.11361261	
973.2	0.11396028	0.11360757	
973.4	0.11353076	0.11360252	
973.6	0.11288635	0.11359748	
973.8	0.11177243	0.11359244	
974	0.11159615	0.11358739	
974.2	0.11190861	0.11358235	
974.4	0.11156613	0.11357731	
974.6	0.11235195	0.11357227	
974.8	0.11293221	0.11356722	
975	0.1130274	0.11356218	
975.2	0.11358694	0.11355714	
975.4	0.11423792	0.1135521	
975.6	0.1142866	0.11354706	
975.8	0.11436978	0.11354202	
976	0.11516126	0.11353698	
976.2	0.1156232	0.11353194	
976.4	0.11561186	0.11352689	
976.6	0.11605544	0.11352185	
976.8	0.1157589	0.11351681	
977	0.11577976	0.11351177	
977.2	0.11582846	0.11350674	
977.4	0.11655472	0.1135017	
977.6	0.11592087	0.11349666	
977.8	0.11553511	0.11349162	
978	0.11543781	0.11348658	
978.2	0.11512598	0.11348154	
978.4	0.114449	0.1134765	
978.6	0.11422966	0.11347146	
978.8	0.11408413	0.11346643	
979	0.11454505	0.11346139	
979.2	0.11548257	0.11345635	
979.4	0.1153057	0.11345132	
979.6	0.11485251	0.11344628	
979.8	0.11531066	0.11344124	
980	0.11478889	0.11343621	
980.2	0.11389266	0.11343117	
980.4	0.11433941	0.11342613	
980.6	0.11378217	0.1134211	
980.8	0.11278247	0.11341606	
981	0.11254353	0.11341103	
981.2	0.11195261	0.11340599	
981.4	0.11197362	0.11340096	
981.6	0.11070661	0.11339592	
981.8	0.11016237	0.11339089	
982	0.11010901	0.11338585	
982.2	0.10989554	0.11338082	
982.4	0.11025482	0.11337579	
982.6	0.11068998	0.11337075	
982.8	0.11097629	0.11336572	
983	0.11150795	0.11336069	
983.2	0.11239956	0.11335565	
983.4	0.11262832	0.11335062	
983.6	0.11314104	0.11334559	
983.8	0.11408244	0.11334056	
984	0.11397452	0.11333552	
984.2	0.11433057	0.11333049	
984.4	0.11453362	0.11332546	
984.6	0.11379053	0.11332043	
984.8	0.1138904	0.1133154	
985	0.11390564	0.11331037	
985.2	0.11378697	0.11330534	
985.4	0.11449133	0.11330031	
985.6	0.11458121	0.11329528	
985.8	0.11453361	0.11329025	
986	0.11408033	0.11328522	
986.2	0.11349485	0.11328019	
986.4	0.11369433	0.11327516	
986.6	0.11371263	0.11327013	
986.8	0.11326501	0.1132651	
987	0.11380398	0.11326007	
987.2	0.11448138	0.11325504	
987.4	0.11488111	0.11325002	
987.6	0.11514571	0.11324499	
987.8	0.11571142	0.11323996	
988	0.11518032	0.11323493	
988.2	0.11520013	0.11322991	
988.4	0.11515093	0.11322488	
988.6	0.1152727	0.11321985	
988.8	0.11591555	0.11321483	
989	0.11641289	0.1132098	
989.2	0.11666269	0.11320477	
989.4	0.11732698	0.11319975	
989.6	0.11713461	0.11319472	
989.8	0.1173941	0.1131897	
990	0.11705704	0.11318467	
990.2	0.11650494	0.11317965	
990.4	0.11660311	0.11317462	
990.6	0.11682316	0.1131696	
990.8	0.11622574	0.11316457	
991	0.11605468	0.11315955	
991.2	0.11576062	0.11315452	
991.4	0.1142228	0.1131495	
991.6	0.11289032	0.11314448	
991.8	0.1119902	0.11313945	
992	0.11150897	0.11313443	
992.2	0.11043673	0.11312941	
992.4	0.11005824	0.11312438	
992.6	0.10974478	0.11311936	
992.8	0.10949876	0.11311434	
993	0.1093615	0.11310932	
993.2	0.10961861	0.1131043	
993.4	0.11011035	0.11309928	
993.6	0.1107497	0.11309425	
993.8	0.11261628	0.11308923	
994	0.11338492	0.11308421	
994.2	0.11366409	0.11307919	
994.4	0.11423532	0.11307417	
994.6	0.11520994	0.11306915	
994.8	0.11544439	0.11306413	
995	0.11545144	0.11305911	
995.2	0.11556199	0.11305409	
995.4	0.11440253	0.11304907	
995.6	0.11389028	0.11304405	
995.8	0.1143598	0.11303904	
996	0.11372823	0.11303402	
996.2	0.11285578	0.113029	
996.4	0.11338532	0.11302398	
996.6	0.11372494	0.11301896	
996.8	0.11323368	0.11301395	
997	0.11414503	0.11300893	
997.2	0.11398393	0.11300391	
997.4	0.11383096	0.11299889	
997.6	0.11479586	0.11299388	
997.8	0.11496477	0.11298886	
998	0.11480061	0.11298384	
998.2	0.11476104	0.11297883	
998.4	0.11430728	0.11297381	
998.6	0.11518258	0.1129688	
998.8	0.11488177	0.11296378	
999	0.11482184	0.11295877	
999.2	0.11466128	0.11295375	
999.4	0.11371349	0.11294874	
999.6	0.11315726	0.11294372	
999.8	0.11356889	0.11293871	
1000	0.11280835	0.11293369	
1000.2	0.1137122	0.11292868	
1000.4	0.11439307	0.11292367	
1000.6	0.1148076	0.11291865	
1000.8	0.11484955	0.11291364	
1001	0.11451402	0.11290863	
1001.2	0.11385845	0.11290361	
1001.4	0.11408105	0.1128986	
1001.6	0.11377242	0.11289359	
1001.8	0.11270154	0.11288858	
1002	0.1133355	0.11288356	
1002.2	0.11327497	0.11287855	
1002.4	0.11319456	0.11287354	
1002.6	0.11321661	0.11286853	
1002.8	0.11299209	0.11286352	
1003	0.11349928	0.11285851	
1003.2	0.11323253	0.1128535	
1003.4	0.11280694	0.11284849	
1003.6	0.11328179	0.11284348	
1003.8	0.11339905	0.11283847	
1004	0.11358532	0.11283346	
1004.2	0.11412604	0.11282845	
1004.4	0.11437158	0.11282344	
1004.6	0.11397892	0.11281843	
1004.8	0.11360255	0.11281342	
1005	0.11229985	0.11280841	
1005.2	0.11296611	0.1128034	
1005.4	0.11308277	0.1127984	
1005.6	0.11338902	0.11279339	
1005.8	0.11336614	0.11278838	
1006	0.11372367	0.11278337	
1006.2	0.11349667	0.11277837	
1006.4	0.11318032	0.11277336	
1006.6	0.1127627	0.11276835	
1006.8	0.11326593	0.11276335	
1007	0.11339481	0.11275834	
1007.2	0.1136631	0.11275333	
1007.4	0.11428803	0.11274833	
1007.6	0.11510415	0.11274332	
1007.8	0.11517116	0.11273832	
1008	0.11583509	0.11273331	
1008.2	0.11661678	0.11272831	
1008.4	0.11639296	0.1127233	
1008.6	0.11584881	0.1127183	
1008.8	0.1155858	0.11271329	
1009	0.11538681	0.11270829	
1009.2	0.11553214	0.11270329	
1009.4	0.11549067	0.11269828	
1009.6	0.1148569	0.11269328	
1009.8	0.11338801	0.11268828	
1010	0.1129526	0.11268327	
1010.2	0.11202561	0.11267827	
1010.4	0.11102919	0.11267327	
1010.6	0.11055423	0.11266826	
1010.8	0.1106253	0.11266326	
1011	0.11091267	0.11265826	
1011.2	0.11064611	0.11265326	
1011.4	0.1114204	0.11264826	
1011.6	0.11143996	0.11264326	
1011.8	0.11243916	0.11263826	
1012	0.11238175	0.11263325	
1012.2	0.11270653	0.11262825	
1012.4	0.11287092	0.11262325	
1012.6	0.1128231	0.11261825	
1012.8	0.11251228	0.11261325	
1013	0.11231722	0.11260825	
1013.2	0.11208062	0.11260325	
1013.4	0.11240229	0.11259826	
1013.6	0.11210768	0.11259326	
1013.8	0.11193544	0.11258826	
1014	0.11228812	0.11258326	
1014.2	0.11235952	0.11257826	
1014.4	0.11320925	0.11257326	
1014.6	0.11304429	0.11256827	
1014.8	0.11356391	0.11256327	
1015	0.11375109	0.11255827	
1015.2	0.11329604	0.11255327	
1015.4	0.1133213	0.11254828	
1015.6	0.11215251	0.11254328	
1015.8	0.11223515	0.11253828	
1016	0.11114292	0.11253329	
1016.2	0.11143542	0.11252829	
1016.4	0.11134501	0.11252329	
1016.6	0.11093467	0.1125183	
1016.8	0.11144929	0.1125133	
1017	0.11183609	0.11250831	
1017.2	0.11241445	0.11250331	
1017.4	0.11240702	0.11249832	
1017.6	0.11291968	0.11249332	
1017.8	0.11345517	0.11248833	
1018	0.11365383	0.11248334	
1018.2	0.11358295	0.11247834	
1018.4	0.11360625	0.11247335	
1018.6	0.11282453	0.11246835	
1018.8	0.11270493	0.11246336	
1019	0.11294189	0.11245837	
1019.2	0.11317507	0.11245338	
1019.4	0.11186105	0.11244838	
1019.6	0.11181934	0.11244339	
1019.8	0.11193685	0.1124384	
1020	0.11159757	0.11243341	
1020.2	0.11200699	0.11242842	
1020.4	0.11249238	0.11242342	
1020.6	0.11308168	0.11241843	
1020.8	0.11382104	0.11241344	
1021	0.11357452	0.11240845	
1021.2	0.11296719	0.11240346	
1021.4	0.11283543	0.11239847	
1021.6	0.11371828	0.11239348	
1021.8	0.11366785	0.11238849	
1022	0.11288184	0.1123835	
1022.2	0.11278603	0.11237851	
1022.4	0.11214145	0.11237352	
1022.6	0.11188939	0.11236853	
1022.8	0.11165678	0.11236354	
1023	0.11193135	0.11235856	
1023.2	0.11159301	0.11235357	
1023.4	0.11018867	0.11234858	
1023.6	0.11097023	0.11234359	
1023.8	0.11138092	0.1123386	
1024	0.1119979	0.11233362	
1024.2	0.11270356	0.11232863	
1024.4	0.11296682	0.11232364	
1024.6	0.11279653	0.11231865	
1024.8	0.11242215	0.11231367	
1025	0.11176426	0.11230868	
1025.2	0.11130794	0.1123037	
1025.4	0.11205457	0.11229871	
1025.6	0.11229552	0.11229372	
1025.8	0.11229445	0.11228874	
1026	0.11256595	0.11228375	
1026.2	0.11238548	0.11227877	
1026.4	0.11167583	0.11227378	
1026.6	0.11180824	0.1122688	
1026.8	0.111637	0.11226381	
1027	0.11134304	0.11225883	
1027.2	0.11128751	0.11225385	
1027.4	0.11252542	0.11224886	
1027.6	0.11317176	0.11224388	
1027.8	0.11372911	0.1122389	
1028	0.11374066	0.11223391	
1028.2	0.11337292	0.11222893	
1028.4	0.11366476	0.11222395	
1028.6	0.1138458	0.11221897	
1028.8	0.11326402	0.11221398	
1029	0.11322637	0.112209	
1029.2	0.11395987	0.11220402	
1029.4	0.11396057	0.11219904	
1029.6	0.11415991	0.11219406	
1029.8	0.11377686	0.11218908	
1030	0.11425193	0.1121841	
1030.2	0.11373817	0.11217911	
1030.4	0.11345967	0.11217413	
1030.6	0.11321044	0.11216915	
1030.8	0.11344146	0.11216417	
1031	0.11366022	0.11215919	
1031.2	0.11340074	0.11215422	
1031.4	0.11275372	0.11214924	
1031.6	0.11226656	0.11214426	
1031.8	0.11187323	0.11213928	
1032	0.11095723	0.1121343	
1032.2	0.11077502	0.11212932	
1032.4	0.11135277	0.11212434	
1032.6	0.11098618	0.11211936	
1032.8	0.11011238	0.11211439	
1033	0.11037662	0.11210941	
1033.2	0.11029139	0.11210443	
1033.4	0.11013436	0.11209946	
1033.6	0.11042559	0.11209448	
1033.8	0.11007723	0.1120895	
1034	0.11114084	0.11208453	
1034.2	0.11127907	0.11207955	
1034.4	0.11132942	0.11207457	
1034.6	0.11175755	0.1120696	
1034.8	0.111848	0.11206462	
1035	0.11166158	0.11205965	
1035.2	0.10995002	0.11205467	
1035.4	0.11039407	0.1120497	
1035.6	0.1105951	0.11204472	
1035.8	0.11035973	0.11203975	
1036	0.11044764	0.11203477	
1036.2	0.11181292	0.1120298	
1036.4	0.11235827	0.11202483	
1036.6	0.11232704	0.11201985	
1036.8	0.11271019	0.11201488	
1037	0.11267338	0.11200991	
1037.2	0.11243135	0.11200493	
1037.4	0.1131875	0.11199996	
1037.6	0.11305531	0.11199499	
1037.8	0.11407838	0.11199002	
1038	0.11485682	0.11198504	
1038.2	0.11544581	0.11198007	
1038.4	0.11577573	0.1119751	
1038.6	0.11561454	0.11197013	
1038.8	0.1140982	0.11196516	
1039	0.11366849	0.11196019	
1039.2	0.11212333	0.11195522	
1039.4	0.1124942	0.11195025	
1039.6	0.11165095	0.11194528	
1039.8	0.11226647	0.11194031	
1040	0.11262755	0.11193534	
1040.2	0.11323461	0.11193037	
1040.4	0.11246945	0.1119254	
1040.6	0.1118729	0.11192043	
1040.8	0.11185769	0.11191546	
1041	0.11133532	0.11191049	
1041.2	0.11079192	0.11190552	
1041.4	0.11087295	0.11190055	
1041.6	0.1114169	0.11189559	
1041.8	0.11292941	0.11189062	
1042	0.11324304	0.11188565	
1042.2	0.11399016	0.11188068	
1042.4	0.1138326	0.11187572	
1042.6	0.1133715	0.11187075	
1042.8	0.11277248	0.11186578	
1043	0.112741	0.11186082	
1043.2	0.11253832	0.11185585	
1043.4	0.11307016	0.11185088	
1043.6	0.11283662	0.11184592	
1043.8	0.11291874	0.11184095	
1044	0.11320315	0.11183599	
1044.2	0.11310903	0.11183102	
1044.4	0.11222703	0.11182606	
1044.6	0.11152465	0.11182109	
1044.8	0.11143857	0.11181613	
1045	0.11059886	0.11181116	
1045.2	0.10978771	0.1118062	
1045.4	0.11050141	0.11180124	
1045.6	0.11116622	0.11179627	
1045.8	0.11051803	0.11179131	
1046	0.11004598	0.11178635	
1046.2	0.1097861	0.11178138	
1046.4	0.1104784	0.11177642	
1046.6	0.11054293	0.11177146	
1046.8	0.11006055	0.1117665	
1047	0.1102594	0.11176153	
1047.2	0.1109957	0.11175657	
1047.4	0.1107736	0.11175161	
1047.6	0.11076398	0.11174665	
1047.8	0.11156571	0.11174169	
1048	0.11208574	0.11173673	
1048.2	0.11265956	0.11173177	
1048.4	0.11273651	0.11172681	
1048.6	0.11310411	0.11172185	
1048.8	0.1133042	0.11171689	
1049	0.11361176	0.11171193	
1049.2	0.11436811	0.11170697	
1049.4	0.11511086	0.11170201	
1049.6	0.11515352	0.11169705	
1049.8	0.11416127	0.11169209	
1050	0.11455919	0.11168713	
1050.2	0.11478052	0.11168217	
1050.4	0.11447154	0.11167721	
1050.6	0.1140086	0.11167225	
1050.8	0.11288986	0.1116673	
1051	0.11278039	0.11166234	
1051.2	0.11251356	0.11165738	
1051.4	0.11224963	0.11165242	
1051.6	0.11102902	0.11164747	
1051.8	0.11034353	0.11164251	
1052	0.10994643	0.11163755	
1052.2	0.11024573	0.1116326	
1052.4	0.11063069	0.11162764	
1052.6	0.11008478	0.11162269	
1052.8	0.11003914	0.11161773	
1053	0.1104954	0.11161278	
1053.2	0.11135583	0.11160782	
1053.4	0.1117967	0.11160286	
1053.6	0.11194621	0.11159791	
1053.8	0.11189363	0.11159296	
1054	0.11238964	0.111588	
1054.2	0.11267142	0.11158305	
1054.4	0.11153077	0.11157809	
1054.6	0.11227484	0.11157314	
1054.8	0.11197968	0.11156819	
1055	0.11168428	0.11156323	
1055.2	0.11182105	0.11155828	
1055.4	0.110803	0.11155333	
1055.6	0.11044422	0.11154837	
1055.8	0.11061118	0.11154342	
1056	0.11131298	0.11153847	
1056.2	0.11101514	0.11153352	
1056.4	0.11038094	0.11152857	
1056.6	0.11049011	0.11152361	
1056.8	0.11107723	0.11151866	
1057	0.11146004	0.11151371	
1057.2	0.11172475	0.11150876	
1057.4	0.11105375	0.11150381	
1057.6	0.11031853	0.11149886	
1057.8	0.11041139	0.11149391	
1058	0.10923881	0.11148896	
1058.2	0.10924349	0.11148401	
1058.4	0.10873136	0.11147906	
1058.6	0.1094133	0.11147411	
1058.8	0.10981041	0.11146916	
1059	0.10958747	0.11146421	
1059.2	0.1097765	0.11145927	
1059.4	0.10996844	0.11145432	
1059.6	0.11003188	0.11144937	
1059.8	0.1103499	0.11144442	
1060	0.11100115	0.11143947	
1060.2	0.11080867	0.11143453	
1060.4	0.11196048	0.11142958	
1060.6	0.11319177	0.11142463	
1060.8	0.11353302	0.11141968	
1061	0.11336367	0.11141474	
1061.2	0.11306432	0.11140979	
1061.4	0.11330489	0.11140485	
1061.6	0.11164683	0.1113999	
1061.8	0.11116859	0.11139495	
1062	0.11047138	0.11139001	
1062.2	0.11091794	0.11138506	
1062.4	0.1114206	0.11138012	
1062.6	0.11123078	0.11137517	
1062.8	0.11082192	0.11137023	
1063	0.11025127	0.11136528	
1063.2	0.10904359	0.11136034	
1063.4	0.10817615	0.1113554	
1063.6	0.1079869	0.11135045	
1063.8	0.108476	0.11134551	
1064	0.10867943	0.11134056	
1064.2	0.1085151	0.11133562	
1064.4	0.10922419	0.11133068	
1064.6	0.11010728	0.11132574	
1064.8	0.11073635	0.11132079	
1065	0.1102367	0.11131585	
1065.2	0.11020398	0.11131091	
1065.4	0.11044805	0.11130597	
1065.6	0.10873166	0.11130103	
1065.8	0.10933931	0.11129608	
1066	0.11003537	0.11129114	
1066.2	0.11063506	0.1112862	
1066.4	0.11133263	0.11128126	
1066.6	0.11097141	0.11127632	
1066.8	0.11048202	0.11127138	
1067	0.11046511	0.11126644	
1067.2	0.10941936	0.1112615	
1067.4	0.10863664	0.11125656	
1067.6	0.1088234	0.11125162	
1067.8	0.10852652	0.11124668	
1068	0.10842404	0.11124174	
1068.2	0.10874871	0.1112368	
1068.4	0.10908453	0.11123187	
1068.6	0.10991252	0.11122693	
1068.8	0.11035673	0.11122199	
1069	0.11007453	0.11121705	
1069.2	0.10980569	0.11121211	
1069.4	0.11034096	0.11120718	
1069.6	0.11036427	0.11120224	
1069.8	0.11065069	0.1111973	
1070	0.11139983	0.11119237	
1070.2	0.11144473	0.11118743	
1070.4	0.11142319	0.11118249	
1070.6	0.11086598	0.11117756	
1070.8	0.11006537	0.11117262	
1071	0.11019294	0.11116769	
1071.2	0.11018658	0.11116275	
1071.4	0.10944487	0.11115781	
1071.6	0.10953155	0.11115288	
1071.8	0.10860162	0.11114794	
1072	0.10835718	0.11114301	
1072.2	0.10853765	0.11113808	
1072.4	0.10854958	0.11113314	
1072.6	0.10940342	0.11112821	
1072.8	0.10983463	0.11112327	
1073	0.10929811	0.11111834	
1073.2	0.10941107	0.11111341	
1073.4	0.10982609	0.11110847	
1073.6	0.11038581	0.11110354	
1073.8	0.11000683	0.11109861	
1074	0.11020684	0.11109368	
1074.2	0.1096799	0.11108874	
1074.4	0.10964776	0.11108381	
1074.6	0.10942053	0.11107888	
1074.8	0.10954488	0.11107395	
1075	0.11088143	0.11106902	
1075.2	0.11148579	0.11106409	
1075.4	0.11121847	0.11105916	
1075.6	0.11153748	0.11105422	
1075.8	0.11113469	0.11104929	
1076	0.11176781	0.11104436	
1076.2	0.11077412	0.11103943	
1076.4	0.11241101	0.1110345	
1076.6	0.11172465	0.11102957	
1076.8	0.11127609	0.11102465	
1077	0.11108301	0.11101972	
1077.2	0.11127254	0.11101479	
1077.4	0.1110087	0.11100986	
1077.6	0.11073693	0.11100493	
1077.8	0.11019401	0.111	
1078	0.10976781	0.11099507	
1078.2	0.10966999	0.11099015	
1078.4	0.1093179	0.11098522	
1078.6	0.10926114	0.11098029	
1078.8	0.11018055	0.11097536	
1079	0.11066933	0.11097044	
1079.2	0.10982166	0.11096551	
1079.4	0.11025491	0.11096058	
1079.6	0.1107235	0.11095566	
1079.8	0.11117052	0.11095073	
1080	0.11099463	0.11094581	
1080.2	0.11154391	0.11094088	
1080.4	0.11192507	0.11093596	
1080.6	0.11052061	0.11093103	
1080.8	0.11091034	0.1109261	
1081	0.11107161	0.11092118	
1081.2	0.11098503	0.11091626	
1081.4	0.11068725	0.11091133	
1081.6	0.11017131	0.11090641	
1081.8	0.10954325	0.11090148	
1082	0.10952584	0.11089656	
1082.2	0.10929419	0.11089164	
1082.4	0.10865428	0.11088671	
1082.6	0.10903904	0.11088179	
1082.8	0.10924621	0.11087687	
1083	0.1088009	0.11087194	
1083.2	0.1082658	0.11086702	
1083.4	0.11002658	0.1108621	
1083.6	0.111796	0.11085718	
1083.8	0.11202161	0.11085226	
1084	0.11224656	0.11084734	
1084.2	0.11299678	0.11084241	
1084.4	0.1132412	0.11083749	
1084.6	0.11321813	0.11083257	
1084.8	0.11449818	0.11082765	
1085	0.11403842	0.11082273	
1085.2	0.113816	0.11081781	
1085.4	0.11374355	0.11081289	
1085.6	0.11345574	0.11080797	
1085.8	0.11211773	0.11080305	
1086	0.11231055	0.11079813	
1086.2	0.11140162	0.11079321	
1086.4	0.11069312	0.1107883	
1086.6	0.11045349	0.11078338	
1086.8	0.10925827	0.11077846	
1087	0.10854797	0.11077354	
1087.2	0.10727532	0.11076862	
1087.4	0.10791302	0.1107637	
1087.6	0.10842486	0.11075879	
1087.8	0.10784821	0.11075387	
1088	0.10802284	0.11074895	
1088.2	0.108509	0.11074404	
1088.4	0.10929532	0.11073912	
1088.6	0.10988549	0.1107342	
1088.8	0.11132191	0.11072929	
1089	0.11098997	0.11072437	
1089.2	0.11157973	0.11071945	
1089.4	0.11201629	0.11071454	
1089.6	0.11245456	0.11070962	
1089.8	0.11180279	0.11070471	
1090	0.11191899	0.11069979	
1090.2	0.11153442	0.11069488	
1090.4	0.11215238	0.11068996	
1090.6	0.11179694	0.11068505	
1090.8	0.11130632	0.11068014	
1091	0.11079382	0.11067522	
1091.2	0.1103795	0.11067031	
1091.4	0.11059509	0.1106654	
1091.6	0.11034224	0.11066048	
1091.8	0.11029514	0.11065557	
1092	0.10918696	0.11065066	
1092.2	0.10991276	0.11064574	
1092.4	0.11007581	0.11064083	
1092.6	0.11084991	0.11063592	
1092.8	0.11060042	0.11063101	
1093	0.11029007	0.1106261	
1093.2	0.10998885	0.11062118	
1093.4	0.11013087	0.11061627	
1093.6	0.1100746	0.11061136	
1093.8	0.1094559	0.11060645	
1094	0.10890852	0.11060154	
1094.2	0.10992465	0.11059663	
1094.4	0.11059536	0.11059172	
1094.6	0.11025216	0.11058681	
1094.8	0.11068122	0.1105819	
1095	0.10991889	0.11057699	
1095.2	0.1090969	0.11057208	
1095.4	0.1079528	0.11056717	
1095.6	0.10791878	0.11056226	
1095.8	0.10766689	0.11055736	
1096	0.10687969	0.11055245	
1096.2	0.10750467	0.11054754	
1096.4	0.10774345	0.11054263	
1096.6	0.10891041	0.11053772	
1096.8	0.10798881	0.11053282	
1097	0.10836255	0.11052791	
1097.2	0.10855146	0.110523	
1097.4	0.10943671	0.1105181	
1097.6	0.10944027	0.11051319	
1097.8	0.10958219	0.11050828	
1098	0.11034232	0.11050338	
1098.2	0.11177651	0.11049847	
1098.4	0.11275907	0.11049356	
1098.6	0.11299628	0.11048866	
1098.8	0.11332114	0.11048375	
1099	0.11260552	0.11047885	
1099.2	0.1129587	0.11047394	
1099.4	0.11260464	0.11046904	
1099.6	0.11313747	0.11046413	
1099.8	0.11262132	0.11045923	
1100	0.11198121	0.11045433	
1100.2	0.11172968	0.11044942	
1100.4	0.11222793	0.11044452	
1100.6	0.11194132	0.11043962	
1100.8	0.1106321	0.11043471	
1101	0.11151244	0.11042981	
1101.2	0.11108245	0.11042491	
1101.4	0.11047539	0.11042	
1101.6	0.1102571	0.1104151	
1101.8	0.11085665	0.1104102	
1102	0.10978843	0.1104053	
1102.2	0.10932818	0.1104004	
1102.4	0.10946761	0.11039549	
1102.6	0.10808988	0.11039059	
1102.8	0.10832144	0.11038569	
1103	0.10773641	0.11038079	
1103.2	0.10785881	0.11037589	
1103.4	0.1073699	0.11037099	
1103.6	0.10722798	0.11036609	
1103.8	0.10711155	0.11036119	
1104	0.10709977	0.11035629	
1104.2	0.10698924	0.11035139	
1104.4	0.10800462	0.11034649	
1104.6	0.10836259	0.11034159	
1104.8	0.10930937	0.1103367	
1105	0.11060153	0.1103318	
1105.2	0.1108979	0.1103269	
1105.4	0.11143869	0.110322	
1105.6	0.11181979	0.1103171	
1105.8	0.1107787	0.1103122	
1106	0.10859721	0.11030731	
1106.2	0.10849195	0.11030241	
1106.4	0.10816157	0.11029751	
1106.6	0.10686225	0.11029262	
1106.8	0.10665841	0.11028772	
1107	0.10586797	0.11028282	
1107.2	0.10600983	0.11027793	
1107.4	0.10674847	0.11027303	
1107.6	0.10656355	0.11026813	
1107.8	0.10719803	0.11026324	
1108	0.10749782	0.11025834	
1108.2	0.10769474	0.11025345	
1108.4	0.10963362	0.11024855	
1108.6	0.11067579	0.11024366	
1108.8	0.11200862	0.11023877	
1109	0.1125083	0.11023387	
1109.2	0.11248149	0.11022898	
1109.4	0.1123404	0.11022408	
1109.6	0.11231259	0.11021919	
1109.8	0.1122612	0.1102143	
1110	0.11206118	0.1102094	
1110.2	0.1123266	0.11020451	
1110.4	0.11270293	0.11019962	
1110.6	0.11316996	0.11019472	
1110.8	0.11352284	0.11018983	
1111	0.11356935	0.11018494	
1111.2	0.11329803	0.11018005	
1111.4	0.11367413	0.11017516	
1111.6	0.11247601	0.11017027	
1111.8	0.11236244	0.11016537	
1112	0.1118136	0.11016048	
1112.2	0.11169684	0.11015559	
1112.4	0.11200915	0.1101507	
1112.6	0.1110227	0.11014581	
1112.8	0.10993438	0.11014092	
1113	0.10935997	0.11013603	
1113.2	0.10832393	0.11013114	
1113.4	0.10762058	0.11012625	
1113.6	0.10780197	0.11012136	
1113.8	0.10793442	0.11011647	
1114	0.10919179	0.11011159	
1114.2	0.10960165	0.1101067	
1114.4	0.11086464	0.11010181	
1114.6	0.11172636	0.11009692	
1114.8	0.1115383	0.11009203	
1115	0.11260683	0.11008715	
1115.2	0.11259291	0.11008226	
1115.4	0.1132835	0.11007737	
1115.6	0.11265716	0.11007248	
1115.8	0.11390633	0.1100676	
1116	0.11414798	0.11006271	
1116.2	0.11400141	0.11005782	
1116.4	0.11429555	0.11005294	
1116.6	0.1135294	0.11004805	
1116.8	0.11332558	0.11004317	
1117	0.11420272	0.11003828	
1117.2	0.11314477	0.11003339	
1117.4	0.11248093	0.11002851	
1117.6	0.11243775	0.11002362	
1117.8	0.11235935	0.11001874	
1118	0.11263112	0.11001386	
1118.2	0.11193943	0.11000897	
1118.4	0.11194614	0.11000409	
1118.6	0.11177131	0.1099992	
1118.8	0.11222282	0.10999432	
1119	0.11340213	0.10998944	
1119.2	0.11256682	0.10998455	
1119.4	0.11239126	0.10997967	
1119.6	0.11194038	0.10997479	
1119.8	0.1126027	0.10996991	
1120	0.11233409	0.10996502	
1120.2	0.1124936	0.10996014	
1120.4	0.11272301	0.10995526	
1120.6	0.11316424	0.10995038	
1120.8	0.11379341	0.1099455	
1121	0.11390035	0.10994061	
1121.2	0.11297586	0.10993573	
1121.4	0.11307551	0.10993085	
1121.6	0.11278312	0.10992597	
1121.8	0.11234078	0.10992109	
1122	0.11200303	0.10991621	
1122.2	0.11182705	0.10991133	
1122.4	0.11156555	0.10990645	
1122.6	0.1115357	0.10990157	
1122.8	0.11131044	0.10989669	
1123	0.11136292	0.10989181	
1123.2	0.11110174	0.10988694	
1123.4	0.1107936	0.10988206	
1123.6	0.1110292	0.10987718	
1123.8	0.11139933	0.1098723	
1124	0.11142261	0.10986742	
1124.2	0.11197527	0.10986255	
1124.4	0.11241171	0.10985767	
1124.6	0.11288883	0.10985279	
1124.8	0.11177337	0.10984791	
1125	0.11174438	0.10984304	
1125.2	0.11253983	0.10983816	
1125.4	0.11321007	0.10983328	
1125.6	0.11245401	0.10982841	
1125.8	0.11183827	0.10982353	
1126	0.11078968	0.10981866	
1126.2	0.10949434	0.10981378	
1126.4	0.10933614	0.1098089	
1126.6	0.10863737	0.10980403	
1126.8	0.10816044	0.10979915	
1127	0.10845086	0.10979428	
1127.2	0.10820642	0.10978941	
1127.4	0.10793492	0.10978453	
1127.6	0.10741397	0.10977966	
1127.8	0.10703322	0.10977478	
1128	0.10701653	0.10976991	
1128.2	0.10624089	0.10976504	
1128.4	0.10631948	0.10976016	
1128.6	0.1054678	0.10975529	
1128.8	0.10506858	0.10975042	
1129	0.10610201	0.10974554	
1129.2	0.10685872	0.10974067	
1129.4	0.10652888	0.1097358	
1129.6	0.10572409	0.10973093	
1129.8	0.10531165	0.10972606	
1130	0.10474479	0.10972119	
1130.2	0.10498428	0.10971631	
1130.4	0.10544808	0.10971144	
1130.6	0.10610601	0.10970657	
1130.8	0.1075414	0.1097017	
1131	0.10864988	0.10969683	
1131.2	0.10961267	0.10969196	
1131.4	0.11025033	0.10968709	
1131.6	0.11002741	0.10968222	
1131.8	0.10994766	0.10967735	
1132	0.11024525	0.10967248	
1132.2	0.10997912	0.10966761	
1132.4	0.11101357	0.10966274	
1132.6	0.11089738	0.10965788	
1132.8	0.1117011	0.10965301	
1133	0.112247	0.10964814	
1133.2	0.11217483	0.10964327	
1133.4	0.11209363	0.1096384	
1133.6	0.11159475	0.10963354	
1133.8	0.11166602	0.10962867	
1134	0.1123062	0.1096238	
1134.2	0.11288126	0.10961893	
1134.4	0.11313819	0.10961407	
1134.6	0.11440554	0.1096092	
1134.8	0.1148753	0.10960434	
1135	0.11411553	0.10959947	
1135.2	0.11389242	0.1095946	
1135.4	0.11350058	0.10958974	
1135.6	0.11216177	0.10958487	
1135.8	0.11130423	0.10958001	
1136	0.11148229	0.10957514	
1136.2	0.11148161	0.10957028	
1136.4	0.11085689	0.10956541	
1136.6	0.11080297	0.10956055	
1136.8	0.11108602	0.10955568	
1137	0.11076092	0.10955082	
1137.2	0.11062204	0.10954596	
1137.4	0.11131252	0.10954109	
1137.6	0.1119952	0.10953623	
1137.8	0.11278712	0.10953137	
1138	0.11328766	0.1095265	
1138.2	0.11338642	0.10952164	
1138.4	0.11342909	0.10951678	
1138.6	0.11299314	0.10951192	
1138.8	0.11238113	0.10950706	
1139	0.11206676	0.10950219	
1139.2	0.11206049	0.10949733	
1139.4	0.11143241	0.10949247	
1139.6	0.1096455	0.10948761	
1139.8	0.10971227	0.10948275	
1140	0.11012354	0.10947789	
1140.2	0.10921593	0.10947303	
1140.4	0.10807226	0.10946817	
1140.6	0.10811829	0.10946331	
1140.8	0.10807828	0.10945845	
1141	0.10865661	0.10945359	
1141.2	0.10898587	0.10944873	
1141.4	0.10985465	0.10944387	
1141.6	0.1101895	0.10943901	
1141.8	0.10969342	0.10943415	
1142	0.10912251	0.10942929	
1142.2	0.10933633	0.10942443	
1142.4	0.10937786	0.10941958	
1142.6	0.10939734	0.10941472	
1142.8	0.1088321	0.10940986	
1143	0.10969513	0.109405	
1143.2	0.10970627	0.10940015	
1143.4	0.10965192	0.10939529	
1143.6	0.11045168	0.10939043	
1143.8	0.11107151	0.10938558	
1144	0.11139821	0.10938072	
1144.2	0.1105705	0.10937586	
1144.4	0.11084261	0.10937101	
1144.6	0.11164813	0.10936615	
1144.8	0.11247023	0.1093613	
1145	0.11293125	0.10935644	
1145.2	0.11236063	0.10935159	
1145.4	0.11281678	0.10934673	
1145.6	0.11227655	0.10934188	
1145.8	0.11230728	0.10933702	
1146	0.11312882	0.10933217	
1146.2	0.11371858	0.10932731	
1146.4	0.11330434	0.10932246	
1146.6	0.11265882	0.10931761	
1146.8	0.11160571	0.10931275	
1147	0.11280703	0.1093079	
1147.2	0.11241442	0.10930305	
1147.4	0.11176455	0.1092982	
1147.6	0.11121304	0.10929334	
1147.8	0.11017434	0.10928849	
1148	0.11034893	0.10928364	
1148.2	0.10928999	0.10927879	
1148.4	0.10849483	0.10927394	
1148.6	0.10853166	0.10926908	
1148.8	0.1082558	0.10926423	
1149	0.10795806	0.10925938	
1149.2	0.10818172	0.10925453	
1149.4	0.10885645	0.10924968	
1149.6	0.108956	0.10924483	
1149.8	0.1101826	0.10923998	
1150	0.11116792	0.10923513	
1150.2	0.11178646	0.10923028	
1150.4	0.1120676	0.10922543	
1150.6	0.11263422	0.10922058	
1150.8	0.11322775	0.10921573	
1151	0.11448005	0.10921088	
1151.2	0.11420879	0.10920604	
1151.4	0.11377361	0.10920119	
1151.6	0.11325863	0.10919634	
1151.8	0.11274714	0.10919149	
1152	0.11191457	0.10918664	
1152.2	0.11075191	0.1091818	
1152.4	0.109965	0.10917695	
1152.6	0.11025746	0.1091721	
1152.8	0.10953166	0.10916725	
1153	0.10990511	0.10916241	
1153.2	0.10909929	0.10915756	
1153.4	0.10834024	0.10915272	
1153.6	0.10800811	0.10914787	
1153.8	0.10906739	0.10914302	
1154	0.11000942	0.10913818	
1154.2	0.11044513	0.10913333	
1154.4	0.1107774	0.10912849	
1154.6	0.11106511	0.10912364	
1154.8	0.11179457	0.1091188	
1155	0.11236947	0.10911395	
1155.2	0.11275615	0.10910911	
1155.4	0.11176031	0.10910426	
1155.6	0.11080994	0.10909942	
1155.8	0.10993447	0.10909458	
1156	0.10975294	0.10908973	
1156.2	0.11012021	0.10908489	
1156.4	0.11024177	0.10908005	
1156.6	0.11098671	0.1090752	
1156.8	0.11076152	0.10907036	
1157	0.11116043	0.10906552	
1157.2	0.11008519	0.10906068	
1157.4	0.11062581	0.10905584	
1157.6	0.11093355	0.10905099	
1157.8	0.11142829	0.10904615	
1158	0.11093879	0.10904131	
1158.2	0.10996053	0.10903647	
1158.4	0.11080015	0.10903163	
1158.6	0.10982128	0.10902679	
1158.8	0.11015604	0.10902195	
1159	0.10927825	0.10901711	
1159.2	0.10931794	0.10901227	
1159.4	0.1074009	0.10900743	
1159.6	0.10731339	0.10900259	
1159.8	0.10760523	0.10899775	
1160	0.10805673	0.10899291	
1160.2	0.10788768	0.10898807	
1160.4	0.10880736	0.10898323	
1160.6	0.10973493	0.10897839	
1160.8	0.10963062	0.10897356	
1161	0.10986375	0.10896872	
1161.2	0.11039505	0.10896388	
1161.4	0.11098192	0.10895904	
1161.6	0.11167068	0.10895421	
1161.8	0.11194826	0.10894937	
1162	0.1117944	0.10894453	
1162.2	0.11179352	0.10893969	
1162.4	0.11212384	0.10893486	
1162.6	0.11159982	0.10893002	
1162.8	0.11199828	0.10892519	
1163	0.11160546	0.10892035	
1163.2	0.11185885	0.10891551	
1163.4	0.11177345	0.10891068	
1163.6	0.11274618	0.10890584	
1163.8	0.11292187	0.10890101	
1164	0.11307144	0.10889617	
1164.2	0.11294617	0.10889134	
1164.4	0.11407902	0.1088865	
1164.6	0.11436348	0.10888167	
1164.8	0.11332609	0.10887684	
1165	0.11261491	0.108872	
1165.2	0.11239074	0.10886717	
1165.4	0.11203472	0.10886234	
1165.6	0.11148007	0.1088575	
1165.8	0.10954017	0.10885267	
1166	0.10848396	0.10884784	
1166.2	0.10802683	0.108843	
1166.4	0.10785916	0.10883817	
1166.6	0.10712441	0.10883334	
1166.8	0.10678917	0.10882851	
1167	0.10705784	0.10882368	
1167.2	0.10669518	0.10881885	
1167.4	0.10737606	0.10881401	
1167.6	0.1078582	0.10880918	
1167.8	0.10808362	0.10880435	
1168	0.10971739	0.10879952	
1168.2	0.10993102	0.10879469	
1168.4	0.11055175	0.10878986	
1168.6	0.11173388	0.10878503	
1168.8	0.11028545	0.1087802	
1169	0.10992178	0.10877537	
1169.2	0.11004472	0.10877054	
1169.4	0.10967459	0.10876571	
1169.6	0.10894566	0.10876089	
1169.8	0.1089539	0.10875606	
1170	0.10943234	0.10875123	
1170.2	0.1091474	0.1087464	
1170.4	0.10912193	0.10874157	
1170.6	0.10796908	0.10873674	
1170.8	0.10786473	0.10873192	
1171	0.10787686	0.10872709	
1171.2	0.10696977	0.10872226	
1171.4	0.10682259	0.10871744	
1171.6	0.10761876	0.10871261	
1171.8	0.10751093	0.10870778	
1172	0.10812763	0.10870296	
1172.2	0.10724656	0.10869813	
1172.4	0.1083075	0.1086933	
1172.6	0.10902392	0.10868848	
1172.8	0.1075622	0.10868365	
1173	0.10802359	0.10867883	
1173.2	0.10852716	0.108674	
1173.4	0.1083012	0.10866918	
1173.6	0.10855119	0.10866435	
1173.8	0.10922116	0.10865953	
1174	0.10961303	0.10865471	
1174.2	0.10989212	0.10864988	
1174.4	0.10974666	0.10864506	
1174.6	0.10916655	0.10864023	
1174.8	0.10973185	0.10863541	
1175	0.11030002	0.10863059	
1175.2	0.11000015	0.10862577	
1175.4	0.10988689	0.10862094	
1175.6	0.11018623	0.10861612	
1175.8	0.10930753	0.1086113	
1176	0.10913649	0.10860648	
1176.2	0.10901069	0.10860165	
1176.4	0.1093457	0.10859683	
1176.6	0.10916063	0.10859201	
1176.8	0.10788283	0.10858719	
1177	0.10832546	0.10858237	
1177.2	0.10815069	0.10857755	
1177.4	0.10770918	0.10857273	
1177.6	0.1077438	0.10856791	
1177.8	0.10887793	0.10856309	
1178	0.10932382	0.10855827	
1178.2	0.10927567	0.10855345	
1178.4	0.10924254	0.10854863	
1178.6	0.10948469	0.10854381	
1178.8	0.11003304	0.10853899	
1179	0.11020439	0.10853417	
1179.2	0.10981287	0.10852935	
1179.4	0.11013878	0.10852454	
1179.6	0.10992234	0.10851972	
1179.8	0.11015274	0.1085149	
1180	0.11113598	0.10851008	
1180.2	0.11138684	0.10850526	
1180.4	0.11133832	0.10850045	
1180.6	0.11140845	0.10849563	
1180.8	0.11140111	0.10849081	
1181	0.11198968	0.108486	
1181.2	0.1117871	0.10848118	
1181.4	0.11218105	0.10847636	
1181.6	0.11179474	0.10847155	
1181.8	0.11221195	0.10846673	
1182	0.11135518	0.10846192	
1182.2	0.1107763	0.1084571	
1182.4	0.11047144	0.10845229	
1182.6	0.10955161	0.10844747	
1182.8	0.10949828	0.10844266	
1183	0.1094914	0.10843784	
1183.2	0.10900369	0.10843303	
1183.4	0.10880882	0.10842821	
1183.6	0.10859436	0.1084234	
1183.8	0.11004956	0.10841859	
1184	0.11002779	0.10841377	
1184.2	0.1095348	0.10840896	
1184.4	0.10938291	0.10840415	
1184.6	0.10804634	0.10839933	
1184.8	0.10806338	0.10839452	
1185	0.10746882	0.10838971	
1185.2	0.10742335	0.1083849	
1185.4	0.10739123	0.10838008	
1185.6	0.10704104	0.10837527	
1185.8	0.10720667	0.10837046	
1186	0.10694452	0.10836565	
1186.2	0.10767193	0.10836084	
1186.4	0.10799541	0.10835603	
1186.6	0.10849419	0.10835122	
1186.8	0.10902224	0.10834641	
1187	0.1093072	0.1083416	
1187.2	0.10896356	0.10833679	
1187.4	0.10996228	0.10833198	
1187.6	0.11060416	0.10832717	
1187.8	0.11146209	0.10832236	
1188	0.11037711	0.10831755	
1188.2	0.10925545	0.10831274	
1188.4	0.1090307	0.10830793	
1188.6	0.10860483	0.10830312	
1188.8	0.10884308	0.10829831	
1189	0.1086848	0.10829351	
1189.2	0.10969176	0.1082887	
1189.4	0.11033985	0.10828389	
1189.6	0.11074145	0.10827908	
1189.8	0.11088956	0.10827428	
1190	0.11152283	0.10826947	
1190.2	0.1121767	0.10826466	
1190.4	0.11197347	0.10825986	
1190.6	0.11106702	0.10825505	
1190.8	0.11036973	0.10825024	
1191	0.11005965	0.10824544	
1191.2	0.10954648	0.10824063	
1191.4	0.11000954	0.10823583	
1191.6	0.1090675	0.10823102	
1191.8	0.10866031	0.10822622	
1192	0.10747963	0.10822141	
1192.2	0.10701466	0.10821661	
1192.4	0.10780238	0.1082118	
1192.6	0.10802021	0.108207	
1192.8	0.10813023	0.10820219	
1193	0.10903781	0.10819739	
1193.2	0.10967727	0.10819259	
1193.4	0.10958671	0.10818778	
1193.6	0.10895596	0.10818298	
1193.8	0.10881675	0.10817818	
1194	0.10921787	0.10817337	
1194.2	0.10876099	0.10816857	
1194.4	0.10823567	0.10816377	
1194.6	0.10847741	0.10815897	
1194.8	0.10924713	0.10815417	
1195	0.10914655	0.10814936	
1195.2	0.10865785	0.10814456	
1195.4	0.10917011	0.10813976	
1195.6	0.10901622	0.10813496	
1195.8	0.110062	0.10813016	
1196	0.11015902	0.10812536	
1196.2	0.10984206	0.10812056	
1196.4	0.10996751	0.10811576	
1196.6	0.11064396	0.10811096	
1196.8	0.1106504	0.10810616	
1197	0.11098058	0.10810136	
1197.2	0.10957613	0.10809656	
1197.4	0.1092216	0.10809176	
1197.6	0.10799204	0.10808696	
1197.8	0.10814565	0.10808216	
1198	0.10829284	0.10807736	
1198.2	0.10746674	0.10807257	
1198.4	0.10812045	0.10806777	
1198.6	0.10786783	0.10806297	
1198.8	0.10763973	0.10805817	
1199	0.1072514	0.10805338	
1199.2	0.10733699	0.10804858	
1199.4	0.10821461	0.10804378	
1199.6	0.10803817	0.10803898	
1199.8	0.10831359	0.10803419	
1200	0.10765115	0.10802939	
1200.2	0.10779548	0.1080246	
1200.4	0.10790268	0.1080198	
1200.6	0.10765158	0.108015	
1200.8	0.10768645	0.10801021	
1201	0.10764853	0.10800541	
1201.2	0.10655489	0.10800062	
1201.4	0.10709551	0.10799582	
1201.6	0.10690002	0.10799103	
1201.8	0.10774384	0.10798623	
1202	0.1072119	0.10798144	
1202.2	0.10715401	0.10797665	
1202.4	0.1080594	0.10797185	
1202.6	0.10750204	0.10796706	
1202.8	0.10868974	0.10796227	
1203	0.10926602	0.10795747	
1203.2	0.1102195	0.10795268	
1203.4	0.11025175	0.10794789	
1203.6	0.10990175	0.10794309	
1203.8	0.11060976	0.1079383	
1204	0.1109498	0.10793351	
1204.2	0.11135042	0.10792872	
1204.4	0.1104945	0.10792393	
1204.6	0.11058999	0.10791913	
1204.8	0.1104847	0.10791434	
1205	0.109329	0.10790955	
1205.2	0.10956232	0.10790476	
1205.4	0.10987843	0.10789997	
1205.6	0.10876323	0.10789518	
1205.8	0.10814079	0.10789039	
1206	0.10705206	0.1078856	
1206.2	0.10711246	0.10788081	
1206.4	0.10674297	0.10787602	
1206.6	0.10633986	0.10787123	
1206.8	0.10581294	0.10786644	
1207	0.10631321	0.10786165	
1207.2	0.10666153	0.10785686	
1207.4	0.10636875	0.10785208	
1207.6	0.10666656	0.10784729	
1207.8	0.10770033	0.1078425	
1208	0.10768082	0.10783771	
1208.2	0.1087487	0.10783292	
1208.4	0.10929446	0.10782814	
1208.6	0.10969255	0.10782335	
1208.8	0.10936792	0.10781856	
1209	0.10979446	0.10781378	
1209.2	0.11104244	0.10780899	
1209.4	0.11072362	0.1078042	
1209.6	0.11040591	0.10779942	
1209.8	0.11037656	0.10779463	
1210	0.11099664	0.10778985	
1210.2	0.11076967	0.10778506	
1210.4	0.11072998	0.10778027	
1210.6	0.11077295	0.10777549	
1210.8	0.10987784	0.1077707	
1211	0.11009872	0.10776592	
1211.2	0.11052664	0.10776114	
1211.4	0.1101415	0.10775635	
1211.6	0.11000129	0.10775157	
1211.8	0.11027713	0.10774678	
1212	0.11105025	0.107742	
1212.2	0.11112237	0.10773722	
1212.4	0.11017749	0.10773243	
1212.6	0.10911606	0.10772765	
1212.8	0.10812473	0.10772287	
1213	0.10777933	0.10771809	
1213.2	0.10699856	0.1077133	
1213.4	0.10666387	0.10770852	
1213.6	0.10675524	0.10770374	
1213.8	0.10703097	0.10769896	
1214	0.10737334	0.10769418	
1214.2	0.10682939	0.10768939	
1214.4	0.10757323	0.10768461	
1214.6	0.10766275	0.10767983	
1214.8	0.10834789	0.10767505	
1215	0.10934264	0.10767027	
1215.2	0.11056875	0.10766549	
1215.4	0.11099535	0.10766071	
1215.6	0.11170594	0.10765593	
1215.8	0.11255776	0.10765115	
1216	0.1127777	0.10764637	
1216.2	0.11107295	0.10764159	
1216.4	0.10996292	0.10763682	
1216.6	0.11001398	0.10763204	
1216.8	0.10946758	0.10762726	
1217	0.10940564	0.10762248	
1217.2	0.10909103	0.1076177	
1217.4	0.10939025	0.10761292	
1217.6	0.11008594	0.10760815	
1217.8	0.11063166	0.10760337	
1218	0.11058603	0.10759859	
1218.2	0.11123764	0.10759381	
1218.4	0.11193251	0.10758904	
1218.6	0.11244013	0.10758426	
1218.8	0.11337837	0.10757948	
1219	0.11300244	0.10757471	
1219.2	0.11300505	0.10756993	
1219.4	0.11217759	0.10756516	
1219.6	0.11165636	0.10756038	
1219.8	0.1105962	0.10755561	
1220	0.10903841	0.10755083	
1220.2	0.10794654	0.10754606	
1220.4	0.10692175	0.10754128	
1220.6	0.10634959	0.10753651	
1220.8	0.10581658	0.10753173	
1221	0.10502236	0.10752696	
1221.2	0.10401952	0.10752218	
1221.4	0.10372397	0.10751741	
1221.6	0.10413303	0.10751264	
1221.8	0.10335287	0.10750786	
1222	0.10309085	0.10750309	
1222.2	0.10344199	0.10749832	
1222.4	0.10380274	0.10749355	
1222.6	0.10393497	0.10748877	
1222.8	0.10495018	0.107484	
1223	0.10482922	0.10747923	
1223.2	0.1052906	0.10747446	
1223.4	0.1054852	0.10746969	
1223.6	0.10684121	0.10746492	
1223.8	0.10731152	0.10746014	
1224	0.10830608	0.10745537	
1224.2	0.1090751	0.1074506	
1224.4	0.10969972	0.10744583	
1224.6	0.11105462	0.10744106	
1224.8	0.1117822	0.10743629	
1225	0.11131014	0.10743152	
1225.2	0.11147677	0.10742675	
1225.4	0.11155974	0.10742198	
1225.6	0.11161635	0.10741721	
1225.8	0.11028361	0.10741245	
1226	0.10961966	0.10740768	
1226.2	0.10933527	0.10740291	
1226.4	0.10945019	0.10739814	
1226.6	0.10906724	0.10739337	
1226.8	0.10913688	0.1073886	
1227	0.10848725	0.10738384	
1227.2	0.10830332	0.10737907	
1227.4	0.10867415	0.1073743	
1227.6	0.10859847	0.10736953	
1227.8	0.10853371	0.10736477	
1228	0.10857917	0.10736	
1228.2	0.10897545	0.10735523	
1228.4	0.10925711	0.10735047	
1228.6	0.10919817	0.1073457	
1228.8	0.10842479	0.10734094	
1229	0.10840428	0.10733617	
1229.2	0.10752997	0.10733141	
1229.4	0.1068906	0.10732664	
1229.6	0.10608428	0.10732188	
1229.8	0.10488341	0.10731711	
1230	0.10555176	0.10731235	
1230.2	0.10557139	0.10730758	
1230.4	0.10629242	0.10730282	
1230.6	0.10696456	0.10729805	
1230.8	0.10779459	0.10729329	
1231	0.10848405	0.10728853	
1231.2	0.10854023	0.10728376	
1231.4	0.10880867	0.107279	
1231.6	0.10926237	0.10727424	
1231.8	0.10959291	0.10726948	
1232	0.10949828	0.10726471	
1232.2	0.11013681	0.10725995	
1232.4	0.1091349	0.10725519	
1232.6	0.10868153	0.10725043	
1232.8	0.10817755	0.10724567	
1233	0.10843552	0.1072409	
1233.2	0.1069393	0.10723614	
1233.4	0.1070939	0.10723138	
1233.6	0.10683796	0.10722662	
1233.8	0.10702652	0.10722186	
1234	0.10741455	0.1072171	
1234.2	0.10797076	0.10721234	
1234.4	0.10845092	0.10720758	
1234.6	0.10954394	0.10720282	
1234.8	0.11004858	0.10719806	
1235	0.11042283	0.1071933	
1235.2	0.110923	0.10718854	
1235.4	0.1114819	0.10718378	
1235.6	0.11273405	0.10717903	
1235.8	0.11268616	0.10717427	
1236	0.11247381	0.10716951	
1236.2	0.11267275	0.10716475	
1236.4	0.11226326	0.10715999	
1236.6	0.11189286	0.10715524	
1236.8	0.11170746	0.10715048	
1237	0.11122219	0.10714572	
1237.2	0.11044624	0.10714096	
1237.4	0.11071233	0.10713621	
1237.6	0.11016232	0.10713145	
1237.8	0.1099003	0.1071267	
1238	0.10939723	0.10712194	
1238.2	0.1092257	0.10711718	
1238.4	0.10858827	0.10711243	
1238.6	0.10861357	0.10710767	
1238.8	0.10876163	0.10710292	
1239	0.10910884	0.10709816	
1239.2	0.10991966	0.10709341	
1239.4	0.10998706	0.10708865	
1239.6	0.11027969	0.1070839	
1239.8	0.10927748	0.10707914	
1240	0.11008827	0.10707439	
1240.2	0.1099005	0.10706964	
1240.4	0.10996466	0.10706488	
1240.6	0.10967747	0.10706013	
1240.8	0.10948632	0.10705538	
1241	0.10884885	0.10705062	
1241.2	0.10891194	0.10704587	
1241.4	0.10892936	0.10704112	
1241.6	0.10842575	0.10703637	
1241.8	0.10844727	0.10703161	
1242	0.10746465	0.10702686	
1242.2	0.10791274	0.10702211	
1242.4	0.10817611	0.10701736	
1242.6	0.10814571	0.10701261	
1242.8	0.10823591	0.10700786	
1243	0.10898035	0.10700311	
1243.2	0.10989641	0.10699836	
1243.4	0.10893799	0.10699361	
1243.6	0.10927404	0.10698886	
1243.8	0.10944052	0.10698411	
1244	0.11117543	0.10697936	
1244.2	0.11094522	0.10697461	
1244.4	0.11156247	0.10696986	
1244.6	0.11154165	0.10696511	
1244.8	0.11101071	0.10696036	
1245	0.11136941	0.10695561	
1245.2	0.11100559	0.10695086	
1245.4	0.11205347	0.10694611	
1245.6	0.11186069	0.10694137	
1245.8	0.1112944	0.10693662	
1246	0.11090287	0.10693187	
1246.2	0.11144029	0.10692712	
1246.4	0.11106619	0.10692238	
1246.6	0.11081955	0.10691763	
1246.8	0.11022803	0.10691288	
1247	0.11045126	0.10690814	
1247.2	0.11001991	0.10690339	
1247.4	0.10897497	0.10689864	
1247.6	0.10959157	0.1068939	
1247.8	0.1087449	0.10688915	
1248	0.10841626	0.10688441	
1248.2	0.10900893	0.10687966	
1248.4	0.10786261	0.10687492	
1248.6	0.10808048	0.10687017	
1248.8	0.10826517	0.10686543	
1249	0.10805338	0.10686068	
1249.2	0.10777454	0.10685594	
1249.4	0.10813	0.10685119	
1249.6	0.10803942	0.10684645	
1249.8	0.10844784	0.10684171	
1250	0.10972645	0.10683696	
1250.2	0.11001523	0.10683222	
1250.4	0.10985814	0.10682748	
1250.6	0.10987323	0.10682273	
1250.8	0.11004546	0.10681799	
1251	0.10981493	0.10681325	
1251.2	0.10924199	0.10680851	
1251.4	0.1097737	0.10680376	
1251.6	0.10996957	0.10679902	
1251.8	0.10941212	0.10679428	
1252	0.10915864	0.10678954	
1252.2	0.11020932	0.1067848	
1252.4	0.10901289	0.10678006	
1252.6	0.11018047	0.10677532	
1252.8	0.10962562	0.10677058	
1253	0.1090924	0.10676584	
1253.2	0.10986948	0.1067611	
1253.4	0.10935637	0.10675636	
1253.6	0.11044633	0.10675162	
1253.8	0.11034502	0.10674688	
1254	0.11038214	0.10674214	
1254.2	0.10984168	0.1067374	
1254.4	0.11086698	0.10673266	
1254.6	0.11118533	0.10672792	
1254.8	0.1113884	0.10672318	
1255	0.11147313	0.10671845	
1255.2	0.11128368	0.10671371	
1255.4	0.11199353	0.10670897	
1255.6	0.1116979	0.10670423	
1255.8	0.11142936	0.10669949	
1256	0.11168375	0.10669476	
1256.2	0.11304373	0.10669002	
1256.4	0.11321846	0.10668528	
1256.6	0.11317675	0.10668055	
1256.8	0.11205744	0.10667581	
1257	0.11128038	0.10667108	
1257.2	0.11032822	0.10666634	
1257.4	0.10916815	0.1066616	
1257.6	0.10941106	0.10665687	
1257.8	0.10891133	0.10665213	
1258	0.1093784	0.1066474	
1258.2	0.1103215	0.10664266	
1258.4	0.11110765	0.10663793	
1258.6	0.10977181	0.10663319	
1258.8	0.10990165	0.10662846	
1259	0.109392	0.10662373	
1259.2	0.1086858	0.10661899	
1259.4	0.10818519	0.10661426	
1259.6	0.10788477	0.10660953	
1259.8	0.10830109	0.10660479	
1260	0.10957169	0.10660006	
1260.2	0.11024328	0.10659533	
1260.4	0.10974055	0.1065906	
1260.6	0.10992773	0.10658586	
1260.8	0.10957317	0.10658113	
1261	0.10928209	0.1065764	
1261.2	0.10882869	0.10657167	
1261.4	0.10877036	0.10656694	
1261.6	0.10978125	0.1065622	
1261.8	0.10972312	0.10655747	
1262	0.10959793	0.10655274	
1262.2	0.11001796	0.10654801	
1262.4	0.10999845	0.10654328	
1262.6	0.10986172	0.10653855	
1262.8	0.11057986	0.10653382	
1263	0.11037735	0.10652909	
1263.2	0.10968326	0.10652436	
1263.4	0.10940374	0.10651963	
1263.6	0.10844437	0.1065149	
1263.8	0.10786985	0.10651018	
1264	0.10744077	0.10650545	
1264.2	0.10739145	0.10650072	
1264.4	0.10644042	0.10649599	
1264.6	0.10709617	0.10649126	
1264.8	0.10665527	0.10648653	
1265	0.10647738	0.10648181	
1265.2	0.10587448	0.10647708	
1265.4	0.10522409	0.10647235	
1265.6	0.10579565	0.10646762	
1265.8	0.10525278	0.1064629	
1266	0.10583754	0.10645817	
1266.2	0.10618314	0.10645344	
1266.4	0.1074629	0.10644872	
1266.6	0.10727719	0.10644399	
1266.8	0.10745289	0.10643927	
1267	0.10720928	0.10643454	
1267.2	0.10619792	0.10642982	
1267.4	0.10613094	0.10642509	
1267.6	0.10430963	0.10642037	
1267.8	0.10391291	0.10641564	
1268	0.10443234	0.10641092	
1268.2	0.10614691	0.10640619	
1268.4	0.10657838	0.10640147	
1268.6	0.10727437	0.10639674	
1268.8	0.10767146	0.10639202	
1269	0.10858816	0.1063873	
1269.2	0.10848091	0.10638257	
1269.4	0.10830168	0.10637785	
1269.6	0.10900218	0.10637313	
1269.8	0.10953705	0.10636841	
1270	0.1096937	0.10636368	
1270.2	0.10891394	0.10635896	
1270.4	0.10907638	0.10635424	
1270.6	0.10926481	0.10634952	
1270.8	0.10928176	0.1063448	
1271	0.10807836	0.10634007	
1271.2	0.1072808	0.10633535	
1271.4	0.1075321	0.10633063	
1271.6	0.10698499	0.10632591	
1271.8	0.10807206	0.10632119	
1272	0.10865935	0.10631647	
1272.2	0.10892021	0.10631175	
1272.4	0.10808491	0.10630703	
1272.6	0.10830322	0.10630231	
1272.8	0.10834693	0.10629759	
1273	0.10925411	0.10629287	
1273.2	0.10893021	0.10628815	
1273.4	0.10960925	0.10628344	
1273.6	0.10995911	0.10627872	
1273.8	0.11014896	0.106274	
1274	0.10997879	0.10626928	
1274.2	0.11000478	0.10626456	
1274.4	0.1099439	0.10625984	
1274.6	0.1102436	0.10625513	
1274.8	0.10956894	0.10625041	
1275	0.10900009	0.10624569	
1275.2	0.10979763	0.10624098	
1275.4	0.1101983	0.10623626	
1275.6	0.10935373	0.10623154	
1275.8	0.10910367	0.10622683	
1276	0.10819677	0.10622211	
1276.2	0.10706768	0.10621739	
1276.4	0.10694284	0.10621268	
1276.6	0.10767084	0.10620796	
1276.8	0.10718243	0.10620325	
1277	0.10779212	0.10619853	
1277.2	0.10786967	0.10619382	
1277.4	0.10820828	0.1061891	
1277.6	0.10777142	0.10618439	
1277.8	0.10755333	0.10617967	
1278	0.10732603	0.10617496	
1278.2	0.10692565	0.10617025	
1278.4	0.10688014	0.10616553	
1278.6	0.10717093	0.10616082	
1278.8	0.10812258	0.10615611	
1279	0.1085346	0.10615139	
1279.2	0.10876876	0.10614668	
1279.4	0.10929906	0.10614197	
1279.6	0.10887234	0.10613726	
1279.8	0.10874132	0.10613254	
1280	0.10871001	0.10612783	
1280.2	0.10858169	0.10612312	
1280.4	0.10881215	0.10611841	
1280.6	0.10847306	0.1061137	
1280.8	0.10824504	0.10610899	
1281	0.10804258	0.10610427	
1281.2	0.10757166	0.10609956	
1281.4	0.10789008	0.10609485	
1281.6	0.10759535	0.10609014	
1281.8	0.1071972	0.10608543	
1282	0.1066819	0.10608072	
1282.2	0.1063046	0.10607601	
1282.4	0.10673235	0.1060713	
1282.6	0.10726876	0.1060666	
1282.8	0.10761904	0.10606189	
1283	0.10761753	0.10605718	
1283.2	0.1082622	0.10605247	
1283.4	0.10916001	0.10604776	
1283.6	0.10899089	0.10604305	
1283.8	0.10939446	0.10603834	
1284	0.11023905	0.10603364	
1284.2	0.11100249	0.10602893	
1284.4	0.10991746	0.10602422	
1284.6	0.10874716	0.10601951	
1284.8	0.10896867	0.10601481	
1285	0.10857346	0.1060101	
1285.2	0.10841269	0.10600539	
1285.4	0.10872603	0.10600069	
1285.6	0.10879985	0.10599598	
1285.8	0.10878255	0.10599128	
1286	0.10795178	0.10598657	
1286.2	0.1076887	0.10598187	
1286.4	0.10734982	0.10597716	
1286.6	0.10755345	0.10597246	
1286.8	0.10688318	0.10596775	
1287	0.10711289	0.10596305	
1287.2	0.10760718	0.10595834	
1287.4	0.10756842	0.10595364	
1287.6	0.10810114	0.10594893	
1287.8	0.10823255	0.10594423	
1288	0.10829202	0.10593953	
1288.2	0.10701548	0.10593482	
1288.4	0.10565653	0.10593012	
1288.6	0.10577424	0.10592542	
1288.8	0.10658112	0.10592071	
1289	0.10620131	0.10591601	
1289.2	0.10686615	0.10591131	
1289.4	0.10791453	0.10590661	
1289.6	0.10868163	0.10590191	
1289.8	0.10909839	0.1058972	
1290	0.10847532	0.1058925	
1290.2	0.10904248	0.1058878	
1290.4	0.10931118	0.1058831	
1290.6	0.11023986	0.1058784	
1290.8	0.1101586	0.1058737	
1291	0.11077633	0.105869	
1291.2	0.11072843	0.1058643	
1291.4	0.1099993	0.1058596	
1291.6	0.1099178	0.1058549	
1291.8	0.10903196	0.1058502	
1292	0.10885997	0.1058455	
1292.2	0.10804676	0.1058408	
1292.4	0.10836211	0.1058361	
1292.6	0.1084081	0.1058314	
1292.8	0.10855327	0.1058267	
1293	0.10834708	0.105822	
1293.2	0.10916421	0.10581731	
1293.4	0.10940971	0.10581261	
1293.6	0.10939619	0.10580791	
1293.8	0.10992023	0.10580321	
1294	0.10961409	0.10579852	
1294.2	0.11016268	0.10579382	
1294.4	0.11023604	0.10578912	
1294.6	0.10997524	0.10578443	
1294.8	0.10960728	0.10577973	
1295	0.11028169	0.10577503	
1295.2	0.10991984	0.10577034	
1295.4	0.108817	0.10576564	
1295.6	0.1097046	0.10576095	
1295.8	0.10947927	0.10575625	
1296	0.11036397	0.10575155	
1296.2	0.10990611	0.10574686	
1296.4	0.10935899	0.10574217	
1296.6	0.10970934	0.10573747	
1296.8	0.10988947	0.10573278	
1297	0.1097749	0.10572808	
1297.2	0.11019722	0.10572339	
1297.4	0.11003877	0.10571869	
1297.6	0.10888406	0.105714	
1297.8	0.10752907	0.10570931	
1298	0.10674757	0.10570461	
1298.2	0.10662999	0.10569992	
1298.4	0.10688577	0.10569523	
1298.6	0.10625219	0.10569054	
1298.8	0.1069476	0.10568584	
1299	0.10778398	0.10568115	
1299.2	0.10717648	0.10567646	
1299.4	0.10744551	0.10567177	
1299.6	0.10844821	0.10566708	
1299.8	0.10914057	0.10566239	
1300	0.10987053	0.10565769	
1300.2	0.10976477	0.105653	
1300.4	0.10980873	0.10564831	
1300.6	0.11169292	0.10564362	
1300.8	0.11252401	0.10563893	
1301	0.11280378	0.10563424	
1301.2	0.11319134	0.10562955	
1301.4	0.11248946	0.10562486	
1301.6	0.11159162	0.10562017	
1301.8	0.11114826	0.10561548	
1302	0.11200806	0.1056108	
1302.2	0.11216049	0.10560611	
1302.4	0.1117869	0.10560142	
1302.6	0.1111493	0.10559673	
1302.8	0.11102067	0.10559204	
1303	0.11018863	0.10558735	
1303.2	0.10948167	0.10558267	
1303.4	0.10935124	0.10557798	
1303.6	0.10913713	0.10557329	
1303.8	0.10909	0.1055686	
1304	0.10835305	0.10556392	
1304.2	0.10860877	0.10555923	
1304.4	0.10912386	0.10555454	
1304.6	0.10940349	0.10554986	
1304.8	0.10916148	0.10554517	
1305	0.10896128	0.10554049	
1305.2	0.10912747	0.1055358	
1305.4	0.10946406	0.10553111	
1305.6	0.10938446	0.10552643	
1305.8	0.10834464	0.10552174	
1306	0.10831379	0.10551706	
1306.2	0.10899203	0.10551238	
1306.4	0.10959669	0.10550769	
1306.6	0.11062571	0.10550301	
1306.8	0.11057649	0.10549832	
1307	0.11072598	0.10549364	
1307.2	0.11113007	0.10548896	
1307.4	0.11161749	0.10548427	
1307.6	0.11151687	0.10547959	
1307.8	0.11094164	0.10547491	
1308	0.11095526	0.10547022	
1308.2	0.11036257	0.10546554	
1308.4	0.10956512	0.10546086	
1308.6	0.10863008	0.10545618	
1308.8	0.10780857	0.10545149	
1309	0.10691669	0.10544681	
1309.2	0.10590949	0.10544213	
1309.4	0.10575665	0.10543745	
1309.6	0.10454899	0.10543277	
1309.8	0.10429862	0.10542809	
1310	0.1046972	0.10542341	
1310.2	0.10650021	0.10541873	
1310.4	0.1066311	0.10541405	
1310.6	0.10822731	0.10540937	
1310.8	0.10879895	0.10540469	
1311	0.10903061	0.10540001	
1311.2	0.1095011	0.10539533	
1311.4	0.11100219	0.10539065	
1311.6	0.11083518	0.10538597	
1311.8	0.11057478	0.10538129	
1312	0.11090463	0.10537661	
1312.2	0.11019426	0.10537193	
1312.4	0.10966533	0.10536726	
1312.6	0.10980917	0.10536258	
1312.8	0.10867909	0.1053579	
1313	0.10862796	0.10535322	
1313.2	0.10946271	0.10534855	
1313.4	0.10951157	0.10534387	
1313.6	0.1101042	0.10533919	
1313.8	0.11063368	0.10533451	
1314	0.11036554	0.10532984	
1314.2	0.11123494	0.10532516	
1314.4	0.11177018	0.10532049	
1314.6	0.11313956	0.10531581	
1314.8	0.11188468	0.10531113	
1315	0.11130769	0.10530646	
1315.2	0.11138412	0.10530178	
1315.4	0.11168866	0.10529711	
1315.6	0.11049418	0.10529243	
1315.8	0.11005308	0.10528776	
1316	0.10953941	0.10528308	
1316.2	0.10867788	0.10527841	
1316.4	0.10742899	0.10527374	
1316.6	0.10728521	0.10526906	
1316.8	0.10687225	0.10526439	
1317	0.10620732	0.10525972	
1317.2	0.10614213	0.10525504	
1317.4	0.10567872	0.10525037	
1317.6	0.10595534	0.1052457	
1317.8	0.1050864	0.10524102	
1318	0.10483358	0.10523635	
1318.2	0.10617371	0.10523168	
1318.4	0.1056665	0.10522701	
1318.6	0.10489046	0.10522234	
1318.8	0.10410774	0.10521766	
1319	0.10392056	0.10521299	
1319.2	0.10420742	0.10520832	
1319.4	0.1046165	0.10520365	
1319.6	0.10470909	0.10519898	
1319.8	0.10479926	0.10519431	
1320	0.10509627	0.10518964	
1320.2	0.10516419	0.10518497	
1320.4	0.1048412	0.1051803	
1320.6	0.10503614	0.10517563	
1320.8	0.10531681	0.10517096	
1321	0.10490898	0.10516629	
1321.2	0.10522797	0.10516162	
1321.4	0.10619298	0.10515695	
1321.6	0.10696197	0.10515229	
1321.8	0.10745443	0.10514762	
1322	0.10794092	0.10514295	
1322.2	0.10835572	0.10513828	
1322.4	0.10719595	0.10513361	
1322.6	0.10729568	0.10512895	
1322.8	0.10811478	0.10512428	
1323	0.10732852	0.10511961	
1323.2	0.10740057	0.10511494	
1323.4	0.10714123	0.10511028	
1323.6	0.10703944	0.10510561	
1323.8	0.10656335	0.10510094	
1324	0.10617324	0.10509628	
1324.2	0.10629977	0.10509161	
1324.4	0.10537899	0.10508695	
1324.6	0.10374618	0.10508228	
1324.8	0.10351328	0.10507762	
1325	0.1031848	0.10507295	
1325.2	0.10369167	0.10506829	
1325.4	0.10489281	0.10506362	
1325.6	0.10595128	0.10505896	
1325.8	0.1064244	0.10505429	
1326	0.10785989	0.10504963	
1326.2	0.10859851	0.10504496	
1326.4	0.10998207	0.1050403	
1326.6	0.11085645	0.10503564	
1326.8	0.11149379	0.10503097	
1327	0.11119292	0.10502631	
1327.2	0.11120615	0.10502165	
1327.4	0.11101142	0.10501699	
1327.6	0.11023661	0.10501232	
1327.8	0.1095344	0.10500766	
1328	0.10948554	0.105003	
1328.2	0.10991214	0.10499834	
1328.4	0.10735871	0.10499368	
1328.6	0.10554353	0.10498901	
1328.8	0.10632755	0.10498435	
1329	0.10620647	0.10497969	
1329.2	0.10688242	0.10497503	
1329.4	0.10654319	0.10497037	
1329.6	0.107325	0.10496571	
1329.8	0.1078432	0.10496105	
1330	0.10869682	0.10495639	
1330.2	0.10881829	0.10495173	
1330.4	0.10947117	0.10494707	
1330.6	0.10969659	0.10494241	
1330.8	0.1095576	0.10493775	
1331	0.11019215	0.10493309	
1331.2	0.10933594	0.10492844	
1331.4	0.10876438	0.10492378	
1331.6	0.10855839	0.10491912	
1331.8	0.10893987	0.10491446	
1332	0.10895256	0.1049098	
1332.2	0.10787671	0.10490515	
1332.4	0.10699156	0.10490049	
1332.6	0.10695257	0.10489583	
1332.8	0.10739235	0.10489117	
1333	0.10681296	0.10488652	
1333.2	0.10698821	0.10488186	
1333.4	0.10658528	0.1048772	
1333.6	0.10621977	0.10487255	
1333.8	0.10609755	0.10486789	
1334	0.10571814	0.10486324	
1334.2	0.10610302	0.10485858	
1334.4	0.10629778	0.10485393	
1334.6	0.10630603	0.10484927	
1334.8	0.10601895	0.10484462	
1335	0.10579868	0.10483996	
1335.2	0.10536425	0.10483531	
1335.4	0.10525209	0.10483065	
1335.6	0.10496408	0.104826	
1335.8	0.10491455	0.10482134	
1336	0.10422253	0.10481669	
1336.2	0.10349467	0.10481204	
1336.4	0.10436394	0.10480738	
1336.6	0.10398787	0.10480273	
1336.8	0.10406037	0.10479808	
1337	0.10493422	0.10479342	
1337.2	0.10529563	0.10478877	
1337.4	0.10503564	0.10478412	
1337.6	0.10382597	0.10477947	
1337.8	0.10391961	0.10477482	
1338	0.10340397	0.10477016	
1338.2	0.10439883	0.10476551	
1338.4	0.10507872	0.10476086	
1338.6	0.10552467	0.10475621	
1338.8	0.10567847	0.10475156	
1339	0.10598267	0.10474691	
1339.2	0.1069702	0.10474226	
1339.4	0.10704406	0.10473761	
1339.6	0.10704344	0.10473296	
1339.8	0.10793765	0.10472831	
1340	0.10890877	0.10472366	
1340.2	0.10913992	0.10471901	
1340.4	0.11040096	0.10471436	
1340.6	0.1099139	0.10470971	
1340.8	0.11063069	0.10470506	
1341	0.11098531	0.10470041	
1341.2	0.10985737	0.10469577	
1341.4	0.10874958	0.10469112	
1341.6	0.10683604	0.10468647	
1341.8	0.10650344	0.10468182	
1342	0.1061705	0.10467718	
1342.2	0.10663104	0.10467253	
1342.4	0.10616115	0.10466788	
1342.6	0.1057177	0.10466323	
1342.8	0.10424883	0.10465859	
1343	0.10358146	0.10465394	
1343.2	0.10309546	0.10464929	
1343.4	0.10248461	0.10464465	
1343.6	0.10205999	0.10464	
1343.8	0.10304636	0.10463536	
1344	0.10353992	0.10463071	
1344.2	0.10400787	0.10462607	
1344.4	0.10506194	0.10462142	
1344.6	0.10546809	0.10461678	
1344.8	0.10597194	0.10461213	
1345	0.10613453	0.10460749	
1345.2	0.1060638	0.10460284	
1345.4	0.10616494	0.1045982	
1345.6	0.10607795	0.10459356	
1345.8	0.10669916	0.10458891	
1346	0.10722764	0.10458427	
1346.2	0.10742809	0.10457962	
1346.4	0.10737786	0.10457498	
1346.6	0.10780012	0.10457034	
1346.8	0.10647113	0.1045657	
1347	0.10660827	0.10456105	
1347.2	0.10606463	0.10455641	
1347.4	0.10577883	0.10455177	
1347.6	0.1053232	0.10454713	
1347.8	0.10505993	0.10454249	
1348	0.10482652	0.10453785	
1348.2	0.10573134	0.1045332	
1348.4	0.1057539	0.10452856	
1348.6	0.1069537	0.10452392	
1348.8	0.10737281	0.10451928	
1349	0.1076409	0.10451464	
1349.2	0.10821575	0.10451	
1349.4	0.10942314	0.10450536	
1349.6	0.10921512	0.10450072	
1349.8	0.10936392	0.10449608	
1350	0.10937611	0.10449144	
1350.2	0.10926667	0.1044868	
1350.4	0.10961637	0.10448217	
1350.6	0.10967139	0.10447753	
1350.8	0.10782258	0.10447289	
1351	0.10710185	0.10446825	
1351.2	0.10641517	0.10446361	
1351.4	0.106581	0.10445897	
1351.6	0.10597726	0.10445434	
1351.8	0.10533891	0.1044497	
1352	0.1062077	0.10444506	
1352.2	0.10689287	0.10444043	
1352.4	0.10691521	0.10443579	
1352.6	0.10792396	0.10443115	
1352.8	0.10758931	0.10442652	
1353	0.10729374	0.10442188	
1353.2	0.10718707	0.10441724	
1353.4	0.10709605	0.10441261	
1353.6	0.10517669	0.10440797	
1353.8	0.10505669	0.10440334	
1354	0.10436139	0.1043987	
1354.2	0.10402347	0.10439407	
1354.4	0.10421949	0.10438943	
1354.6	0.10262064	0.1043848	
1354.8	0.10179202	0.10438016	
1355	0.10161792	0.10437553	
1355.2	0.10268717	0.1043709	
1355.4	0.103532	0.10436626	
1355.6	0.10335925	0.10436163	
1355.8	0.10376817	0.10435699	
1356	0.10472666	0.10435236	
1356.2	0.10561853	0.10434773	
1356.4	0.10545357	0.1043431	
1356.6	0.10670495	0.10433846	
1356.8	0.10760626	0.10433383	
1357	0.10878085	0.1043292	
1357.2	0.10896801	0.10432457	
1357.4	0.10879403	0.10431994	
1357.6	0.10815992	0.1043153	
1357.8	0.10783951	0.10431067	
1358	0.10749072	0.10430604	
1358.2	0.10720211	0.10430141	
1358.4	0.10715312	0.10429678	
1358.6	0.10632292	0.10429215	
1358.8	0.10670372	0.10428752	
1359	0.10590801	0.10428289	
1359.2	0.10586812	0.10427826	
1359.4	0.10486069	0.10427363	
1359.6	0.10333843	0.104269	
1359.8	0.10367972	0.10426437	
1360	0.10348546	0.10425974	
1360.2	0.10443135	0.10425511	
1360.4	0.10417412	0.10425049	
1360.6	0.10584001	0.10424586	
1360.8	0.1063246	0.10424123	
1361	0.10631625	0.1042366	
1361.2	0.10528765	0.10423197	
1361.4	0.1038705	0.10422735	
1361.6	0.10345632	0.10422272	
1361.8	0.10257101	0.10421809	
1362	0.10324146	0.10421346	
1362.2	0.10355834	0.10420884	
1362.4	0.10284103	0.10420421	
1362.6	0.10357727	0.10419958	
1362.8	0.10332694	0.10419496	
1363	0.1030692	0.10419033	
1363.2	0.103479	0.10418571	
1363.4	0.10306398	0.10418108	
1363.6	0.10391086	0.10417646	
1363.8	0.10566856	0.10417183	
1364	0.10533105	0.10416721	
1364.2	0.10615959	0.10416258	
1364.4	0.10626531	0.10415796	
1364.6	0.10749435	0.10415333	
1364.8	0.10675432	0.10414871	
1365	0.10703006	0.10414409	
1365.2	0.10664422	0.10413946	
1365.4	0.10627628	0.10413484	
1365.6	0.10687345	0.10413021	
1365.8	0.10633504	0.10412559	
1366	0.1069399	0.10412097	
1366.2	0.10660352	0.10411635	
1366.4	0.10606609	0.10411172	
1366.6	0.10690225	0.1041071	
1366.8	0.10790641	0.10410248	
1367	0.10838661	0.10409786	
1367.2	0.10915406	0.10409324	
1367.4	0.10901479	0.10408862	
1367.6	0.10957079	0.10408399	
1367.8	0.10897904	0.10407937	
1368	0.10803681	0.10407475	
1368.2	0.10793672	0.10407013	
1368.4	0.10805918	0.10406551	
1368.6	0.10777693	0.10406089	
1368.8	0.10716818	0.10405627	
1369	0.10733542	0.10405165	
1369.2	0.10669428	0.10404703	
1369.4	0.10649142	0.10404241	
1369.6	0.10610625	0.10403779	
1369.8	0.10590432	0.10403317	
1370	0.1057212	0.10402856	
1370.2	0.10491433	0.10402394	
1370.4	0.10465796	0.10401932	
1370.6	0.10537548	0.1040147	
1370.8	0.10661256	0.10401008	
1371	0.10604665	0.10400547	
1371.2	0.10629214	0.10400085	
1371.4	0.10650754	0.10399623	
1371.6	0.10539161	0.10399161	
1371.8	0.10512593	0.103987	
1372	0.10461227	0.10398238	
1372.2	0.10440803	0.10397776	
1372.4	0.10510481	0.10397315	
1372.6	0.10507567	0.10396853	
1372.8	0.10537512	0.10396392	
1373	0.10575798	0.1039593	
1373.2	0.10603959	0.10395468	
1373.4	0.10582587	0.10395007	
1373.6	0.10538746	0.10394545	
1373.8	0.10504402	0.10394084	
1374	0.10482731	0.10393622	
1374.2	0.10467168	0.10393161	
1374.4	0.10537756	0.103927	
1374.6	0.10598693	0.10392238	
1374.8	0.10645956	0.10391777	
1375	0.1060872	0.10391315	
1375.2	0.10606048	0.10390854	
1375.4	0.10660397	0.10390393	
1375.6	0.10570103	0.10389932	
1375.8	0.10589398	0.1038947	
1376	0.10473831	0.10389009	
1376.2	0.10491344	0.10388548	
1376.4	0.104948	0.10388087	
1376.6	0.10396847	0.10387625	
1376.8	0.10392557	0.10387164	
1377	0.10466728	0.10386703	
1377.2	0.10419301	0.10386242	
1377.4	0.10312424	0.10385781	
1377.6	0.10278604	0.1038532	
1377.8	0.10259898	0.10384859	
1378	0.10364855	0.10384398	
1378.2	0.1035841	0.10383937	
1378.4	0.10322205	0.10383475	
1378.6	0.10273991	0.10383015	
1378.8	0.10316143	0.10382554	
1379	0.10335757	0.10382093	
1379.2	0.10393793	0.10381632	
1379.4	0.10523494	0.10381171	
1379.6	0.10517907	0.1038071	
1379.8	0.10492154	0.10380249	
1380	0.10481034	0.10379788	
1380.2	0.10538564	0.10379327	
1380.4	0.10583052	0.10378867	
1380.6	0.10600945	0.10378406	
1380.8	0.10639438	0.10377945	
1381	0.10630309	0.10377484	
1381.2	0.10721054	0.10377023	
1381.4	0.10742659	0.10376563	
1381.6	0.10776395	0.10376102	
1381.8	0.10793001	0.10375641	
1382	0.10817262	0.10375181	
1382.2	0.10750489	0.1037472	
1382.4	0.10651379	0.1037426	
1382.6	0.10605409	0.10373799	
1382.8	0.10608261	0.10373338	
1383	0.1057929	0.10372878	
1383.2	0.10640896	0.10372417	
1383.4	0.10642032	0.10371957	
1383.6	0.10626913	0.10371496	
1383.8	0.10512632	0.10371036	
1384	0.10560634	0.10370576	
1384.2	0.10469787	0.10370115	
1384.4	0.10463882	0.10369655	
1384.6	0.10458813	0.10369194	
1384.8	0.10503747	0.10368734	
1385	0.10541252	0.10368274	
1385.2	0.10756316	0.10367813	
1385.4	0.10733386	0.10367353	
1385.6	0.10810613	0.10366893	
1385.8	0.10841327	0.10366432	
1386	0.10817634	0.10365972	
1386.2	0.1071269	0.10365512	
1386.4	0.10732759	0.10365052	
1386.6	0.10784179	0.10364592	
1386.8	0.10857087	0.10364132	
1387	0.1090579	0.10363671	
1387.2	0.10918921	0.10363211	
1387.4	0.10878424	0.10362751	
1387.6	0.10825296	0.10362291	
1387.8	0.10722098	0.10361831	
1388	0.10721148	0.10361371	
1388.2	0.10532203	0.10360911	
1388.4	0.10570913	0.10360451	
1388.6	0.10506336	0.10359991	
1388.8	0.10467511	0.10359531	
1389	0.10467127	0.10359071	
1389.2	0.1054303	0.10358611	
1389.4	0.10511447	0.10358151	
1389.6	0.10525203	0.10357692	
1389.8	0.10440143	0.10357232	
1390	0.10454303	0.10356772	
1390.2	0.10436884	0.10356312	
1390.4	0.10527042	0.10355852	
1390.6	0.10600193	0.10355393	
1390.8	0.10625827	0.10354933	
1391	0.1063828	0.10354473	
1391.2	0.10656554	0.10354013	
1391.4	0.10759252	0.10353554	
1391.6	0.10751132	0.10353094	
1391.8	0.10767908	0.10352634	
1392	0.1075916	0.10352175	
1392.2	0.10669938	0.10351715	
1392.4	0.10732382	0.10351256	
1392.6	0.10752195	0.10350796	
1392.8	0.10801763	0.10350336	
1393	0.10949649	0.10349877	
1393.2	0.10953683	0.10349417	
1393.4	0.10897169	0.10348958	
1393.6	0.10946691	0.10348498	
1393.8	0.10954032	0.10348039	
1394	0.10954269	0.1034758	
1394.2	0.10907473	0.1034712	
1394.4	0.10911297	0.10346661	
1394.6	0.10976455	0.10346202	
1394.8	0.1093945	0.10345742	
1395	0.10905508	0.10345283	
1395.2	0.10881303	0.10344824	
1395.4	0.10907015	0.10344364	
1395.6	0.10815795	0.10343905	
1395.8	0.1070356	0.10343446	
1396	0.10658231	0.10342987	
1396.2	0.10566204	0.10342527	
1396.4	0.10573862	0.10342068	
1396.6	0.10465128	0.10341609	
1396.8	0.10388225	0.1034115	
1397	0.10358729	0.10340691	
1397.2	0.10122394	0.10340232	
1397.4	0.10086204	0.10339773	
1397.6	0.10096753	0.10339314	
1397.8	0.10045944	0.10338855	
1398	0.09957676	0.10338396	
1398.2	0.10104417	0.10337937	
1398.4	0.10167197	0.10337478	
1398.6	0.10357955	0.10337019	
1398.8	0.10379557	0.1033656	
1399	0.10412607	0.10336101	
1399.2	0.10428821	0.10335642	
1399.4	0.10491841	0.10335183	
1399.6	0.10548632	0.10334724	
1399.8	0.10657104	0.10334265	
1400	0.10739517	0.10333807	
1400.2	0.10773822	0.10333348	
1400.4	0.10740053	0.10332889	
1400.6	0.10654113	0.1033243	
1400.8	0.10609764	0.10331972	
1401	0.10509859	0.10331513	
1401.2	0.10453617	0.10331054	
1401.4	0.1045801	0.10330596	
1401.6	0.1040892	0.10330137	
1401.8	0.10425462	0.10329678	
1402	0.10377768	0.1032922	
1402.2	0.10466375	0.10328761	
1402.4	0.10430228	0.10328303	
1402.6	0.10468372	0.10327844	
1402.8	0.10366275	0.10327385	
1403	0.10340765	0.10326927	
1403.2	0.10319699	0.10326468	
1403.4	0.10398224	0.1032601	
1403.6	0.1050741	0.10325552	
1403.8	0.10503102	0.10325093	
1404	0.10552059	0.10324635	
1404.2	0.10602383	0.10324176	
1404.4	0.1053533	0.10323718	
1404.6	0.10538337	0.1032326	
1404.8	0.10542888	0.10322801	
1405	0.10612419	0.10322343	
1405.2	0.10637625	0.10321885	
1405.4	0.10628157	0.10321427	
1405.6	0.10735807	0.10320968	
1405.8	0.10760851	0.1032051	
1406	0.10742902	0.10320052	
1406.2	0.10659307	0.10319594	
1406.4	0.10607214	0.10319136	
1406.6	0.10572862	0.10318677	
1406.8	0.10436596	0.10318219	
1407	0.10364912	0.10317761	
1407.2	0.10287364	0.10317303	
1407.4	0.10265635	0.10316845	
1407.6	0.10287629	0.10316387	
1407.8	0.102735	0.10315929	
1408	0.10329262	0.10315471	
1408.2	0.1029689	0.10315013	
1408.4	0.10325287	0.10314555	
1408.6	0.10397774	0.10314097	
1408.8	0.10554024	0.10313639	
1409	0.10674075	0.10313181	
1409.2	0.10793747	0.10312724	
1409.4	0.10865092	0.10312266	
1409.6	0.10878178	0.10311808	
1409.8	0.1082767	0.1031135	
1410	0.10772844	0.10310892	
1410.2	0.10726701	0.10310435	
1410.4	0.10687928	0.10309977	
1410.6	0.10553252	0.10309519	
1410.8	0.10341631	0.10309061	
1411	0.10360681	0.10308604	
1411.2	0.10341766	0.10308146	
1411.4	0.10334597	0.10307688	
1411.6	0.10279797	0.10307231	
1411.8	0.10201653	0.10306773	
1412	0.10194703	0.10306316	
1412.2	0.10165428	0.10305858	
1412.4	0.10242339	0.103054	
1412.6	0.10310193	0.10304943	
1412.8	0.10394016	0.10304485	
1413	0.10367992	0.10304028	
1413.2	0.10441035	0.1030357	
1413.4	0.10413188	0.10303113	
1413.6	0.10369928	0.10302656	
1413.8	0.1042603	0.10302198	
1414	0.10492208	0.10301741	
1414.2	0.10567869	0.10301283	
1414.4	0.10487131	0.10300826	
1414.6	0.1045119	0.10300369	
1414.8	0.10452263	0.10299911	
1415	0.10497199	0.10299454	
1415.2	0.1046711	0.10298997	
1415.4	0.10385489	0.1029854	
1415.6	0.10365198	0.10298082	
1415.8	0.10358109	0.10297625	
1416	0.10389518	0.10297168	
1416.2	0.10312492	0.10296711	
1416.4	0.1037942	0.10296254	
1416.6	0.10453433	0.10295797	
1416.8	0.10494419	0.1029534	
1417	0.10580029	0.10294882	
1417.2	0.10720349	0.10294425	
1417.4	0.10782649	0.10293968	
1417.6	0.10778919	0.10293511	
1417.8	0.10721953	0.10293054	
1418	0.10737793	0.10292597	
1418.2	0.10750352	0.1029214	
1418.4	0.10672736	0.10291684	
1418.6	0.10682153	0.10291227	
1418.8	0.10645838	0.1029077	
1419	0.10639844	0.10290313	
1419.2	0.10607065	0.10289856	
1419.4	0.10563405	0.10289399	
1419.6	0.10507749	0.10288942	
1419.8	0.10434876	0.10288486	
1420	0.10438943	0.10288029	
1420.2	0.10449684	0.10287572	
1420.4	0.10497406	0.10287115	
1420.6	0.10527702	0.10286659	
1420.8	0.10632182	0.10286202	
1421	0.10602457	0.10285745	
1421.2	0.10565692	0.10285289	
1421.4	0.10584184	0.10284832	
1421.6	0.10568548	0.10284375	
1421.8	0.10549878	0.10283919	
1422	0.10633169	0.10283462	
1422.2	0.10618433	0.10283006	
1422.4	0.10556416	0.10282549	
1422.6	0.10563641	0.10282093	
1422.8	0.10588086	0.10281636	
1423	0.10619248	0.1028118	
1423.2	0.10564666	0.10280723	
1423.4	0.10542869	0.10280267	
1423.6	0.1047588	0.1027981	
1423.8	0.10458263	0.10279354	
1424	0.10496475	0.10278898	
1424.2	0.10446152	0.10278441	
1424.4	0.10348482	0.10277985	
1424.6	0.10322962	0.10277529	
1424.8	0.10307048	0.10277072	
1425	0.10197832	0.10276616	
1425.2	0.10239291	0.1027616	
1425.4	0.10235036	0.10275704	
1425.6	0.10234854	0.10275247	
1425.8	0.1016317	0.10274791	
1426	0.10098909	0.10274335	
1426.2	0.1009317	0.10273879	
1426.4	0.10070054	0.10273423	
1426.6	0.10200039	0.10272967	
1426.8	0.10261062	0.10272511	
1427	0.10326743	0.10272054	
1427.2	0.10303422	0.10271598	
1427.4	0.10300051	0.10271142	
1427.6	0.10369404	0.10270686	
1427.8	0.10348409	0.1027023	
1428	0.10391456	0.10269774	
1428.2	0.10357967	0.10269319	
1428.4	0.10437271	0.10268863	
1428.6	0.10456825	0.10268407	
1428.8	0.10489046	0.10267951	
1429	0.10492958	0.10267495	
1429.2	0.10488394	0.10267039	
1429.4	0.10492711	0.10266583	
1429.6	0.10508638	0.10266127	
1429.8	0.10410965	0.10265672	
1430	0.10435675	0.10265216	
1430.2	0.10466462	0.1026476	
1430.4	0.10433932	0.10264304	
1430.6	0.10469789	0.10263849	
1430.8	0.1031382	0.10263393	
1431	0.1028006	0.10262937	
1431.2	0.10264271	0.10262482	
1431.4	0.10296386	0.10262026	
1431.6	0.10291206	0.10261571	
1431.8	0.10295571	0.10261115	
1432	0.10397828	0.10260659	
1432.2	0.10558336	0.10260204	
1432.4	0.10693212	0.10259748	
1432.6	0.10690571	0.10259293	
1432.8	0.10734629	0.10258837	
1433	0.10728174	0.10258382	
1433.2	0.1086008	0.10257927	
1433.4	0.10901568	0.10257471	
1433.6	0.10845038	0.10257016	
1433.8	0.10818635	0.1025656	
1434	0.10838679	0.10256105	
1434.2	0.1082758	0.1025565	
1434.4	0.10711045	0.10255194	
1434.6	0.10597328	0.10254739	
1434.8	0.10515423	0.10254284	
1435	0.10541491	0.10253829	
1435.2	0.10564089	0.10253373	
1435.4	0.10472411	0.10252918	
1435.6	0.10368192	0.10252463	
1435.8	0.10396564	0.10252008	
1436	0.10436595	0.10251553	
1436.2	0.10471963	0.10251097	
1436.4	0.10401055	0.10250642	
1436.6	0.10395334	0.10250187	
1436.8	0.10349427	0.10249732	
1437	0.10399877	0.10249277	
1437.2	0.10474558	0.10248822	
1437.4	0.10475555	0.10248367	
1437.6	0.10591936	0.10247912	
1437.8	0.10619626	0.10247457	
1438	0.10683139	0.10247002	
1438.2	0.10693006	0.10246547	
1438.4	0.10727273	0.10246092	
1438.6	0.10742314	0.10245637	
1438.8	0.10856463	0.10245183	
1439	0.10948051	0.10244728	
1439.2	0.10999867	0.10244273	
1439.4	0.10941843	0.10243818	
1439.6	0.10987401	0.10243363	
1439.8	0.10997731	0.10242908	
1440	0.10982228	0.10242454	
1440.2	0.10941761	0.10241999	
1440.4	0.10897119	0.10241544	
1440.6	0.10884448	0.1024109	
1440.8	0.10760581	0.10240635	
1441	0.10803898	0.1024018	
1441.2	0.10758531	0.10239726	
1441.4	0.1062403	0.10239271	
1441.6	0.10577122	0.10238816	
1441.8	0.10422668	0.10238362	
1442	0.1035253	0.10237907	
1442.2	0.1025526	0.10237453	
1442.4	0.10248596	0.10236998	
1442.6	0.10204695	0.10236544	
1442.8	0.10251072	0.10236089	
1443	0.10289669	0.10235635	
1443.2	0.10284014	0.1023518	
1443.4	0.10238684	0.10234726	
1443.6	0.10312451	0.10234272	
1443.8	0.10318233	0.10233817	
1444	0.10304191	0.10233363	
1444.2	0.10380545	0.10232909	
1444.4	0.10378874	0.10232454	
1444.6	0.10437102	0.10232	
1444.8	0.10490329	0.10231546	
1445	0.10506784	0.10231092	
1445.2	0.10532535	0.10230637	
1445.4	0.1047588	0.10230183	
1445.6	0.10512148	0.10229729	
1445.8	0.1051996	0.10229275	
1446	0.10497617	0.10228821	
1446.2	0.10491692	0.10228366	
1446.4	0.10546694	0.10227912	
1446.6	0.10516169	0.10227458	
1446.8	0.10496998	0.10227004	
1447	0.10463082	0.1022655	
1447.2	0.10461348	0.10226096	
1447.4	0.10425374	0.10225642	
1447.6	0.10506608	0.10225188	
1447.8	0.10445122	0.10224734	
1448	0.10341619	0.1022428	
1448.2	0.10375916	0.10223826	
1448.4	0.10350297	0.10223372	
1448.6	0.10426172	0.10222919	
1448.8	0.10463755	0.10222465	
1449	0.10504863	0.10222011	
1449.2	0.10545658	0.10221557	
1449.4	0.1046159	0.10221103	
1449.6	0.10459276	0.10220649	
1449.8	0.10470273	0.10220196	
1450	0.10389385	0.10219742	
1450.2	0.1040306	0.10219288	
1450.4	0.10395185	0.10218835	
1450.6	0.10382882	0.10218381	
1450.8	0.10374762	0.10217927	
1451	0.10384532	0.10217474	
1451.2	0.10416999	0.1021702	
1451.4	0.10308021	0.10216566	
1451.6	0.10299776	0.10216113	
1451.8	0.10229352	0.10215659	
1452	0.10187087	0.10215206	
1452.2	0.10262785	0.10214752	
1452.4	0.10246726	0.10214299	
1452.6	0.10322472	0.10213845	
1452.8	0.10338904	0.10213392	
1453	0.10335567	0.10212938	
1453.2	0.10358434	0.10212485	
1453.4	0.10376294	0.10212031	
1453.6	0.10427539	0.10211578	
1453.8	0.10461244	0.10211125	
1454	0.1049629	0.10210671	
1454.2	0.10605705	0.10210218	
1454.4	0.10629222	0.10209765	
1454.6	0.1071009	0.10209311	
1454.8	0.1074581	0.10208858	
1455	0.10790822	0.10208405	
1455.2	0.10728672	0.10207952	
1455.4	0.10655666	0.10207499	
1455.6	0.10665311	0.10207045	
1455.8	0.1062336	0.10206592	
1456	0.10545933	0.10206139	
1456.2	0.10561692	0.10205686	
1456.4	0.10472659	0.10205233	
1456.6	0.10406538	0.1020478	
1456.8	0.10320488	0.10204327	
1457	0.10291503	0.10203874	
1457.2	0.10292246	0.10203421	
1457.4	0.10254522	0.10202968	
1457.6	0.10322572	0.10202515	
1457.8	0.10344659	0.10202062	
1458	0.10385745	0.10201609	
1458.2	0.10447508	0.10201156	
1458.4	0.10453784	0.10200703	
1458.6	0.10437831	0.1020025	
1458.8	0.10431275	0.10199797	
1459	0.10437527	0.10199344	
1459.2	0.10427387	0.10198892	
1459.4	0.1045412	0.10198439	
1459.6	0.10470634	0.10197986	
1459.8	0.10413558	0.10197533	
1460	0.10401643	0.10197081	
1460.2	0.10381204	0.10196628	
1460.4	0.10336065	0.10196175	
1460.6	0.10363249	0.10195722	
1460.8	0.10415676	0.1019527	
1461	0.10456079	0.10194817	
1461.2	0.10484905	0.10194365	
1461.4	0.10488082	0.10193912	
1461.6	0.10571397	0.10193459	
1461.8	0.1052248	0.10193007	
1462	0.10569057	0.10192554	
1462.2	0.10618193	0.10192102	
1462.4	0.10549682	0.10191649	
1462.6	0.10483602	0.10191197	
1462.8	0.10552569	0.10190744	
1463	0.10617798	0.10190292	
1463.2	0.10611984	0.1018984	
1463.4	0.1067635	0.10189387	
1463.6	0.10719329	0.10188935	
1463.8	0.10705402	0.10188482	
1464	0.10728878	0.1018803	
1464.2	0.10758149	0.10187578	
1464.4	0.10785212	0.10187125	
1464.6	0.10840687	0.10186673	
1464.8	0.1081322	0.10186221	
1465	0.10788603	0.10185769	
1465.2	0.10682967	0.10185316	
1465.4	0.10616	0.10184864	
1465.6	0.10607795	0.10184412	
1465.8	0.10588448	0.1018396	
1466	0.10587744	0.10183508	
1466.2	0.10515172	0.10183056	
1466.4	0.10424749	0.10182604	
1466.6	0.10402649	0.10182152	
1466.8	0.10470201	0.10181699	
1467	0.10475415	0.10181247	
1467.2	0.10499262	0.10180795	
1467.4	0.10583119	0.10180343	
1467.6	0.10589984	0.10179891	
1467.8	0.10615699	0.1017944	
1468	0.1051603	0.10178988	
1468.2	0.10552958	0.10178536	
1468.4	0.10534755	0.10178084	
1468.6	0.1055234	0.10177632	
1468.8	0.10558434	0.1017718	
1469	0.10534686	0.10176728	
1469.2	0.10538609	0.10176276	
1469.4	0.10564141	0.10175825	
1469.6	0.10506175	0.10175373	
1469.8	0.10547409	0.10174921	
1470	0.10549907	0.10174469	
1470.2	0.10545794	0.10174018	
1470.4	0.10539844	0.10173566	
1470.6	0.10563572	0.10173114	
1470.8	0.10563267	0.10172663	
1471	0.10527787	0.10172211	
1471.2	0.10586236	0.10171759	
1471.4	0.10594341	0.10171308	
1471.6	0.10596456	0.10170856	
1471.8	0.10572312	0.10170405	
1472	0.10568497	0.10169953	
1472.2	0.10621629	0.10169502	
1472.4	0.10585668	0.1016905	
1472.6	0.1056717	0.10168599	
1472.8	0.10647959	0.10168147	
1473	0.10593861	0.10167696	
1473.2	0.10684675	0.10167244	
1473.4	0.10646352	0.10166793	
1473.6	0.10659819	0.10166342	
1473.8	0.10655043	0.1016589	
1474	0.10660065	0.10165439	
1474.2	0.10586549	0.10164988	
1474.4	0.10496325	0.10164536	
1474.6	0.10512478	0.10164085	
1474.8	0.1042847	0.10163634	
1475	0.10445717	0.10163183	
1475.2	0.10495684	0.10162731	
1475.4	0.10442899	0.1016228	
1475.6	0.10454031	0.10161829	
1475.8	0.10522654	0.10161378	
1476	0.10541714	0.10160927	
1476.2	0.10468115	0.10160476	
1476.4	0.10473941	0.10160025	
1476.6	0.10466042	0.10159574	
1476.8	0.10515669	0.10159122	
1477	0.10478312	0.10158671	
1477.2	0.10558521	0.1015822	
1477.4	0.10535368	0.10157769	
1477.6	0.10524389	0.10157318	
1477.8	0.10497425	0.10156868	
1478	0.10476568	0.10156417	
1478.2	0.10367799	0.10155966	
1478.4	0.10371626	0.10155515	
1478.6	0.10418753	0.10155064	
1478.8	0.10461139	0.10154613	
1479	0.10438343	0.10154162	
1479.2	0.10463141	0.10153711	
1479.4	0.10443134	0.10153261	
1479.6	0.10519367	0.1015281	
1479.8	0.10489142	0.10152359	
1480	0.10424492	0.10151908	
1480.2	0.10423495	0.10151458	
1480.4	0.10463105	0.10151007	
1480.6	0.10568935	0.10150556	
1480.8	0.10648167	0.10150106	
1481	0.10754555	0.10149655	
1481.2	0.10791616	0.10149204	
1481.4	0.10822754	0.10148754	
1481.6	0.1084213	0.10148303	
1481.8	0.1082567	0.10147853	
1482	0.10746045	0.10147402	
1482.2	0.10685884	0.10146952	
1482.4	0.10610135	0.10146501	
1482.6	0.10595308	0.10146051	
1482.8	0.10468104	0.101456	
1483	0.10376962	0.1014515	
1483.2	0.10405647	0.10144699	
1483.4	0.10364226	0.10144249	
1483.6	0.10312592	0.10143799	
1483.8	0.10200238	0.10143348	
1484	0.10226616	0.10142898	
1484.2	0.10248162	0.10142448	
1484.4	0.10332467	0.10141997	
1484.6	0.10412996	0.10141547	
1484.8	0.10390019	0.10141097	
1485	0.10506618	0.10140647	
1485.2	0.10473885	0.10140196	
1485.4	0.10518144	0.10139746	
1485.6	0.10598271	0.10139296	
1485.8	0.10589075	0.10138846	
1486	0.10585067	0.10138396	
1486.2	0.10575282	0.10137946	
1486.4	0.10578686	0.10137496	
1486.6	0.10663858	0.10137046	
1486.8	0.10710648	0.10136595	
1487	0.1080878	0.10136145	
1487.2	0.10863522	0.10135695	
1487.4	0.1088451	0.10135245	
1487.6	0.10808588	0.10134795	
1487.8	0.10807267	0.10134346	
1488	0.10769454	0.10133896	
1488.2	0.10658984	0.10133446	
1488.4	0.10569123	0.10132996	
1488.6	0.10435601	0.10132546	
1488.8	0.10419513	0.10132096	
1489	0.10400102	0.10131646	
1489.2	0.1029094	0.10131196	
1489.4	0.10315494	0.10130747	
1489.6	0.10323518	0.10130297	
1489.8	0.10318605	0.10129847	
1490	0.10270629	0.10129397	
1490.2	0.10306198	0.10128948	
1490.4	0.10373262	0.10128498	
1490.6	0.10331214	0.10128048	
1490.8	0.10365625	0.10127599	
1491	0.10289178	0.10127149	
1491.2	0.10310142	0.10126699	
1491.4	0.10318679	0.1012625	
1491.6	0.10321053	0.101258	
1491.8	0.10360841	0.10125351	
1492	0.10278143	0.10124901	
1492.2	0.10256709	0.10124452	
1492.4	0.1029701	0.10124002	
1492.6	0.10293493	0.10123553	
1492.8	0.10300761	0.10123103	
1493	0.10267967	0.10122654	
1493.2	0.10365489	0.10122204	
1493.4	0.10334367	0.10121755	
1493.6	0.10373471	0.10121306	
1493.8	0.10380879	0.10120856	
1494	0.10441585	0.10120407	
1494.2	0.10471648	0.10119958	
1494.4	0.10507697	0.10119508	
1494.6	0.10512784	0.10119059	
1494.8	0.10550986	0.1011861	
1495	0.1051599	0.10118161	
1495.2	0.10597098	0.10117711	
1495.4	0.10663768	0.10117262	
1495.6	0.10744467	0.10116813	
1495.8	0.10691273	0.10116364	
1496	0.10590709	0.10115915	
1496.2	0.10633874	0.10115466	
1496.4	0.10533748	0.10115017	
1496.6	0.10463031	0.10114567	
1496.8	0.10398653	0.10114118	
1497	0.1041003	0.10113669	
1497.2	0.10326843	0.1011322	
1497.4	0.10251553	0.10112771	
1497.6	0.10317839	0.10112322	
1497.8	0.10364893	0.10111873	
1498	0.10482145	0.10111425	
1498.2	0.10505644	0.10110976	
1498.4	0.10545329	0.10110527	
1498.6	0.10549271	0.10110078	
1498.8	0.1048915	0.10109629	
1499	0.10520761	0.1010918	
1499.2	0.10524135	0.10108731	
1499.4	0.10500738	0.10108283	
1499.6	0.10507621	0.10107834	
1499.8	0.1036404	0.10107385	
1500	0.10364086	0.10106936	
1500.2	0.1039846	0.10106488	
1500.4	0.10331431	0.10106039	
1500.6	0.10398277	0.1010559	
1500.8	0.10412205	0.10105142	
1501	0.10415298	0.10104693	
1501.2	0.10285541	0.10104244	
1501.4	0.10329648	0.10103796	
1501.6	0.10355276	0.10103347	
1501.8	0.10410592	0.10102899	
1502	0.10428226	0.1010245	
1502.2	0.10452544	0.10102002	
1502.4	0.10424588	0.10101553	
1502.6	0.10383603	0.10101105	
1502.8	0.10343831	0.10100656	
1503	0.10382118	0.10100208	
1503.2	0.10380751	0.10099759	
1503.4	0.10476509	0.10099311	
1503.6	0.105351	0.10098863	
1503.8	0.10547027	0.10098414	
1504	0.10662868	0.10097966	
1504.2	0.10633497	0.10097518	
1504.4	0.1070546	0.10097069	
1504.6	0.10714349	0.10096621	
1504.8	0.10620087	0.10096173	
1505	0.10619722	0.10095724	
1505.2	0.10543365	0.10095276	
1505.4	0.10541503	0.10094828	
1505.6	0.10489887	0.1009438	
1505.8	0.10465093	0.10093932	
1506	0.10405913	0.10093484	
1506.2	0.10367276	0.10093035	
1506.4	0.10397228	0.10092587	
1506.6	0.103333	0.10092139	
1506.8	0.10414844	0.10091691	
1507	0.10494571	0.10091243	
1507.2	0.10488479	0.10090795	
1507.4	0.10466227	0.10090347	
1507.6	0.10338986	0.10089899	
1507.8	0.10328282	0.10089451	
1508	0.10283852	0.10089003	
1508.2	0.10178984	0.10088555	
1508.4	0.10239407	0.10088108	
1508.6	0.10198217	0.1008766	
1508.8	0.10208397	0.10087212	
1509	0.10300638	0.10086764	
1509.2	0.10290665	0.10086316	
1509.4	0.10281298	0.10085868	
1509.6	0.10183637	0.10085421	
1509.8	0.10258777	0.10084973	
1510	0.10322503	0.10084525	
1510.2	0.10405064	0.10084077	
1510.4	0.10587776	0.1008363	
1510.6	0.10703101	0.10083182	
1510.8	0.10780844	0.10082734	
1511	0.10757208	0.10082287	
1511.2	0.10694081	0.10081839	
1511.4	0.10650964	0.10081391	
1511.6	0.10632394	0.10080944	
1511.8	0.10704911	0.10080496	
1512	0.10649569	0.10080049	
1512.2	0.10689201	0.10079601	
1512.4	0.10772813	0.10079154	
1512.6	0.10775819	0.10078706	
1512.8	0.10778377	0.10078259	
1513	0.10791066	0.10077811	
1513.2	0.10876437	0.10077364	
1513.4	0.10894313	0.10076917	
1513.6	0.10842743	0.10076469	
1513.8	0.10884266	0.10076022	
1514	0.10825814	0.10075574	
1514.2	0.10936642	0.10075127	
1514.4	0.1100454	0.1007468	
1514.6	0.10949628	0.10074233	
1514.8	0.10870175	0.10073785	
1515	0.10840586	0.10073338	
1515.2	0.10819707	0.10072891	
1515.4	0.10760463	0.10072444	
1515.6	0.10692122	0.10071996	
1515.8	0.10657992	0.10071549	
1516	0.1062303	0.10071102	
1516.2	0.10658424	0.10070655	
1516.4	0.1065286	0.10070208	
1516.6	0.10610918	0.10069761	
1516.8	0.10565803	0.10069314	
1517	0.1051246	0.10068867	
1517.2	0.10555909	0.1006842	
1517.4	0.10384869	0.10067973	
1517.6	0.10301914	0.10067526	
1517.8	0.10200853	0.10067079	
1518	0.10203236	0.10066632	
1518.2	0.1028461	0.10066185	
1518.4	0.10226154	0.10065738	
1518.6	0.10071344	0.10065291	
1518.8	0.10029622	0.10064844	
1519	0.10015983	0.10064397	
1519.2	0.10079274	0.10063951	
1519.4	0.09994387	0.10063504	
1519.6	0.10014873	0.10063057	
1519.8	0.10062424	0.1006261	
1520	0.10076804	0.10062163	
1520.2	0.10065308	0.10061717	
1520.4	0.100577	0.1006127	
1520.6	0.10031262	0.10060823	
1520.8	0.10016992	0.10060377	
1521	0.10057833	0.1005993	
1521.2	0.10049168	0.10059483	
1521.4	0.10007637	0.10059037	
1521.6	0.10170258	0.1005859	
1521.8	0.10134761	0.10058144	
1522	0.10163962	0.10057697	
1522.2	0.10137346	0.10057251	
1522.4	0.10190436	0.10056804	
1522.6	0.1012223	0.10056358	
1522.8	0.10268759	0.10055911	
1523	0.10394359	0.10055465	
1523.2	0.1042969	0.10055018	
1523.4	0.10469279	0.10054572	
1523.6	0.10512891	0.10054125	
1523.8	0.10550057	0.10053679	
1524	0.10538569	0.10053233	
1524.2	0.10555911	0.10052786	
1524.4	0.10620556	0.1005234	
1524.6	0.10617282	0.10051894	
1524.8	0.10526426	0.10051448	
1525	0.10420883	0.10051001	
1525.2	0.10357025	0.10050555	
1525.4	0.10301397	0.10050109	
1525.6	0.10294525	0.10049663	
1525.8	0.10154911	0.10049217	
1526	0.10176745	0.1004877	
1526.2	0.10081155	0.10048324	
1526.4	0.10052056	0.10047878	
1526.6	0.10053331	0.10047432	
1526.8	0.10095815	0.10046986	
1527	0.1003755	0.1004654	
1527.2	0.10001922	0.10046094	
1527.4	0.10058375	0.10045648	
1527.6	0.10046204	0.10045202	
1527.8	0.10108939	0.10044756	
1528	0.10106382	0.1004431	
1528.2	0.1025458	0.10043864	
1528.4	0.10322882	0.10043418	
1528.6	0.10359467	0.10042972	
1528.8	0.10328265	0.10042526	
1529	0.10274116	0.1004208	
1529.2	0.1031015	0.10041635	
1529.4	0.10244418	0.10041189	
1529.6	0.10280475	0.10040743	
1529.8	0.1028508	0.10040297	
1530	0.10342612	0.10039852	
1530.2	0.10223815	0.10039406	
1530.4	0.1016726	0.1003896	
1530.6	0.10194726	0.10038514	
1530.8	0.10176831	0.10038069	
1531	0.1005933	0.10037623	
1531.2	0.10071017	0.10037177	
1531.4	0.10133921	0.10036732	
1531.6	0.10113871	0.10036286	
1531.8	0.10195412	0.10035841	
1532	0.10213196	0.10035395	
1532.2	0.10328247	0.1003495	
1532.4	0.10366718	0.10034504	
1532.6	0.10406067	0.10034058	
1532.8	0.10286686	0.10033613	
1533	0.10245879	0.10033168	
1533.2	0.10265201	0.10032722	
1533.4	0.10212679	0.10032277	
1533.6	0.1018864	0.10031831	
1533.8	0.10212488	0.10031386	
1534	0.10224714	0.10030941	
1534.2	0.1025861	0.10030495	
1534.4	0.10321584	0.1003005	
1534.6	0.10379146	0.10029605	
1534.8	0.10328649	0.10029159	
1535	0.10333981	0.10028714	
1535.2	0.10467541	0.10028269	
1535.4	0.10494325	0.10027824	
1535.6	0.10476336	0.10027378	
1535.8	0.10556963	0.10026933	
1536	0.10548509	0.10026488	
1536.2	0.1057601	0.10026043	
1536.4	0.10575436	0.10025598	
1536.6	0.1051069	0.10025153	
1536.8	0.10404309	0.10024708	
1537	0.1033652	0.10024263	
1537.2	0.1024991	0.10023818	
1537.4	0.10195031	0.10023372	
1537.6	0.10149862	0.10022927	
1537.8	0.10189446	0.10022483	
1538	0.10270945	0.10022038	
1538.2	0.10291879	0.10021593	
1538.4	0.10250255	0.10021148	
1538.6	0.10218495	0.10020703	
1538.8	0.10154859	0.10020258	
1539	0.10212236	0.10019813	
1539.2	0.102343	0.10019368	
1539.4	0.10239423	0.10018923	
1539.6	0.10161815	0.10018479	
1539.8	0.10226113	0.10018034	
1540	0.1026002	0.10017589	
1540.2	0.1015025	0.10017144	
1540.4	0.10141272	0.100167	
1540.6	0.10099247	0.10016255	
1540.8	0.10100203	0.1001581	
1541	0.10194707	0.10015365	
1541.2	0.10262979	0.10014921	
1541.4	0.10295579	0.10014476	
1541.6	0.10411258	0.10014032	
1541.8	0.10430631	0.10013587	
1542	0.1040459	0.10013142	
1542.2	0.10381821	0.10012698	
1542.4	0.10438778	0.10012253	
1542.6	0.10449593	0.10011809	
1542.8	0.10371898	0.10011364	
1543	0.10403127	0.1001092	
1543.2	0.10392352	0.10010475	
1543.4	0.10376293	0.10010031	
1543.6	0.10349432	0.10009587	
1543.8	0.10408163	0.10009142	
1544	0.10353189	0.10008698	
1544.2	0.10311	0.10008253	
1544.4	0.10335117	0.10007809	
1544.6	0.10310233	0.10007365	
1544.8	0.10364226	0.10006921	
1545	0.10401227	0.10006476	
1545.2	0.10385344	0.10006032	
1545.4	0.10342691	0.10005588	
1545.6	0.10216245	0.10005144	
1545.8	0.10049753	0.10004699	
1546	0.10010703	0.10004255	
1546.2	0.10102974	0.10003811	
1546.4	0.10087124	0.10003367	
1546.6	0.10044734	0.10002923	
1546.8	0.10151861	0.10002479	
1547	0.10236651	0.10002035	
1547.2	0.10291974	0.10001591	
1547.4	0.10368307	0.10001147	
1547.6	0.10430721	0.10000703	
1547.8	0.10400678	0.10000259	
1548	0.10466213	0.09999815	
1548.2	0.10542291	0.09999371	
1548.4	0.10512987	0.09998927	
1548.6	0.10537405	0.09998483	
1548.8	0.10587633	0.09998039	
1549	0.10554726	0.09997595	
1549.2	0.10480901	0.09997151	
1549.4	0.10334459	0.09996707	
1549.6	0.10207918	0.09996263	
1549.8	0.10277342	0.0999582	
1550	0.10282062	0.09995376	
1550.2	0.10321288	0.09994932	
1550.4	0.10300943	0.09994488	
1550.6	0.10303579	0.09994045	
1550.8	0.10416368	0.09993601	
1551	0.10359604	0.09993157	
1551.2	0.1024284	0.09992714	
1551.4	0.10223505	0.0999227	
1551.6	0.10182377	0.09991826	
1551.8	0.10101181	0.09991383	
1552	0.10066356	0.09990939	
1552.2	0.10102052	0.09990496	
1552.4	0.10127104	0.09990052	
1552.6	0.10106011	0.09989609	
1552.8	0.10095618	0.09989165	
1553	0.10095467	0.09988722	
1553.2	0.10064026	0.09988278	
1553.4	0.10101571	0.09987835	
1553.6	0.10150757	0.09987391	
1553.8	0.1020308	0.09986948	
1554	0.10149901	0.09986504	
1554.2	0.10091595	0.09986061	
1554.4	0.10036031	0.09985618	
1554.6	0.10017994	0.09985174	
1554.8	0.09949225	0.09984731	
1555	0.09914008	0.09984288	
1555.2	0.09859061	0.09983844	
1555.4	0.09947219	0.09983401	
1555.6	0.09920261	0.09982958	
1555.8	0.10005191	0.09982515	
1556	0.1008263	0.09982072	
1556.2	0.10186391	0.09981628	
1556.4	0.10314003	0.09981185	
1556.6	0.10318489	0.09980742	
1556.8	0.10394369	0.09980299	
1557	0.10498389	0.09979856	
1557.2	0.10504541	0.09979413	
1557.4	0.10533939	0.0997897	
1557.6	0.10493049	0.09978527	
1557.8	0.10428092	0.09978084	
1558	0.1030778	0.09977641	
1558.2	0.10203896	0.09977198	
1558.4	0.10134024	0.09976755	
1558.6	0.10081503	0.09976312	
1558.8	0.09963544	0.09975869	
1559	0.09959211	0.09975426	
1559.2	0.09886663	0.09974983	
1559.4	0.09858553	0.0997454	
1559.6	0.09822337	0.09974098	
1559.8	0.09831152	0.09973655	
