Conc1	4E-08	
Start1	360	
Stop1	1559.8	
Kobs	0.00022198762659549	
Error Kobs	2.5506481892688E-06	
Koff	0	
Error Koff	0	
Time1	Data1	Fit1	
360	0	0	
360.2	-0.00029199	0.00001209	
360.4	-0.00043128	0.00002418	
360.6	-0.00042914	0.00003627	
360.8	-0.00029225	0.00004836	
361	-0.00065501	0.00006045	
361.2	0.00015735	0.00007253	
361.4	0.00032303	0.00008462	
361.6	0.00069134	0.0000967	
361.8	0.00089427	0.00010878	
362	0.00147718	0.00012087	
362.2	0.00215419	0.00013295	
362.4	0.00274429	0.00014503	
362.6	0.00349082	0.0001571	
362.8	0.00333835	0.00016918	
363	0.00312856	0.00018126	
363.2	0.00339294	0.00019333	
363.4	0.00296223	0.00020541	
363.6	0.00289041	0.00021748	
363.8	0.00281799	0.00022955	
364	0.00285853	0.00024162	
364.2	0.00278456	0.00025369	
364.4	0.00281796	0.00026576	
364.6	0.00318694	0.00027782	
364.8	0.00297045	0.00028989	
365	0.00355617	0.00030195	
365.2	0.00463589	0.00031402	
365.4	0.00433348	0.00032608	
365.6	0.0051887	0.00033814	
365.8	0.00483075	0.0003502	
366	0.00566954	0.00036226	
366.2	0.00615478	0.00037432	
366.4	0.00562928	0.00038638	
366.6	0.00569879	0.00039843	
366.8	0.00540239	0.00041049	
367	0.00612783	0.00042254	
367.2	0.00651241	0.00043459	
367.4	0.00572491	0.00044664	
367.6	0.00435353	0.00045869	
367.8	0.00403645	0.00047074	
368	0.00325053	0.00048279	
368.2	0.00321184	0.00049484	
368.4	0.00329466	0.00050688	
368.6	0.00333181	0.00051893	
368.8	0.00346472	0.00053097	
369	0.00484255	0.00054301	
369.2	0.0042949	0.00055505	
369.4	0.00382508	0.00056709	
369.6	0.00404831	0.00057913	
369.8	0.00327713	0.00059117	
370	0.00368144	0.00060321	
370.2	0.00342695	0.00061524	
370.4	0.00263818	0.00062727	
370.6	0.00373519	0.00063931	
370.8	0.00368862	0.00065134	
371	0.00413663	0.00066337	
371.2	0.00427884	0.0006754	
371.4	0.00331812	0.00068743	
371.6	0.00225883	0.00069946	
371.8	0.00236469	0.00071148	
372	0.0028448	0.00072351	
372.2	0.0036229	0.00073553	
372.4	0.00400698	0.00074756	
372.6	0.00470263	0.00075958	
372.8	0.00554479	0.0007716	
373	0.00632054	0.00078362	
373.2	0.00551489	0.00079564	
373.4	0.00589444	0.00080765	
373.6	0.00595206	0.00081967	
373.8	0.00624319	0.00083169	
374	0.00582488	0.0008437	
374.2	0.00641706	0.00085571	
374.4	0.00647581	0.00086773	
374.6	0.00758652	0.00087974	
374.8	0.00777735	0.00089175	
375	0.00781933	0.00090375	
375.2	0.00714423	0.00091576	
375.4	0.00619188	0.00092777	
375.6	0.00645017	0.00093977	
375.8	0.00685445	0.00095178	
376	0.00661112	0.00096378	
376.2	0.00617235	0.00097578	
376.4	0.0057578	0.00098778	
376.6	0.00596373	0.00099978	
376.8	0.00526076	0.00101178	
377	0.00448379	0.00102378	
377.2	0.00482525	0.00103577	
377.4	0.00582697	0.00104777	
377.6	0.00525843	0.00105976	
377.8	0.00653102	0.00107176	
378	0.00641602	0.00108375	
378.2	0.00663206	0.00109574	
378.4	0.00574754	0.00110773	
378.6	0.00646013	0.00111972	
378.8	0.00651278	0.0011317	
379	0.00631543	0.00114369	
379.2	0.00581201	0.00115567	
379.4	0.00640876	0.00116766	
379.6	0.00669687	0.00117964	
379.8	0.00668266	0.00119162	
380	0.0070098	0.0012036	
380.2	0.00734302	0.00121558	
380.4	0.00756012	0.00122756	
380.6	0.00796135	0.00123954	
380.8	0.00788485	0.00125151	
381	0.00956832	0.00126349	
381.2	0.01053424	0.00127546	
381.4	0.01063023	0.00128743	
381.6	0.00997041	0.00129941	
381.8	0.01080503	0.00131138	
382	0.01040684	0.00132335	
382.2	0.00992406	0.00133531	
382.4	0.0093009	0.00134728	
382.6	0.00981251	0.00135925	
382.8	0.00931861	0.00137121	
383	0.00851433	0.00138318	
383.2	0.00703415	0.00139514	
383.4	0.00618115	0.0014071	
383.6	0.00634943	0.00141906	
383.8	0.00648055	0.00143102	
384	0.00648796	0.00144298	
384.2	0.00549831	0.00145494	
384.4	0.00508528	0.00146689	
384.6	0.00592563	0.00147885	
384.8	0.00666537	0.0014908	
385	0.00779569	0.00150275	
385.2	0.00761285	0.0015147	
385.4	0.00865548	0.00152665	
385.6	0.00940003	0.0015386	
385.8	0.01079311	0.00155055	
386	0.01133925	0.0015625	
386.2	0.01095972	0.00157444	
386.4	0.01181132	0.00158639	
386.6	0.01233094	0.00159833	
386.8	0.01232317	0.00161028	
387	0.01221758	0.00162222	
387.2	0.01181288	0.00163416	
387.4	0.01172355	0.0016461	
387.6	0.01164448	0.00165803	
387.8	0.01015146	0.00166997	
388	0.00867352	0.00168191	
388.2	0.00747733	0.00169384	
388.4	0.00743595	0.00170578	
388.6	0.00783721	0.00171771	
388.8	0.00814259	0.00172964	
389	0.00812328	0.00174157	
389.2	0.00743333	0.0017535	
389.4	0.00699177	0.00176543	
389.6	0.00630067	0.00177735	
389.8	0.00645149	0.00178928	
390	0.00536931	0.0018012	
390.2	0.00526196	0.00181313	
390.4	0.00592872	0.00182505	
390.6	0.00618516	0.00183697	
390.8	0.00667951	0.00184889	
391	0.00738322	0.00186081	
391.2	0.00660784	0.00187273	
391.4	0.0068495	0.00188465	
391.6	0.00638637	0.00189656	
391.8	0.00604611	0.00190848	
392	0.0067159	0.00192039	
392.2	0.00687472	0.0019323	
392.4	0.00776299	0.00194421	
392.6	0.00780292	0.00195613	
392.8	0.00760911	0.00196803	
393	0.00719599	0.00197994	
393.2	0.00697377	0.00199185	
393.4	0.00766026	0.00200376	
393.6	0.00753363	0.00201566	
393.8	0.00812264	0.00202756	
394	0.00777151	0.00203947	
394.2	0.00808468	0.00205137	
394.4	0.00732442	0.00206327	
394.6	0.00807897	0.00207517	
394.8	0.00781787	0.00208706	
395	0.00714268	0.00209896	
395.2	0.00656705	0.00211086	
395.4	0.00738446	0.00212275	
395.6	0.00741346	0.00213465	
395.8	0.00734326	0.00214654	
396	0.00747432	0.00215843	
396.2	0.00627605	0.00217032	
396.4	0.00682315	0.00218221	
396.6	0.00631435	0.0021941	
396.8	0.00641925	0.00220598	
397	0.00644701	0.00221787	
397.2	0.00621708	0.00222976	
397.4	0.00641197	0.00224164	
397.6	0.00646455	0.00225352	
397.8	0.00748394	0.0022654	
398	0.00772861	0.00227728	
398.2	0.00747166	0.00228916	
398.4	0.00758315	0.00230104	
398.6	0.00893394	0.00231292	
398.8	0.00833958	0.00232479	
399	0.00764956	0.00233667	
399.2	0.00857828	0.00234854	
399.4	0.00873249	0.00236041	
399.6	0.00878645	0.00237229	
399.8	0.00836824	0.00238416	
400	0.00798603	0.00239603	
400.2	0.00814276	0.00240789	
400.4	0.00794668	0.00241976	
400.6	0.00652363	0.00243163	
400.8	0.00579494	0.00244349	
401	0.00502238	0.00245535	
401.2	0.00394975	0.00246722	
401.4	0.00464456	0.00247908	
401.6	0.00476738	0.00249094	
401.8	0.00514239	0.0025028	
402	0.00508173	0.00251466	
402.2	0.00493673	0.00252651	
402.4	0.00650112	0.00253837	
402.6	0.00654564	0.00255022	
402.8	0.00615984	0.00256208	
403	0.00582666	0.00257393	
403.2	0.00584318	0.00258578	
403.4	0.00563567	0.00259763	
403.6	0.00619809	0.00260948	
403.8	0.00672705	0.00262133	
404	0.00697624	0.00263318	
404.2	0.00809421	0.00264502	
404.4	0.00812059	0.00265687	
404.6	0.00768942	0.00266871	
404.8	0.00809228	0.00268055	
405	0.00843769	0.0026924	
405.2	0.0075538	0.00270424	
405.4	0.00866737	0.00271608	
405.6	0.0086382	0.00272791	
405.8	0.00856944	0.00273975	
406	0.00855108	0.00275159	
406.2	0.008807	0.00276342	
406.4	0.0090094	0.00277526	
406.6	0.00850327	0.00278709	
406.8	0.00779064	0.00279892	
407	0.00650361	0.00281075	
407.2	0.00643412	0.00282258	
407.4	0.00644838	0.00283441	
407.6	0.00746394	0.00284624	
407.8	0.00873375	0.00285806	
408	0.0093325	0.00286989	
408.2	0.00997936	0.00288171	
408.4	0.00964366	0.00289353	
408.6	0.00897248	0.00290536	
408.8	0.00913448	0.00291718	
409	0.00909983	0.002929	
409.2	0.0082292	0.00294081	
409.4	0.00905464	0.00295263	
409.6	0.00795057	0.00296445	
409.8	0.0076829	0.00297626	
410	0.0077021	0.00298808	
410.2	0.00766008	0.00299989	
410.4	0.0074568	0.0030117	
410.6	0.00818659	0.00302351	
410.8	0.0071244	0.00303532	
411	0.0077254	0.00304713	
411.2	0.0088235	0.00305894	
411.4	0.00890238	0.00307074	
411.6	0.00977923	0.00308255	
411.8	0.01012491	0.00309435	
412	0.00989279	0.00310616	
412.2	0.00866048	0.00311796	
412.4	0.00791462	0.00312976	
412.6	0.00765083	0.00314156	
412.8	0.00748227	0.00315336	
413	0.00731737	0.00316515	
413.2	0.00631459	0.00317695	
413.4	0.00595667	0.00318875	
413.6	0.00493724	0.00320054	
413.8	0.00492034	0.00321233	
414	0.00420291	0.00322413	
414.2	0.00383222	0.00323592	
414.4	0.00431058	0.00324771	
414.6	0.00373409	0.00325949	
414.8	0.00311021	0.00327128	
415	0.00436708	0.00328307	
415.2	0.00517508	0.00329485	
415.4	0.00546621	0.00330664	
415.6	0.0061315	0.00331842	
415.8	0.00667784	0.0033302	
416	0.0057735	0.00334198	
416.2	0.00579214	0.00335376	
416.4	0.00713325	0.00336554	
416.6	0.00742773	0.00337732	
416.8	0.00748348	0.0033891	
417	0.00741261	0.00340087	
417.2	0.00786932	0.00341265	
417.4	0.00903418	0.00342442	
417.6	0.00945899	0.00343619	
417.8	0.00864581	0.00344796	
418	0.00831195	0.00345973	
418.2	0.00733567	0.0034715	
418.4	0.00797482	0.00348327	
418.6	0.00729519	0.00349504	
418.8	0.00672917	0.0035068	
419	0.00721474	0.00351857	
419.2	0.00768636	0.00353033	
419.4	0.0071324	0.00354209	
419.6	0.00663482	0.00355385	
419.8	0.00593782	0.00356561	
420	0.00522577	0.00357737	
420.2	0.00640807	0.00358913	
420.4	0.00689275	0.00360089	
420.6	0.00597288	0.00361264	
420.8	0.0061638	0.0036244	
421	0.00710501	0.00363615	
421.2	0.00885546	0.0036479	
421.4	0.00913688	0.00365965	
421.6	0.00830724	0.00367141	
421.8	0.00734573	0.00368315	
422	0.00714559	0.0036949	
422.2	0.00736784	0.00370665	
422.4	0.00799348	0.0037184	
422.6	0.00725076	0.00373014	
422.8	0.00721049	0.00374188	
423	0.00728623	0.00375363	
423.2	0.00756093	0.00376537	
423.4	0.0069122	0.00377711	
423.6	0.00740074	0.00378885	
423.8	0.00837709	0.00380059	
424	0.00885517	0.00381232	
424.2	0.00908648	0.00382406	
424.4	0.00930399	0.00383579	
424.6	0.00833771	0.00384753	
424.8	0.00901618	0.00385926	
425	0.00984822	0.00387099	
425.2	0.00998572	0.00388272	
425.4	0.00911801	0.00389445	
425.6	0.00866656	0.00390618	
425.8	0.00909511	0.00391791	
426	0.0093283	0.00392963	
426.2	0.00895841	0.00394136	
426.4	0.00805793	0.00395308	
426.6	0.00776654	0.0039648	
426.8	0.00721147	0.00397653	
427	0.00654179	0.00398825	
427.2	0.0064195	0.00399997	
427.4	0.00605349	0.00401168	
427.6	0.00623862	0.0040234	
427.8	0.00698305	0.00403512	
428	0.00565952	0.00404683	
428.2	0.00531805	0.00405855	
428.4	0.00576877	0.00407026	
428.6	0.00648951	0.00408197	
428.8	0.007847	0.00409368	
429	0.00848619	0.00410539	
429.2	0.00921497	0.0041171	
429.4	0.00994232	0.00412881	
429.6	0.01075901	0.00414052	
429.8	0.01101885	0.00415222	
430	0.01080772	0.00416393	
430.2	0.01002968	0.00417563	
430.4	0.00909164	0.00418733	
430.6	0.00875447	0.00419903	
430.8	0.00782765	0.00421073	
431	0.00758299	0.00422243	
431.2	0.00645948	0.00423413	
431.4	0.0058546	0.00424582	
431.6	0.00575965	0.00425752	
431.8	0.0059394	0.00426921	
432	0.00560323	0.00428091	
432.2	0.00577924	0.0042926	
432.4	0.00643753	0.00430429	
432.6	0.00731541	0.00431598	
432.8	0.00691912	0.00432767	
433	0.00742261	0.00433936	
433.2	0.00759187	0.00435104	
433.4	0.00757775	0.00436273	
433.6	0.00813749	0.00437442	
433.8	0.00830467	0.0043861	
434	0.0079852	0.00439778	
434.2	0.00792564	0.00440946	
434.4	0.00728088	0.00442114	
434.6	0.00855446	0.00443282	
434.8	0.00798913	0.0044445	
435	0.00763835	0.00445618	
435.2	0.00763089	0.00446785	
435.4	0.00761	0.00447953	
435.6	0.00753367	0.0044912	
435.8	0.00724575	0.00450287	
436	0.00789401	0.00451455	
436.2	0.00751467	0.00452622	
436.4	0.00763838	0.00453789	
436.6	0.00723899	0.00454955	
436.8	0.0072209	0.00456122	
437	0.00799825	0.00457289	
437.2	0.00841511	0.00458455	
437.4	0.00893902	0.00459622	
437.6	0.00964076	0.00460788	
437.8	0.00978323	0.00461954	
438	0.00963147	0.0046312	
438.2	0.00976197	0.00464286	
438.4	0.00954264	0.00465452	
438.6	0.00995205	0.00466618	
438.8	0.00928949	0.00467783	
439	0.0092459	0.00468949	
439.2	0.00967895	0.00470114	
439.4	0.00930433	0.00471279	
439.6	0.00888445	0.00472445	
439.8	0.00862894	0.0047361	
440	0.00873241	0.00474775	
440.2	0.00761456	0.0047594	
440.4	0.0073839	0.00477104	
440.6	0.00688166	0.00478269	
440.8	0.00707643	0.00479434	
441	0.00627955	0.00480598	
441.2	0.00644425	0.00481762	
441.4	0.00543175	0.00482927	
441.6	0.00592036	0.00484091	
441.8	0.00615119	0.00485255	
442	0.00544897	0.00486419	
442.2	0.00576805	0.00487582	
442.4	0.00613853	0.00488746	
442.6	0.00693919	0.0048991	
442.8	0.00790464	0.00491073	
443	0.00859871	0.00492236	
443.2	0.00993567	0.004934	
443.4	0.01009949	0.00494563	
443.6	0.01050389	0.00495726	
443.8	0.01036807	0.00496889	
444	0.0102339	0.00498051	
444.2	0.01013683	0.00499214	
444.4	0.01071714	0.00500377	
444.6	0.01064658	0.00501539	
444.8	0.01027871	0.00502702	
445	0.01044158	0.00503864	
445.2	0.01163967	0.00505026	
445.4	0.01176923	0.00506188	
445.6	0.01237601	0.0050735	
445.8	0.01190994	0.00508512	
446	0.0118241	0.00509674	
446.2	0.01205868	0.00510835	
446.4	0.01169873	0.00511997	
446.6	0.01141982	0.00513158	
446.8	0.01202509	0.00514319	
447	0.01175676	0.00515481	
447.2	0.01170069	0.00516642	
447.4	0.0111169	0.00517803	
447.6	0.01152625	0.00518963	
447.8	0.01022814	0.00520124	
448	0.01004993	0.00521285	
448.2	0.01000127	0.00522445	
448.4	0.00943009	0.00523606	
448.6	0.00968783	0.00524766	
448.8	0.00946795	0.00525926	
449	0.00999226	0.00527086	
449.2	0.01032825	0.00528246	
449.4	0.00978874	0.00529406	
449.6	0.00929263	0.00530566	
449.8	0.00960792	0.00531726	
450	0.00957531	0.00532885	
450.2	0.00894965	0.00534045	
450.4	0.00951663	0.00535204	
450.6	0.00984741	0.00536363	
450.8	0.0115385	0.00537522	
451	0.01172919	0.00538681	
451.2	0.01103014	0.0053984	
451.4	0.01043166	0.00540999	
451.6	0.01028318	0.00542158	
451.8	0.00961329	0.00543316	
452	0.00980906	0.00544475	
452.2	0.00943107	0.00545633	
452.4	0.00943878	0.00546791	
452.6	0.00872291	0.0054795	
452.8	0.00862634	0.00549108	
453	0.00849709	0.00550266	
453.2	0.00904109	0.00551423	
453.4	0.0089658	0.00552581	
453.6	0.00966015	0.00553739	
453.8	0.00992332	0.00554896	
454	0.00962494	0.00556054	
454.2	0.00964768	0.00557211	
454.4	0.01072501	0.00558368	
454.6	0.01107624	0.00559525	
454.8	0.0116485	0.00560682	
455	0.01095814	0.00561839	
455.2	0.00941619	0.00562996	
455.4	0.00914318	0.00564152	
455.6	0.00897973	0.00565309	
455.8	0.00848574	0.00566465	
456	0.00702087	0.00567622	
456.2	0.00599181	0.00568778	
456.4	0.00558741	0.00569934	
456.6	0.0040723	0.0057109	
456.8	0.00476002	0.00572246	
457	0.00476465	0.00573401	
457.2	0.00573435	0.00574557	
457.4	0.00576061	0.00575713	
457.6	0.00698571	0.00576868	
457.8	0.00744462	0.00578023	
458	0.00844756	0.00579179	
458.2	0.00921119	0.00580334	
458.4	0.01109846	0.00581489	
458.6	0.01159997	0.00582644	
458.8	0.01247037	0.00583799	
459	0.01331558	0.00584953	
459.2	0.01248324	0.00586108	
459.4	0.01298749	0.00587262	
459.6	0.01348555	0.00588417	
459.8	0.01285173	0.00589571	
460	0.01184143	0.00590725	
460.2	0.01134272	0.00591879	
460.4	0.01175675	0.00593033	
460.6	0.01118378	0.00594187	
460.8	0.01077178	0.00595341	
461	0.01001227	0.00596494	
461.2	0.01079547	0.00597648	
461.4	0.01057762	0.00598801	
461.6	0.01190064	0.00599955	
461.8	0.01190701	0.00601108	
462	0.01182482	0.00602261	
462.2	0.01264591	0.00603414	
462.4	0.01350513	0.00604567	
462.6	0.01268287	0.00605719	
462.8	0.01259575	0.00606872	
463	0.01292749	0.00608025	
463.2	0.01167533	0.00609177	
463.4	0.01210521	0.00610329	
463.6	0.01190979	0.00611482	
463.8	0.01074962	0.00612634	
464	0.0113887	0.00613786	
464.2	0.01092946	0.00614938	
464.4	0.01088852	0.00616089	
464.6	0.00935612	0.00617241	
464.8	0.00875854	0.00618393	
465	0.00832379	0.00619544	
465.2	0.00830066	0.00620695	
465.4	0.00704993	0.00621847	
465.6	0.00690868	0.00622998	
465.8	0.00652721	0.00624149	
466	0.0065534	0.006253	
466.2	0.00698695	0.00626451	
466.4	0.00606243	0.00627601	
466.6	0.00529298	0.00628752	
466.8	0.00553993	0.00629902	
467	0.0059606	0.00631053	
467.2	0.00596768	0.00632203	
467.4	0.00722789	0.00633353	
467.6	0.00877216	0.00634503	
467.8	0.00981131	0.00635653	
468	0.01183918	0.00636803	
468.2	0.01235591	0.00637953	
468.4	0.01270991	0.00639103	
468.6	0.01243503	0.00640252	
468.8	0.01287206	0.00641402	
469	0.01252507	0.00642551	
469.2	0.01207339	0.006437	
469.4	0.01179278	0.00644849	
469.6	0.01236501	0.00645998	
469.8	0.01256339	0.00647147	
470	0.01219413	0.00648296	
470.2	0.01233523	0.00649445	
470.4	0.01148447	0.00650593	
470.6	0.01110868	0.00651742	
470.8	0.01166234	0.0065289	
471	0.01185518	0.00654038	
471.2	0.01284359	0.00655186	
471.4	0.01407158	0.00656334	
471.6	0.01371466	0.00657482	
471.8	0.01350331	0.0065863	
472	0.01409342	0.00659778	
472.2	0.0131986	0.00660925	
472.4	0.01188042	0.00662073	
472.6	0.01087875	0.0066322	
472.8	0.01028146	0.00664368	
473	0.00977878	0.00665515	
473.2	0.00876272	0.00666662	
473.4	0.00855031	0.00667809	
473.6	0.00887885	0.00668956	
473.8	0.00782346	0.00670102	
474	0.00772512	0.00671249	
474.2	0.00851598	0.00672396	
474.4	0.00861467	0.00673542	
474.6	0.00870625	0.00674688	
474.8	0.00972789	0.00675835	
475	0.01098592	0.00676981	
475.2	0.01122344	0.00678127	
475.4	0.01119739	0.00679273	
475.6	0.01047323	0.00680418	
475.8	0.01135243	0.00681564	
476	0.01217749	0.0068271	
476.2	0.012345	0.00683855	
476.4	0.01215731	0.00685	
476.6	0.01240906	0.00686146	
476.8	0.01303029	0.00687291	
477	0.01223335	0.00688436	
477.2	0.01254466	0.00689581	
477.4	0.01295171	0.00690726	
477.6	0.01281661	0.0069187	
477.8	0.01249369	0.00693015	
478	0.0135666	0.00694159	
478.2	0.01392638	0.00695304	
478.4	0.01428721	0.00696448	
478.6	0.01400954	0.00697592	
478.8	0.01453859	0.00698736	
479	0.01475892	0.0069988	
479.2	0.0135335	0.00701024	
479.4	0.01331741	0.00702168	
479.6	0.01322069	0.00703312	
479.8	0.01339873	0.00704455	
480	0.01316396	0.00705599	
480.2	0.01276939	0.00706742	
480.4	0.01171644	0.00707885	
480.6	0.01188603	0.00709028	
480.8	0.01190671	0.00710171	
481	0.01142457	0.00711314	
481.2	0.01297986	0.00712457	
481.4	0.01215012	0.007136	
481.6	0.012443	0.00714742	
481.8	0.01295197	0.00715885	
482	0.01388922	0.00717027	
482.2	0.01338161	0.00718169	
482.4	0.01370511	0.00719311	
482.6	0.0138749	0.00720454	
482.8	0.01379753	0.00721595	
483	0.01435059	0.00722737	
483.2	0.01481565	0.00723879	
483.4	0.01443647	0.00725021	
483.6	0.01433758	0.00726162	
483.8	0.01380082	0.00727304	
484	0.01400679	0.00728445	
484.2	0.01316996	0.00729586	
484.4	0.01277124	0.00730727	
484.6	0.01351211	0.00731868	
484.8	0.01383996	0.00733009	
485	0.01415687	0.0073415	
485.2	0.0136818	0.0073529	
485.4	0.01233965	0.00736431	
485.6	0.01315601	0.00737571	
485.8	0.01336497	0.00738712	
486	0.01369066	0.00739852	
486.2	0.0124843	0.00740992	
486.4	0.01287916	0.00742132	
486.6	0.01303757	0.00743272	
486.8	0.0131155	0.00744412	
487	0.01401431	0.00745552	
487.2	0.01393882	0.00746691	
487.4	0.0142439	0.00747831	
487.6	0.01454657	0.0074897	
487.8	0.01439613	0.00750109	
488	0.0142011	0.00751249	
488.2	0.01320253	0.00752388	
488.4	0.01332244	0.00753527	
488.6	0.01314347	0.00754666	
488.8	0.01232367	0.00755804	
489	0.01193989	0.00756943	
489.2	0.01097979	0.00758081	
489.4	0.01167949	0.0075922	
489.6	0.01245114	0.00760358	
489.8	0.01243127	0.00761496	
490	0.01199629	0.00762635	
490.2	0.01057272	0.00763773	
490.4	0.01082074	0.0076491	
490.6	0.01080185	0.00766048	
490.8	0.01102291	0.00767186	
491	0.01123811	0.00768324	
491.2	0.01070352	0.00769461	
491.4	0.01140238	0.00770598	
491.6	0.01043262	0.00771736	
491.8	0.01114191	0.00772873	
492	0.01147421	0.0077401	
492.2	0.01231424	0.00775147	
492.4	0.01230207	0.00776284	
492.6	0.01221601	0.0077742	
492.8	0.01261026	0.00778557	
493	0.01282679	0.00779693	
493.2	0.0118737	0.0078083	
493.4	0.01268436	0.00781966	
493.6	0.0119465	0.00783102	
493.8	0.01109173	0.00784239	
494	0.00984648	0.00785375	
494.2	0.00926718	0.0078651	
494.4	0.01020294	0.00787646	
494.6	0.01016877	0.00788782	
494.8	0.0106124	0.00789917	
495	0.01063047	0.00791053	
495.2	0.00995187	0.00792188	
495.4	0.01066804	0.00793323	
495.6	0.01072172	0.00794459	
495.8	0.01226568	0.00795594	
496	0.0124404	0.00796729	
496.2	0.01303874	0.00797863	
496.4	0.01191551	0.00798998	
496.6	0.01206044	0.00800133	
496.8	0.01258841	0.00801267	
497	0.01173401	0.00802402	
497.2	0.01130764	0.00803536	
497.4	0.01242154	0.0080467	
497.6	0.0117534	0.00805804	
497.8	0.01144439	0.00806938	
498	0.01137741	0.00808072	
498.2	0.01156068	0.00809206	
498.4	0.01228809	0.0081034	
498.6	0.01163921	0.00811473	
498.8	0.0121989	0.00812607	
499	0.01252179	0.0081374	
499.2	0.01162975	0.00814873	
499.4	0.01174712	0.00816006	
499.6	0.01114179	0.00817139	
499.8	0.00993519	0.00818272	
500	0.00955262	0.00819405	
500.2	0.00995282	0.00820538	
500.4	0.009792	0.0082167	
500.6	0.0114132	0.00822803	
500.8	0.01120097	0.00823935	
501	0.0109149	0.00825067	
501.2	0.01143366	0.008262	
501.4	0.01177808	0.00827332	
501.6	0.01191747	0.00828464	
501.8	0.01111631	0.00829596	
502	0.0112396	0.00830727	
502.2	0.01111611	0.00831859	
502.4	0.01185966	0.00832991	
502.6	0.01236717	0.00834122	
502.8	0.01308018	0.00835253	
503	0.01342934	0.00836385	
503.2	0.01317349	0.00837516	
503.4	0.01263971	0.00838647	
503.6	0.01285732	0.00839778	
503.8	0.01228026	0.00840908	
504	0.01392051	0.00842039	
504.2	0.01487677	0.0084317	
504.4	0.01504819	0.008443	
504.6	0.01462578	0.00845431	
504.8	0.01394608	0.00846561	
505	0.01401063	0.00847691	
505.2	0.01380623	0.00848821	
505.4	0.01334349	0.00849951	
505.6	0.01229298	0.00851081	
505.8	0.01015151	0.00852211	
506	0.00945993	0.0085334	
506.2	0.00915168	0.0085447	
506.4	0.00857721	0.00855599	
506.6	0.00889004	0.00856729	
506.8	0.00727124	0.00857858	
507	0.00718958	0.00858987	
507.2	0.00829417	0.00860116	
507.4	0.00858065	0.00861245	
507.6	0.00986356	0.00862374	
507.8	0.01019505	0.00863502	
508	0.01159208	0.00864631	
508.2	0.01187693	0.0086576	
508.4	0.01249259	0.00866888	
508.6	0.0123511	0.00868016	
508.8	0.01287487	0.00869144	
509	0.01228638	0.00870272	
509.2	0.01141204	0.008714	
509.4	0.01101749	0.00872528	
509.6	0.01038266	0.00873656	
509.8	0.01005233	0.00874784	
510	0.0118016	0.00875911	
510.2	0.01212437	0.00877039	
510.4	0.01163192	0.00878166	
510.6	0.01182743	0.00879293	
510.8	0.01146266	0.0088042	
511	0.01187589	0.00881547	
511.2	0.01232656	0.00882674	
511.4	0.01218073	0.00883801	
511.6	0.01161064	0.00884928	
511.8	0.01197457	0.00886054	
512	0.01228481	0.00887181	
512.2	0.01198067	0.00888307	
512.4	0.01121537	0.00889434	
512.6	0.00937363	0.0089056	
512.8	0.00854783	0.00891686	
513	0.00892674	0.00892812	
513.2	0.00888972	0.00893938	
513.4	0.01008281	0.00895063	
513.6	0.01060797	0.00896189	
513.8	0.01163972	0.00897315	
514	0.01281255	0.0089844	
514.2	0.01269128	0.00899565	
514.4	0.01369473	0.00900691	
514.6	0.0141412	0.00901816	
514.8	0.01475294	0.00902941	
515	0.01434461	0.00904066	
515.2	0.01440245	0.0090519	
515.4	0.01442707	0.00906315	
515.6	0.01425608	0.0090744	
515.8	0.01503182	0.00908564	
516	0.01430682	0.00909689	
516.2	0.01321747	0.00910813	
516.4	0.01117267	0.00911937	
516.6	0.01014779	0.00913061	
516.8	0.00997872	0.00914185	
517	0.00975819	0.00915309	
517.2	0.00842085	0.00916433	
517.4	0.00769888	0.00917556	
517.6	0.0071052	0.0091868	
517.8	0.00704494	0.00919803	
518	0.00750752	0.00920927	
518.2	0.0080557	0.0092205	
518.4	0.00820105	0.00923173	
518.6	0.0088339	0.00924296	
518.8	0.00967897	0.00925419	
519	0.01079835	0.00926542	
519.2	0.01180533	0.00927665	
519.4	0.01293187	0.00928787	
519.6	0.01384816	0.0092991	
519.8	0.01409336	0.00931032	
520	0.01312494	0.00932154	
520.2	0.01304726	0.00933277	
520.4	0.01226897	0.00934399	
520.6	0.01284305	0.00935521	
520.8	0.01246727	0.00936643	
521	0.01188749	0.00937764	
521.2	0.01249648	0.00938886	
521.4	0.01223211	0.00940007	
521.6	0.01298518	0.00941129	
521.8	0.01266169	0.0094225	
522	0.01311902	0.00943372	
522.2	0.01231754	0.00944493	
522.4	0.01199739	0.00945614	
522.6	0.01261019	0.00946735	
522.8	0.01285084	0.00947855	
523	0.01365347	0.00948976	
523.2	0.01322389	0.00950097	
523.4	0.01342098	0.00951217	
523.6	0.01351103	0.00952338	
523.8	0.01316213	0.00953458	
524	0.01379701	0.00954578	
524.2	0.01395328	0.00955698	
524.4	0.01342628	0.00956818	
524.6	0.01370312	0.00957938	
524.8	0.01364483	0.00959058	
525	0.0144985	0.00960178	
525.2	0.01473775	0.00961297	
525.4	0.01544785	0.00962417	
525.6	0.01597961	0.00963536	
525.8	0.01564749	0.00964655	
526	0.01556989	0.00965775	
526.2	0.01491858	0.00966894	
526.4	0.01460226	0.00968013	
526.6	0.01474848	0.00969131	
526.8	0.0144285	0.0097025	
527	0.01548515	0.00971369	
527.2	0.0152678	0.00972487	
527.4	0.01570808	0.00973606	
527.6	0.0161845	0.00974724	
527.8	0.01643745	0.00975842	
528	0.01663275	0.0097696	
528.2	0.01455141	0.00978078	
528.4	0.01422469	0.00979196	
528.6	0.01440975	0.00980314	
528.8	0.014222	0.00981432	
529	0.01387779	0.00982549	
529.2	0.01380503	0.00983667	
529.4	0.01393815	0.00984784	
529.6	0.01293594	0.00985901	
529.8	0.01305738	0.00987019	
530	0.01259475	0.00988136	
530.2	0.01328011	0.00989253	
530.4	0.01328638	0.0099037	
530.6	0.01323681	0.00991486	
530.8	0.01305287	0.00992603	
531	0.01425876	0.0099372	
531.2	0.01386992	0.00994836	
531.4	0.01484272	0.00995952	
531.6	0.01552396	0.00997069	
531.8	0.01608472	0.00998185	
532	0.01541107	0.00999301	
532.2	0.01458926	0.01000417	
532.4	0.01519738	0.01001532	
532.6	0.01473046	0.01002648	
532.8	0.01391375	0.01003764	
533	0.01383837	0.01004879	
533.2	0.01432802	0.01005995	
533.4	0.01378929	0.0100711	
533.6	0.01415773	0.01008225	
533.8	0.01408184	0.0100934	
534	0.01388925	0.01010455	
534.2	0.01380461	0.0101157	
534.4	0.01320247	0.01012685	
534.6	0.01350242	0.010138	
534.8	0.01324244	0.01014914	
535	0.01358498	0.01016029	
535.2	0.01330675	0.01017143	
535.4	0.01474143	0.01018257	
535.6	0.01406732	0.01019371	
535.8	0.01399959	0.01020485	
536	0.01427159	0.01021599	
536.2	0.01399654	0.01022713	
536.4	0.0142054	0.01023827	
536.6	0.01358687	0.01024941	
536.8	0.01353511	0.01026054	
537	0.01458381	0.01027168	
537.2	0.01453073	0.01028281	
537.4	0.01359293	0.01029394	
537.6	0.01315254	0.01030507	
537.8	0.01285325	0.0103162	
538	0.01298947	0.01032733	
538.2	0.01338618	0.01033846	
538.4	0.01383326	0.01034959	
538.6	0.01463745	0.01036071	
538.8	0.01431536	0.01037184	
539	0.01466125	0.01038296	
539.2	0.01485671	0.01039408	
539.4	0.01505193	0.01040521	
539.6	0.01458008	0.01041633	
539.8	0.01485176	0.01042745	
540	0.01516464	0.01043857	
540.2	0.01443512	0.01044968	
540.4	0.01450735	0.0104608	
540.6	0.01383088	0.01047191	
540.8	0.01451333	0.01048303	
541	0.01500139	0.01049414	
541.2	0.01368966	0.01050526	
541.4	0.01334218	0.01051637	
541.6	0.01331488	0.01052748	
541.8	0.01385793	0.01053859	
542	0.01430542	0.01054969	
542.2	0.01562615	0.0105608	
542.4	0.01565204	0.01057191	
542.6	0.0162183	0.01058301	
542.8	0.01660031	0.01059412	
543	0.01662415	0.01060522	
543.2	0.016288	0.01061632	
543.4	0.01612075	0.01062742	
543.6	0.01551018	0.01063852	
543.8	0.01531364	0.01064962	
544	0.01479496	0.01066072	
544.2	0.01508258	0.01067182	
544.4	0.01403595	0.01068291	
544.6	0.01375243	0.01069401	
544.8	0.0141996	0.0107051	
545	0.01392137	0.0107162	
545.2	0.01299883	0.01072729	
545.4	0.01346922	0.01073838	
545.6	0.01270062	0.01074947	
545.8	0.01421339	0.01076056	
546	0.01410639	0.01077164	
546.2	0.01483654	0.01078273	
546.4	0.01436957	0.01079382	
546.6	0.01503862	0.0108049	
546.8	0.0155809	0.01081598	
547	0.01537796	0.01082707	
547.2	0.01553749	0.01083815	
547.4	0.01552079	0.01084923	
547.6	0.014876	0.01086031	
547.8	0.01585556	0.01087139	
548	0.01567648	0.01088246	
548.2	0.01531231	0.01089354	
548.4	0.01476857	0.01090461	
548.6	0.01531819	0.01091569	
548.8	0.01527574	0.01092676	
549	0.0145302	0.01093783	
549.2	0.01414341	0.0109489	
549.4	0.01452175	0.01095998	
549.6	0.01476621	0.01097104	
549.8	0.01511006	0.01098211	
550	0.01377001	0.01099318	
550.2	0.01419966	0.01100424	
550.4	0.01345544	0.01101531	
550.6	0.01389183	0.01102637	
550.8	0.01406794	0.01103744	
551	0.01383073	0.0110485	
551.2	0.0144722	0.01105956	
551.4	0.01399823	0.01107062	
551.6	0.01373775	0.01108168	
551.8	0.01451061	0.01109273	
552	0.01514939	0.01110379	
552.2	0.01520795	0.01111485	
552.4	0.0154786	0.0111259	
552.6	0.01574058	0.01113696	
552.8	0.01543413	0.01114801	
553	0.01451507	0.01115906	
553.2	0.01634247	0.01117011	
553.4	0.0161897	0.01118116	
553.6	0.01572729	0.01119221	
553.8	0.01529142	0.01120325	
554	0.01563805	0.0112143	
554.2	0.01620961	0.01122535	
554.4	0.01633426	0.01123639	
554.6	0.01698912	0.01124743	
554.8	0.01794517	0.01125848	
555	0.01787445	0.01126952	
555.2	0.01759934	0.01128056	
555.4	0.01676706	0.0112916	
555.6	0.01644734	0.01130263	
555.8	0.0165268	0.01131367	
556	0.01668094	0.01132471	
556.2	0.01572962	0.01133574	
556.4	0.01530217	0.01134678	
556.6	0.01515393	0.01135781	
556.8	0.01423315	0.01136884	
557	0.01371778	0.01137987	
557.2	0.01465842	0.0113909	
557.4	0.01308923	0.01140193	
557.6	0.01284213	0.01141296	
557.8	0.01416788	0.01142398	
558	0.01351148	0.01143501	
558.2	0.01374693	0.01144604	
558.4	0.01388204	0.01145706	
558.6	0.01321007	0.01146808	
558.8	0.01389697	0.0114791	
559	0.01279828	0.01149012	
559.2	0.01274256	0.01150114	
559.4	0.01317896	0.01151216	
559.6	0.01262137	0.01152318	
559.8	0.01366015	0.0115342	
560	0.01433293	0.01154521	
560.2	0.01476587	0.01155623	
560.4	0.01569355	0.01156724	
560.6	0.015965	0.01157825	
560.8	0.01623107	0.01158926	
561	0.01688282	0.01160027	
561.2	0.01680931	0.01161128	
561.4	0.01642618	0.01162229	
561.6	0.01586348	0.0116333	
561.8	0.0141762	0.0116443	
562	0.01272214	0.01165531	
562.2	0.01266004	0.01166631	
562.4	0.01171064	0.01167732	
562.6	0.01098856	0.01168832	
562.8	0.01140799	0.01169932	
563	0.01095574	0.01171032	
563.2	0.01163657	0.01172132	
563.4	0.01236129	0.01173232	
563.6	0.0124463	0.01174331	
563.8	0.01447796	0.01175431	
564	0.01475974	0.0117653	
564.2	0.01599731	0.0117763	
564.4	0.01661872	0.01178729	
564.6	0.01750102	0.01179828	
564.8	0.01733486	0.01180927	
565	0.01707793	0.01182026	
565.2	0.01625075	0.01183125	
565.4	0.01548816	0.01184224	
565.6	0.01456424	0.01185323	
565.8	0.01325298	0.01186421	
566	0.01408079	0.0118752	
566.2	0.0136597	0.01188618	
566.4	0.0136569	0.01189716	
566.6	0.01328549	0.01190814	
566.8	0.01359425	0.01191912	
567	0.0140293	0.0119301	
567.2	0.01447536	0.01194108	
567.4	0.0146588	0.01195206	
567.6	0.0152675	0.01196304	
567.8	0.01448801	0.01197401	
568	0.0144461	0.01198499	
568.2	0.01515973	0.01199596	
568.4	0.0148563	0.01200693	
568.6	0.01444779	0.0120179	
568.8	0.01382014	0.01202887	
569	0.01352143	0.01203984	
569.2	0.01252293	0.01205081	
569.4	0.01247199	0.01206178	
569.6	0.01271257	0.01207274	
569.8	0.01254902	0.01208371	
570	0.01222391	0.01209467	
570.2	0.01278398	0.01210564	
570.4	0.01324037	0.0121166	
570.6	0.01386985	0.01212756	
570.8	0.01428794	0.01213852	
571	0.01468182	0.01214948	
571.2	0.01509641	0.01216044	
571.4	0.01564625	0.01217139	
571.6	0.01650556	0.01218235	
571.8	0.0150985	0.0121933	
572	0.01579654	0.01220426	
572.2	0.01556125	0.01221521	
572.4	0.01455795	0.01222616	
572.6	0.01382308	0.01223711	
572.8	0.01439221	0.01224806	
573	0.01410208	0.01225901	
573.2	0.01291206	0.01226996	
573.4	0.01350176	0.01228091	
573.6	0.01314668	0.01229185	
573.8	0.01349551	0.0123028	
574	0.01317153	0.01231374	
574.2	0.01384759	0.01232468	
574.4	0.01425855	0.01233563	
574.6	0.0146932	0.01234657	
574.8	0.01412741	0.01235751	
575	0.01553024	0.01236844	
575.2	0.01649752	0.01237938	
575.4	0.01761149	0.01239032	
575.6	0.01807294	0.01240125	
575.8	0.01717833	0.01241219	
576	0.01655523	0.01242312	
576.2	0.01602276	0.01243406	
576.4	0.01526615	0.01244499	
576.6	0.01499074	0.01245592	
576.8	0.01545158	0.01246685	
577	0.01411196	0.01247777	
577.2	0.01273503	0.0124887	
577.4	0.01167337	0.01249963	
577.6	0.01159959	0.01251055	
577.8	0.01157515	0.01252148	
578	0.01090694	0.0125324	
578.2	0.01107463	0.01254332	
578.4	0.01177283	0.01255425	
578.6	0.01169647	0.01256517	
578.8	0.01210863	0.01257608	
579	0.01341012	0.012587	
579.2	0.01428906	0.01259792	
579.4	0.01511724	0.01260884	
579.6	0.0152785	0.01261975	
579.8	0.01520981	0.01263067	
580	0.01471857	0.01264158	
580.2	0.01508372	0.01265249	
580.4	0.01507109	0.0126634	
580.6	0.01550564	0.01267431	
580.8	0.01640253	0.01268522	
581	0.01560195	0.01269613	
581.2	0.01527417	0.01270704	
581.4	0.01532977	0.01271794	
581.6	0.0164794	0.01272885	
581.8	0.0157821	0.01273975	
582	0.01603028	0.01275065	
582.2	0.01570762	0.01276156	
582.4	0.01560789	0.01277246	
582.6	0.01544305	0.01278336	
582.8	0.01534605	0.01279426	
583	0.01492011	0.01280515	
583.2	0.01493199	0.01281605	
583.4	0.01473891	0.01282695	
583.6	0.0143263	0.01283784	
583.8	0.01488416	0.01284873	
584	0.01442594	0.01285963	
584.2	0.01447158	0.01287052	
584.4	0.0148328	0.01288141	
584.6	0.01592613	0.0128923	
584.8	0.01662434	0.01290319	
585	0.0159087	0.01291408	
585.2	0.01515454	0.01292496	
585.4	0.01538265	0.01293585	
585.6	0.0140378	0.01294673	
585.8	0.01316114	0.01295762	
586	0.01243696	0.0129685	
586.2	0.01192738	0.01297938	
586.4	0.01134779	0.01299026	
586.6	0.01123203	0.01300114	
586.8	0.01110659	0.01301202	
587	0.01128284	0.0130229	
587.2	0.01198056	0.01303377	
587.4	0.01163323	0.01304465	
587.6	0.01257609	0.01305552	
587.8	0.01324947	0.0130664	
588	0.01306059	0.01307727	
588.2	0.01397366	0.01308814	
588.4	0.01457176	0.01309901	
588.6	0.01524464	0.01310988	
588.8	0.01546811	0.01312075	
589	0.01496681	0.01313162	
589.2	0.01482737	0.01314248	
589.4	0.01484077	0.01315335	
589.6	0.01435316	0.01316421	
589.8	0.01484902	0.01317508	
590	0.0150469	0.01318594	
590.2	0.01582238	0.0131968	
590.4	0.01524967	0.01320766	
590.6	0.01626622	0.01321852	
590.8	0.01620076	0.01322938	
591	0.01676392	0.01324023	
591.2	0.0168459	0.01325109	
591.4	0.01662852	0.01326195	
591.6	0.01789982	0.0132728	
591.8	0.01756735	0.01328365	
592	0.01789792	0.0132945	
592.2	0.01800323	0.01330536	
592.4	0.01773749	0.01331621	
592.6	0.01735633	0.01332706	
592.8	0.01620251	0.0133379	
593	0.01479012	0.01334875	
593.2	0.01483308	0.0133596	
593.4	0.01465486	0.01337044	
593.6	0.01482918	0.01338129	
593.8	0.01442803	0.01339213	
594	0.01406001	0.01340297	
594.2	0.01271195	0.01341381	
594.4	0.01269673	0.01342465	
594.6	0.01277266	0.01343549	
594.8	0.01241128	0.01344633	
595	0.01248842	0.01345717	
595.2	0.01327723	0.013468	
595.4	0.01381221	0.01347884	
595.6	0.01469584	0.01348967	
595.8	0.01564439	0.0135005	
596	0.01599631	0.01351134	
596.2	0.01645272	0.01352217	
596.4	0.01746125	0.013533	
596.6	0.01652416	0.01354383	
596.8	0.01661799	0.01355465	
597	0.01742295	0.01356548	
597.2	0.01903247	0.01357631	
597.4	0.01856502	0.01358713	
597.6	0.01809216	0.01359795	
597.8	0.01772023	0.01360878	
598	0.0162699	0.0136196	
598.2	0.01443572	0.01363042	
598.4	0.01459911	0.01364124	
598.6	0.01311848	0.01365206	
598.8	0.01275849	0.01366288	
599	0.0118381	0.01367369	
599.2	0.01166228	0.01368451	
599.4	0.01055004	0.01369532	
599.6	0.01001372	0.01370614	
599.8	0.01028365	0.01371695	
600	0.01034524	0.01372776	
600.2	0.01060804	0.01373857	
600.4	0.01209935	0.01374938	
600.6	0.01319005	0.01376019	
600.8	0.01453767	0.013771	
601	0.01581875	0.01378181	
601.2	0.01664149	0.01379261	
601.4	0.01621915	0.01380342	
601.6	0.01681938	0.01381422	
601.8	0.0174945	0.01382502	
602	0.01732837	0.01383582	
602.2	0.01759562	0.01384662	
602.4	0.01808682	0.01385742	
602.6	0.01854753	0.01386822	
602.8	0.01862824	0.01387902	
603	0.0177515	0.01388982	
603.2	0.01648101	0.01390061	
603.4	0.01605273	0.01391141	
603.6	0.01640046	0.0139222	
603.8	0.01596767	0.01393299	
604	0.01568325	0.01394379	
604.2	0.016411	0.01395458	
604.4	0.01713699	0.01396537	
604.6	0.0170005	0.01397615	
604.8	0.01642632	0.01398694	
605	0.01733581	0.01399773	
605.2	0.01742463	0.01400851	
605.4	0.01712656	0.0140193	
605.6	0.01703716	0.01403008	
605.8	0.01794815	0.01404086	
606	0.01831573	0.01405165	
606.2	0.01824129	0.01406243	
606.4	0.01797018	0.01407321	
606.6	0.01888847	0.01408398	
606.8	0.01792866	0.01409476	
607	0.01709864	0.01410554	
607.2	0.01718609	0.01411631	
607.4	0.01769981	0.01412709	
607.6	0.01731689	0.01413786	
607.8	0.01705457	0.01414863	
608	0.01768159	0.01415941	
608.2	0.01725822	0.01417018	
608.4	0.01631771	0.01418095	
608.6	0.01624376	0.01419171	
608.8	0.01644636	0.01420248	
609	0.01627267	0.01421325	
609.2	0.01535713	0.01422401	
609.4	0.01491666	0.01423478	
609.6	0.01503505	0.01424554	
609.8	0.0156928	0.0142563	
610	0.01563808	0.01426707	
610.2	0.01566745	0.01427783	
610.4	0.01516101	0.01428858	
610.6	0.01534698	0.01429934	
610.8	0.01447004	0.0143101	
611	0.01417509	0.01432086	
611.2	0.01549518	0.01433161	
611.4	0.01570941	0.01434237	
611.6	0.0154602	0.01435312	
611.8	0.0163062	0.01436387	
612	0.0156984	0.01437462	
612.2	0.01438658	0.01438537	
612.4	0.01471044	0.01439612	
612.6	0.01486288	0.01440687	
612.8	0.0147991	0.01441762	
613	0.01504032	0.01442837	
613.2	0.01626247	0.01443911	
613.4	0.017443	0.01444986	
613.6	0.01849731	0.0144606	
613.8	0.01934006	0.01447134	
614	0.02030831	0.01448208	
614.2	0.02041019	0.01449282	
614.4	0.02024912	0.01450356	
614.6	0.02133298	0.0145143	
614.8	0.0218859	0.01452504	
615	0.02237402	0.01453577	
615.2	0.02270857	0.01454651	
615.4	0.02134049	0.01455724	
615.6	0.02113486	0.01456798	
615.8	0.02016398	0.01457871	
616	0.01889395	0.01458944	
616.2	0.01772858	0.01460017	
616.4	0.01666764	0.0146109	
616.6	0.01662175	0.01462163	
616.8	0.01544621	0.01463236	
617	0.01542595	0.01464308	
617.2	0.01554931	0.01465381	
617.4	0.01603021	0.01466453	
617.6	0.01578021	0.01467526	
617.8	0.01644301	0.01468598	
618	0.01690197	0.0146967	
618.2	0.01670261	0.01470742	
618.4	0.01764932	0.01471814	
618.6	0.01831402	0.01472886	
618.8	0.01778588	0.01473957	
619	0.01792219	0.01475029	
619.2	0.01778488	0.01476101	
619.4	0.01806922	0.01477172	
619.6	0.01834536	0.01478243	
619.8	0.01756306	0.01479315	
620	0.01787102	0.01480386	
620.2	0.01688106	0.01481457	
620.4	0.01629576	0.01482528	
620.6	0.0167156	0.01483599	
620.8	0.01589432	0.01484669	
621	0.01607857	0.0148574	
621.2	0.01581513	0.0148681	
621.4	0.01532132	0.01487881	
621.6	0.01524939	0.01488951	
621.8	0.01597697	0.01490021	
622	0.01557651	0.01491092	
622.2	0.01530342	0.01492162	
622.4	0.01522279	0.01493232	
622.6	0.0151671	0.01494301	
622.8	0.01563153	0.01495371	
623	0.01618445	0.01496441	
623.2	0.01613039	0.0149751	
623.4	0.01614962	0.0149858	
623.6	0.01623103	0.01499649	
623.8	0.01701965	0.01500718	
624	0.01753182	0.01501787	
624.2	0.0168564	0.01502856	
624.4	0.0167224	0.01503925	
624.6	0.01719434	0.01504994	
624.8	0.01661382	0.01506063	
625	0.01687817	0.01507132	
625.2	0.01558837	0.015082	
625.4	0.01567262	0.01509269	
625.6	0.01661282	0.01510337	
625.8	0.01607199	0.01511405	
626	0.01555218	0.01512473	
626.2	0.01545577	0.01513541	
626.4	0.01468451	0.01514609	
626.6	0.01454559	0.01515677	
626.8	0.01393667	0.01516745	
627	0.013687	0.01517812	
627.2	0.0137581	0.0151888	
627.4	0.01488359	0.01519947	
627.6	0.01616545	0.01521015	
627.8	0.01615686	0.01522082	
628	0.01639409	0.01523149	
628.2	0.01606701	0.01524216	
628.4	0.01671111	0.01525283	
628.6	0.01765727	0.0152635	
628.8	0.0174824	0.01527417	
629	0.01812198	0.01528483	
629.2	0.01732474	0.0152955	
629.4	0.0185188	0.01530616	
629.6	0.01822759	0.01531683	
629.8	0.01839119	0.01532749	
630	0.01849279	0.01533815	
630.2	0.01769729	0.01534881	
630.4	0.01627102	0.01535947	
630.6	0.01596689	0.01537013	
630.8	0.01519008	0.01538079	
631	0.0149453	0.01539144	
631.2	0.01447387	0.0154021	
631.4	0.01507456	0.01541275	
631.6	0.01420368	0.01542341	
631.8	0.01366369	0.01543406	
632	0.01368158	0.01544471	
632.2	0.01378996	0.01545536	
632.4	0.01430736	0.01546601	
632.6	0.01403998	0.01547666	
632.8	0.01467357	0.01548731	
633	0.01524627	0.01549795	
633.2	0.01520864	0.0155086	
633.4	0.01556633	0.01551924	
633.6	0.01554234	0.01552989	
633.8	0.01676475	0.01554053	
634	0.01705664	0.01555117	
634.2	0.01663439	0.01556181	
634.4	0.01698707	0.01557245	
634.6	0.01788072	0.01558309	
634.8	0.01729647	0.01559373	
635	0.01837821	0.01560436	
635.2	0.01788415	0.015615	
635.4	0.0174524	0.01562563	
635.6	0.01689652	0.01563627	
635.8	0.01666568	0.0156469	
636	0.015816	0.01565753	
636.2	0.01557026	0.01566816	
636.4	0.01532547	0.01567879	
636.6	0.01559038	0.01568942	
636.8	0.01510787	0.01570005	
637	0.01479838	0.01571068	
637.2	0.01453323	0.0157213	
637.4	0.01492638	0.01573193	
637.6	0.01548608	0.01574255	
637.8	0.01565851	0.01575317	
638	0.01530355	0.01576379	
638.2	0.01558242	0.01577442	
638.4	0.01650011	0.01578504	
638.6	0.01651656	0.01579565	
638.8	0.01553313	0.01580627	
639	0.01642201	0.01581689	
639.2	0.01490859	0.0158275	
639.4	0.01520087	0.01583812	
639.6	0.0149235	0.01584873	
639.8	0.01442407	0.01585935	
640	0.01385068	0.01586996	
640.2	0.01355949	0.01588057	
640.4	0.01427373	0.01589118	
640.6	0.01499099	0.01590179	
640.8	0.01396443	0.01591239	
641	0.01469278	0.015923	
641.2	0.01447163	0.01593361	
641.4	0.01508481	0.01594421	
641.6	0.01540033	0.01595482	
641.8	0.01518362	0.01596542	
642	0.01577069	0.01597602	
642.2	0.01651736	0.01598662	
642.4	0.01729495	0.01599722	
642.6	0.01773472	0.01600782	
642.8	0.01775263	0.01601842	
643	0.01805872	0.01602902	
643.2	0.01774697	0.01603961	
643.4	0.0189215	0.01605021	
643.6	0.01895008	0.0160608	
643.8	0.01931281	0.01607139	
644	0.01817941	0.01608199	
644.2	0.01860322	0.01609258	
644.4	0.01832869	0.01610317	
644.6	0.01797042	0.01611376	
644.8	0.01766958	0.01612434	
645	0.0170131	0.01613493	
645.2	0.01725977	0.01614552	
645.4	0.01817267	0.0161561	
645.6	0.01763489	0.01616669	
645.8	0.01805747	0.01617727	
646	0.01762861	0.01618785	
646.2	0.01688512	0.01619843	
646.4	0.01678828	0.01620901	
646.6	0.0167564	0.01621959	
646.8	0.01591061	0.01623017	
647	0.01579331	0.01624075	
647.2	0.01646022	0.01625132	
647.4	0.01702457	0.0162619	
647.6	0.01745879	0.01627247	
647.8	0.0177239	0.01628305	
648	0.01816371	0.01629362	
648.2	0.01910488	0.01630419	
648.4	0.01904488	0.01631476	
648.6	0.01968413	0.01632533	
648.8	0.01976221	0.0163359	
649	0.01937318	0.01634647	
649.2	0.01897536	0.01635703	
649.4	0.01838097	0.0163676	
649.6	0.01681868	0.01637816	
649.8	0.01712756	0.01638873	
650	0.01478425	0.01639929	
650.2	0.01419067	0.01640985	
650.4	0.01453919	0.01642041	
650.6	0.0144456	0.01643097	
650.8	0.0138947	0.01644153	
651	0.01421809	0.01645209	
651.2	0.01472119	0.01646264	
651.4	0.01493149	0.0164732	
651.6	0.0167778	0.01648375	
651.8	0.01671089	0.01649431	
652	0.0175383	0.01650486	
652.2	0.01675576	0.01651541	
652.4	0.01616836	0.01652596	
652.6	0.01576512	0.01653651	
652.8	0.0149059	0.01654706	
653	0.01466253	0.01655761	
653.2	0.01401778	0.01656815	
653.4	0.01405634	0.0165787	
653.6	0.01373528	0.01658924	
653.8	0.01434525	0.01659979	
654	0.01412539	0.01661033	
654.2	0.01485688	0.01662087	
654.4	0.01555356	0.01663141	
654.6	0.01625931	0.01664195	
654.8	0.01655976	0.01665249	
655	0.01693773	0.01666303	
655.2	0.01801401	0.01667357	
655.4	0.01903247	0.0166841	
655.6	0.0202825	0.01669464	
655.8	0.01955778	0.01670517	
656	0.02038957	0.0167157	
656.2	0.01953443	0.01672624	
656.4	0.01957783	0.01673677	
656.6	0.01974281	0.0167473	
656.8	0.0179517	0.01675783	
657	0.01810455	0.01676835	
657.2	0.01765069	0.01677888	
657.4	0.01714254	0.01678941	
657.6	0.01680097	0.01679993	
657.8	0.01626069	0.01681046	
658	0.01575665	0.01682098	
658.2	0.01501712	0.0168315	
658.4	0.01496612	0.01684202	
658.6	0.01500616	0.01685254	
658.8	0.01409124	0.01686306	
659	0.01444899	0.01687358	
659.2	0.01552547	0.0168841	
659.4	0.01620084	0.01689461	
659.6	0.01663533	0.01690513	
659.8	0.01703245	0.01691564	
660	0.0174089	0.01692616	
660.2	0.0174353	0.0169254	
660.4	0.01718631	0.01692465	
660.6	0.01658662	0.0169239	
660.8	0.01604737	0.01692315	
661	0.01595376	0.0169224	
661.2	0.01565678	0.01692165	
661.4	0.0161266	0.0169209	
661.6	0.01673402	0.01692014	
661.8	0.01722995	0.01691939	
662	0.01774232	0.01691864	
662.2	0.01785463	0.01691789	
662.4	0.01829033	0.01691714	
662.6	0.01821959	0.01691639	
662.8	0.01809129	0.01691564	
663	0.01775122	0.01691489	
663.2	0.01833123	0.01691414	
663.4	0.01795695	0.01691339	
663.6	0.01781427	0.01691263	
663.8	0.01796336	0.01691188	
664	0.01861553	0.01691113	
664.2	0.01799434	0.01691038	
664.4	0.01676656	0.01690963	
664.6	0.01597202	0.01690888	
664.8	0.01592375	0.01690813	
665	0.01533659	0.01690738	
665.2	0.01491028	0.01690663	
665.4	0.01546098	0.01690588	
665.6	0.0155585	0.01690513	
665.8	0.01527519	0.01690438	
666	0.01575224	0.01690363	
666.2	0.01598784	0.01690288	
666.4	0.01633652	0.01690213	
666.6	0.01693694	0.01690137	
666.8	0.01675694	0.01690062	
667	0.01642019	0.01689987	
667.2	0.01651049	0.01689912	
667.4	0.01626766	0.01689837	
667.6	0.01498683	0.01689762	
667.8	0.01494378	0.01689687	
668	0.01509419	0.01689612	
668.2	0.01351264	0.01689537	
668.4	0.01348329	0.01689462	
668.6	0.01345412	0.01689387	
668.8	0.01379901	0.01689312	
669	0.01310151	0.01689237	
669.2	0.01318103	0.01689162	
669.4	0.01355324	0.01689087	
669.6	0.01376812	0.01689012	
669.8	0.01444674	0.01688937	
670	0.01518533	0.01688862	
670.2	0.01587357	0.01688787	
670.4	0.01687642	0.01688712	
670.6	0.01726416	0.01688637	
670.8	0.01714207	0.01688562	
671	0.01724358	0.01688487	
671.2	0.01886046	0.01688412	
671.4	0.01893014	0.01688338	
671.6	0.0181768	0.01688263	
671.8	0.01878374	0.01688188	
672	0.01926482	0.01688113	
672.2	0.0184815	0.01688038	
672.4	0.01853038	0.01687963	
672.6	0.01709166	0.01687888	
672.8	0.01637774	0.01687813	
673	0.01574127	0.01687738	
673.2	0.01451454	0.01687663	
673.4	0.01407968	0.01687588	
673.6	0.01361255	0.01687513	
673.8	0.01350468	0.01687438	
674	0.01327829	0.01687363	
674.2	0.01324358	0.01687288	
674.4	0.01321341	0.01687214	
674.6	0.01249857	0.01687139	
674.8	0.01267592	0.01687064	
675	0.01268167	0.01686989	
675.2	0.01399482	0.01686914	
675.4	0.01469723	0.01686839	
675.6	0.01497652	0.01686764	
675.8	0.01537779	0.01686689	
676	0.01544055	0.01686614	
676.2	0.01528832	0.01686539	
676.4	0.01425679	0.01686465	
676.6	0.01364458	0.0168639	
676.8	0.01377663	0.01686315	
677	0.01509935	0.0168624	
677.2	0.01550267	0.01686165	
677.4	0.01631408	0.0168609	
677.6	0.01722955	0.01686015	
677.8	0.01823579	0.01685941	
678	0.01870503	0.01685866	
678.2	0.01780693	0.01685791	
678.4	0.01764322	0.01685716	
678.6	0.01802516	0.01685641	
678.8	0.01813919	0.01685566	
679	0.01745592	0.01685492	
679.2	0.01801178	0.01685417	
679.4	0.01769286	0.01685342	
679.6	0.01757239	0.01685267	
679.8	0.01716587	0.01685192	
680	0.01681225	0.01685117	
680.2	0.01717924	0.01685043	
680.4	0.01526833	0.01684968	
680.6	0.0152322	0.01684893	
680.8	0.01540225	0.01684818	
681	0.01597368	0.01684743	
681.2	0.01604402	0.01684669	
681.4	0.01621067	0.01684594	
681.6	0.0169846	0.01684519	
681.8	0.01797587	0.01684444	
682	0.01838043	0.01684369	
682.2	0.01796	0.01684295	
682.4	0.01866856	0.0168422	
682.6	0.01867854	0.01684145	
682.8	0.01720225	0.0168407	
683	0.01631142	0.01683996	
683.2	0.0150995	0.01683921	
683.4	0.01390701	0.01683846	
683.6	0.01370646	0.01683771	
683.8	0.01359136	0.01683697	
684	0.01232042	0.01683622	
684.2	0.01265553	0.01683547	
684.4	0.01203379	0.01683472	
684.6	0.01301138	0.01683398	
684.8	0.01304999	0.01683323	
685	0.01375505	0.01683248	
685.2	0.01493761	0.01683173	
685.4	0.01528881	0.01683099	
685.6	0.01549958	0.01683024	
685.8	0.01740072	0.01682949	
686	0.01781163	0.01682874	
686.2	0.01764771	0.016828	
686.4	0.01763627	0.01682725	
686.6	0.01715559	0.0168265	
686.8	0.01611467	0.01682576	
687	0.01546784	0.01682501	
687.2	0.01396393	0.01682426	
687.4	0.01338598	0.01682352	
687.6	0.01309605	0.01682277	
687.8	0.0132594	0.01682202	
688	0.01225084	0.01682127	
688.2	0.0136216	0.01682053	
688.4	0.01403883	0.01681978	
688.6	0.01558866	0.01681903	
688.8	0.01566654	0.01681829	
689	0.01719277	0.01681754	
689.2	0.01714256	0.01681679	
689.4	0.01713337	0.01681605	
689.6	0.01808683	0.0168153	
689.8	0.01928186	0.01681455	
690	0.01964819	0.01681381	
690.2	0.01886986	0.01681306	
690.4	0.0187235	0.01681232	
690.6	0.01944916	0.01681157	
690.8	0.01867569	0.01681082	
691	0.0183163	0.01681008	
691.2	0.01706487	0.01680933	
691.4	0.01657458	0.01680858	
691.6	0.01566636	0.01680784	
691.8	0.01463205	0.01680709	
692	0.01406174	0.01680634	
692.2	0.01406838	0.0168056	
692.4	0.01358315	0.01680485	
692.6	0.01448944	0.01680411	
692.8	0.0143725	0.01680336	
693	0.01504879	0.01680261	
693.2	0.01479794	0.01680187	
693.4	0.01567871	0.01680112	
693.6	0.01624191	0.01680038	
693.8	0.01576677	0.01679963	
694	0.01553	0.01679888	
694.2	0.01537101	0.01679814	
694.4	0.01633823	0.01679739	
694.6	0.01707568	0.01679665	
694.8	0.01603173	0.0167959	
695	0.01643979	0.01679516	
695.2	0.01535157	0.01679441	
695.4	0.01555077	0.01679366	
695.6	0.01475044	0.01679292	
695.8	0.01460894	0.01679217	
696	0.01506895	0.01679143	
696.2	0.01487491	0.01679068	
696.4	0.01500215	0.01678994	
696.6	0.01610367	0.01678919	
696.8	0.01622606	0.01678845	
697	0.01615721	0.0167877	
697.2	0.01592431	0.01678696	
697.4	0.01571217	0.01678621	
697.6	0.0153121	0.01678547	
697.8	0.01488521	0.01678472	
698	0.01479905	0.01678397	
698.2	0.01591687	0.01678323	
698.4	0.01589155	0.01678248	
698.6	0.01532335	0.01678174	
698.8	0.01465348	0.01678099	
699	0.01479039	0.01678025	
699.2	0.01431662	0.0167795	
699.4	0.01519411	0.01677876	
699.6	0.01491869	0.01677801	
699.8	0.01503196	0.01677727	
700	0.01584359	0.01677652	
700.2	0.01514595	0.01677578	
700.4	0.01505722	0.01677504	
700.6	0.01417655	0.01677429	
700.8	0.01354561	0.01677355	
701	0.01306232	0.0167728	
701.2	0.01268384	0.01677206	
701.4	0.01303525	0.01677131	
701.6	0.01366447	0.01677057	
701.8	0.01366985	0.01676982	
702	0.01369669	0.01676908	
702.2	0.01385147	0.01676833	
702.4	0.01288095	0.01676759	
702.6	0.01210693	0.01676684	
702.8	0.01191203	0.0167661	
703	0.01289337	0.01676536	
703.2	0.01340592	0.01676461	
703.4	0.01380834	0.01676387	
703.6	0.01424532	0.01676312	
703.8	0.01552807	0.01676238	
704	0.01531234	0.01676163	
704.2	0.01456756	0.01676089	
704.4	0.01391532	0.01676015	
704.6	0.01292713	0.0167594	
704.8	0.01329408	0.01675866	
705	0.012652	0.01675791	
705.2	0.01267942	0.01675717	
705.4	0.01362323	0.01675643	
705.6	0.01353482	0.01675568	
705.8	0.01256095	0.01675494	
706	0.01276369	0.01675419	
706.2	0.01189639	0.01675345	
706.4	0.01152838	0.01675271	
706.6	0.01225615	0.01675196	
706.8	0.01292908	0.01675122	
707	0.01333842	0.01675048	
707.2	0.01342354	0.01674973	
707.4	0.01339088	0.01674899	
707.6	0.01437271	0.01674824	
707.8	0.01427279	0.0167475	
708	0.01369542	0.01674676	
708.2	0.01347866	0.01674601	
708.4	0.01329489	0.01674527	
708.6	0.01377384	0.01674453	
708.8	0.01445434	0.01674378	
709	0.01432229	0.01674304	
709.2	0.0158859	0.0167423	
709.4	0.01615981	0.01674155	
709.6	0.01596698	0.01674081	
709.8	0.01555241	0.01674007	
710	0.01637122	0.01673932	
710.2	0.01658021	0.01673858	
710.4	0.01750011	0.01673784	
710.6	0.01898431	0.01673709	
710.8	0.01866977	0.01673635	
711	0.01870412	0.01673561	
711.2	0.01872471	0.01673487	
711.4	0.01810516	0.01673412	
711.6	0.01819548	0.01673338	
711.8	0.01742404	0.01673264	
712	0.01697632	0.01673189	
712.2	0.01619888	0.01673115	
712.4	0.01572429	0.01673041	
712.6	0.01636433	0.01672967	
712.8	0.01649742	0.01672892	
713	0.01602089	0.01672818	
713.2	0.01696248	0.01672744	
713.4	0.01574339	0.01672669	
713.6	0.01652041	0.01672595	
713.8	0.01617353	0.01672521	
714	0.0173583	0.01672447	
714.2	0.01814935	0.01672372	
714.4	0.01876218	0.01672298	
714.6	0.01934791	0.01672224	
714.8	0.01901128	0.0167215	
715	0.0190672	0.01672075	
715.2	0.01931812	0.01672001	
715.4	0.01791585	0.01671927	
715.6	0.0169167	0.01671853	
715.8	0.01660742	0.01671779	
716	0.01647095	0.01671704	
716.2	0.01574148	0.0167163	
716.4	0.01578043	0.01671556	
716.6	0.01668094	0.01671482	
716.8	0.01570076	0.01671408	
717	0.01549896	0.01671333	
717.2	0.01646291	0.01671259	
717.4	0.01643449	0.01671185	
717.6	0.01649419	0.01671111	
717.8	0.01622359	0.01671037	
718	0.01611516	0.01670962	
718.2	0.0156859	0.01670888	
718.4	0.0156154	0.01670814	
718.6	0.01578575	0.0167074	
718.8	0.01632316	0.01670666	
719	0.0158062	0.01670591	
719.2	0.01636821	0.01670517	
719.4	0.01592598	0.01670443	
719.6	0.01670867	0.01670369	
719.8	0.01652604	0.01670295	
720	0.01666317	0.01670221	
720.2	0.01535036	0.01670146	
720.4	0.0157844	0.01670072	
720.6	0.01551056	0.01669998	
720.8	0.01399962	0.01669924	
721	0.01500085	0.0166985	
721.2	0.01491441	0.01669776	
721.4	0.01476929	0.01669702	
721.6	0.01359307	0.01669628	
721.8	0.01389071	0.01669553	
722	0.01401726	0.01669479	
722.2	0.01461471	0.01669405	
722.4	0.01549662	0.01669331	
722.6	0.01634	0.01669257	
722.8	0.01693771	0.01669183	
723	0.01680232	0.01669109	
723.2	0.01755034	0.01669035	
723.4	0.01744405	0.0166896	
723.6	0.01715572	0.01668886	
723.8	0.0169394	0.01668812	
724	0.01670927	0.01668738	
724.2	0.01509526	0.01668664	
724.4	0.01493811	0.0166859	
724.6	0.01458664	0.01668516	
724.8	0.01304705	0.01668442	
725	0.01353496	0.01668368	
725.2	0.01236149	0.01668294	
725.4	0.01183076	0.0166822	
725.6	0.01159079	0.01668146	
725.8	0.01136653	0.01668072	
726	0.01257795	0.01667997	
726.2	0.01232991	0.01667923	
726.4	0.01293133	0.01667849	
726.6	0.01346772	0.01667775	
726.8	0.01341663	0.01667701	
727	0.01363561	0.01667627	
727.2	0.01467418	0.01667553	
727.4	0.01485522	0.01667479	
727.6	0.01601362	0.01667405	
727.8	0.01633445	0.01667331	
728	0.01600136	0.01667257	
728.2	0.01642834	0.01667183	
728.4	0.01675314	0.01667109	
728.6	0.01721309	0.01667035	
728.8	0.0158768	0.01666961	
729	0.01506203	0.01666887	
729.2	0.01438567	0.01666813	
729.4	0.01334823	0.01666739	
729.6	0.01288429	0.01666665	
729.8	0.01230268	0.01666591	
730	0.01332549	0.01666517	
730.2	0.01225215	0.01666443	
730.4	0.01244722	0.01666369	
730.6	0.01261015	0.01666295	
730.8	0.01295208	0.01666221	
731	0.0141183	0.01666147	
731.2	0.0156768	0.01666073	
731.4	0.0157127	0.01665999	
731.6	0.01676391	0.01665925	
731.8	0.01646667	0.01665851	
732	0.01727817	0.01665777	
732.2	0.01751834	0.01665703	
732.4	0.01661042	0.01665629	
732.6	0.01683115	0.01665555	
732.8	0.01542992	0.01665482	
733	0.01476483	0.01665408	
733.2	0.01450924	0.01665334	
733.4	0.01366598	0.0166526	
733.6	0.01378416	0.01665186	
733.8	0.01389336	0.01665112	
734	0.01268101	0.01665038	
734.2	0.01253952	0.01664964	
734.4	0.01263759	0.0166489	
734.6	0.01339676	0.01664816	
734.8	0.01390219	0.01664742	
735	0.01470249	0.01664668	
735.2	0.01508614	0.01664594	
735.4	0.01554289	0.01664521	
735.6	0.01588489	0.01664447	
735.8	0.01519188	0.01664373	
736	0.0157684	0.01664299	
736.2	0.01516367	0.01664225	
736.4	0.01529145	0.01664151	
736.6	0.01608286	0.01664077	
736.8	0.01552763	0.01664003	
737	0.01483916	0.01663929	
737.2	0.01491032	0.01663856	
737.4	0.01412833	0.01663782	
737.6	0.01357734	0.01663708	
737.8	0.01266094	0.01663634	
738	0.01181048	0.0166356	
738.2	0.01159088	0.01663486	
738.4	0.01151476	0.01663412	
738.6	0.01181632	0.01663339	
738.8	0.011991	0.01663265	
739	0.01276703	0.01663191	
739.2	0.01321212	0.01663117	
739.4	0.01452617	0.01663043	
739.6	0.01477983	0.01662969	
739.8	0.01470451	0.01662896	
740	0.01575355	0.01662822	
740.2	0.01564583	0.01662748	
740.4	0.01594795	0.01662674	
740.6	0.01577959	0.016626	
740.8	0.01558954	0.01662526	
741	0.01675184	0.01662453	
741.2	0.01733738	0.01662379	
741.4	0.01681779	0.01662305	
741.6	0.01610969	0.01662231	
741.8	0.01529814	0.01662157	
742	0.01501027	0.01662084	
742.2	0.01473388	0.0166201	
742.4	0.01533627	0.01661936	
742.6	0.01570999	0.01661862	
742.8	0.01629369	0.01661788	
743	0.01661386	0.01661715	
743.2	0.0160573	0.01661641	
743.4	0.01661137	0.01661567	
743.6	0.01695962	0.01661493	
743.8	0.01696717	0.0166142	
744	0.01784124	0.01661346	
744.2	0.01678591	0.01661272	
744.4	0.0164624	0.01661198	
744.6	0.01661169	0.01661125	
744.8	0.01744062	0.01661051	
745	0.01776581	0.01660977	
745.2	0.01662477	0.01660903	
745.4	0.01597062	0.0166083	
745.6	0.0149081	0.01660756	
745.8	0.01453139	0.01660682	
746	0.01394071	0.01660608	
746.2	0.0138877	0.01660535	
746.4	0.012699	0.01660461	
746.6	0.01234438	0.01660387	
746.8	0.01170521	0.01660314	
747	0.01132183	0.0166024	
747.2	0.01063379	0.01660166	
747.4	0.01126113	0.01660092	
747.6	0.01142525	0.01660019	
747.8	0.01107781	0.01659945	
748	0.0110894	0.01659871	
748.2	0.01095334	0.01659798	
748.4	0.01148482	0.01659724	
748.6	0.01189989	0.0165965	
748.8	0.01295584	0.01659577	
749	0.01339529	0.01659503	
749.2	0.01448639	0.01659429	
749.4	0.01522293	0.01659356	
749.6	0.01570911	0.01659282	
749.8	0.0168694	0.01659208	
750	0.01785423	0.01659135	
750.2	0.01797835	0.01659061	
750.4	0.01740029	0.01658987	
750.6	0.01737422	0.01658914	
750.8	0.01814926	0.0165884	
751	0.01855897	0.01658766	
751.2	0.0181971	0.01658693	
751.4	0.0178427	0.01658619	
751.6	0.01784589	0.01658545	
751.8	0.01782258	0.01658472	
752	0.01826514	0.01658398	
752.2	0.01767031	0.01658324	
752.4	0.01760675	0.01658251	
752.6	0.01717474	0.01658177	
752.8	0.01699435	0.01658104	
753	0.01717825	0.0165803	
753.2	0.01683046	0.01657956	
753.4	0.01707974	0.01657883	
753.6	0.01749572	0.01657809	
753.8	0.0174637	0.01657736	
754	0.01725622	0.01657662	
754.2	0.0159198	0.01657588	
754.4	0.0162815	0.01657515	
754.6	0.01684153	0.01657441	
754.8	0.0179315	0.01657368	
755	0.01786488	0.01657294	
755.2	0.01710291	0.0165722	
755.4	0.01706262	0.01657147	
755.6	0.0167904	0.01657073	
755.8	0.01613758	0.01657	
756	0.01524251	0.01656926	
756.2	0.01356936	0.01656853	
756.4	0.01425804	0.01656779	
756.6	0.0147446	0.01656705	
756.8	0.01413566	0.01656632	
757	0.01442616	0.01656558	
757.2	0.01443508	0.01656485	
757.4	0.0147094	0.01656411	
757.6	0.01428137	0.01656338	
757.8	0.01353858	0.01656264	
758	0.01413235	0.01656191	
758.2	0.0144255	0.01656117	
758.4	0.01504584	0.01656044	
758.6	0.01505602	0.0165597	
758.8	0.01424875	0.01655897	
759	0.01425135	0.01655823	
759.2	0.01391897	0.0165575	
759.4	0.01422306	0.01655676	
759.6	0.01410301	0.01655603	
759.8	0.01522069	0.01655529	
760	0.01634883	0.01655456	
760.2	0.01704172	0.01655382	
760.4	0.01925227	0.01655309	
760.6	0.02054884	0.01655235	
760.8	0.01976813	0.01655162	
761	0.02066991	0.01655088	
761.2	0.02168372	0.01655015	
761.4	0.0217666	0.01654941	
761.6	0.02100325	0.01654868	
761.8	0.02016723	0.01654794	
762	0.0202753	0.01654721	
762.2	0.01951223	0.01654647	
762.4	0.01795331	0.01654574	
762.6	0.01740065	0.016545	
762.8	0.01692233	0.01654427	
763	0.01708522	0.01654353	
763.2	0.01623296	0.0165428	
763.4	0.01549429	0.01654207	
763.6	0.01552621	0.01654133	
763.8	0.0159819	0.0165406	
764	0.01533332	0.01653986	
764.2	0.01480207	0.01653913	
764.4	0.01498993	0.01653839	
764.6	0.01448916	0.01653766	
764.8	0.01379821	0.01653693	
765	0.01469915	0.01653619	
765.2	0.01515882	0.01653546	
765.4	0.01566138	0.01653472	
765.6	0.0149765	0.01653399	
765.8	0.01558331	0.01653325	
766	0.01614274	0.01653252	
766.2	0.01616859	0.01653179	
766.4	0.01619377	0.01653105	
766.6	0.01667047	0.01653032	
766.8	0.01653459	0.01652958	
767	0.01603562	0.01652885	
767.2	0.01653178	0.01652812	
767.4	0.01660786	0.01652738	
767.6	0.01636426	0.01652665	
767.8	0.01607293	0.01652592	
768	0.01568009	0.01652518	
768.2	0.01597014	0.01652445	
768.4	0.01621612	0.01652371	
768.6	0.0158805	0.01652298	
768.8	0.01545919	0.01652225	
769	0.01519151	0.01652151	
769.2	0.01490599	0.01652078	
769.4	0.01459308	0.01652005	
769.6	0.01407148	0.01651931	
769.8	0.01449821	0.01651858	
770	0.01451514	0.01651785	
770.2	0.01412596	0.01651711	
770.4	0.01297616	0.01651638	
770.6	0.01287193	0.01651565	
770.8	0.01260241	0.01651491	
771	0.01354891	0.01651418	
771.2	0.01408191	0.01651345	
771.4	0.01376242	0.01651271	
771.6	0.01348844	0.01651198	
771.8	0.0144008	0.01651125	
772	0.01466501	0.01651052	
772.2	0.01542541	0.01650978	
772.4	0.0159211	0.01650905	
772.6	0.0156846	0.01650832	
772.8	0.01584614	0.01650758	
773	0.01587944	0.01650685	
773.2	0.01694699	0.01650612	
773.4	0.01724581	0.01650538	
773.6	0.01793171	0.01650465	
773.8	0.01859846	0.01650392	
774	0.01864684	0.01650319	
774.2	0.01801236	0.01650245	
774.4	0.01778622	0.01650172	
774.6	0.01886754	0.01650099	
774.8	0.01860942	0.01650026	
775	0.01815696	0.01649952	
775.2	0.01714459	0.01649879	
775.4	0.0172764	0.01649806	
775.6	0.01742555	0.01649733	
775.8	0.01729309	0.01649659	
776	0.01674683	0.01649586	
776.2	0.01656297	0.01649513	
776.4	0.01677617	0.0164944	
776.6	0.01630832	0.01649366	
776.8	0.016264	0.01649293	
777	0.01587286	0.0164922	
777.2	0.0161634	0.01649147	
777.4	0.01549598	0.01649074	
777.6	0.01431909	0.01649	
777.8	0.0140823	0.01648927	
778	0.01315133	0.01648854	
778.2	0.01269089	0.01648781	
778.4	0.01311018	0.01648708	
778.6	0.01315762	0.01648634	
778.8	0.01287171	0.01648561	
779	0.0127997	0.01648488	
779.2	0.01380451	0.01648415	
779.4	0.01467276	0.01648342	
779.6	0.01481307	0.01648268	
779.8	0.01370825	0.01648195	
780	0.01355839	0.01648122	
780.2	0.0140983	0.01648049	
780.4	0.0140893	0.01647976	
780.6	0.01432236	0.01647903	
780.8	0.01434828	0.01647829	
781	0.0142405	0.01647756	
781.2	0.01379755	0.01647683	
781.4	0.01246	0.0164761	
781.6	0.01147048	0.01647537	
781.8	0.01156383	0.01647464	
782	0.01051923	0.0164739	
782.2	0.01025209	0.01647317	
782.4	0.01092199	0.01647244	
782.6	0.01047187	0.01647171	
782.8	0.01140567	0.01647098	
783	0.0128145	0.01647025	
783.2	0.01341816	0.01646952	
783.4	0.01429143	0.01646879	
783.6	0.0142949	0.01646805	
783.8	0.01427703	0.01646732	
784	0.0152812	0.01646659	
784.2	0.01608537	0.01646586	
784.4	0.01574124	0.01646513	
784.6	0.01705507	0.0164644	
784.8	0.01750018	0.01646367	
785	0.01771556	0.01646294	
785.2	0.01796985	0.01646221	
785.4	0.01807523	0.01646148	
785.6	0.01725097	0.01646074	
785.8	0.01725034	0.01646001	
786	0.01662475	0.01645928	
786.2	0.01668969	0.01645855	
786.4	0.01673464	0.01645782	
786.6	0.01668957	0.01645709	
786.8	0.01794848	0.01645636	
787	0.01834618	0.01645563	
787.2	0.01773375	0.0164549	
787.4	0.01719989	0.01645417	
787.6	0.01655631	0.01645344	
787.8	0.01592053	0.01645271	
788	0.01510615	0.01645198	
788.2	0.01434696	0.01645125	
788.4	0.01418538	0.01645052	
788.6	0.01509092	0.01644979	
788.8	0.01538055	0.01644906	
789	0.01516457	0.01644833	
789.2	0.01538115	0.0164476	
789.4	0.01616131	0.01644686	
789.6	0.01566951	0.01644613	
789.8	0.01733733	0.0164454	
790	0.01756193	0.01644467	
790.2	0.01807933	0.01644394	
790.4	0.01824426	0.01644321	
790.6	0.01820618	0.01644248	
790.8	0.01865784	0.01644175	
791	0.01851127	0.01644102	
791.2	0.01867772	0.01644029	
791.4	0.01756642	0.01643956	
791.6	0.01791928	0.01643883	
791.8	0.01581011	0.0164381	
792	0.01449807	0.01643738	
792.2	0.01401348	0.01643665	
792.4	0.01454107	0.01643592	
792.6	0.01491081	0.01643519	
792.8	0.01459223	0.01643446	
793	0.01559926	0.01643373	
793.2	0.01618562	0.016433	
793.4	0.016548	0.01643227	
793.6	0.01563803	0.01643154	
793.8	0.01581917	0.01643081	
794	0.01529409	0.01643008	
794.2	0.01499306	0.01642935	
794.4	0.01421653	0.01642862	
794.6	0.01314607	0.01642789	
794.8	0.01357077	0.01642716	
795	0.0134991	0.01642643	
795.2	0.01355452	0.0164257	
795.4	0.01277611	0.01642497	
795.6	0.01298964	0.01642424	
795.8	0.0109842	0.01642352	
796	0.01154848	0.01642279	
796.2	0.0116428	0.01642206	
796.4	0.01242127	0.01642133	
796.6	0.01308669	0.0164206	
796.8	0.0141019	0.01641987	
797	0.01505955	0.01641914	
797.2	0.01534413	0.01641841	
797.4	0.01518656	0.01641768	
797.6	0.01474235	0.01641695	
797.8	0.01533727	0.01641623	
798	0.01593242	0.0164155	
798.2	0.01499523	0.01641477	
798.4	0.0141537	0.01641404	
798.6	0.01340797	0.01641331	
798.8	0.01358843	0.01641258	
799	0.0136877	0.01641185	
799.2	0.01363049	0.01641112	
799.4	0.01340183	0.0164104	
799.6	0.01326918	0.01640967	
799.8	0.01217918	0.01640894	
800	0.01271967	0.01640821	
800.2	0.01157712	0.01640748	
800.4	0.01186759	0.01640675	
800.6	0.01137862	0.01640602	
800.8	0.01134503	0.0164053	
801	0.01142341	0.01640457	
801.2	0.01214172	0.01640384	
801.4	0.01206705	0.01640311	
801.6	0.01227679	0.01640238	
801.8	0.01425766	0.01640165	
802	0.01476912	0.01640093	
802.2	0.01443284	0.0164002	
802.4	0.01569973	0.01639947	
802.6	0.01625852	0.01639874	
802.8	0.01694075	0.01639801	
803	0.01739425	0.01639729	
803.2	0.01786958	0.01639656	
803.4	0.01877291	0.01639583	
803.6	0.0188168	0.0163951	
803.8	0.01843203	0.01639437	
804	0.01812896	0.01639365	
804.2	0.01648806	0.01639292	
804.4	0.01578389	0.01639219	
804.6	0.01423918	0.01639146	
804.8	0.01392039	0.01639074	
805	0.01409706	0.01639001	
805.2	0.0140284	0.01638928	
805.4	0.01333491	0.01638855	
805.6	0.0134223	0.01638782	
805.8	0.0146056	0.0163871	
806	0.01482862	0.01638637	
806.2	0.01445858	0.01638564	
806.4	0.0152606	0.01638491	
806.6	0.01488114	0.01638419	
806.8	0.01520345	0.01638346	
807	0.01512802	0.01638273	
807.2	0.0157187	0.01638201	
807.4	0.01570412	0.01638128	
807.6	0.01528733	0.01638055	
807.8	0.01518803	0.01637982	
808	0.01419626	0.0163791	
808.2	0.01331979	0.01637837	
808.4	0.0126327	0.01637764	
808.6	0.01195296	0.01637691	
808.8	0.01222249	0.01637619	
809	0.01197584	0.01637546	
809.2	0.01242711	0.01637473	
809.4	0.01257529	0.01637401	
809.6	0.01393809	0.01637328	
809.8	0.01471079	0.01637255	
810	0.01475655	0.01637183	
810.2	0.0146385	0.0163711	
810.4	0.01497912	0.01637037	
810.6	0.01479381	0.01636965	
810.8	0.01498292	0.01636892	
811	0.01494284	0.01636819	
811.2	0.0143002	0.01636747	
811.4	0.01332183	0.01636674	
811.6	0.01274533	0.01636601	
811.8	0.01238052	0.01636529	
812	0.01180713	0.01636456	
812.2	0.01182065	0.01636383	
812.4	0.01269032	0.01636311	
812.6	0.01264572	0.01636238	
812.8	0.01318657	0.01636165	
813	0.01287572	0.01636093	
813.2	0.01406095	0.0163602	
813.4	0.01384785	0.01635947	
813.6	0.01567603	0.01635875	
813.8	0.01571718	0.01635802	
814	0.01595988	0.0163573	
814.2	0.01611331	0.01635657	
814.4	0.01631521	0.01635584	
814.6	0.0164746	0.01635512	
814.8	0.01575031	0.01635439	
815	0.01471329	0.01635366	
815.2	0.01305183	0.01635294	
815.4	0.01263086	0.01635221	
815.6	0.01281228	0.01635149	
815.8	0.01281556	0.01635076	
816	0.01352818	0.01635003	
816.2	0.01405626	0.01634931	
816.4	0.01495074	0.01634858	
816.6	0.01429657	0.01634786	
816.8	0.01421765	0.01634713	
817	0.01359173	0.01634641	
817.2	0.01347036	0.01634568	
817.4	0.01381182	0.01634495	
817.6	0.01496953	0.01634423	
817.8	0.01353542	0.0163435	
818	0.01360381	0.01634278	
818.2	0.0137564	0.01634205	
818.4	0.01347244	0.01634133	
818.6	0.01268378	0.0163406	
818.8	0.01250225	0.01633988	
819	0.01220735	0.01633915	
819.2	0.01211681	0.01633842	
819.4	0.01271063	0.0163377	
819.6	0.01320764	0.01633697	
819.8	0.01351351	0.01633625	
820	0.01430977	0.01633552	
820.2	0.01526147	0.0163348	
820.4	0.01634343	0.01633407	
820.6	0.01701065	0.01633335	
820.8	0.01700316	0.01633262	
821	0.01739973	0.0163319	
821.2	0.01641176	0.01633117	
821.4	0.01708703	0.01633045	
821.6	0.01650696	0.01632972	
821.8	0.01553805	0.016329	
822	0.01538745	0.01632827	
822.2	0.01459264	0.01632755	
822.4	0.01384587	0.01632682	
822.6	0.0139577	0.0163261	
822.8	0.01383423	0.01632537	
823	0.01330306	0.01632465	
823.2	0.01391234	0.01632392	
823.4	0.01347309	0.0163232	
823.6	0.01381146	0.01632247	
823.8	0.01440141	0.01632175	
824	0.01470416	0.01632102	
824.2	0.01657192	0.0163203	
824.4	0.01703624	0.01631958	
824.6	0.01821333	0.01631885	
824.8	0.01809318	0.01631813	
825	0.01815966	0.0163174	
825.2	0.01671341	0.01631668	
825.4	0.01745518	0.01631595	
825.6	0.01614318	0.01631523	
825.8	0.01544698	0.0163145	
826	0.01507234	0.01631378	
826.2	0.01422702	0.01631306	
826.4	0.01358954	0.01631233	
826.6	0.01298553	0.01631161	
826.8	0.01178331	0.01631088	
827	0.01170574	0.01631016	
827.2	0.01146834	0.01630943	
827.4	0.00995372	0.01630871	
827.6	0.01045609	0.01630799	
827.8	0.011241	0.01630726	
828	0.01184189	0.01630654	
828.2	0.01375909	0.01630581	
828.4	0.0141387	0.01630509	
828.6	0.0148664	0.01630437	
828.8	0.01466024	0.01630364	
829	0.01539901	0.01630292	
829.2	0.01688035	0.0163022	
829.4	0.01758337	0.01630147	
829.6	0.01766092	0.01630075	
829.8	0.01869921	0.01630002	
830	0.01835847	0.0162993	
830.2	0.01843395	0.01629858	
830.4	0.01861697	0.01629785	
830.6	0.01818555	0.01629713	
830.8	0.01793013	0.01629641	
831	0.01796471	0.01629568	
831.2	0.01633499	0.01629496	
831.4	0.01556269	0.01629424	
831.6	0.01603302	0.01629351	
831.8	0.01521905	0.01629279	
832	0.01485199	0.01629207	
832.2	0.01445172	0.01629134	
832.4	0.01398119	0.01629062	
832.6	0.01328726	0.0162899	
832.8	0.01361011	0.01628917	
833	0.01432866	0.01628845	
833.2	0.01549371	0.01628773	
833.4	0.01516101	0.016287	
833.6	0.01577991	0.01628628	
833.8	0.01639466	0.01628556	
834	0.01656902	0.01628483	
834.2	0.01779245	0.01628411	
834.4	0.01900644	0.01628339	
834.6	0.01895781	0.01628266	
834.8	0.0188896	0.01628194	
835	0.01827143	0.01628122	
835.2	0.01698886	0.0162805	
835.4	0.01677492	0.01627977	
835.6	0.01590356	0.01627905	
835.8	0.01449931	0.01627833	
836	0.01370615	0.01627761	
836.2	0.0125675	0.01627688	
836.4	0.01227633	0.01627616	
836.6	0.01136461	0.01627544	
836.8	0.01121476	0.01627471	
837	0.01098693	0.01627399	
837.2	0.01192836	0.01627327	
837.4	0.0118253	0.01627255	
837.6	0.0129543	0.01627182	
837.8	0.01344497	0.0162711	
838	0.01332577	0.01627038	
838.2	0.01430064	0.01626966	
838.4	0.01552723	0.01626894	
838.6	0.01446345	0.01626821	
838.8	0.01534639	0.01626749	
839	0.01518315	0.01626677	
839.2	0.0151193	0.01626605	
839.4	0.01460434	0.01626532	
839.6	0.01378649	0.0162646	
839.8	0.01335961	0.01626388	
840	0.01219664	0.01626316	
840.2	0.01203939	0.01626244	
840.4	0.01141624	0.01626171	
840.6	0.01041491	0.01626099	
840.8	0.01013675	0.01626027	
841	0.00950601	0.01625955	
841.2	0.00963444	0.01625883	
841.4	0.00954506	0.0162581	
841.6	0.01021698	0.01625738	
841.8	0.00958092	0.01625666	
842	0.01022633	0.01625594	
842.2	0.01151453	0.01625522	
842.4	0.01277337	0.0162545	
842.6	0.01245267	0.01625377	
842.8	0.01432446	0.01625305	
843	0.01458674	0.01625233	
843.2	0.01560875	0.01625161	
843.4	0.01577023	0.01625089	
843.6	0.01567628	0.01625017	
843.8	0.01567831	0.01624944	
844	0.0155929	0.01624872	
844.2	0.01586159	0.016248	
844.4	0.01467761	0.01624728	
844.6	0.01371098	0.01624656	
844.8	0.01383716	0.01624584	
845	0.01302776	0.01624512	
845.2	0.01288212	0.0162444	
845.4	0.01328662	0.01624367	
845.6	0.01307665	0.01624295	
845.8	0.01279292	0.01624223	
846	0.01317615	0.01624151	
846.2	0.01402651	0.01624079	
846.4	0.01485055	0.01624007	
846.6	0.0155884	0.01623935	
846.8	0.01621166	0.01623863	
847	0.01675218	0.01623791	
847.2	0.01709275	0.01623719	
847.4	0.01668067	0.01623646	
847.6	0.01604792	0.01623574	
847.8	0.01583937	0.01623502	
848	0.01622667	0.0162343	
848.2	0.01596686	0.01623358	
848.4	0.01567832	0.01623286	
848.6	0.015718	0.01623214	
848.8	0.01603594	0.01623142	
849	0.0148939	0.0162307	
849.2	0.01421623	0.01622998	
849.4	0.01365435	0.01622926	
849.6	0.01254843	0.01622854	
849.8	0.01262302	0.01622782	
850	0.01319663	0.0162271	
850.2	0.0135681	0.01622638	
850.4	0.01285083	0.01622566	
850.6	0.01345479	0.01622493	
850.8	0.01294703	0.01622421	
851	0.01414496	0.01622349	
851.2	0.01491945	0.01622277	
851.4	0.01456977	0.01622205	
851.6	0.01503439	0.01622133	
851.8	0.01527153	0.01622061	
852	0.01563044	0.01621989	
852.2	0.0160227	0.01621917	
852.4	0.01631651	0.01621845	
852.6	0.01586048	0.01621773	
852.8	0.01586238	0.01621701	
853	0.01432586	0.01621629	
853.2	0.01415924	0.01621557	
853.4	0.01390711	0.01621485	
853.6	0.01423573	0.01621413	
853.8	0.01401055	0.01621341	
854	0.01452071	0.01621269	
854.2	0.01383159	0.01621197	
854.4	0.0141132	0.01621125	
854.6	0.01580492	0.01621053	
854.8	0.01624616	0.01620981	
855	0.0173786	0.01620909	
855.2	0.01770583	0.01620838	
855.4	0.01616735	0.01620766	
855.6	0.01674727	0.01620694	
855.8	0.0159541	0.01620622	
856	0.01568713	0.0162055	
856.2	0.01485869	0.01620478	
856.4	0.01360601	0.01620406	
856.6	0.01320189	0.01620334	
856.8	0.01246443	0.01620262	
857	0.01127218	0.0162019	
857.2	0.01080079	0.01620118	
857.4	0.01072608	0.01620046	
857.6	0.01096586	0.01619974	
857.8	0.01100841	0.01619902	
858	0.01132772	0.0161983	
858.2	0.01122927	0.01619758	
858.4	0.0117875	0.01619687	
858.6	0.01247131	0.01619615	
858.8	0.01183463	0.01619543	
859	0.01254334	0.01619471	
859.2	0.01235102	0.01619399	
859.4	0.01197096	0.01619327	
859.6	0.0128716	0.01619255	
859.8	0.0128929	0.01619183	
860	0.01241508	0.01619111	
860.2	0.01216046	0.01619039	
860.4	0.01200766	0.01618968	
860.6	0.01282036	0.01618896	
860.8	0.01239966	0.01618824	
861	0.01306531	0.01618752	
861.2	0.01298486	0.0161868	
861.4	0.01306099	0.01618608	
861.6	0.01375499	0.01618536	
861.8	0.01423488	0.01618465	
862	0.01465909	0.01618393	
862.2	0.01525464	0.01618321	
862.4	0.01510503	0.01618249	
862.6	0.01421838	0.01618177	
862.8	0.01267507	0.01618105	
863	0.01267939	0.01618033	
863.2	0.012052	0.01617962	
863.4	0.01219818	0.0161789	
863.6	0.01140525	0.01617818	
863.8	0.0114665	0.01617746	
864	0.01030408	0.01617674	
864.2	0.01068555	0.01617602	
864.4	0.00938464	0.01617531	
864.6	0.00998084	0.01617459	
864.8	0.00884946	0.01617387	
865	0.00925543	0.01617315	
865.2	0.00945385	0.01617243	
865.4	0.00975205	0.01617172	
865.6	0.01099771	0.016171	
865.8	0.01091189	0.01617028	
866	0.01176136	0.01616956	
866.2	0.01186521	0.01616884	
866.4	0.01204421	0.01616813	
866.6	0.01148619	0.01616741	
866.8	0.01167941	0.01616669	
867	0.01285018	0.01616597	
867.2	0.0134532	0.01616526	
867.4	0.01355997	0.01616454	
867.6	0.01356276	0.01616382	
867.8	0.01406603	0.0161631	
868	0.0138884	0.01616239	
868.2	0.01527008	0.01616167	
868.4	0.01471169	0.01616095	
868.6	0.01501675	0.01616023	
868.8	0.01427194	0.01615952	
869	0.01488177	0.0161588	
869.2	0.01504726	0.01615808	
869.4	0.01514446	0.01615736	
869.6	0.01477773	0.01615665	
869.8	0.01385435	0.01615593	
870	0.01442952	0.01615521	
870.2	0.01412347	0.01615449	
870.4	0.01377487	0.01615378	
870.6	0.01389468	0.01615306	
870.8	0.01396864	0.01615234	
871	0.01365783	0.01615163	
871.2	0.01351404	0.01615091	
871.4	0.0133044	0.01615019	
871.6	0.01371838	0.01614947	
871.8	0.01381215	0.01614876	
872	0.01345412	0.01614804	
872.2	0.01376972	0.01614732	
872.4	0.01196644	0.01614661	
872.6	0.01123801	0.01614589	
872.8	0.01100479	0.01614517	
873	0.01072339	0.01614446	
873.2	0.01080348	0.01614374	
873.4	0.01076357	0.01614302	
873.6	0.010908	0.01614231	
873.8	0.01024575	0.01614159	
874	0.01044063	0.01614087	
874.2	0.01020206	0.01614016	
874.4	0.0106495	0.01613944	
874.6	0.01153948	0.01613872	
874.8	0.0118172	0.01613801	
875	0.01228986	0.01613729	
875.2	0.01302412	0.01613657	
875.4	0.01385946	0.01613586	
875.6	0.01516389	0.01613514	
875.8	0.01457005	0.01613442	
876	0.01409177	0.01613371	
876.2	0.01399807	0.01613299	
876.4	0.01342964	0.01613228	
876.6	0.01410874	0.01613156	
876.8	0.01379192	0.01613084	
877	0.01419114	0.01613013	
877.2	0.01446884	0.01612941	
877.4	0.01403201	0.01612869	
877.6	0.01352118	0.01612798	
877.8	0.01204966	0.01612726	
878	0.01258905	0.01612655	
878.2	0.01280047	0.01612583	
878.4	0.01299828	0.01612511	
878.6	0.01411674	0.0161244	
878.8	0.01434849	0.01612368	
879	0.01459714	0.01612297	
879.2	0.01487712	0.01612225	
879.4	0.0156894	0.01612154	
879.6	0.01562496	0.01612082	
879.8	0.01464441	0.0161201	
880	0.01425937	0.01611939	
880.2	0.01451109	0.01611867	
880.4	0.01442253	0.01611796	
880.6	0.01319222	0.01611724	
880.8	0.012486	0.01611653	
881	0.01220753	0.01611581	
881.2	0.01091989	0.0161151	
881.4	0.01020532	0.01611438	
881.6	0.00863601	0.01611366	
881.8	0.00771995	0.01611295	
882	0.00823807	0.01611223	
882.2	0.00767057	0.01611152	
882.4	0.00779782	0.0161108	
882.6	0.00849781	0.01611009	
882.8	0.00871553	0.01610937	
883	0.00975199	0.01610866	
883.2	0.01049434	0.01610794	
883.4	0.01131716	0.01610723	
883.6	0.01243452	0.01610651	
883.8	0.01306874	0.0161058	
884	0.01368401	0.01610508	
884.2	0.01490687	0.01610437	
884.4	0.0142303	0.01610365	
884.6	0.0140831	0.01610294	
884.8	0.01528744	0.01610222	
885	0.01514379	0.01610151	
885.2	0.01562503	0.01610079	
885.4	0.01543776	0.01610008	
885.6	0.01496699	0.01609936	
885.8	0.01494911	0.01609865	
886	0.01492162	0.01609793	
886.2	0.01405285	0.01609722	
886.4	0.01471469	0.0160965	
886.6	0.01482837	0.01609579	
886.8	0.01475637	0.01609507	
887	0.0150693	0.01609436	
887.2	0.01421081	0.01609365	
887.4	0.01356605	0.01609293	
887.6	0.01270564	0.01609222	
887.8	0.01194959	0.0160915	
888	0.01188775	0.01609079	
888.2	0.01153931	0.01609007	
888.4	0.0106236	0.01608936	
888.6	0.01129512	0.01608864	
888.8	0.01181478	0.01608793	
889	0.01191293	0.01608722	
889.2	0.01358229	0.0160865	
889.4	0.01358376	0.01608579	
889.6	0.0144548	0.01608507	
889.8	0.01569036	0.01608436	
890	0.01510623	0.01608365	
890.2	0.01485289	0.01608293	
890.4	0.01601847	0.01608222	
890.6	0.01582737	0.0160815	
890.8	0.01543237	0.01608079	
891	0.01533104	0.01608008	
891.2	0.01392429	0.01607936	
891.4	0.01321393	0.01607865	
891.6	0.01225676	0.01607793	
891.8	0.01196603	0.01607722	
892	0.01210553	0.01607651	
892.2	0.01199125	0.01607579	
892.4	0.01178608	0.01607508	
892.6	0.01171529	0.01607436	
892.8	0.01146157	0.01607365	
893	0.01177309	0.01607294	
893.2	0.01210346	0.01607222	
893.4	0.01232798	0.01607151	
893.6	0.01347479	0.0160708	
893.8	0.01496464	0.01607008	
894	0.01447502	0.01606937	
894.2	0.01541607	0.01606866	
894.4	0.01693766	0.01606794	
894.6	0.01749465	0.01606723	
894.8	0.01728895	0.01606652	
895	0.01838388	0.0160658	
895.2	0.01797201	0.01606509	
895.4	0.0174004	0.01606438	
895.6	0.01606005	0.01606366	
895.8	0.01616576	0.01606295	
896	0.01615319	0.01606224	
896.2	0.01475605	0.01606152	
896.4	0.01428479	0.01606081	
896.6	0.01290528	0.0160601	
896.8	0.01245631	0.01605938	
897	0.01271163	0.01605867	
897.2	0.01247432	0.01605796	
897.4	0.01278475	0.01605725	
897.6	0.01262094	0.01605653	
897.8	0.01412051	0.01605582	
898	0.01513762	0.01605511	
898.2	0.01668402	0.01605439	
898.4	0.01763532	0.01605368	
898.6	0.01890222	0.01605297	
898.8	0.01962937	0.01605226	
899	0.02039189	0.01605154	
899.2	0.01998379	0.01605083	
899.4	0.01993806	0.01605012	
899.6	0.01999714	0.01604941	
899.8	0.01960862	0.01604869	
900	0.01839323	0.01604798	
900.2	0.01671622	0.01604727	
900.4	0.01639974	0.01604656	
900.6	0.01498251	0.01604584	
900.8	0.01533964	0.01604513	
901	0.01575024	0.01604442	
901.2	0.01466643	0.01604371	
901.4	0.0139565	0.01604299	
901.6	0.01407866	0.01604228	
901.8	0.01495909	0.01604157	
902	0.01533402	0.01604086	
902.2	0.01518462	0.01604015	
902.4	0.01480101	0.01603943	
902.6	0.01507917	0.01603872	
902.8	0.01417556	0.01603801	
903	0.01334682	0.0160373	
903.2	0.01363793	0.01603659	
903.4	0.01375952	0.01603587	
903.6	0.01286359	0.01603516	
903.8	0.01199184	0.01603445	
904	0.01133252	0.01603374	
904.2	0.01108052	0.01603303	
904.4	0.01145635	0.01603231	
904.6	0.01226078	0.0160316	
904.8	0.01356855	0.01603089	
905	0.01342224	0.01603018	
905.2	0.01287343	0.01602947	
905.4	0.01376698	0.01602876	
905.6	0.01362982	0.01602804	
905.8	0.01410109	0.01602733	
906	0.01446977	0.01602662	
906.2	0.0137431	0.01602591	
906.4	0.01318758	0.0160252	
906.6	0.01277458	0.01602449	
906.8	0.01244134	0.01602377	
907	0.01260174	0.01602306	
907.2	0.01249884	0.01602235	
907.4	0.01237234	0.01602164	
907.6	0.01153351	0.01602093	
907.8	0.01153484	0.01602022	
908	0.01088687	0.01601951	
908.2	0.0104033	0.0160188	
908.4	0.00982803	0.01601808	
908.6	0.00964509	0.01601737	
908.8	0.00996605	0.01601666	
909	0.01055369	0.01601595	
909.2	0.01153366	0.01601524	
909.4	0.01202847	0.01601453	
909.6	0.01221395	0.01601382	
909.8	0.01327163	0.01601311	
910	0.01501178	0.0160124	
910.2	0.01484267	0.01601169	
910.4	0.01525278	0.01601097	
910.6	0.01574711	0.01601026	
910.8	0.01702944	0.01600955	
911	0.01646349	0.01600884	
911.2	0.01628813	0.01600813	
911.4	0.01626028	0.01600742	
911.6	0.01587347	0.01600671	
911.8	0.0163195	0.016006	
912	0.01639138	0.01600529	
912.2	0.01567321	0.01600458	
912.4	0.01580695	0.01600387	
912.6	0.01603633	0.01600316	
912.8	0.01713102	0.01600245	
913	0.01786311	0.01600174	
913.2	0.01768245	0.01600103	
913.4	0.01711401	0.01600032	
913.6	0.01765652	0.0159996	
913.8	0.01867942	0.01599889	
914	0.01842375	0.01599818	
914.2	0.0166352	0.01599747	
914.4	0.01535308	0.01599676	
914.6	0.01465234	0.01599605	
914.8	0.01415141	0.01599534	
915	0.01284934	0.01599463	
915.2	0.0122232	0.01599392	
915.4	0.01109025	0.01599321	
915.6	0.01086215	0.0159925	
915.8	0.01102351	0.01599179	
916	0.01058563	0.01599108	
916.2	0.01022864	0.01599037	
916.4	0.01054041	0.01598966	
916.6	0.01055268	0.01598895	
916.8	0.01166912	0.01598824	
917	0.0122255	0.01598753	
917.2	0.01196482	0.01598682	
917.4	0.01310939	0.01598611	
917.6	0.01387945	0.0159854	
917.8	0.01326043	0.01598469	
918	0.01280566	0.01598398	
918.2	0.01293222	0.01598328	
918.4	0.01288409	0.01598257	
918.6	0.01484549	0.01598186	
918.8	0.01500891	0.01598115	
919	0.01573467	0.01598044	
919.2	0.01464979	0.01597973	
919.4	0.01546754	0.01597902	
919.6	0.01579365	0.01597831	
919.8	0.0159373	0.0159776	
920	0.01575361	0.01597689	
920.2	0.01626639	0.01597618	
920.4	0.01599362	0.01597547	
920.6	0.0165597	0.01597476	
920.8	0.01777108	0.01597405	
921	0.01837832	0.01597334	
921.2	0.01839261	0.01597263	
921.4	0.01873838	0.01597193	
921.6	0.01856078	0.01597122	
921.8	0.01734898	0.01597051	
922	0.01804576	0.0159698	
922.2	0.0178862	0.01596909	
922.4	0.0178232	0.01596838	
922.6	0.01802751	0.01596767	
922.8	0.01708504	0.01596696	
923	0.01635296	0.01596625	
923.2	0.01479105	0.01596554	
923.4	0.01436582	0.01596484	
923.6	0.01313145	0.01596413	
923.8	0.01273577	0.01596342	
924	0.011694	0.01596271	
924.2	0.01083066	0.015962	
924.4	0.01094225	0.01596129	
924.6	0.01162689	0.01596058	
924.8	0.01194034	0.01595987	
925	0.01275123	0.01595917	
925.2	0.01310996	0.01595846	
925.4	0.01269136	0.01595775	
925.6	0.01301094	0.01595704	
925.8	0.01273718	0.01595633	
926	0.01330078	0.01595562	
926.2	0.01374688	0.01595492	
926.4	0.01407608	0.01595421	
926.6	0.01467222	0.0159535	
926.8	0.0148283	0.01595279	
927	0.01493139	0.01595208	
927.2	0.01447403	0.01595137	
927.4	0.01410253	0.01595067	
927.6	0.01476879	0.01594996	
927.8	0.01453666	0.01594925	
928	0.01365126	0.01594854	
928.2	0.01304185	0.01594783	
928.4	0.01366124	0.01594713	
928.6	0.01361795	0.01594642	
928.8	0.0136213	0.01594571	
929	0.01362908	0.015945	
929.2	0.01300103	0.01594429	
929.4	0.01088662	0.01594359	
929.6	0.01090512	0.01594288	
929.8	0.01075857	0.01594217	
930	0.0106662	0.01594146	
930.2	0.01008251	0.01594075	
930.4	0.01020233	0.01594005	
930.6	0.0092701	0.01593934	
930.8	0.00879375	0.01593863	
931	0.00902267	0.01593792	
931.2	0.00869876	0.01593722	
931.4	0.00897225	0.01593651	
931.6	0.00912626	0.0159358	
931.8	0.0089263	0.01593509	
932	0.00923582	0.01593439	
932.2	0.00949318	0.01593368	
932.4	0.01077937	0.01593297	
932.6	0.01204426	0.01593226	
932.8	0.01252652	0.01593156	
933	0.01280294	0.01593085	
933.2	0.01239341	0.01593014	
933.4	0.01295571	0.01592944	
933.6	0.01424873	0.01592873	
933.8	0.0147836	0.01592802	
934	0.0146633	0.01592731	
934.2	0.01396431	0.01592661	
934.4	0.01378132	0.0159259	
934.6	0.01364745	0.01592519	
934.8	0.01327538	0.01592449	
935	0.01278508	0.01592378	
935.2	0.01247629	0.01592307	
935.4	0.01138828	0.01592236	
935.6	0.01090061	0.01592166	
935.8	0.01101493	0.01592095	
936	0.01143027	0.01592024	
936.2	0.01121932	0.01591954	
936.4	0.0124046	0.01591883	
936.6	0.0124757	0.01591812	
936.8	0.01247728	0.01591742	
937	0.01195017	0.01591671	
937.2	0.01221561	0.015916	
937.4	0.01291735	0.0159153	
937.6	0.01228794	0.01591459	
937.8	0.01229975	0.01591388	
938	0.01160716	0.01591318	
938.2	0.01212451	0.01591247	
938.4	0.01223724	0.01591176	
938.6	0.0128637	0.01591106	
938.8	0.01268801	0.01591035	
939	0.0134462	0.01590965	
939.2	0.01392316	0.01590894	
939.4	0.01395919	0.01590823	
939.6	0.01461443	0.01590753	
939.8	0.01586749	0.01590682	
940	0.0160787	0.01590611	
940.2	0.0166244	0.01590541	
940.4	0.01718143	0.0159047	
940.6	0.01683244	0.015904	
940.8	0.01703069	0.01590329	
941	0.01707508	0.01590258	
941.2	0.01728667	0.01590188	
941.4	0.01650456	0.01590117	
941.6	0.01614612	0.01590047	
941.8	0.01574449	0.01589976	
942	0.01527665	0.01589905	
942.2	0.01516899	0.01589835	
942.4	0.01408432	0.01589764	
942.6	0.01418667	0.01589694	
942.8	0.01400571	0.01589623	
943	0.01309907	0.01589552	
943.2	0.01184404	0.01589482	
943.4	0.01134408	0.01589411	
943.6	0.01128372	0.01589341	
943.8	0.01144435	0.0158927	
944	0.01030638	0.015892	
944.2	0.0107262	0.01589129	
944.4	0.01019995	0.01589059	
944.6	0.01055987	0.01588988	
944.8	0.01183177	0.01588917	
945	0.01271471	0.01588847	
945.2	0.01280407	0.01588776	
945.4	0.01381036	0.01588706	
945.6	0.01398011	0.01588635	
945.8	0.01461726	0.01588565	
946	0.01484414	0.01588494	
946.2	0.01538007	0.01588424	
946.4	0.01543648	0.01588353	
946.6	0.01525101	0.01588283	
946.8	0.01479995	0.01588212	
947	0.0145437	0.01588142	
947.2	0.01438422	0.01588071	
947.4	0.01520174	0.01588001	
947.6	0.01480213	0.0158793	
947.8	0.01471158	0.0158786	
948	0.0136794	0.01587789	
948.2	0.01336358	0.01587719	
948.4	0.01266704	0.01587648	
948.6	0.01314233	0.01587578	
948.8	0.01342576	0.01587507	
949	0.01272448	0.01587437	
949.2	0.01243059	0.01587366	
949.4	0.01261189	0.01587296	
949.6	0.01250233	0.01587225	
949.8	0.01293997	0.01587155	
950	0.01294134	0.01587084	
950.2	0.01394774	0.01587014	
950.4	0.01393734	0.01586943	
950.6	0.01361805	0.01586873	
950.8	0.01410509	0.01586802	
951	0.01388338	0.01586732	
951.2	0.01367663	0.01586662	
951.4	0.01403239	0.01586591	
951.6	0.01326231	0.01586521	
951.8	0.01327019	0.0158645	
952	0.01139238	0.0158638	
952.2	0.01115322	0.01586309	
952.4	0.0101379	0.01586239	
952.6	0.00993491	0.01586169	
952.8	0.00873229	0.01586098	
953	0.00775167	0.01586028	
953.2	0.00851413	0.01585957	
953.4	0.00872342	0.01585887	
953.6	0.01010089	0.01585817	
953.8	0.0109543	0.01585746	
954	0.01305628	0.01585676	
954.2	0.01418067	0.01585605	
954.4	0.01465898	0.01585535	
954.6	0.01538658	0.01585465	
954.8	0.01576012	0.01585394	
955	0.0155237	0.01585324	
955.2	0.01546881	0.01585253	
955.4	0.01624913	0.01585183	
955.6	0.01525542	0.01585113	
955.8	0.01479527	0.01585042	
956	0.01393721	0.01584972	
956.2	0.01421317	0.01584901	
956.4	0.01327477	0.01584831	
956.6	0.01216963	0.01584761	
956.8	0.01111039	0.0158469	
957	0.01057931	0.0158462	
957.2	0.01119996	0.0158455	
957.4	0.0104874	0.01584479	
957.6	0.01121906	0.01584409	
957.8	0.01179981	0.01584339	
958	0.01216999	0.01584268	
958.2	0.01241144	0.01584198	
958.4	0.01292407	0.01584128	
958.6	0.01391166	0.01584057	
958.8	0.01493732	0.01583987	
959	0.01508992	0.01583917	
959.2	0.01574207	0.01583846	
959.4	0.01608357	0.01583776	
959.6	0.01526892	0.01583706	
959.8	0.01598014	0.01583635	
960	0.01614638	0.01583565	
960.2	0.01597662	0.01583495	
960.4	0.01574559	0.01583424	
960.6	0.01475256	0.01583354	
960.8	0.01419392	0.01583284	
961	0.01278223	0.01583214	
961.2	0.01211108	0.01583143	
961.4	0.01141173	0.01583073	
961.6	0.01104063	0.01583003	
961.8	0.01053565	0.01582932	
962	0.01015758	0.01582862	
962.2	0.01059998	0.01582792	
962.4	0.01142386	0.01582722	
962.6	0.01223446	0.01582651	
962.8	0.01325567	0.01582581	
963	0.01376657	0.01582511	
963.2	0.01403929	0.01582441	
963.4	0.01385017	0.0158237	
963.6	0.01399152	0.015823	
963.8	0.01462834	0.0158223	
964	0.01453631	0.0158216	
964.2	0.01443799	0.01582089	
964.4	0.01456576	0.01582019	
964.6	0.01375374	0.01581949	
964.8	0.0129644	0.01581879	
965	0.01223759	0.01581808	
965.2	0.01236816	0.01581738	
965.4	0.01190408	0.01581668	
965.6	0.01132252	0.01581598	
965.8	0.01090489	0.01581528	
966	0.01075042	0.01581457	
966.2	0.01080527	0.01581387	
966.4	0.01126386	0.01581317	
966.6	0.0108264	0.01581247	
966.8	0.01155138	0.01581176	
967	0.01234725	0.01581106	
967.2	0.01300922	0.01581036	
967.4	0.01406328	0.01580966	
967.6	0.01424528	0.01580896	
967.8	0.01419047	0.01580826	
968	0.01447696	0.01580755	
968.2	0.01445598	0.01580685	
968.4	0.01463527	0.01580615	
968.6	0.01444966	0.01580545	
968.8	0.0146924	0.01580475	
969	0.01469632	0.01580404	
969.2	0.01547539	0.01580334	
969.4	0.01526442	0.01580264	
969.6	0.01492548	0.01580194	
969.8	0.01407952	0.01580124	
970	0.01426325	0.01580054	
970.2	0.01338513	0.01579984	
970.4	0.01257131	0.01579913	
970.6	0.01249632	0.01579843	
970.8	0.01271911	0.01579773	
971	0.01314261	0.01579703	
971.2	0.01313467	0.01579633	
971.4	0.01292816	0.01579563	
971.6	0.01258273	0.01579493	
971.8	0.01171761	0.01579422	
972	0.01220605	0.01579352	
972.2	0.01211561	0.01579282	
972.4	0.01207322	0.01579212	
972.6	0.01281295	0.01579142	
972.8	0.0140084	0.01579072	
973	0.01436505	0.01579002	
973.2	0.01486804	0.01578932	
973.4	0.01470095	0.01578862	
973.6	0.01478638	0.01578791	
973.8	0.01511722	0.01578721	
974	0.01509092	0.01578651	
974.2	0.01442684	0.01578581	
974.4	0.01425612	0.01578511	
974.6	0.01497198	0.01578441	
974.8	0.01395424	0.01578371	
975	0.0136715	0.01578301	
975.2	0.0132109	0.01578231	
975.4	0.01443991	0.01578161	
975.6	0.01393583	0.01578091	
975.8	0.01329483	0.01578021	
976	0.01373048	0.01577951	
976.2	0.01348597	0.01577881	
976.4	0.01359421	0.0157781	
976.6	0.01440952	0.0157774	
976.8	0.01481385	0.0157767	
977	0.01413779	0.015776	
977.2	0.01315648	0.0157753	
977.4	0.01363835	0.0157746	
977.6	0.01302277	0.0157739	
977.8	0.01299696	0.0157732	
978	0.01240418	0.0157725	
978.2	0.01238166	0.0157718	
978.4	0.01275666	0.0157711	
978.6	0.01320397	0.0157704	
978.8	0.01392764	0.0157697	
979	0.01520763	0.015769	
979.2	0.0160362	0.0157683	
979.4	0.01723708	0.0157676	
979.6	0.01593389	0.0157669	
979.8	0.01618746	0.0157662	
980	0.01528322	0.0157655	
980.2	0.01491166	0.0157648	
980.4	0.01472846	0.0157641	
980.6	0.01352776	0.0157634	
980.8	0.01317486	0.0157627	
981	0.01149114	0.015762	
981.2	0.01058563	0.0157613	
981.4	0.01066545	0.0157606	
981.6	0.00956799	0.0157599	
981.8	0.00950433	0.0157592	
982	0.0096764	0.0157585	
982.2	0.01005445	0.0157578	
982.4	0.01083426	0.0157571	
982.6	0.01154652	0.0157564	
982.8	0.01259023	0.0157557	
983	0.01275641	0.015755	
983.2	0.01329104	0.01575431	
983.4	0.0139935	0.01575361	
983.6	0.01427251	0.01575291	
983.8	0.015347	0.01575221	
984	0.01519678	0.01575151	
984.2	0.01488478	0.01575081	
984.4	0.01457172	0.01575011	
984.6	0.01470286	0.01574941	
984.8	0.01513898	0.01574871	
985	0.01477292	0.01574801	
985.2	0.01483387	0.01574731	
985.4	0.01504664	0.01574661	
985.6	0.01467627	0.01574591	
985.8	0.01505522	0.01574522	
986	0.01526977	0.01574452	
986.2	0.01391719	0.01574382	
986.4	0.01305731	0.01574312	
986.6	0.01331769	0.01574242	
986.8	0.01234999	0.01574172	
987	0.01303471	0.01574102	
987.2	0.0134866	0.01574032	
987.4	0.01338447	0.01573962	
987.6	0.01397645	0.01573892	
987.8	0.01388193	0.01573823	
988	0.01382949	0.01573753	
988.2	0.01404123	0.01573683	
988.4	0.01493672	0.01573613	
988.6	0.01513489	0.01573543	
988.8	0.01452164	0.01573473	
989	0.01493794	0.01573403	
989.2	0.01511506	0.01573334	
989.4	0.01598032	0.01573264	
989.6	0.01553474	0.01573194	
989.8	0.01587368	0.01573124	
990	0.01493329	0.01573054	
990.2	0.01362811	0.01572984	
990.4	0.0133822	0.01572915	
990.6	0.01345376	0.01572845	
990.8	0.01253655	0.01572775	
991	0.01270237	0.01572705	
991.2	0.01237079	0.01572635	
991.4	0.01155773	0.01572565	
991.6	0.01109665	0.01572496	
991.8	0.01154036	0.01572426	
992	0.0119266	0.01572356	
992.2	0.01125625	0.01572286	
992.4	0.01111054	0.01572216	
992.6	0.01013615	0.01572147	
992.8	0.01076512	0.01572077	
993	0.01128772	0.01572007	
993.2	0.01229854	0.01571937	
993.4	0.01263219	0.01571867	
993.6	0.01302601	0.01571798	
993.8	0.01445935	0.01571728	
994	0.01480285	0.01571658	
994.2	0.01482544	0.01571588	
994.4	0.01461511	0.01571518	
994.6	0.01450854	0.01571449	
994.8	0.01430609	0.01571379	
995	0.01393151	0.01571309	
995.2	0.01389672	0.01571239	
995.4	0.01315661	0.0157117	
995.6	0.01277433	0.015711	
995.8	0.0129528	0.0157103	
996	0.01044762	0.0157096	
996.2	0.00982822	0.01570891	
996.4	0.01050924	0.01570821	
996.6	0.01047614	0.01570751	
996.8	0.01150544	0.01570681	
997	0.01291047	0.01570612	
997.2	0.01334798	0.01570542	
997.4	0.0136186	0.01570472	
997.6	0.01498825	0.01570403	
997.8	0.01517059	0.01570333	
998	0.01420363	0.01570263	
998.2	0.01340553	0.01570193	
998.4	0.01301407	0.01570124	
998.6	0.01328046	0.01570054	
998.8	0.01297163	0.01569984	
999	0.01317783	0.01569915	
999.2	0.01244652	0.01569845	
999.4	0.01184566	0.01569775	
999.6	0.0105863	0.01569705	
999.8	0.00952327	0.01569636	
1000	0.00848413	0.01569566	
1000.2	0.01006209	0.01569496	
1000.4	0.00932909	0.01569427	
1000.6	0.00909925	0.01569357	
1000.8	0.00988489	0.01569287	
1001	0.00984227	0.01569218	
1001.2	0.00911737	0.01569148	
1001.4	0.0098294	0.01569078	
1001.6	0.00936834	0.01569009	
1001.8	0.00861459	0.01568939	
1002	0.00886468	0.01568869	
1002.2	0.01001463	0.015688	
1002.4	0.01061649	0.0156873	
1002.6	0.01081978	0.0156866	
1002.8	0.0116667	0.01568591	
1003	0.01270317	0.01568521	
1003.2	0.01276441	0.01568452	
1003.4	0.01265005	0.01568382	
1003.6	0.01307569	0.01568312	
1003.8	0.01346534	0.01568243	
1004	0.01395119	0.01568173	
1004.2	0.01422065	0.01568103	
1004.4	0.01331233	0.01568034	
1004.6	0.01372194	0.01567964	
1004.8	0.01436952	0.01567895	
1005	0.01357647	0.01567825	
1005.2	0.01439076	0.01567755	
1005.4	0.01495629	0.01567686	
1005.6	0.01583257	0.01567616	
1005.8	0.01664821	0.01567547	
1006	0.01764689	0.01567477	
1006.2	0.01757474	0.01567407	
1006.4	0.01755468	0.01567338	
1006.6	0.01714813	0.01567268	
1006.8	0.01693139	0.01567199	
1007	0.01525786	0.01567129	
1007.2	0.01516406	0.01567059	
1007.4	0.01463818	0.0156699	
1007.6	0.01532656	0.0156692	
1007.8	0.01488079	0.01566851	
1008	0.01596882	0.01566781	
1008.2	0.01564931	0.01566712	
1008.4	0.01489914	0.01566642	
1008.6	0.01429533	0.01566572	
1008.8	0.01410468	0.01566503	
1009	0.01345731	0.01566433	
1009.2	0.01463476	0.01566364	
1009.4	0.01575269	0.01566294	
1009.6	0.01575377	0.01566225	
1009.8	0.01507982	0.01566155	
1010	0.01493475	0.01566086	
1010.2	0.0142965	0.01566016	
1010.4	0.01384981	0.01565947	
1010.6	0.01246512	0.01565877	
1010.8	0.01189006	0.01565808	
1011	0.01228533	0.01565738	
1011.2	0.01267984	0.01565669	
1011.4	0.01275646	0.01565599	
1011.6	0.01242071	0.0156553	
1011.8	0.01307562	0.0156546	
1012	0.0132337	0.01565391	
1012.2	0.01246081	0.01565321	
1012.4	0.01217128	0.01565252	
1012.6	0.01157284	0.01565182	
1012.8	0.01140473	0.01565113	
1013	0.01073853	0.01565043	
1013.2	0.01193914	0.01564974	
1013.4	0.01175613	0.01564904	
1013.6	0.01123801	0.01564835	
1013.8	0.01137044	0.01564765	
1014	0.01124193	0.01564696	
1014.2	0.01199605	0.01564626	
1014.4	0.01245542	0.01564557	
1014.6	0.01254852	0.01564487	
1014.8	0.0132242	0.01564418	
1015	0.01294303	0.01564348	
1015.2	0.01261767	0.01564279	
1015.4	0.01279666	0.01564209	
1015.6	0.0122149	0.0156414	
1015.8	0.01300492	0.01564071	
1016	0.0121092	0.01564001	
1016.2	0.0124571	0.01563932	
1016.4	0.01221794	0.01563862	
1016.6	0.01292658	0.01563793	
1016.8	0.0138157	0.01563723	
1017	0.01469129	0.01563654	
1017.2	0.0153487	0.01563585	
1017.4	0.01480042	0.01563515	
1017.6	0.01481154	0.01563446	
1017.8	0.01470851	0.01563376	
1018	0.01463094	0.01563307	
1018.2	0.014745	0.01563238	
1018.4	0.01463724	0.01563168	
1018.6	0.01362666	0.01563099	
1018.8	0.01339769	0.01563029	
1019	0.01254236	0.0156296	
1019.2	0.01298793	0.01562891	
1019.4	0.01244555	0.01562821	
1019.6	0.01268056	0.01562752	
1019.8	0.01281593	0.01562682	
1020	0.01285133	0.01562613	
1020.2	0.01403407	0.01562544	
1020.4	0.01574919	0.01562474	
1020.6	0.01734417	0.01562405	
1020.8	0.01795555	0.01562336	
1021	0.01830528	0.01562266	
1021.2	0.01785748	0.01562197	
1021.4	0.01749724	0.01562127	
1021.6	0.01745823	0.01562058	
1021.8	0.01754657	0.01561989	
1022	0.01788118	0.01561919	
1022.2	0.01708384	0.0156185	
1022.4	0.01623531	0.01561781	
1022.6	0.01449157	0.01561711	
1022.8	0.01401302	0.01561642	
1023	0.01310844	0.01561573	
1023.2	0.01284295	0.01561503	
1023.4	0.01151896	0.01561434	
1023.6	0.01155671	0.01561365	
1023.8	0.01172341	0.01561295	
1024	0.01282401	0.01561226	
1024.2	0.01398417	0.01561157	
1024.4	0.01450055	0.01561088	
1024.6	0.01409408	0.01561018	
1024.8	0.01395937	0.01560949	
1025	0.01441164	0.0156088	
1025.2	0.01407826	0.0156081	
1025.4	0.01398168	0.01560741	
1025.6	0.0146566	0.01560672	
1025.8	0.01550373	0.01560602	
1026	0.01602111	0.01560533	
1026.2	0.01498692	0.01560464	
1026.4	0.01448749	0.01560395	
1026.6	0.01451641	0.01560325	
1026.8	0.01490939	0.01560256	
1027	0.01507333	0.01560187	
1027.2	0.01486529	0.01560117	
1027.4	0.01595693	0.01560048	
1027.6	0.0170218	0.01559979	
1027.8	0.01730415	0.0155991	
1028	0.01755758	0.0155984	
1028.2	0.01674954	0.01559771	
1028.4	0.01552672	0.01559702	
1028.6	0.01547213	0.01559633	
1028.8	0.01545973	0.01559563	
1029	0.01551059	0.01559494	
1029.2	0.0154288	0.01559425	
1029.4	0.01515967	0.01559356	
1029.6	0.01466824	0.01559287	
1029.8	0.01448544	0.01559217	
1030	0.01446706	0.01559148	
1030.2	0.01395198	0.01559079	
1030.4	0.01437073	0.0155901	
1030.6	0.01421201	0.0155894	
1030.8	0.01435885	0.01558871	
1031	0.01498961	0.01558802	
1031.2	0.01540762	0.01558733	
1031.4	0.01550136	0.01558664	
1031.6	0.01408774	0.01558594	
1031.8	0.0135719	0.01558525	
1032	0.01285443	0.01558456	
1032.2	0.01213816	0.01558387	
1032.4	0.01305028	0.01558318	
1032.6	0.01295691	0.01558248	
1032.8	0.01249509	0.01558179	
1033	0.01254833	0.0155811	
1033.2	0.01253195	0.01558041	
1033.4	0.0120429	0.01557972	
1033.6	0.01201825	0.01557903	
1033.8	0.01191478	0.01557833	
1034	0.01282611	0.01557764	
1034.2	0.01327442	0.01557695	
1034.4	0.0132246	0.01557626	
1034.6	0.01320178	0.01557557	
1034.8	0.01290208	0.01557488	
1035	0.01309364	0.01557418	
1035.2	0.01222926	0.01557349	
1035.4	0.01120601	0.0155728	
1035.6	0.01163416	0.01557211	
1035.8	0.01188986	0.01557142	
1036	0.0125581	0.01557073	
1036.2	0.01334737	0.01557004	
1036.4	0.01360317	0.01556935	
1036.6	0.01255472	0.01556865	
1036.8	0.01308158	0.01556796	
1037	0.01355581	0.01556727	
1037.2	0.01306519	0.01556658	
1037.4	0.01354995	0.01556589	
1037.6	0.01333726	0.0155652	
1037.8	0.01401058	0.01556451	
1038	0.01596218	0.01556382	
1038.2	0.01713096	0.01556313	
1038.4	0.01713461	0.01556243	
1038.6	0.01726236	0.01556174	
1038.8	0.01606177	0.01556105	
1039	0.01621252	0.01556036	
1039.2	0.01546745	0.01555967	
1039.4	0.01562288	0.01555898	
1039.6	0.01532572	0.01555829	
1039.8	0.01617855	0.0155576	
1040	0.01651515	0.01555691	
1040.2	0.01614009	0.01555622	
1040.4	0.01544488	0.01555553	
1040.6	0.01521688	0.01555484	
1040.8	0.0152463	0.01555415	
1041	0.01470112	0.01555345	
1041.2	0.01349675	0.01555276	
1041.4	0.01375714	0.01555207	
1041.6	0.01467157	0.01555138	
1041.8	0.01597151	0.01555069	
1042	0.01700607	0.01555	
1042.2	0.01706448	0.01554931	
1042.4	0.01660199	0.01554862	
1042.6	0.0164059	0.01554793	
1042.8	0.01717377	0.01554724	
1043	0.01732656	0.01554655	
1043.2	0.01732439	0.01554586	
1043.4	0.0166405	0.01554517	
1043.6	0.01578984	0.01554448	
1043.8	0.01649365	0.01554379	
1044	0.01593433	0.0155431	
1044.2	0.01464569	0.01554241	
1044.4	0.01405861	0.01554172	
1044.6	0.01365197	0.01554103	
1044.8	0.01278263	0.01554034	
1045	0.01104361	0.01553965	
1045.2	0.0104294	0.01553896	
1045.4	0.01102988	0.01553827	
1045.6	0.01111351	0.01553758	
1045.8	0.01042345	0.01553689	
1046	0.01107205	0.0155362	
1046.2	0.01109923	0.01553551	
1046.4	0.01213059	0.01553482	
1046.6	0.01313602	0.01553413	
1046.8	0.01361871	0.01553344	
1047	0.01226206	0.01553275	
1047.2	0.01255135	0.01553206	
1047.4	0.01265323	0.01553137	
1047.6	0.01259825	0.01553068	
1047.8	0.01323741	0.01552999	
1048	0.01371129	0.0155293	
1048.2	0.01338986	0.01552862	
1048.4	0.01413192	0.01552793	
1048.6	0.01434883	0.01552724	
1048.8	0.01418062	0.01552655	
1049	0.01456986	0.01552586	
1049.2	0.01576788	0.01552517	
1049.4	0.01669135	0.01552448	
1049.6	0.01702161	0.01552379	
1049.8	0.01766532	0.0155231	
1050	0.01875177	0.01552241	
1050.2	0.01848351	0.01552172	
1050.4	0.01785895	0.01552103	
1050.6	0.01748986	0.01552034	
1050.8	0.01599004	0.01551966	
1051	0.01475507	0.01551897	
1051.2	0.01539832	0.01551828	
1051.4	0.01549209	0.01551759	
1051.6	0.0138268	0.0155169	
1051.8	0.01372054	0.01551621	
1052	0.01391427	0.01551552	
1052.2	0.01376957	0.01551483	
1052.4	0.01445485	0.01551414	
1052.6	0.01409486	0.01551346	
1052.8	0.01487321	0.01551277	
1053	0.01592106	0.01551208	
1053.2	0.01702546	0.01551139	
1053.4	0.01841903	0.0155107	
1053.6	0.01884985	0.01551001	
1053.8	0.01912806	0.01550932	
1054	0.01894246	0.01550863	
1054.2	0.01920272	0.01550795	
1054.4	0.01813384	0.01550726	
1054.6	0.01770632	0.01550657	
1054.8	0.01684179	0.01550588	
1055	0.0155637	0.01550519	
1055.2	0.01570832	0.0155045	
1055.4	0.01430128	0.01550382	
1055.6	0.01340748	0.01550313	
1055.8	0.01290659	0.01550244	
1056	0.01219011	0.01550175	
1056.2	0.01196455	0.01550106	
1056.4	0.01100518	0.01550037	
1056.6	0.01028241	0.01549969	
1056.8	0.01130969	0.015499	
1057	0.01143769	0.01549831	
1057.2	0.01139036	0.01549762	
1057.4	0.01099535	0.01549693	
1057.6	0.0103813	0.01549625	
1057.8	0.01024033	0.01549556	
1058	0.00988512	0.01549487	
1058.2	0.01059977	0.01549418	
1058.4	0.0102117	0.01549349	
1058.6	0.01032542	0.01549281	
1058.8	0.01079405	0.01549212	
1059	0.01088584	0.01549143	
1059.2	0.01183955	0.01549074	
1059.4	0.0119656	0.01549006	
1059.6	0.01271161	0.01548937	
1059.8	0.01359307	0.01548868	
1060	0.01416554	0.01548799	
1060.2	0.01486669	0.0154873	
1060.4	0.01543674	0.01548662	
1060.6	0.01648523	0.01548593	
1060.8	0.01663131	0.01548524	
1061	0.01623866	0.01548455	
1061.2	0.01607058	0.01548387	
1061.4	0.01575369	0.01548318	
1061.6	0.01539597	0.01548249	
1061.8	0.01481775	0.0154818	
1062	0.01522146	0.01548112	
1062.2	0.01506143	0.01548043	
1062.4	0.0151129	0.01547974	
1062.6	0.01521428	0.01547906	
1062.8	0.01436063	0.01547837	
1063	0.01384989	0.01547768	
1063.2	0.01307875	0.01547699	
1063.4	0.01297791	0.01547631	
1063.6	0.01300177	0.01547562	
1063.8	0.01324305	0.01547493	
1064	0.01296557	0.01547425	
1064.2	0.01293986	0.01547356	
1064.4	0.01327808	0.01547287	
1064.6	0.0135626	0.01547218	
1064.8	0.01399074	0.0154715	
1065	0.01440092	0.01547081	
1065.2	0.01485263	0.01547012	
1065.4	0.01481413	0.01546944	
1065.6	0.01412072	0.01546875	
1065.8	0.01402191	0.01546806	
1066	0.01505176	0.01546738	
1066.2	0.01500677	0.01546669	
1066.4	0.01567089	0.015466	
1066.6	0.01586865	0.01546532	
1066.8	0.01525926	0.01546463	
1067	0.01503201	0.01546394	
1067.2	0.01399812	0.01546326	
1067.4	0.01387254	0.01546257	
1067.6	0.01365302	0.01546188	
1067.8	0.013354	0.0154612	
1068	0.012658	0.01546051	
1068.2	0.01351148	0.01545983	
1068.4	0.01346747	0.01545914	
1068.6	0.0138514	0.01545845	
1068.8	0.01411931	0.01545777	
1069	0.01401292	0.01545708	
1069.2	0.01360696	0.01545639	
1069.4	0.01325565	0.01545571	
1069.6	0.01344091	0.01545502	
1069.8	0.01380703	0.01545434	
1070	0.01472478	0.01545365	
1070.2	0.01522779	0.01545296	
1070.4	0.0159535	0.01545228	
1070.6	0.01629067	0.01545159	
1070.8	0.01698718	0.0154509	
1071	0.01697975	0.01545022	
1071.2	0.01701833	0.01544953	
1071.4	0.01692974	0.01544885	
1071.6	0.01653613	0.01544816	
1071.8	0.01596413	0.01544748	
1072	0.01545063	0.01544679	
1072.2	0.01589883	0.0154461	
1072.4	0.01449791	0.01544542	
1072.6	0.01407069	0.01544473	
1072.8	0.01379588	0.01544405	
1073	0.01296225	0.01544336	
1073.2	0.01268543	0.01544268	
1073.4	0.01153705	0.01544199	
1073.6	0.01171756	0.0154413	
1073.8	0.01148605	0.01544062	
1074	0.01207195	0.01543993	
1074.2	0.01194335	0.01543925	
1074.4	0.01215506	0.01543856	
1074.6	0.01234084	0.01543788	
1074.8	0.01264853	0.01543719	
1075	0.01324751	0.01543651	
1075.2	0.01410419	0.01543582	
1075.4	0.01432836	0.01543514	
1075.6	0.01491506	0.01543445	
1075.8	0.01559489	0.01543376	
1076	0.01559734	0.01543308	
1076.2	0.01543026	0.01543239	
1076.4	0.01664039	0.01543171	
1076.6	0.01702001	0.01543102	
1076.8	0.0166887	0.01543034	
1077	0.01672113	0.01542965	
1077.2	0.01633502	0.01542897	
1077.4	0.01518376	0.01542828	
1077.6	0.01551968	0.0154276	
1077.8	0.01577829	0.01542691	
1078	0.01466936	0.01542623	
1078.2	0.0136921	0.01542554	
1078.4	0.01321503	0.01542486	
1078.6	0.01258997	0.01542417	
1078.8	0.0125846	0.01542349	
1079	0.01317058	0.01542281	
1079.2	0.01266049	0.01542212	
1079.4	0.01288756	0.01542144	
1079.6	0.01317098	0.01542075	
1079.8	0.01305362	0.01542007	
1080	0.01281743	0.01541938	
1080.2	0.01382206	0.0154187	
1080.4	0.01386912	0.01541801	
1080.6	0.01314467	0.01541733	
1080.8	0.01305338	0.01541664	
1081	0.01340931	0.01541596	
1081.2	0.01257202	0.01541527	
1081.4	0.01241937	0.01541459	
1081.6	0.01262068	0.01541391	
1081.8	0.01232668	0.01541322	
1082	0.01154492	0.01541254	
1082.2	0.01168263	0.01541185	
1082.4	0.01155998	0.01541117	
1082.6	0.01121259	0.01541048	
1082.8	0.01110605	0.0154098	
1083	0.01077967	0.01540912	
1083.2	0.01035292	0.01540843	
1083.4	0.01227447	0.01540775	
1083.6	0.01294212	0.01540706	
1083.8	0.01322917	0.01540638	
1084	0.01373501	0.0154057	
1084.2	0.01396305	0.01540501	
1084.4	0.01353242	0.01540433	
1084.6	0.01356367	0.01540364	
1084.8	0.01467392	0.01540296	
1085	0.0150594	0.01540228	
1085.2	0.0149674	0.01540159	
1085.4	0.01562207	0.01540091	
1085.6	0.01619016	0.01540023	
1085.8	0.01581437	0.01539954	
1086	0.01641391	0.01539886	
1086.2	0.01580193	0.01539817	
1086.4	0.01596874	0.01539749	
1086.6	0.01547977	0.01539681	
1086.8	0.01505634	0.01539612	
1087	0.0145311	0.01539544	
1087.2	0.01409753	0.01539476	
1087.4	0.01464059	0.01539407	
1087.6	0.01455369	0.01539339	
1087.8	0.01430791	0.01539271	
1088	0.01392658	0.01539202	
1088.2	0.01335687	0.01539134	
1088.4	0.01353315	0.01539066	
1088.6	0.01372272	0.01538997	
1088.8	0.01473852	0.01538929	
1089	0.01507838	0.01538861	
1089.2	0.01478785	0.01538792	
1089.4	0.0146413	0.01538724	
1089.6	0.01457973	0.01538656	
1089.8	0.01401239	0.01538587	
1090	0.01421989	0.01538519	
1090.2	0.01373773	0.01538451	
1090.4	0.01386002	0.01538382	
1090.6	0.01259105	0.01538314	
1090.8	0.01216609	0.01538246	
1091	0.01181552	0.01538178	
1091.2	0.01210645	0.01538109	
1091.4	0.01316504	0.01538041	
1091.6	0.01376667	0.01537973	
1091.8	0.01396517	0.01537904	
1092	0.01379194	0.01537836	
1092.2	0.01403021	0.01537768	
1092.4	0.01476809	0.015377	
1092.6	0.01515566	0.01537631	
1092.8	0.01476597	0.01537563	
1093	0.01491544	0.01537495	
1093.2	0.01392168	0.01537427	
1093.4	0.01349507	0.01537358	
1093.6	0.01375538	0.0153729	
1093.8	0.01364731	0.01537222	
1094	0.01211865	0.01537154	
1094.2	0.01147031	0.01537085	
1094.4	0.01097711	0.01537017	
1094.6	0.01077302	0.01536949	
1094.8	0.0117843	0.01536881	
1095	0.01221982	0.01536812	
1095.2	0.01319398	0.01536744	
1095.4	0.01316206	0.01536676	
1095.6	0.01299535	0.01536608	
1095.8	0.01287852	0.01536539	
1096	0.01328223	0.01536471	
1096.2	0.01298473	0.01536403	
1096.4	0.01257023	0.01536335	
1096.6	0.0125646	0.01536267	
1096.8	0.01260116	0.01536198	
1097	0.01377238	0.0153613	
1097.2	0.01368273	0.01536062	
1097.4	0.01423812	0.01535994	
1097.6	0.0138897	0.01535926	
1097.8	0.01311898	0.01535857	
1098	0.0121483	0.01535789	
1098.2	0.0128828	0.01535721	
1098.4	0.01397832	0.01535653	
1098.6	0.01422887	0.01535585	
1098.8	0.01505239	0.01535517	
1099	0.01508509	0.01535448	
1099.2	0.01538896	0.0153538	
1099.4	0.01456499	0.01535312	
1099.6	0.01488519	0.01535244	
1099.8	0.01429376	0.01535176	
1100	0.01427868	0.01535108	
1100.2	0.01318109	0.01535039	
1100.4	0.01338072	0.01534971	
1100.6	0.01357317	0.01534903	
1100.8	0.01394929	0.01534835	
1101	0.01465215	0.01534767	
1101.2	0.01344504	0.01534699	
1101.4	0.01403802	0.01534631	
1101.6	0.01410008	0.01534562	
1101.8	0.01511293	0.01534494	
1102	0.0146553	0.01534426	
1102.2	0.01400797	0.01534358	
1102.4	0.01437885	0.0153429	
1102.6	0.01373658	0.01534222	
1102.8	0.01381739	0.01534154	
1103	0.0133214	0.01534086	
1103.2	0.01272019	0.01534017	
1103.4	0.01226942	0.01533949	
1103.6	0.01243138	0.01533881	
1103.8	0.01238308	0.01533813	
1104	0.01303224	0.01533745	
1104.2	0.01220376	0.01533677	
1104.4	0.01241444	0.01533609	
1104.6	0.01202878	0.01533541	
1104.8	0.01252731	0.01533473	
1105	0.01317161	0.01533405	
1105.2	0.01371945	0.01533337	
1105.4	0.01484064	0.01533268	
1105.6	0.01492921	0.015332	
1105.8	0.01452561	0.01533132	
1106	0.01370487	0.01533064	
1106.2	0.01316019	0.01532996	
1106.4	0.01377205	0.01532928	
1106.6	0.01353924	0.0153286	
1106.8	0.01369141	0.01532792	
1107	0.01345018	0.01532724	
1107.2	0.01292867	0.01532656	
1107.4	0.01239026	0.01532588	
1107.6	0.01278288	0.0153252	
1107.8	0.013205	0.01532452	
1108	0.01329356	0.01532384	
1108.2	0.0127048	0.01532316	
1108.4	0.01333173	0.01532248	
1108.6	0.01351643	0.0153218	
1108.8	0.01422275	0.01532112	
1109	0.01490711	0.01532044	
1109.2	0.01457685	0.01531976	
1109.4	0.01369672	0.01531908	
1109.6	0.01424826	0.0153184	
1109.8	0.01445321	0.01531772	
1110	0.01429473	0.01531704	
1110.2	0.01420169	0.01531636	
1110.4	0.0146048	0.01531568	
1110.6	0.01476131	0.015315	
1110.8	0.01469212	0.01531432	
1111	0.01328864	0.01531364	
1111.2	0.01224844	0.01531296	
1111.4	0.01151514	0.01531228	
1111.6	0.01140978	0.0153116	
1111.8	0.01193871	0.01531092	
1112	0.01204737	0.01531024	
1112.2	0.01192411	0.01530956	
1112.4	0.01187789	0.01530888	
1112.6	0.01191867	0.0153082	
1112.8	0.01104788	0.01530752	
1113	0.01074102	0.01530684	
1113.2	0.00982165	0.01530616	
1113.4	0.0089516	0.01530548	
1113.6	0.00939607	0.0153048	
1113.8	0.00846115	0.01530412	
1114	0.00864411	0.01530344	
1114.2	0.0096661	0.01530276	
1114.4	0.01073569	0.01530208	
1114.6	0.01178174	0.0153014	
1114.8	0.0116984	0.01530072	
1115	0.01200663	0.01530004	
1115.2	0.01308949	0.01529936	
1115.4	0.01393416	0.01529869	
1115.6	0.01434152	0.01529801	
1115.8	0.01555391	0.01529733	
1116	0.01656244	0.01529665	
1116.2	0.01667181	0.01529597	
1116.4	0.01725231	0.01529529	
1116.6	0.0168774	0.01529461	
1116.8	0.01594723	0.01529393	
1117	0.01655524	0.01529325	
1117.2	0.01576322	0.01529257	
1117.4	0.01480262	0.01529189	
1117.6	0.01455963	0.01529122	
1117.8	0.01325673	0.01529054	
1118	0.0132053	0.01528986	
1118.2	0.0135362	0.01528918	
1118.4	0.01345307	0.0152885	
1118.6	0.01304217	0.01528782	
1118.8	0.01352021	0.01528714	
1119	0.01342378	0.01528646	
1119.2	0.01252327	0.01528579	
1119.4	0.01179019	0.01528511	
1119.6	0.01145866	0.01528443	
1119.8	0.01246498	0.01528375	
1120	0.01326394	0.01528307	
1120.2	0.0130101	0.01528239	
1120.4	0.01336303	0.01528171	
1120.6	0.01360345	0.01528104	
1120.8	0.0138957	0.01528036	
1121	0.01479348	0.01527968	
1121.2	0.0144901	0.015279	
1121.4	0.01411627	0.01527832	
1121.6	0.01356851	0.01527764	
1121.8	0.01317363	0.01527697	
1122	0.01373763	0.01527629	
1122.2	0.01401088	0.01527561	
1122.4	0.01353282	0.01527493	
1122.6	0.01480803	0.01527425	
1122.8	0.01439112	0.01527357	
1123	0.01362888	0.0152729	
1123.2	0.01323416	0.01527222	
1123.4	0.01364998	0.01527154	
1123.6	0.01431837	0.01527086	
1123.8	0.01494207	0.01527018	
1124	0.01415702	0.01526951	
1124.2	0.01409822	0.01526883	
1124.4	0.01443901	0.01526815	
1124.6	0.01457151	0.01526747	
1124.8	0.0134659	0.0152668	
1125	0.01361161	0.01526612	
1125.2	0.01410283	0.01526544	
1125.4	0.01473044	0.01526476	
1125.6	0.01393774	0.01526408	
1125.8	0.01429746	0.01526341	
1126	0.01382922	0.01526273	
1126.2	0.01285106	0.01526205	
1126.4	0.01332045	0.01526137	
1126.6	0.01397177	0.0152607	
1126.8	0.01266941	0.01526002	
1127	0.01336276	0.01525934	
1127.2	0.0132871	0.01525866	
1127.4	0.01367682	0.01525799	
1127.6	0.01247121	0.01525731	
1127.8	0.0122761	0.01525663	
1128	0.01242851	0.01525595	
1128.2	0.01251338	0.01525528	
1128.4	0.01189074	0.0152546	
1128.6	0.01188972	0.01525392	
1128.8	0.01194377	0.01525325	
1129	0.01374041	0.01525257	
1129.2	0.01459131	0.01525189	
1129.4	0.01459291	0.01525121	
1129.6	0.01369136	0.01525054	
1129.8	0.01399046	0.01524986	
1130	0.01276068	0.01524918	
1130.2	0.01271262	0.01524851	
1130.4	0.01273106	0.01524783	
1130.6	0.01313781	0.01524715	
1130.8	0.01302943	0.01524647	
1131	0.01315468	0.0152458	
1131.2	0.01378798	0.01524512	
1131.4	0.01379984	0.01524444	
1131.6	0.01317594	0.01524377	
1131.8	0.01414885	0.01524309	
1132	0.01467797	0.01524241	
1132.2	0.01438472	0.01524174	
1132.4	0.01464563	0.01524106	
1132.6	0.01573285	0.01524038	
1132.8	0.0164378	0.01523971	
1133	0.01734289	0.01523903	
1133.2	0.01736673	0.01523835	
1133.4	0.01733238	0.01523768	
1133.6	0.01684533	0.015237	
1133.8	0.016304	0.01523632	
1134	0.01581734	0.01523565	
1134.2	0.01584501	0.01523497	
1134.4	0.01595688	0.0152343	
1134.6	0.01661144	0.01523362	
1134.8	0.01688003	0.01523294	
1135	0.01689221	0.01523227	
1135.2	0.01738766	0.01523159	
1135.4	0.01714832	0.01523091	
1135.6	0.01641454	0.01523024	
1135.8	0.01628745	0.01522956	
1136	0.01595544	0.01522889	
1136.2	0.01605699	0.01522821	
1136.4	0.01562202	0.01522753	
1136.6	0.01546303	0.01522686	
1136.8	0.01556858	0.01522618	
1137	0.01585768	0.0152255	
1137.2	0.01588408	0.01522483	
1137.4	0.01555042	0.01522415	
1137.6	0.01513264	0.01522348	
1137.8	0.01598039	0.0152228	
1138	0.01653956	0.01522213	
1138.2	0.01708981	0.01522145	
1138.4	0.01679792	0.01522077	
1138.6	0.0168714	0.0152201	
1138.8	0.01726375	0.01521942	
1139	0.01675146	0.01521875	
1139.2	0.01581762	0.01521807	
1139.4	0.01487061	0.0152174	
1139.6	0.01371322	0.01521672	
1139.8	0.01381363	0.01521604	
1140	0.01342756	0.01521537	
1140.2	0.01218777	0.01521469	
1140.4	0.01076532	0.01521402	
1140.6	0.01027231	0.01521334	
1140.8	0.01038018	0.01521267	
1141	0.01066751	0.01521199	
1141.2	0.01042215	0.01521132	
1141.4	0.01066662	0.01521064	
1141.6	0.01037171	0.01520997	
1141.8	0.01120883	0.01520929	
1142	0.0114006	0.01520861	
1142.2	0.01175793	0.01520794	
1142.4	0.01144817	0.01520726	
1142.6	0.01270332	0.01520659	
1142.8	0.01281557	0.01520591	
1143	0.01396013	0.01520524	
1143.2	0.01402192	0.01520456	
1143.4	0.0150839	0.01520389	
1143.6	0.01640379	0.01520321	
1143.8	0.0176797	0.01520254	
1144	0.01766064	0.01520186	
1144.2	0.01647555	0.01520119	
1144.4	0.01665032	0.01520051	
1144.6	0.01652399	0.01519984	
1144.8	0.01685191	0.01519916	
1145	0.01728861	0.01519849	
1145.2	0.01675446	0.01519782	
1145.4	0.01715471	0.01519714	
1145.6	0.01604303	0.01519647	
1145.8	0.01642141	0.01519579	
1146	0.01666581	0.01519512	
1146.2	0.01605082	0.01519444	
1146.4	0.01552621	0.01519377	
1146.6	0.0152603	0.01519309	
1146.8	0.01535583	0.01519242	
1147	0.0167085	0.01519174	
1147.2	0.0158844	0.01519107	
1147.4	0.01607009	0.01519039	
1147.6	0.01597634	0.01518972	
1147.8	0.0159079	0.01518905	
1148	0.01596009	0.01518837	
1148.2	0.01500377	0.0151877	
1148.4	0.01412465	0.01518702	
1148.6	0.01379925	0.01518635	
1148.8	0.01359015	0.01518567	
1149	0.01353389	0.015185	
1149.2	0.01349932	0.01518433	
1149.4	0.01405996	0.01518365	
1149.6	0.01347391	0.01518298	
1149.8	0.01396837	0.0151823	
1150	0.01365781	0.01518163	
1150.2	0.01337443	0.01518096	
1150.4	0.01354958	0.01518028	
1150.6	0.01451176	0.01517961	
1150.8	0.01517066	0.01517893	
1151	0.01547016	0.01517826	
1151.2	0.01525322	0.01517759	
1151.4	0.01565325	0.01517691	
1151.6	0.01580894	0.01517624	
1151.8	0.01555683	0.01517556	
1152	0.01531034	0.01517489	
1152.2	0.01437298	0.01517422	
1152.4	0.01333615	0.01517354	
1152.6	0.013293	0.01517287	
1152.8	0.01238239	0.0151722	
1153	0.01321138	0.01517152	
1153.2	0.01276029	0.01517085	
1153.4	0.01239095	0.01517018	
1153.6	0.01256425	0.0151695	
1153.8	0.01332385	0.01516883	
1154	0.01422004	0.01516816	
1154.2	0.01559337	0.01516748	
1154.4	0.01624114	0.01516681	
1154.6	0.01732339	0.01516614	
1154.8	0.01749912	0.01516546	
1155	0.01835347	0.01516479	
1155.2	0.01869761	0.01516412	
1155.4	0.01754206	0.01516344	
1155.6	0.01699347	0.01516277	
1155.8	0.01605551	0.0151621	
1156	0.01574528	0.01516142	
1156.2	0.01601606	0.01516075	
1156.4	0.01534568	0.01516008	
1156.6	0.01576592	0.0151594	
1156.8	0.01507773	0.01515873	
1157	0.01557745	0.01515806	
1157.2	0.01520632	0.01515738	
1157.4	0.01605772	0.01515671	
1157.6	0.01635162	0.01515604	
1157.8	0.01700958	0.01515537	
1158	0.01743985	0.01515469	
1158.2	0.01725078	0.01515402	
1158.4	0.01791938	0.01515335	
1158.6	0.01818713	0.01515267	
1158.8	0.01810819	0.015152	
1159	0.01743701	0.01515133	
1159.2	0.01594243	0.01515066	
1159.4	0.01433805	0.01514998	
1159.6	0.01481464	0.01514931	
1159.8	0.013547	0.01514864	
1160	0.01321092	0.01514797	
1160.2	0.01323519	0.01514729	
1160.4	0.01360684	0.01514662	
1160.6	0.01437451	0.01514595	
1160.8	0.01368671	0.01514528	
1161	0.01495769	0.0151446	
1161.2	0.01514684	0.01514393	
1161.4	0.01531425	0.01514326	
1161.6	0.01547184	0.01514259	
1161.8	0.01595388	0.01514191	
1162	0.01678314	0.01514124	
1162.2	0.01682331	0.01514057	
1162.4	0.0177027	0.0151399	
1162.6	0.01740877	0.01513923	
1162.8	0.01708639	0.01513855	
1163	0.01629321	0.01513788	
1163.2	0.01607716	0.01513721	
1163.4	0.01690751	0.01513654	
1163.6	0.01740823	0.01513587	
1163.8	0.01679498	0.01513519	
1164	0.01703889	0.01513452	
1164.2	0.01745011	0.01513385	
1164.4	0.01743537	0.01513318	
1164.6	0.01700806	0.01513251	
1164.8	0.0160331	0.01513183	
1165	0.01646038	0.01513116	
1165.2	0.01543388	0.01513049	
1165.4	0.01588414	0.01512982	
1165.6	0.0152374	0.01512915	
1165.8	0.01462193	0.01512848	
1166	0.01435056	0.0151278	
1166.2	0.01383119	0.01512713	
1166.4	0.01391028	0.01512646	
1166.6	0.01396429	0.01512579	
1166.8	0.01392286	0.01512512	
1167	0.01388793	0.01512445	
1167.2	0.01458329	0.01512377	
1167.4	0.01513074	0.0151231	
1167.6	0.01548486	0.01512243	
1167.8	0.01586349	0.01512176	
1168	0.01647225	0.01512109	
1168.2	0.01655204	0.01512042	
1168.4	0.01516384	0.01511975	
1168.6	0.01542551	0.01511907	
1168.8	0.01407191	0.0151184	
1169	0.01364209	0.01511773	
1169.2	0.01340083	0.01511706	
1169.4	0.01349928	0.01511639	
1169.6	0.01327083	0.01511572	
1169.8	0.01328018	0.01511505	
1170	0.01324942	0.01511438	
1170.2	0.01319785	0.01511371	
1170.4	0.01266131	0.01511303	
1170.6	0.01290783	0.01511236	
1170.8	0.01343541	0.01511169	
1171	0.01344	0.01511102	
1171.2	0.0137655	0.01511035	
1171.4	0.01365666	0.01510968	
1171.6	0.01399887	0.01510901	
1171.8	0.01404797	0.01510834	
1172	0.01424313	0.01510767	
1172.2	0.01299681	0.015107	
1172.4	0.01294609	0.01510633	
1172.6	0.01374955	0.01510566	
1172.8	0.01327745	0.01510499	
1173	0.01386838	0.01510431	
1173.2	0.01403429	0.01510364	
1173.4	0.01349928	0.01510297	
1173.6	0.01403307	0.0151023	
1173.8	0.0145192	0.01510163	
1174	0.01478423	0.01510096	
1174.2	0.01434425	0.01510029	
1174.4	0.01418528	0.01509962	
1174.6	0.01460434	0.01509895	
1174.8	0.01537501	0.01509828	
1175	0.01563861	0.01509761	
1175.2	0.01509609	0.01509694	
1175.4	0.01489856	0.01509627	
1175.6	0.01511506	0.0150956	
1175.8	0.01502126	0.01509493	
1176	0.01422904	0.01509426	
1176.2	0.01425557	0.01509359	
1176.4	0.01476684	0.01509292	
1176.6	0.01471414	0.01509225	
1176.8	0.01419353	0.01509158	
1177	0.0141384	0.01509091	
1177.2	0.01409691	0.01509024	
1177.4	0.01412254	0.01508957	
1177.6	0.01451608	0.0150889	
1177.8	0.01566443	0.01508823	
1178	0.01543737	0.01508756	
1178.2	0.01493656	0.01508689	
1178.4	0.01414474	0.01508622	
1178.6	0.01482297	0.01508555	
1178.8	0.0152368	0.01508488	
1179	0.01568795	0.01508421	
1179.2	0.01531081	0.01508354	
1179.4	0.01592896	0.01508287	
1179.6	0.01545205	0.0150822	
1179.8	0.01470817	0.01508153	
1180	0.01413789	0.01508086	
1180.2	0.01411876	0.01508019	
1180.4	0.01334903	0.01507952	
1180.6	0.01294315	0.01507885	
1180.8	0.01314408	0.01507818	
1181	0.01343357	0.01507751	
1181.2	0.01351337	0.01507685	
1181.4	0.01473773	0.01507618	
1181.6	0.01525727	0.01507551	
1181.8	0.01643245	0.01507484	
1182	0.01644289	0.01507417	
1182.2	0.01619662	0.0150735	
1182.4	0.01635665	0.01507283	
1182.6	0.01687549	0.01507216	
1182.8	0.01718944	0.01507149	
1183	0.01814965	0.01507082	
1183.2	0.01743863	0.01507015	
1183.4	0.01662759	0.01506948	
1183.6	0.01644912	0.01506881	
1183.8	0.01736698	0.01506815	
1184	0.01740834	0.01506748	
1184.2	0.01672795	0.01506681	
1184.4	0.0154811	0.01506614	
1184.6	0.01410972	0.01506547	
1184.8	0.01375114	0.0150648	
1185	0.01329087	0.01506413	
1185.2	0.01398124	0.01506346	
1185.4	0.01442952	0.01506279	
1185.6	0.01458173	0.01506213	
1185.8	0.0152817	0.01506146	
1186	0.01563891	0.01506079	
1186.2	0.01528148	0.01506012	
1186.4	0.01558664	0.01505945	
1186.6	0.01524394	0.01505878	
1186.8	0.01596518	0.01505811	
1187	0.01551872	0.01505745	
1187.2	0.01419811	0.01505678	
1187.4	0.01458908	0.01505611	
1187.6	0.01553046	0.01505544	
1187.8	0.01619828	0.01505477	
1188	0.01506288	0.0150541	
1188.2	0.01330798	0.01505344	
1188.4	0.01238204	0.01505277	
1188.6	0.01256372	0.0150521	
1188.8	0.01273271	0.01505143	
1189	0.01335371	0.01505076	
1189.2	0.01492609	0.01505009	
1189.4	0.01480373	0.01504943	
1189.6	0.01658266	0.01504876	
1189.8	0.01682685	0.01504809	
1190	0.01712121	0.01504742	
1190.2	0.01663599	0.01504675	
1190.4	0.01736123	0.01504609	
1190.6	0.01649375	0.01504542	
1190.8	0.01600829	0.01504475	
1191	0.01562493	0.01504408	
1191.2	0.01503138	0.01504341	
1191.4	0.01485619	0.01504275	
1191.6	0.0145552	0.01504208	
1191.8	0.01478	0.01504141	
1192	0.01389397	0.01504074	
1192.2	0.01375044	0.01504007	
1192.4	0.01498804	0.01503941	
1192.6	0.01630444	0.01503874	
1192.8	0.01656538	0.01503807	
1193	0.01703778	0.0150374	
1193.2	0.01733879	0.01503674	
1193.4	0.01655513	0.01503607	
1193.6	0.01678325	0.0150354	
1193.8	0.015933	0.01503473	
1194	0.01562051	0.01503407	
1194.2	0.01533532	0.0150334	
1194.4	0.01562161	0.01503273	
1194.6	0.01489889	0.01503206	
1194.8	0.01524866	0.0150314	
1195	0.01533456	0.01503073	
1195.2	0.01467724	0.01503006	
1195.4	0.01433792	0.01502939	
1195.6	0.01500425	0.01502873	
1195.8	0.01585439	0.01502806	
1196	0.01675117	0.01502739	
1196.2	0.01678021	0.01502673	
1196.4	0.01723853	0.01502606	
1196.6	0.01799849	0.01502539	
1196.8	0.01779372	0.01502472	
1197	0.01697947	0.01502406	
1197.2	0.01658616	0.01502339	
1197.4	0.01653839	0.01502272	
1197.6	0.01593308	0.01502206	
1197.8	0.01601489	0.01502139	
1198	0.01647212	0.01502072	
1198.2	0.01684223	0.01502006	
1198.4	0.01688817	0.01501939	
1198.6	0.01670723	0.01501872	
1198.8	0.01648242	0.01501806	
1199	0.01638763	0.01501739	
1199.2	0.01694074	0.01501672	
1199.4	0.01711963	0.01501605	
1199.6	0.01787588	0.01501539	
1199.8	0.01829105	0.01501472	
1200	0.01827851	0.01501405	
1200.2	0.01749134	0.01501339	
1200.4	0.01792053	0.01501272	
1200.6	0.01762211	0.01501206	
1200.8	0.01704586	0.01501139	
1201	0.01695362	0.01501072	
1201.2	0.01665444	0.01501006	
1201.4	0.01669355	0.01500939	
1201.6	0.01670982	0.01500872	
1201.8	0.0171436	0.01500806	
1202	0.01697746	0.01500739	
1202.2	0.0164359	0.01500672	
1202.4	0.0165049	0.01500606	
1202.6	0.01547673	0.01500539	
1202.8	0.01578472	0.01500473	
1203	0.01641954	0.01500406	
1203.2	0.01677708	0.01500339	
1203.4	0.01707757	0.01500273	
1203.6	0.01750676	0.01500206	
1203.8	0.01795079	0.0150014	
1204	0.01775297	0.01500073	
1204.2	0.01853557	0.01500006	
1204.4	0.01884616	0.0149994	
1204.6	0.01836809	0.01499873	
1204.8	0.01862501	0.01499807	
1205	0.01843811	0.0149974	
1205.2	0.01821864	0.01499673	
1205.4	0.01885766	0.01499607	
1205.6	0.01823321	0.0149954	
1205.8	0.01708963	0.01499474	
1206	0.01577296	0.01499407	
1206.2	0.0155294	0.0149934	
1206.4	0.01458324	0.01499274	
1206.6	0.01327759	0.01499207	
1206.8	0.0137973	0.01499141	
1207	0.01330738	0.01499074	
1207.2	0.0126443	0.01499008	
1207.4	0.01315375	0.01498941	
1207.6	0.01270035	0.01498875	
1207.8	0.01356193	0.01498808	
1208	0.01388984	0.01498742	
1208.2	0.01543967	0.01498675	
1208.4	0.01597821	0.01498608	
1208.6	0.01651987	0.01498542	
1208.8	0.01680801	0.01498475	
1209	0.01668102	0.01498409	
1209.2	0.01781185	0.01498342	
1209.4	0.01752913	0.01498276	
1209.6	0.01606413	0.01498209	
1209.8	0.0166973	0.01498143	
1210	0.01680657	0.01498076	
1210.2	0.0169466	0.0149801	
1210.4	0.01630162	0.01497943	
1210.6	0.01659525	0.01497877	
1210.8	0.01599856	0.0149781	
1211	0.01529589	0.01497744	
1211.2	0.01535692	0.01497677	
1211.4	0.01547348	0.01497611	
1211.6	0.01501518	0.01497544	
1211.8	0.01555016	0.01497478	
1212	0.01586062	0.01497411	
1212.2	0.01631513	0.01497345	
1212.4	0.01602537	0.01497278	
1212.6	0.01601822	0.01497212	
1212.8	0.01469367	0.01497145	
1213	0.01423017	0.01497079	
1213.2	0.01398354	0.01497012	
1213.4	0.01383243	0.01496946	
1213.6	0.01343913	0.0149688	
1213.8	0.01420082	0.01496813	
1214	0.01406811	0.01496747	
1214.2	0.01451927	0.0149668	
1214.4	0.01440378	0.01496614	
1214.6	0.01409556	0.01496547	
1214.8	0.01435876	0.01496481	
1215	0.01499789	0.01496414	
1215.2	0.01547291	0.01496348	
1215.4	0.01610897	0.01496282	
1215.6	0.0164016	0.01496215	
1215.8	0.01593188	0.01496149	
1216	0.0150215	0.01496082	
1216.2	0.01427753	0.01496016	
1216.4	0.01272706	0.01495949	
1216.6	0.01309729	0.01495883	
1216.8	0.0126685	0.01495817	
1217	0.01345858	0.0149575	
1217.2	0.01348422	0.01495684	
1217.4	0.01398331	0.01495617	
1217.6	0.01362753	0.01495551	
1217.8	0.01407992	0.01495485	
1218	0.01500251	0.01495418	
1218.2	0.01509503	0.01495352	
1218.4	0.01518586	0.01495285	
1218.6	0.01594908	0.01495219	
1218.8	0.01746811	0.01495153	
1219	0.01743473	0.01495086	
1219.2	0.01778371	0.0149502	
1219.4	0.01802252	0.01494954	
1219.6	0.01717383	0.01494887	
1219.8	0.01548278	0.01494821	
1220	0.01421914	0.01494754	
1220.2	0.01375079	0.01494688	
1220.4	0.01284476	0.01494622	
1220.6	0.01364483	0.01494555	
1220.8	0.01369237	0.01494489	
1221	0.01366755	0.01494423	
1221.2	0.01243575	0.01494356	
1221.4	0.01176894	0.0149429	
1221.6	0.01149326	0.01494224	
1221.8	0.0110534	0.01494157	
1222	0.01209197	0.01494091	
1222.2	0.01278996	0.01494025	
1222.4	0.01368954	0.01493958	
1222.6	0.01378645	0.01493892	
1222.8	0.01484175	0.01493826	
1223	0.01490046	0.01493759	
1223.2	0.01582678	0.01493693	
1223.4	0.01640414	0.01493627	
1223.6	0.01637764	0.0149356	
1223.8	0.01597974	0.01493494	
1224	0.01662293	0.01493428	
1224.2	0.01690942	0.01493361	
1224.4	0.01637756	0.01493295	
1224.6	0.0172361	0.01493229	
1224.8	0.01793435	0.01493163	
1225	0.01706862	0.01493096	
1225.2	0.01685163	0.0149303	
1225.4	0.01700206	0.01492964	
1225.6	0.01693747	0.01492897	
1225.8	0.01671598	0.01492831	
1226	0.01713181	0.01492765	
1226.2	0.01640722	0.01492699	
1226.4	0.01625661	0.01492632	
1226.6	0.01588802	0.01492566	
1226.8	0.01662947	0.014925	
1227	0.01618628	0.01492433	
1227.2	0.0159409	0.01492367	
1227.4	0.0154998	0.01492301	
1227.6	0.01558567	0.01492235	
1227.8	0.01590614	0.01492168	
1228	0.0164154	0.01492102	
1228.2	0.01667441	0.01492036	
1228.4	0.01660694	0.0149197	
1228.6	0.01718392	0.01491903	
1228.8	0.01655817	0.01491837	
1229	0.01618559	0.01491771	
1229.2	0.01600787	0.01491705	
1229.4	0.01533012	0.01491639	
1229.6	0.01448679	0.01491572	
1229.8	0.01345125	0.01491506	
1230	0.01356208	0.0149144	
1230.2	0.01333332	0.01491374	
1230.4	0.01445849	0.01491307	
1230.6	0.01515352	0.01491241	
1230.8	0.01593129	0.01491175	
1231	0.01579016	0.01491109	
1231.2	0.0153656	0.01491043	
1231.4	0.0154194	0.01490976	
1231.6	0.01640777	0.0149091	
1231.8	0.01692624	0.01490844	
1232	0.01733292	0.01490778	
1232.2	0.01781944	0.01490712	
1232.4	0.01691668	0.01490646	
1232.6	0.01630858	0.01490579	
1232.8	0.01504536	0.01490513	
1233	0.01529189	0.01490447	
1233.2	0.01428082	0.01490381	
1233.4	0.0136048	0.01490315	
1233.6	0.01333754	0.01490248	
1233.8	0.01296248	0.01490182	
1234	0.01401525	0.01490116	
1234.2	0.01438449	0.0149005	
1234.4	0.01545359	0.01489984	
1234.6	0.0163366	0.01489918	
1234.8	0.01591893	0.01489852	
1235	0.01528726	0.01489785	
1235.2	0.01557655	0.01489719	
1235.4	0.01606279	0.01489653	
1235.6	0.01707395	0.01489587	
1235.8	0.01739687	0.01489521	
1236	0.01711661	0.01489455	
1236.2	0.01714565	0.01489389	
1236.4	0.01673247	0.01489322	
1236.6	0.01616137	0.01489256	
1236.8	0.01535481	0.0148919	
1237	0.01515564	0.01489124	
1237.2	0.01473797	0.01489058	
1237.4	0.01457709	0.01488992	
1237.6	0.01461888	0.01488926	
1237.8	0.01433191	0.0148886	
1238	0.01511514	0.01488794	
1238.2	0.01530665	0.01488728	
1238.4	0.01618102	0.01488661	
1238.6	0.01554478	0.01488595	
1238.8	0.0155804	0.01488529	
1239	0.01639796	0.01488463	
1239.2	0.01758439	0.01488397	
1239.4	0.01778383	0.01488331	
1239.6	0.0175605	0.01488265	
1239.8	0.01757752	0.01488199	
1240	0.0178354	0.01488133	
1240.2	0.01775662	0.01488067	
1240.4	0.01771445	0.01488001	
1240.6	0.01712327	0.01487935	
1240.8	0.01690944	0.01487869	
1241	0.01683768	0.01487802	
1241.2	0.01703025	0.01487736	
1241.4	0.01658901	0.0148767	
1241.6	0.01642182	0.01487604	
1241.8	0.01605718	0.01487538	
1242	0.01593644	0.01487472	
1242.2	0.01619275	0.01487406	
1242.4	0.01660437	0.0148734	
1242.6	0.01532731	0.01487274	
1242.8	0.01617461	0.01487208	
1243	0.01678492	0.01487142	
1243.2	0.01736561	0.01487076	
1243.4	0.01615639	0.0148701	
1243.6	0.01554612	0.01486944	
1243.8	0.01515025	0.01486878	
1244	0.01556435	0.01486812	
1244.2	0.01521893	0.01486746	
1244.4	0.01549857	0.0148668	
1244.6	0.01487204	0.01486614	
1244.8	0.01508047	0.01486548	
1245	0.0153044	0.01486482	
1245.2	0.01494882	0.01486416	
1245.4	0.0151382	0.0148635	
1245.6	0.01499007	0.01486284	
1245.8	0.01487879	0.01486218	
1246	0.015097	0.01486152	
1246.2	0.01542307	0.01486086	
1246.4	0.01540675	0.0148602	
1246.6	0.01551688	0.01485954	
1246.8	0.01584423	0.01485888	
1247	0.01656777	0.01485822	
1247.2	0.01639507	0.01485756	
1247.4	0.01465811	0.0148569	
1247.6	0.01470643	0.01485624	
1247.8	0.01374257	0.01485558	
1248	0.01394164	0.01485492	
1248.2	0.01415725	0.01485426	
1248.4	0.01352518	0.0148536	
1248.6	0.01381971	0.01485294	
1248.8	0.01428658	0.01485229	
1249	0.0135554	0.01485163	
1249.2	0.01331789	0.01485097	
1249.4	0.01336064	0.01485031	
1249.6	0.01340003	0.01484965	
1249.8	0.01423361	0.01484899	
1250	0.01495208	0.01484833	
1250.2	0.01502425	0.01484767	
1250.4	0.01516972	0.01484701	
1250.6	0.01555211	0.01484635	
1250.8	0.01481176	0.01484569	
1251	0.0145372	0.01484503	
1251.2	0.01415546	0.01484437	
1251.4	0.01326621	0.01484372	
1251.6	0.01349235	0.01484306	
1251.8	0.01298135	0.0148424	
1252	0.01335109	0.01484174	
1252.2	0.01349415	0.01484108	
1252.4	0.01320139	0.01484042	
1252.6	0.01422266	0.01483976	
1252.8	0.01408523	0.0148391	
1253	0.01402697	0.01483844	
1253.2	0.01474858	0.01483779	
1253.4	0.01464682	0.01483713	
1253.6	0.01578698	0.01483647	
1253.8	0.01603286	0.01483581	
1254	0.01634642	0.01483515	
1254.2	0.01599928	0.01483449	
1254.4	0.01645544	0.01483383	
1254.6	0.01653179	0.01483318	
1254.8	0.01612754	0.01483252	
1255	0.01632979	0.01483186	
1255.2	0.01662107	0.0148312	
1255.4	0.01593273	0.01483054	
1255.6	0.01595584	0.01482988	
1255.8	0.01623011	0.01482922	
1256	0.0160923	0.01482857	
1256.2	0.01660033	0.01482791	
1256.4	0.01743589	0.01482725	
1256.6	0.01763649	0.01482659	
1256.8	0.01729149	0.01482593	
1257	0.01735101	0.01482527	
1257.2	0.01666134	0.01482462	
1257.4	0.01607438	0.01482396	
1257.6	0.01628179	0.0148233	
1257.8	0.01552705	0.01482264	
1258	0.01602976	0.01482198	
1258.2	0.0165543	0.01482133	
1258.4	0.0163226	0.01482067	
1258.6	0.01493538	0.01482001	
1258.8	0.01524675	0.01481935	
1259	0.01492891	0.01481869	
1259.2	0.0148556	0.01481804	
1259.4	0.0141283	0.01481738	
1259.6	0.01444889	0.01481672	
1259.8	0.01467638	0.01481606	
1260	0.01499654	0.0148154	
1260.2	0.01635221	0.01481475	
1260.4	0.01524739	0.01481409	
1260.6	0.01565264	0.01481343	
1260.8	0.0158154	0.01481277	
1261	0.01579399	0.01481212	
1261.2	0.01432388	0.01481146	
1261.4	0.01520132	0.0148108	
1261.6	0.01536063	0.01481014	
1261.8	0.01557692	0.01480949	
1262	0.01594367	0.01480883	
1262.2	0.01721337	0.01480817	
1262.4	0.01725809	0.01480751	
1262.6	0.01706581	0.01480686	
1262.8	0.01887104	0.0148062	
1263	0.01872652	0.01480554	
1263.2	0.01828948	0.01480488	
1263.4	0.01711298	0.01480423	
1263.6	0.01652835	0.01480357	
1263.8	0.01591605	0.01480291	
1264	0.01528503	0.01480226	
1264.2	0.01535624	0.0148016	
1264.4	0.01362523	0.01480094	
1264.6	0.01396242	0.01480028	
1264.8	0.0125305	0.01479963	
1265	0.01165621	0.01479897	
1265.2	0.01032795	0.01479831	
1265.4	0.01110216	0.01479766	
1265.6	0.01087395	0.014797	
1265.8	0.01068732	0.01479634	
1266	0.01157615	0.01479568	
1266.2	0.01234906	0.01479503	
1266.4	0.01318066	0.01479437	
1266.6	0.01312112	0.01479371	
1266.8	0.01350766	0.01479306	
1267	0.01329113	0.0147924	
1267.2	0.01256549	0.01479174	
1267.4	0.01265552	0.01479109	
1267.6	0.01194717	0.01479043	
1267.8	0.01182073	0.01478977	
1268	0.01208853	0.01478912	
1268.2	0.01479782	0.01478846	
1268.4	0.01431316	0.0147878	
1268.6	0.01489532	0.01478715	
1268.8	0.01442343	0.01478649	
1269	0.01475109	0.01478583	
1269.2	0.01382426	0.01478518	
1269.4	0.01377656	0.01478452	
1269.6	0.01343736	0.01478387	
1269.8	0.01283882	0.01478321	
1270	0.01340075	0.01478255	
1270.2	0.01341772	0.0147819	
1270.4	0.01408348	0.01478124	
1270.6	0.0143279	0.01478058	
1270.8	0.01439694	0.01477993	
1271	0.0146308	0.01477927	
1271.2	0.01435391	0.01477862	
1271.4	0.01467345	0.01477796	
1271.6	0.01448142	0.0147773	
1271.8	0.01591203	0.01477665	
1272	0.01696992	0.01477599	
1272.2	0.01903004	0.01477534	
1272.4	0.01829962	0.01477468	
1272.6	0.01863973	0.01477402	
1272.8	0.01772141	0.01477337	
1273	0.01788629	0.01477271	
1273.2	0.01692981	0.01477206	
1273.4	0.01710796	0.0147714	
1273.6	0.01656908	0.01477074	
1273.8	0.01648642	0.01477009	
1274	0.01628441	0.01476943	
1274.2	0.01568269	0.01476878	
1274.4	0.0150131	0.01476812	
1274.6	0.01518234	0.01476747	
1274.8	0.01508047	0.01476681	
1275	0.01526259	0.01476615	
1275.2	0.01561539	0.0147655	
1275.4	0.01547838	0.01476484	
1275.6	0.01596704	0.01476419	
1275.8	0.01573206	0.01476353	
1276	0.01520852	0.01476288	
1276.2	0.0155726	0.01476222	
1276.4	0.01484185	0.01476157	
1276.6	0.01473514	0.01476091	
1276.8	0.01522701	0.01476026	
1277	0.01558614	0.0147596	
1277.2	0.01528831	0.01475894	
1277.4	0.0155088	0.01475829	
1277.6	0.01521487	0.01475763	
1277.8	0.01465686	0.01475698	
1278	0.01374318	0.01475632	
1278.2	0.01313096	0.01475567	
1278.4	0.01346292	0.01475501	
1278.6	0.01349698	0.01475436	
1278.8	0.01440709	0.0147537	
1279	0.0145185	0.01475305	
1279.2	0.01425341	0.01475239	
1279.4	0.01456038	0.01475174	
1279.6	0.01434153	0.01475108	
1279.8	0.01337033	0.01475043	
1280	0.01362226	0.01474977	
1280.2	0.0133427	0.01474912	
1280.4	0.01283404	0.01474846	
1280.6	0.01262966	0.01474781	
1280.8	0.01308447	0.01474715	
1281	0.01212066	0.0147465	
1281.2	0.01186196	0.01474585	
1281.4	0.01226595	0.01474519	
1281.6	0.01292294	0.01474454	
1281.8	0.0127575	0.01474388	
1282	0.0124871	0.01474323	
1282.2	0.01280417	0.01474257	
1282.4	0.01325477	0.01474192	
1282.6	0.01396595	0.01474126	
1282.8	0.01496783	0.01474061	
1283	0.01494283	0.01473995	
1283.2	0.01554057	0.0147393	
1283.4	0.01680457	0.01473865	
1283.6	0.01681539	0.01473799	
1283.8	0.01726842	0.01473734	
1284	0.01691354	0.01473668	
1284.2	0.01678089	0.01473603	
1284.4	0.01538603	0.01473537	
1284.6	0.01499924	0.01473472	
1284.8	0.01479305	0.01473407	
1285	0.01354448	0.01473341	
1285.2	0.01321052	0.01473276	
1285.4	0.01313551	0.0147321	
1285.6	0.0133478	0.01473145	
1285.8	0.01261748	0.0147308	
1286	0.01221379	0.01473014	
1286.2	0.01264334	0.01472949	
1286.4	0.01273723	0.01472883	
1286.6	0.01372602	0.01472818	
1286.8	0.01317489	0.01472753	
1287	0.01330088	0.01472687	
1287.2	0.01429823	0.01472622	
1287.4	0.01493833	0.01472556	
1287.6	0.01538291	0.01472491	
1287.8	0.01527392	0.01472426	
1288	0.01509857	0.0147236	
1288.2	0.01496146	0.01472295	
1288.4	0.01481478	0.0147223	
1288.6	0.01577783	0.01472164	
1288.8	0.0156809	0.01472099	
1289	0.01501626	0.01472033	
1289.2	0.01501689	0.01471968	
1289.4	0.01572215	0.01471903	
1289.6	0.01665645	0.01471837	
1289.8	0.01681979	0.01471772	
1290	0.01696646	0.01471707	
1290.2	0.01712086	0.01471641	
1290.4	0.01721583	0.01471576	
1290.6	0.01785441	0.01471511	
1290.8	0.01708321	0.01471445	
1291	0.01735856	0.0147138	
1291.2	0.01722248	0.01471315	
1291.4	0.01694832	0.01471249	
1291.6	0.01743635	0.01471184	
1291.8	0.01624626	0.01471119	
1292	0.01600276	0.01471053	
1292.2	0.01602171	0.01470988	
1292.4	0.0165787	0.01470923	
1292.6	0.01650643	0.01470858	
1292.8	0.01684422	0.01470792	
1293	0.01682184	0.01470727	
1293.2	0.0176142	0.01470662	
1293.4	0.01836174	0.01470596	
1293.6	0.01871735	0.01470531	
1293.8	0.01902683	0.01470466	
1294	0.01864061	0.01470401	
1294.2	0.01884053	0.01470335	
1294.4	0.01870224	0.0147027	
1294.6	0.01840407	0.01470205	
1294.8	0.01754335	0.01470139	
1295	0.01823494	0.01470074	
1295.2	0.01752209	0.01470009	
1295.4	0.01658076	0.01469944	
1295.6	0.01690896	0.01469878	
1295.8	0.01596511	0.01469813	
1296	0.01624145	0.01469748	
1296.2	0.0157626	0.01469683	
1296.4	0.01549211	0.01469617	
1296.6	0.01489354	0.01469552	
1296.8	0.01579202	0.01469487	
1297	0.01563	0.01469422	
1297.2	0.01640258	0.01469356	
1297.4	0.01608674	0.01469291	
1297.6	0.01615079	0.01469226	
1297.8	0.0165721	0.01469161	
1298	0.01589157	0.01469095	
1298.2	0.01554845	0.0146903	
1298.4	0.0158179	0.01468965	
1298.6	0.01525323	0.014689	
1298.8	0.0159141	0.01468835	
1299	0.0160523	0.01468769	
1299.2	0.01579348	0.01468704	
1299.4	0.01612296	0.01468639	
1299.6	0.01616008	0.01468574	
1299.8	0.01601032	0.01468509	
1300	0.01577527	0.01468443	
1300.2	0.01538476	0.01468378	
1300.4	0.01592552	0.01468313	
1300.6	0.01538329	0.01468248	
1300.8	0.01673927	0.01468183	
1301	0.01670216	0.01468117	
1301.2	0.01696061	0.01468052	
1301.4	0.01601525	0.01467987	
1301.6	0.01661033	0.01467922	
1301.8	0.01706169	0.01467857	
1302	0.01672117	0.01467792	
1302.2	0.01622647	0.01467726	
1302.4	0.01679023	0.01467661	
1302.6	0.01708183	0.01467596	
1302.8	0.01741736	0.01467531	
1303	0.01678796	0.01467466	
1303.2	0.0173659	0.01467401	
1303.4	0.01731346	0.01467335	
1303.6	0.0163827	0.0146727	
1303.8	0.0168217	0.01467205	
1304	0.01645194	0.0146714	
1304.2	0.01690544	0.01467075	
1304.4	0.01748232	0.0146701	
1304.6	0.01707387	0.01466945	
1304.8	0.01734047	0.0146688	
1305	0.0166843	0.01466814	
1305.2	0.01653329	0.01466749	
1305.4	0.01631414	0.01466684	
1305.6	0.01625846	0.01466619	
1305.8	0.01641723	0.01466554	
1306	0.01575336	0.01466489	
1306.2	0.01602804	0.01466424	
1306.4	0.01740466	0.01466359	
1306.6	0.01798601	0.01466293	
1306.8	0.01684974	0.01466228	
1307	0.01655568	0.01466163	
1307.2	0.01684103	0.01466098	
1307.4	0.01679662	0.01466033	
1307.6	0.01638323	0.01465968	
1307.8	0.01659123	0.01465903	
1308	0.0166391	0.01465838	
1308.2	0.0166535	0.01465773	
1308.4	0.01730728	0.01465708	
1308.6	0.0170344	0.01465643	
1308.8	0.01669345	0.01465578	
1309	0.01608037	0.01465513	
1309.2	0.01638767	0.01465447	
1309.4	0.01615896	0.01465382	
1309.6	0.01582338	0.01465317	
1309.8	0.01643422	0.01465252	
1310	0.01602468	0.01465187	
1310.2	0.01611385	0.01465122	
1310.4	0.0155864	0.01465057	
1310.6	0.01559872	0.01464992	
1310.8	0.01518972	0.01464927	
1311	0.01521241	0.01464862	
1311.2	0.01577412	0.01464797	
1311.4	0.01602117	0.01464732	
1311.6	0.01613284	0.01464667	
1311.8	0.01619377	0.01464602	
1312	0.01626318	0.01464537	
1312.2	0.01577914	0.01464472	
1312.4	0.01603711	0.01464407	
1312.6	0.0155603	0.01464342	
1312.8	0.01541229	0.01464277	
1313	0.01529372	0.01464212	
1313.2	0.01606771	0.01464147	
1313.4	0.01599356	0.01464082	
1313.6	0.01664617	0.01464017	
1313.8	0.01664446	0.01463952	
1314	0.01568168	0.01463887	
1314.2	0.01560633	0.01463822	
1314.4	0.01608548	0.01463757	
1314.6	0.01760832	0.01463692	
1314.8	0.01724112	0.01463627	
1315	0.01717229	0.01463562	
1315.2	0.01748174	0.01463497	
1315.4	0.01743898	0.01463432	
1315.6	0.01710056	0.01463367	
1315.8	0.01664375	0.01463302	
1316	0.01654342	0.01463237	
1316.2	0.01584829	0.01463172	
1316.4	0.01604516	0.01463107	
1316.6	0.01646179	0.01463042	
1316.8	0.01629212	0.01462977	
1317	0.01629902	0.01462912	
1317.2	0.01608187	0.01462847	
1317.4	0.01548319	0.01462782	
1317.6	0.01573868	0.01462717	
1317.8	0.01473067	0.01462652	
1318	0.01443685	0.01462588	
1318.2	0.01506221	0.01462523	
1318.4	0.01496177	0.01462458	
1318.6	0.0146004	0.01462393	
1318.8	0.01428467	0.01462328	
1319	0.01403242	0.01462263	
1319.2	0.0138414	0.01462198	
1319.4	0.01403332	0.01462133	
1319.6	0.01406345	0.01462068	
1319.8	0.01409177	0.01462003	
1320	0.01487749	0.01461938	
1320.2	0.01502629	0.01461873	
1320.4	0.01554023	0.01461808	
1320.6	0.01575612	0.01461744	
1320.8	0.01566486	0.01461679	
1321	0.01547292	0.01461614	
1321.2	0.01511545	0.01461549	
1321.4	0.01509209	0.01461484	
1321.6	0.01561533	0.01461419	
1321.8	0.01559642	0.01461354	
1322	0.0155498	0.01461289	
1322.2	0.0155217	0.01461224	
1322.4	0.01549285	0.0146116	
1322.6	0.01578233	0.01461095	
1322.8	0.01638517	0.0146103	
1323	0.01552129	0.01460965	
1323.2	0.01537704	0.014609	
1323.4	0.01528749	0.01460835	
1323.6	0.01507981	0.0146077	
1323.8	0.01458979	0.01460706	
1324	0.0142904	0.01460641	
1324.2	0.0142343	0.01460576	
1324.4	0.01375981	0.01460511	
1324.6	0.01320474	0.01460446	
1324.8	0.01324617	0.01460381	
1325	0.01284943	0.01460317	
1325.2	0.01316415	0.01460252	
1325.4	0.01375082	0.01460187	
1325.6	0.0151898	0.01460122	
1325.8	0.01594283	0.01460057	
1326	0.01711546	0.01459992	
1326.2	0.01804903	0.01459928	
1326.4	0.0193032	0.01459863	
1326.6	0.0198385	0.01459798	
1326.8	0.01968598	0.01459733	
1327	0.01902605	0.01459668	
1327.2	0.01876112	0.01459604	
1327.4	0.01865356	0.01459539	
1327.6	0.01779358	0.01459474	
1327.8	0.01682789	0.01459409	
1328	0.01708273	0.01459344	
1328.2	0.01686974	0.0145928	
1328.4	0.0156266	0.01459215	
1328.6	0.01543382	0.0145915	
1328.8	0.01697344	0.01459085	
1329	0.01722844	0.0145902	
1329.2	0.01779585	0.01458956	
1329.4	0.01817619	0.01458891	
1329.6	0.01853639	0.01458826	
1329.8	0.01916333	0.01458761	
1330	0.01884934	0.01458697	
1330.2	0.01816949	0.01458632	
1330.4	0.01829177	0.01458567	
1330.6	0.01726756	0.01458502	
1330.8	0.0166313	0.01458438	
1331	0.01603374	0.01458373	
1331.2	0.01517178	0.01458308	
1331.4	0.01473375	0.01458243	
1331.6	0.01390673	0.01458179	
1331.8	0.01449909	0.01458114	
1332	0.01521819	0.01458049	
1332.2	0.01424474	0.01457984	
1332.4	0.01487493	0.0145792	
1332.6	0.01508594	0.01457855	
1332.8	0.01542922	0.0145779	
1333	0.01446179	0.01457725	
1333.2	0.01444221	0.01457661	
1333.4	0.01523303	0.01457596	
1333.6	0.01502917	0.01457531	
1333.8	0.01521852	0.01457467	
1334	0.0143055	0.01457402	
1334.2	0.01448876	0.01457337	
1334.4	0.01419025	0.01457272	
1334.6	0.01388181	0.01457208	
1334.8	0.01365028	0.01457143	
1335	0.01335131	0.01457078	
1335.2	0.01347664	0.01457014	
1335.4	0.01452378	0.01456949	
1335.6	0.01482053	0.01456884	
1335.8	0.01529091	0.0145682	
1336	0.01526036	0.01456755	
1336.2	0.01502716	0.0145669	
1336.4	0.0160763	0.01456626	
1336.6	0.01494318	0.01456561	
1336.8	0.01444579	0.01456496	
1337	0.01533858	0.01456432	
1337.2	0.01628882	0.01456367	
1337.4	0.01681536	0.01456302	
1337.6	0.01576862	0.01456238	
1337.8	0.01633484	0.01456173	
1338	0.015347	0.01456108	
1338.2	0.01534988	0.01456044	
1338.4	0.01568777	0.01455979	
1338.6	0.01636303	0.01455914	
1338.8	0.01568886	0.0145585	
1339	0.01622534	0.01455785	
1339.2	0.01714262	0.01455721	
1339.4	0.01807684	0.01455656	
1339.6	0.01704462	0.01455591	
1339.8	0.01757841	0.01455527	
1340	0.01810681	0.01455462	
1340.2	0.01815348	0.01455397	
1340.4	0.01896756	0.01455333	
1340.6	0.01782071	0.01455268	
1340.8	0.01791706	0.01455204	
1341	0.01805867	0.01455139	
1341.2	0.01749757	0.01455074	
1341.4	0.016967	0.0145501	
1341.6	0.01651465	0.01454945	
1341.8	0.01592299	0.01454881	
1342	0.01503512	0.01454816	
1342.2	0.01545797	0.01454751	
1342.4	0.01565417	0.01454687	
1342.6	0.01560902	0.01454622	
1342.8	0.01426081	0.01454558	
1343	0.01435658	0.01454493	
1343.2	0.01445511	0.01454428	
1343.4	0.01383972	0.01454364	
1343.6	0.01255688	0.01454299	
1343.8	0.01311127	0.01454235	
1344	0.01345264	0.0145417	
1344.2	0.01413949	0.01454106	
1344.4	0.01514949	0.01454041	
1344.6	0.01513666	0.01453977	
1344.8	0.01492418	0.01453912	
1345	0.01461778	0.01453847	
1345.2	0.01497277	0.01453783	
1345.4	0.01562094	0.01453718	
1345.6	0.0156332	0.01453654	
1345.8	0.01590526	0.01453589	
1346	0.01707812	0.01453525	
1346.2	0.01807621	0.0145346	
1346.4	0.01807092	0.01453396	
1346.6	0.01889075	0.01453331	
1346.8	0.01781274	0.01453267	
1347	0.01761406	0.01453202	
1347.2	0.01738179	0.01453138	
1347.4	0.01685349	0.01453073	
1347.6	0.01580402	0.01453009	
1347.8	0.0149978	0.01452944	
1348	0.01476479	0.0145288	
1348.2	0.01564882	0.01452815	
1348.4	0.01519054	0.01452751	
1348.6	0.01550347	0.01452686	
1348.8	0.01551983	0.01452622	
1349	0.01581797	0.01452557	
1349.2	0.01625222	0.01452493	
1349.4	0.01733676	0.01452428	
1349.6	0.01713925	0.01452364	
1349.8	0.01785755	0.01452299	
1350	0.01840026	0.01452235	
1350.2	0.0189736	0.0145217	
1350.4	0.01819688	0.01452106	
1350.6	0.01847058	0.01452041	
1350.8	0.01779465	0.01451977	
1351	0.01712935	0.01451912	
1351.2	0.01717789	0.01451848	
1351.4	0.01710407	0.01451783	
1351.6	0.01610105	0.01451719	
1351.8	0.01553844	0.01451655	
1352	0.01635929	0.0145159	
1352.2	0.01733549	0.01451526	
1352.4	0.01700051	0.01451461	
1352.6	0.01770371	0.01451397	
1352.8	0.01808352	0.01451332	
1353	0.01816008	0.01451268	
1353.2	0.01771785	0.01451203	
1353.4	0.0176493	0.01451139	
1353.6	0.01636261	0.01451075	
1353.8	0.01633032	0.0145101	
1354	0.01527658	0.01450946	
1354.2	0.0152054	0.01450881	
1354.4	0.01474797	0.01450817	
1354.6	0.01397088	0.01450752	
1354.8	0.01432933	0.01450688	
1355	0.0138746	0.01450624	
1355.2	0.01454577	0.01450559	
1355.4	0.01520205	0.01450495	
1355.6	0.01535421	0.0145043	
1355.8	0.01544854	0.01450366	
1356	0.01703054	0.01450302	
1356.2	0.01814662	0.01450237	
1356.4	0.01883211	0.01450173	
1356.6	0.01928944	0.01450109	
1356.8	0.02070641	0.01450044	
1357	0.0215448	0.0144998	
1357.2	0.02055503	0.01449915	
1357.4	0.02003936	0.01449851	
1357.6	0.01974398	0.01449787	
1357.8	0.0189305	0.01449722	
1358	0.01823005	0.01449658	
1358.2	0.01835679	0.01449594	
1358.4	0.01733191	0.01449529	
1358.6	0.01583138	0.01449465	
1358.8	0.01634527	0.01449401	
1359	0.01507031	0.01449336	
1359.2	0.0140515	0.01449272	
1359.4	0.01294467	0.01449207	
1359.6	0.0118075	0.01449143	
1359.8	0.0122667	0.01449079	
1360	0.01298351	0.01449014	
1360.2	0.01310556	0.0144895	
1360.4	0.01318624	0.01448886	
1360.6	0.01334228	0.01448821	
1360.8	0.01421239	0.01448757	
1361	0.01407	0.01448693	
1361.2	0.01346282	0.01448629	
1361.4	0.01273649	0.01448564	
1361.6	0.01330463	0.014485	
1361.8	0.0130825	0.01448436	
1362	0.01396815	0.01448371	
1362.2	0.01426128	0.01448307	
1362.4	0.0134344	0.01448243	
1362.6	0.01332402	0.01448178	
1362.8	0.01395769	0.01448114	
1363	0.0134298	0.0144805	
1363.2	0.01321864	0.01447986	
1363.4	0.01256213	0.01447921	
1363.6	0.01339656	0.01447857	
1363.8	0.01407158	0.01447793	
1364	0.01368639	0.01447728	
1364.2	0.01377525	0.01447664	
1364.4	0.01387044	0.014476	
1364.6	0.01465567	0.01447536	
1364.8	0.01500031	0.01447471	
1365	0.01599955	0.01447407	
1365.2	0.0160267	0.01447343	
1365.4	0.01622174	0.01447279	
1365.6	0.01770492	0.01447214	
1365.8	0.01819969	0.0144715	
1366	0.01887014	0.01447086	
1366.2	0.01937733	0.01447022	
1366.4	0.01973729	0.01446957	
1366.6	0.02007906	0.01446893	
1366.8	0.02082089	0.01446829	
1367	0.0206323	0.01446765	
1367.2	0.02047725	0.014467	
1367.4	0.01978104	0.01446636	
1367.6	0.01926283	0.01446572	
1367.8	0.01833253	0.01446508	
1368	0.01785801	0.01446443	
1368.2	0.01739666	0.01446379	
1368.4	0.01774923	0.01446315	
1368.6	0.01834051	0.01446251	
1368.8	0.01760518	0.01446187	
1369	0.01872611	0.01446122	
1369.2	0.01795088	0.01446058	
1369.4	0.01903689	0.01445994	
1369.6	0.01947656	0.0144593	
1369.8	0.01896085	0.01445866	
1370	0.01851339	0.01445801	
1370.2	0.01770983	0.01445737	
1370.4	0.01737891	0.01445673	
1370.6	0.0161857	0.01445609	
1370.8	0.01616505	0.01445545	
1371	0.015248	0.0144548	
1371.2	0.01529226	0.01445416	
1371.4	0.01517108	0.01445352	
1371.6	0.01391708	0.01445288	
1371.8	0.01418006	0.01445224	
1372	0.01368153	0.0144516	
1372.2	0.013645	0.01445095	
1372.4	0.01464026	0.01445031	
1372.6	0.0148752	0.01444967	
1372.8	0.01426729	0.01444903	
1373	0.01533065	0.01444839	
1373.2	0.01466855	0.01444775	
1373.4	0.0150705	0.01444711	
1373.6	0.01453134	0.01444646	
1373.8	0.01288114	0.01444582	
1374	0.0129503	0.01444518	
1374.2	0.01282067	0.01444454	
1374.4	0.0127221	0.0144439	
1374.6	0.01286921	0.01444326	
1374.8	0.01277099	0.01444262	
1375	0.01299084	0.01444198	
1375.2	0.01280917	0.01444133	
1375.4	0.01332031	0.01444069	
1375.6	0.01242986	0.01444005	
1375.8	0.01261666	0.01443941	
1376	0.01159096	0.01443877	
1376.2	0.01155721	0.01443813	
1376.4	0.01174762	0.01443749	
1376.6	0.01195544	0.01443685	
1376.8	0.01155347	0.01443621	
1377	0.01300696	0.01443556	
1377.2	0.01298862	0.01443492	
1377.4	0.01274073	0.01443428	
1377.6	0.0124921	0.01443364	
1377.8	0.01296804	0.014433	
1378	0.01447512	0.01443236	
1378.2	0.01460029	0.01443172	
1378.4	0.01440364	0.01443108	
1378.6	0.01449883	0.01443044	
1378.8	0.01531334	0.0144298	
1379	0.01622092	0.01442916	
1379.2	0.01569452	0.01442852	
1379.4	0.01603832	0.01442788	
1379.6	0.01501104	0.01442724	
1379.8	0.01448732	0.0144266	
1380	0.01444767	0.01442595	
1380.2	0.01479284	0.01442531	
1380.4	0.01540874	0.01442467	
1380.6	0.01646941	0.01442403	
1380.8	0.01665852	0.01442339	
1381	0.01710349	0.01442275	
1381.2	0.01674903	0.01442211	
1381.4	0.01660394	0.01442147	
1381.6	0.01744448	0.01442083	
1381.8	0.01748737	0.01442019	
1382	0.01792817	0.01441955	
1382.2	0.01751122	0.01441891	
1382.4	0.01738688	0.01441827	
1382.6	0.01773572	0.01441763	
1382.8	0.01754061	0.01441699	
1383	0.01690626	0.01441635	
1383.2	0.01636196	0.01441571	
1383.4	0.01537311	0.01441507	
1383.6	0.01537302	0.01441443	
1383.8	0.0146183	0.01441379	
1384	0.01541216	0.01441315	
1384.2	0.01451512	0.01441251	
1384.4	0.01489794	0.01441187	
1384.6	0.01562231	0.01441123	
1384.8	0.01606423	0.01441059	
1385	0.01620089	0.01440995	
1385.2	0.01733807	0.01440931	
1385.4	0.01791732	0.01440867	
1385.6	0.01864419	0.01440803	
1385.8	0.01922986	0.01440739	
1386	0.01967526	0.01440675	
1386.2	0.01924324	0.01440611	
1386.4	0.0195302	0.01440547	
1386.6	0.01985196	0.01440483	
1386.8	0.01920172	0.01440419	
1387	0.01986657	0.01440356	
1387.2	0.0188109	0.01440292	
1387.4	0.01792961	0.01440228	
1387.6	0.01679641	0.01440164	
1387.8	0.01558649	0.014401	
1388	0.01555687	0.01440036	
1388.2	0.0138887	0.01439972	
1388.4	0.01381524	0.01439908	
1388.6	0.01274559	0.01439844	
1388.8	0.01273376	0.0143978	
1389	0.01299852	0.01439716	
1389.2	0.01376129	0.01439652	
1389.4	0.01369789	0.01439588	
1389.6	0.01368431	0.01439524	
1389.8	0.01381682	0.01439461	
1390	0.01360425	0.01439397	
1390.2	0.01421313	0.01439333	
1390.4	0.014947	0.01439269	
1390.6	0.01613724	0.01439205	
1390.8	0.01620004	0.01439141	
1391	0.01604883	0.01439077	
1391.2	0.01572439	0.01439013	
1391.4	0.01628173	0.01438949	
1391.6	0.01575047	0.01438885	
1391.8	0.01594209	0.01438822	
1392	0.01636772	0.01438758	
1392.2	0.01532809	0.01438694	
1392.4	0.0150105	0.0143863	
1392.6	0.01523517	0.01438566	
1392.8	0.01604517	0.01438502	
1393	0.01653088	0.01438438	
1393.2	0.01596839	0.01438375	
1393.4	0.01537646	0.01438311	
1393.6	0.01510249	0.01438247	
1393.8	0.01574637	0.01438183	
1394	0.01661326	0.01438119	
1394.2	0.01642723	0.01438055	
1394.4	0.01681856	0.01437991	
1394.6	0.01723602	0.01437928	
1394.8	0.0169895	0.01437864	
1395	0.01676655	0.014378	
1395.2	0.01727557	0.01437736	
1395.4	0.0179811	0.01437672	
1395.6	0.01755988	0.01437608	
1395.8	0.01782065	0.01437545	
1396	0.01823354	0.01437481	
1396.2	0.01743729	0.01437417	
1396.4	0.01811236	0.01437353	
1396.6	0.01807013	0.01437289	
1396.8	0.01749041	0.01437225	
1397	0.01747335	0.01437162	
1397.2	0.01626755	0.01437098	
1397.4	0.0156119	0.01437034	
1397.6	0.01487731	0.0143697	
1397.8	0.01437789	0.01436906	
1398	0.01309629	0.01436843	
1398.2	0.0121868	0.01436779	
1398.4	0.01166192	0.01436715	
1398.6	0.01158938	0.01436651	
1398.8	0.01166888	0.01436588	
1399	0.01127895	0.01436524	
1399.2	0.01147647	0.0143646	
1399.4	0.0119394	0.01436396	
1399.6	0.01291799	0.01436332	
1399.8	0.01384124	0.01436269	
1400	0.01449762	0.01436205	
1400.2	0.01541422	0.01436141	
1400.4	0.01544655	0.01436077	
1400.6	0.01469008	0.01436014	
1400.8	0.01486787	0.0143595	
1401	0.01455742	0.01435886	
1401.2	0.01424558	0.01435822	
1401.4	0.01366713	0.01435759	
1401.6	0.01303638	0.01435695	
1401.8	0.01275944	0.01435631	
1402	0.01269771	0.01435567	
1402.2	0.01372942	0.01435504	
1402.4	0.01370756	0.0143544	
1402.6	0.01394847	0.01435376	
1402.8	0.01278808	0.01435312	
1403	0.0121428	0.01435249	
1403.2	0.01253902	0.01435185	
1403.4	0.01341363	0.01435121	
1403.6	0.01461474	0.01435058	
1403.8	0.01441911	0.01434994	
1404	0.0143787	0.0143493	
1404.2	0.01450171	0.01434866	
1404.4	0.01391093	0.01434803	
1404.6	0.01443054	0.01434739	
1404.8	0.01534766	0.01434675	
1405	0.0154154	0.01434612	
1405.2	0.01586322	0.01434548	
1405.4	0.01611956	0.01434484	
1405.6	0.01718605	0.01434421	
1405.8	0.01743574	0.01434357	
1406	0.01804326	0.01434293	
1406.2	0.01854236	0.0143423	
1406.4	0.01803761	0.01434166	
1406.6	0.01715277	0.01434102	
1406.8	0.01557409	0.01434039	
1407	0.01552716	0.01433975	
1407.2	0.01472822	0.01433911	
1407.4	0.01516038	0.01433848	
1407.6	0.01508103	0.01433784	
1407.8	0.01445611	0.0143372	
1408	0.01369043	0.01433657	
1408.2	0.01362076	0.01433593	
1408.4	0.01370442	0.01433529	
1408.6	0.01415351	0.01433466	
1408.8	0.01407438	0.01433402	
1409	0.01382171	0.01433338	
1409.2	0.01436617	0.01433275	
1409.4	0.01523282	0.01433211	
1409.6	0.01562843	0.01433147	
1409.8	0.01517954	0.01433084	
1410	0.0155781	0.0143302	
1410.2	0.01637517	0.01432957	
1410.4	0.01611456	0.01432893	
1410.6	0.01486095	0.01432829	
1410.8	0.01420167	0.01432766	
1411	0.01446813	0.01432702	
1411.2	0.01475902	0.01432639	
1411.4	0.01567777	0.01432575	
1411.6	0.0152096	0.01432511	
1411.8	0.01448033	0.01432448	
1412	0.01379494	0.01432384	
1412.2	0.01341706	0.01432321	
1412.4	0.01358634	0.01432257	
1412.6	0.01381974	0.01432193	
1412.8	0.01369299	0.0143213	
1413	0.01333016	0.01432066	
1413.2	0.01420949	0.01432003	
1413.4	0.0144012	0.01431939	
1413.6	0.01388614	0.01431875	
1413.8	0.01408004	0.01431812	
1414	0.01457974	0.01431748	
1414.2	0.01529362	0.01431685	
1414.4	0.0146704	0.01431621	
1414.6	0.01444254	0.01431558	
1414.8	0.01497043	0.01431494	
1415	0.01552943	0.01431431	
1415.2	0.01543589	0.01431367	
1415.4	0.01469528	0.01431303	
1415.6	0.01473226	0.0143124	
1415.8	0.01439715	0.01431176	
1416	0.0135733	0.01431113	
1416.2	0.01335606	0.01431049	
1416.4	0.01293663	0.01430986	
1416.6	0.01293692	0.01430922	
1416.8	0.01255248	0.01430859	
1417	0.01228984	0.01430795	
1417.2	0.01327453	0.01430732	
1417.4	0.0134554	0.01430668	
1417.6	0.01329885	0.01430605	
1417.8	0.01414216	0.01430541	
1418	0.01372567	0.01430478	
1418.2	0.0145178	0.01430414	
1418.4	0.0143781	0.01430351	
1418.6	0.01495099	0.01430287	
1418.8	0.01531373	0.01430224	
1419	0.0159661	0.0143016	
1419.2	0.01589434	0.01430097	
1419.4	0.01633202	0.01430033	
1419.6	0.01600747	0.0142997	
1419.8	0.01572343	0.01429906	
1420	0.01463769	0.01429843	
1420.2	0.01521301	0.01429779	
1420.4	0.01483902	0.01429716	
1420.6	0.01490521	0.01429652	
1420.8	0.01511258	0.01429589	
1421	0.01441351	0.01429525	
1421.2	0.01444763	0.01429462	
1421.4	0.01402558	0.01429398	
1421.6	0.01340584	0.01429335	
1421.8	0.01375939	0.01429271	
1422	0.01346251	0.01429208	
1422.2	0.01461805	0.01429145	
1422.4	0.01442141	0.01429081	
1422.6	0.01468235	0.01429018	
1422.8	0.01591388	0.01428954	
1423	0.01640605	0.01428891	
1423.2	0.01642744	0.01428827	
1423.4	0.01642765	0.01428764	
1423.6	0.0156779	0.014287	
1423.8	0.01618357	0.01428637	
1424	0.01557358	0.01428574	
1424.2	0.01589725	0.0142851	
1424.4	0.01508301	0.01428447	
1424.6	0.01503912	0.01428383	
1424.8	0.01483108	0.0142832	
1425	0.01421531	0.01428256	
1425.2	0.01428224	0.01428193	
1425.4	0.01361848	0.0142813	
1425.6	0.01369279	0.01428066	
1425.8	0.01411011	0.01428003	
1426	0.01408871	0.01427939	
1426.2	0.01392683	0.01427876	
1426.4	0.01367263	0.01427813	
1426.6	0.01371435	0.01427749	
1426.8	0.01469354	0.01427686	
1427	0.01483933	0.01427623	
1427.2	0.0153577	0.01427559	
1427.4	0.01562189	0.01427496	
1427.6	0.01601037	0.01427432	
1427.8	0.01600467	0.01427369	
1428	0.01561607	0.01427306	
1428.2	0.01552967	0.01427242	
1428.4	0.01642946	0.01427179	
1428.6	0.01666858	0.01427116	
1428.8	0.01677318	0.01427052	
1429	0.01732556	0.01426989	
1429.2	0.01643054	0.01426925	
1429.4	0.01681196	0.01426862	
1429.6	0.01714618	0.01426799	
1429.8	0.01595681	0.01426735	
1430	0.0151939	0.01426672	
1430.2	0.01443437	0.01426609	
1430.4	0.01431469	0.01426545	
1430.6	0.01381053	0.01426482	
1430.8	0.01392065	0.01426419	
1431	0.01400334	0.01426355	
1431.2	0.01462262	0.01426292	
1431.4	0.01506549	0.01426229	
1431.6	0.01530472	0.01426165	
1431.8	0.01562222	0.01426102	
1432	0.01612917	0.01426039	
1432.2	0.01633749	0.01425975	
1432.4	0.01765661	0.01425912	
1432.6	0.0176997	0.01425849	
1432.8	0.01826785	0.01425786	
1433	0.0186115	0.01425722	
1433.2	0.01935167	0.01425659	
1433.4	0.02010146	0.01425596	
1433.6	0.02002089	0.01425532	
1433.8	0.01928118	0.01425469	
1434	0.01948785	0.01425406	
1434.2	0.01981264	0.01425343	
1434.4	0.0187798	0.01425279	
1434.6	0.01794103	0.01425216	
1434.8	0.01747116	0.01425153	
1435	0.01715663	0.01425089	
1435.2	0.01760733	0.01425026	
1435.4	0.01706274	0.01424963	
1435.6	0.01623563	0.014249	
1435.8	0.01561774	0.01424836	
1436	0.01495615	0.01424773	
1436.2	0.01436212	0.0142471	
1436.4	0.01462646	0.01424647	
1436.6	0.01443257	0.01424583	
1436.8	0.01464897	0.0142452	
1437	0.0152276	0.01424457	
1437.2	0.01621983	0.01424394	
1437.4	0.01611771	0.0142433	
1437.6	0.01776062	0.01424267	
1437.8	0.01734203	0.01424204	
1438	0.01802955	0.01424141	
1438.2	0.01850374	0.01424077	
1438.4	0.01900008	0.01424014	
1438.6	0.01925832	0.01423951	
1438.8	0.01981293	0.01423888	
1439	0.02023618	0.01423825	
1439.2	0.02067503	0.01423761	
1439.4	0.0204784	0.01423698	
1439.6	0.02047205	0.01423635	
1439.8	0.01983906	0.01423572	
1440	0.01999074	0.01423509	
1440.2	0.01941192	0.01423445	
1440.4	0.01824316	0.01423382	
1440.6	0.01772463	0.01423319	
1440.8	0.01699787	0.01423256	
1441	0.01595508	0.01423193	
1441.2	0.01532974	0.01423129	
1441.4	0.0144443	0.01423066	
1441.6	0.01384701	0.01423003	
1441.8	0.01298609	0.0142294	
1442	0.01331548	0.01422877	
1442.2	0.01321755	0.01422814	
1442.4	0.01378073	0.0142275	
1442.6	0.01313046	0.01422687	
1442.8	0.0134837	0.01422624	
1443	0.01393309	0.01422561	
1443.2	0.0146838	0.01422498	
1443.4	0.01486692	0.01422435	
1443.6	0.01457727	0.01422371	
1443.8	0.0144317	0.01422308	
1444	0.01451085	0.01422245	
1444.2	0.01413536	0.01422182	
1444.4	0.01364028	0.01422119	
1444.6	0.01431519	0.01422056	
1444.8	0.01442507	0.01421993	
1445	0.01376166	0.01421929	
1445.2	0.01328588	0.01421866	
1445.4	0.01296515	0.01421803	
1445.6	0.01319845	0.0142174	
1445.8	0.01385182	0.01421677	
1446	0.01427169	0.01421614	
1446.2	0.01509791	0.01421551	
1446.4	0.01611399	0.01421488	
1446.6	0.0164953	0.01421424	
1446.8	0.01686681	0.01421361	
1447	0.01774639	0.01421298	
1447.2	0.01786488	0.01421235	
1447.4	0.0167688	0.01421172	
1447.6	0.01674334	0.01421109	
1447.8	0.01689517	0.01421046	
1448	0.0158962	0.01420983	
1448.2	0.01636345	0.0142092	
1448.4	0.01644173	0.01420857	
1448.6	0.01724332	0.01420794	
1448.8	0.01691618	0.0142073	
1449	0.0161341	0.01420667	
1449.2	0.01614322	0.01420604	
1449.4	0.01623163	0.01420541	
1449.6	0.01618114	0.01420478	
1449.8	0.01643497	0.01420415	
1450	0.01684657	0.01420352	
1450.2	0.01673573	0.01420289	
1450.4	0.01700977	0.01420226	
1450.6	0.01689212	0.01420163	
1450.8	0.01683345	0.014201	
1451	0.01678168	0.01420037	
1451.2	0.01657852	0.01419974	
1451.4	0.01519183	0.01419911	
1451.6	0.01537196	0.01419848	
1451.8	0.01466345	0.01419785	
1452	0.014369	0.01419722	
1452.2	0.01610308	0.01419659	
1452.4	0.01629466	0.01419596	
1452.6	0.01729133	0.01419533	
1452.8	0.01749854	0.01419469	
1453	0.01777343	0.01419406	
1453.2	0.01851344	0.01419343	
1453.4	0.01872121	0.0141928	
1453.6	0.0183522	0.01419217	
1453.8	0.01869038	0.01419154	
1454	0.01894904	0.01419091	
1454.2	0.0183507	0.01419028	
1454.4	0.01889958	0.01418965	
1454.6	0.01949754	0.01418902	
1454.8	0.01979994	0.01418839	
1455	0.01902499	0.01418776	
1455.2	0.01818269	0.01418713	
1455.4	0.01689355	0.0141865	
1455.6	0.01641005	0.01418587	
1455.8	0.01585114	0.01418524	
1456	0.01511757	0.01418462	
1456.2	0.01500926	0.01418399	
1456.4	0.01391153	0.01418336	
1456.6	0.01361137	0.01418273	
1456.8	0.0138517	0.0141821	
1457	0.01347556	0.01418147	
1457.2	0.01302013	0.01418084	
1457.4	0.01304804	0.01418021	
1457.6	0.01318331	0.01417958	
1457.8	0.01378068	0.01417895	
1458	0.01415352	0.01417832	
1458.2	0.01428237	0.01417769	
1458.4	0.01533357	0.01417706	
1458.6	0.01530071	0.01417643	
1458.8	0.01479085	0.0141758	
1459	0.01394302	0.01417517	
1459.2	0.01422313	0.01417454	
1459.4	0.01466054	0.01417391	
1459.6	0.01457591	0.01417328	
1459.8	0.01484776	0.01417265	
1460	0.01483602	0.01417203	
1460.2	0.01469924	0.0141714	
1460.4	0.01489999	0.01417077	
1460.6	0.01585312	0.01417014	
1460.8	0.01627366	0.01416951	
1461	0.01612904	0.01416888	
1461.2	0.01561723	0.01416825	
1461.4	0.01610444	0.01416762	
1461.6	0.01682618	0.01416699	
1461.8	0.01716009	0.01416636	
1462	0.01738435	0.01416573	
1462.2	0.01740075	0.01416511	
1462.4	0.01767395	0.01416448	
1462.6	0.01656362	0.01416385	
1462.8	0.01683915	0.01416322	
1463	0.01731472	0.01416259	
1463.2	0.0171545	0.01416196	
1463.4	0.01738668	0.01416133	
1463.6	0.01731097	0.0141607	
1463.8	0.01739335	0.01416008	
1464	0.01766301	0.01415945	
1464.2	0.01766132	0.01415882	
1464.4	0.01886458	0.01415819	
1464.6	0.01926221	0.01415756	
1464.8	0.0187878	0.01415693	
1465	0.019539	0.0141563	
1465.2	0.01920097	0.01415568	
1465.4	0.01939798	0.01415505	
1465.6	0.01944591	0.01415442	
1465.8	0.01988884	0.01415379	
1466	0.02013026	0.01415316	
1466.2	0.01968456	0.01415253	
1466.4	0.0193648	0.01415191	
1466.6	0.01822551	0.01415128	
1466.8	0.01881657	0.01415065	
1467	0.01798828	0.01415002	
1467.2	0.01769063	0.01414939	
1467.4	0.01803223	0.01414876	
1467.6	0.01687927	0.01414814	
1467.8	0.016798	0.01414751	
1468	0.01671212	0.01414688	
1468.2	0.01693381	0.01414625	
1468.4	0.01763772	0.01414562	
1468.6	0.01676364	0.014145	
1468.8	0.01594776	0.01414437	
1469	0.01648862	0.01414374	
1469.2	0.01560389	0.01414311	
1469.4	0.01432285	0.01414248	
1469.6	0.01337424	0.01414186	
1469.8	0.01369105	0.01414123	
1470	0.01400364	0.0141406	
1470.2	0.01383014	0.01413997	
1470.4	0.01323434	0.01413934	
1470.6	0.01335834	0.01413872	
1470.8	0.01377028	0.01413809	
1471	0.0138962	0.01413746	
1471.2	0.01546747	0.01413683	
1471.4	0.01578393	0.01413621	
1471.6	0.01569299	0.01413558	
1471.8	0.01660951	0.01413495	
1472	0.01703155	0.01413432	
1472.2	0.0175937	0.0141337	
1472.4	0.01733525	0.01413307	
1472.6	0.01674274	0.01413244	
1472.8	0.01666936	0.01413181	
1473	0.01719909	0.01413119	
1473.2	0.01726803	0.01413056	
1473.4	0.01689572	0.01412993	
1473.6	0.01765905	0.0141293	
1473.8	0.01842324	0.01412868	
1474	0.01915443	0.01412805	
1474.2	0.01883529	0.01412742	
1474.4	0.01722988	0.0141268	
1474.6	0.01678453	0.01412617	
1474.8	0.01631411	0.01412554	
1475	0.0160537	0.01412491	
1475.2	0.01642605	0.01412429	
1475.4	0.01638089	0.01412366	
1475.6	0.01586881	0.01412303	
1475.8	0.01578681	0.01412241	
1476	0.01521063	0.01412178	
1476.2	0.0147068	0.01412115	
1476.4	0.01421925	0.01412052	
1476.6	0.01446748	0.0141199	
1476.8	0.01408525	0.01411927	
1477	0.01508675	0.01411864	
1477.2	0.01623203	0.01411802	
1477.4	0.01640058	0.01411739	
1477.6	0.01658876	0.01411676	
1477.8	0.01728372	0.01411614	
1478	0.01743413	0.01411551	
1478.2	0.01677106	0.01411488	
1478.4	0.01557132	0.01411426	
1478.6	0.01578731	0.01411363	
1478.8	0.01602712	0.014113	
1479	0.01564906	0.01411238	
1479.2	0.01647353	0.01411175	
1479.4	0.01680963	0.01411112	
1479.6	0.01685409	0.0141105	
1479.8	0.01665092	0.01410987	
1480	0.01641169	0.01410924	
1480.2	0.01610783	0.01410862	
1480.4	0.01616856	0.01410799	
1480.6	0.01689888	0.01410737	
1480.8	0.01680331	0.01410674	
1481	0.01794298	0.01410611	
1481.2	0.01798691	0.01410549	
1481.4	0.0179108	0.01410486	
1481.6	0.01857402	0.01410423	
1481.8	0.01979195	0.01410361	
1482	0.01927566	0.01410298	
1482.2	0.01859949	0.01410236	
1482.4	0.01796832	0.01410173	
1482.6	0.01853816	0.0141011	
1482.8	0.01774908	0.01410048	
1483	0.01779697	0.01409985	
1483.2	0.01785682	0.01409923	
1483.4	0.01750712	0.0140986	
1483.6	0.01676668	0.01409797	
1483.8	0.01572106	0.01409735	
1484	0.01552071	0.01409672	
1484.2	0.01478299	0.0140961	
1484.4	0.0152047	0.01409547	
1484.6	0.01455222	0.01409484	
1484.8	0.01400613	0.01409422	
1485	0.01478698	0.01409359	
1485.2	0.01510359	0.01409297	
1485.4	0.01575055	0.01409234	
1485.6	0.01714899	0.01409172	
1485.8	0.01727145	0.01409109	
1486	0.0172621	0.01409046	
1486.2	0.01803593	0.01408984	
1486.4	0.01869974	0.01408921	
1486.6	0.01887099	0.01408859	
1486.8	0.01890036	0.01408796	
1487	0.01950828	0.01408734	
1487.2	0.01908237	0.01408671	
1487.4	0.01926239	0.01408609	
1487.6	0.01910182	0.01408546	
1487.8	0.01917871	0.01408484	
1488	0.01934457	0.01408421	
1488.2	0.01861489	0.01408358	
1488.4	0.01788722	0.01408296	
1488.6	0.01679344	0.01408233	
1488.8	0.01736326	0.01408171	
1489	0.01723212	0.01408108	
1489.2	0.01638512	0.01408046	
1489.4	0.0160898	0.01407983	
1489.6	0.01571004	0.01407921	
1489.8	0.01456188	0.01407858	
1490	0.01426162	0.01407796	
1490.2	0.01432568	0.01407733	
1490.4	0.01322306	0.01407671	
1490.6	0.0119025	0.01407608	
1490.8	0.0118649	0.01407546	
1491	0.01079098	0.01407483	
1491.2	0.01106345	0.01407421	
1491.4	0.01093632	0.01407358	
1491.6	0.01111738	0.01407296	
1491.8	0.01125821	0.01407233	
1492	0.01204349	0.01407171	
1492.2	0.01203987	0.01407108	
1492.4	0.01266284	0.01407046	
1492.6	0.01326158	0.01406984	
1492.8	0.01326794	0.01406921	
1493	0.01371236	0.01406859	
1493.2	0.01379672	0.01406796	
1493.4	0.01407283	0.01406734	
1493.6	0.01460884	0.01406671	
1493.8	0.01416313	0.01406609	
1494	0.01547969	0.01406546	
1494.2	0.01596091	0.01406484	
1494.4	0.01620531	0.01406421	
1494.6	0.01613544	0.01406359	
1494.8	0.01579959	0.01406297	
1495	0.01607606	0.01406234	
1495.2	0.01681852	0.01406172	
1495.4	0.01611026	0.01406109	
1495.6	0.01677017	0.01406047	
1495.8	0.01621043	0.01405984	
1496	0.0166993	0.01405922	
1496.2	0.01649028	0.0140586	
1496.4	0.01638185	0.01405797	
1496.6	0.01626486	0.01405735	
1496.8	0.01606381	0.01405672	
1497	0.0166613	0.0140561	
1497.2	0.01597369	0.01405548	
1497.4	0.015936	0.01405485	
1497.6	0.01689058	0.01405423	
1497.8	0.01777744	0.0140536	
1498	0.01920659	0.01405298	
1498.2	0.01947005	0.01405236	
1498.4	0.01943597	0.01405173	
1498.6	0.01936886	0.01405111	
1498.8	0.01906811	0.01405048	
1499	0.01934451	0.01404986	
1499.2	0.01839276	0.01404924	
1499.4	0.0177381	0.01404861	
1499.6	0.01780637	0.01404799	
1499.8	0.01604189	0.01404737	
1500	0.01633846	0.01404674	
1500.2	0.01621462	0.01404612	
1500.4	0.01658874	0.01404549	
1500.6	0.01677439	0.01404487	
1500.8	0.01706902	0.01404425	
1501	0.01702414	0.01404362	
1501.2	0.0169824	0.014043	
1501.4	0.01820999	0.01404238	
1501.6	0.01885024	0.01404175	
1501.8	0.01917922	0.01404113	
1502	0.0187416	0.01404051	
1502.2	0.01853353	0.01403988	
1502.4	0.01822847	0.01403926	
1502.6	0.01870147	0.01403864	
1502.8	0.0172044	0.01403801	
1503	0.01571684	0.01403739	
1503.2	0.01566592	0.01403677	
1503.4	0.01594232	0.01403614	
1503.6	0.01599344	0.01403552	
1503.8	0.01535985	0.0140349	
1504	0.01662116	0.01403427	
1504.2	0.01650993	0.01403365	
1504.4	0.0173143	0.01403303	
1504.6	0.01707012	0.01403241	
1504.8	0.01740688	0.01403178	
1505	0.01774008	0.01403116	
1505.2	0.01816747	0.01403054	
1505.4	0.01837507	0.01402991	
1505.6	0.01827563	0.01402929	
1505.8	0.01804166	0.01402867	
1506	0.01731786	0.01402805	
1506.2	0.01646875	0.01402742	
1506.4	0.01662798	0.0140268	
1506.6	0.01669149	0.01402618	
1506.8	0.01620313	0.01402555	
1507	0.0167707	0.01402493	
1507.2	0.01710206	0.01402431	
1507.4	0.01661716	0.01402369	
1507.6	0.015382	0.01402306	
1507.8	0.01528074	0.01402244	
1508	0.01540733	0.01402182	
1508.2	0.01400522	0.0140212	
1508.4	0.01408909	0.01402057	
1508.6	0.01398712	0.01401995	
1508.8	0.01527724	0.01401933	
1509	0.01546265	0.01401871	
1509.2	0.01516849	0.01401808	
1509.4	0.01482145	0.01401746	
1509.6	0.01468445	0.01401684	
1509.8	0.01467536	0.01401622	
1510	0.01452578	0.01401559	
1510.2	0.01484531	0.01401497	
1510.4	0.01670576	0.01401435	
1510.6	0.01878432	0.01401373	
1510.8	0.01896764	0.01401311	
1511	0.01870548	0.01401248	
1511.2	0.01762953	0.01401186	
1511.4	0.01706701	0.01401124	
1511.6	0.01671094	0.01401062	
1511.8	0.01751417	0.01401	
1512	0.01642789	0.01400937	
1512.2	0.0158146	0.01400875	
1512.4	0.01610571	0.01400813	
1512.6	0.01680948	0.01400751	
1512.8	0.0173024	0.01400689	
1513	0.01596218	0.01400626	
1513.2	0.01592271	0.01400564	
1513.4	0.01612152	0.01400502	
1513.6	0.01621964	0.0140044	
1513.8	0.01649207	0.01400378	
1514	0.01630939	0.01400315	
1514.2	0.01772602	0.01400253	
1514.4	0.01938632	0.01400191	
1514.6	0.01979344	0.01400129	
1514.8	0.01909353	0.01400067	
1515	0.01952771	0.01400005	
1515.2	0.01958388	0.01399943	
1515.4	0.02005505	0.0139988	
1515.6	0.02026957	0.01399818	
1515.8	0.01992147	0.01399756	
1516	0.01958299	0.01399694	
1516.2	0.01978595	0.01399632	
1516.4	0.01999909	0.0139957	
1516.6	0.0198807	0.01399507	
1516.8	0.0193562	0.01399445	
1517	0.01801594	0.01399383	
1517.2	0.01700951	0.01399321	
1517.4	0.01573422	0.01399259	
1517.6	0.0150748	0.01399197	
1517.8	0.01415711	0.01399135	
1518	0.01411933	0.01399073	
1518.2	0.01470748	0.01399011	
1518.4	0.01428506	0.01398948	
1518.6	0.0132206	0.01398886	
1518.8	0.01220079	0.01398824	
1519	0.01186033	0.01398762	
1519.2	0.01149933	0.013987	
1519.4	0.01213568	0.01398638	
1519.6	0.01256403	0.01398576	
1519.8	0.01258222	0.01398514	
1520	0.01311772	0.01398452	
1520.2	0.01287723	0.0139839	
1520.4	0.01346712	0.01398327	
1520.6	0.01370659	0.01398265	
1520.8	0.01441463	0.01398203	
1521	0.01482249	0.01398141	
1521.2	0.01517072	0.01398079	
1521.4	0.01617272	0.01398017	
1521.6	0.01735435	0.01397955	
1521.8	0.01667051	0.01397893	
1522	0.01740623	0.01397831	
1522.2	0.01766156	0.01397769	
1522.4	0.01779072	0.01397707	
1522.6	0.01732024	0.01397645	
1522.8	0.01684044	0.01397583	
1523	0.01781614	0.01397521	
1523.2	0.01755274	0.01397459	
1523.4	0.01763708	0.01397397	
1523.6	0.01690216	0.01397334	
1523.8	0.01691191	0.01397272	
1524	0.0163214	0.0139721	
1524.2	0.01583633	0.01397148	
1524.4	0.01628831	0.01397086	
1524.6	0.01690897	0.01397024	
1524.8	0.01650581	0.01396962	
1525	0.01635692	0.013969	
1525.2	0.01589131	0.01396838	
1525.4	0.01520901	0.01396776	
1525.6	0.01445459	0.01396714	
1525.8	0.01328655	0.01396652	
1526	0.01392917	0.0139659	
1526.2	0.013207	0.01396528	
1526.4	0.01246128	0.01396466	
1526.6	0.01219976	0.01396404	
1526.8	0.01208776	0.01396342	
1527	0.01159703	0.0139628	
1527.2	0.01052758	0.01396218	
1527.4	0.01052416	0.01396156	
1527.6	0.011221	0.01396094	
1527.8	0.01263828	0.01396032	
1528	0.01233765	0.0139597	
1528.2	0.01293667	0.01395908	
1528.4	0.01369006	0.01395846	
1528.6	0.01433455	0.01395784	
1528.8	0.01462738	0.01395722	
1529	0.01536439	0.0139566	
1529.2	0.01557376	0.01395598	
1529.4	0.01570153	0.01395537	
1529.6	0.01622584	0.01395475	
1529.8	0.01619882	0.01395413	
1530	0.01721185	0.01395351	
1530.2	0.01672976	0.01395289	
1530.4	0.01645087	0.01395227	
1530.6	0.01709589	0.01395165	
1530.8	0.01688287	0.01395103	
1531	0.01661942	0.01395041	
1531.2	0.0169928	0.01394979	
1531.4	0.01809796	0.01394917	
1531.6	0.01759021	0.01394855	
1531.8	0.017908	0.01394793	
1532	0.01723058	0.01394731	
1532.2	0.01713904	0.01394669	
1532.4	0.01729365	0.01394607	
1532.6	0.01734608	0.01394546	
1532.8	0.01667968	0.01394484	
1533	0.0162626	0.01394422	
1533.2	0.01588003	0.0139436	
1533.4	0.01537203	0.01394298	
1533.6	0.01554495	0.01394236	
1533.8	0.01536853	0.01394174	
1534	0.01636679	0.01394112	
1534.2	0.01607754	0.0139405	
1534.4	0.01517507	0.01393988	
1534.6	0.01530283	0.01393927	
1534.8	0.01435755	0.01393865	
1535	0.01493931	0.01393803	
1535.2	0.01503619	0.01393741	
1535.4	0.01501016	0.01393679	
1535.6	0.01441127	0.01393617	
1535.8	0.01544097	0.01393555	
1536	0.01453811	0.01393493	
1536.2	0.01415312	0.01393432	
1536.4	0.014223	0.0139337	
1536.6	0.01400741	0.01393308	
1536.8	0.01369878	0.01393246	
1537	0.01358324	0.01393184	
1537.2	0.01307707	0.01393122	
1537.4	0.01350674	0.0139306	
1537.6	0.01421444	0.01392999	
1537.8	0.01526321	0.01392937	
1538	0.01647941	0.01392875	
1538.2	0.01589718	0.01392813	
1538.4	0.01461501	0.01392751	
1538.6	0.01514177	0.01392689	
1538.8	0.01470116	0.01392628	
1539	0.01456185	0.01392566	
1539.2	0.01459198	0.01392504	
1539.4	0.01474544	0.01392442	
1539.6	0.0139635	0.0139238	
1539.8	0.01416698	0.01392318	
1540	0.01352528	0.01392257	
1540.2	0.01234313	0.01392195	
1540.4	0.01215883	0.01392133	
1540.6	0.01153699	0.01392071	
1540.8	0.01148771	0.01392009	
1541	0.01173037	0.01391948	
1541.2	0.01282136	0.01391886	
1541.4	0.01355934	0.01391824	
1541.6	0.01470217	0.01391762	
1541.8	0.01522809	0.013917	
1542	0.01555984	0.01391639	
1542.2	0.01498592	0.01391577	
1542.4	0.01465606	0.01391515	
1542.6	0.0147761	0.01391453	
1542.8	0.01485237	0.01391391	
1543	0.0150892	0.0139133	
1543.2	0.01543798	0.01391268	
1543.4	0.01580525	0.01391206	
1543.6	0.01596617	0.01391144	
1543.8	0.0165919	0.01391083	
1544	0.01525872	0.01391021	
1544.2	0.01376184	0.01390959	
1544.4	0.01324962	0.01390897	
1544.6	0.01301024	0.01390836	
1544.8	0.01320223	0.01390774	
1545	0.01366415	0.01390712	
1545.2	0.01364008	0.0139065	
1545.4	0.01274657	0.01390589	
1545.6	0.0122692	0.01390527	
1545.8	0.01132877	0.01390465	
1546	0.01217149	0.01390403	
1546.2	0.01237485	0.01390342	
1546.4	0.01234123	0.0139028	
1546.6	0.01219487	0.01390218	
1546.8	0.01369776	0.01390157	
1547	0.01382416	0.01390095	
1547.2	0.01444378	0.01390033	
1547.4	0.01569844	0.01389971	
1547.6	0.01632889	0.0138991	
1547.8	0.016676	0.01389848	
1548	0.01696428	0.01389786	
1548.2	0.01725168	0.01389725	
1548.4	0.01753913	0.01389663	
1548.6	0.01806484	0.01389601	
1548.8	0.01790805	0.01389539	
1549	0.01767096	0.01389478	
1549.2	0.01717662	0.01389416	
1549.4	0.0162093	0.01389354	
1549.6	0.01510702	0.01389293	
1549.8	0.01545783	0.01389231	
1550	0.01519113	0.01389169	
1550.2	0.0149726	0.01389108	
1550.4	0.01446214	0.01389046	
1550.6	0.01430785	0.01388984	
1550.8	0.01421523	0.01388923	
1551	0.01389707	0.01388861	
1551.2	0.01390012	0.01388799	
1551.4	0.01343653	0.01388738	
1551.6	0.01302422	0.01388676	
1551.8	0.01317336	0.01388614	
1552	0.01297351	0.01388553	
1552.2	0.01342518	0.01388491	
1552.4	0.01350587	0.01388429	
1552.6	0.01310541	0.01388368	
1552.8	0.01292146	0.01388306	
1553	0.01315421	0.01388245	
1553.2	0.01251189	0.01388183	
1553.4	0.01255773	0.01388121	
1553.6	0.01227579	0.0138806	
1553.8	0.01234576	0.01387998	
1554	0.0113479	0.01387936	
1554.2	0.01155832	0.01387875	
1554.4	0.01170293	0.01387813	
1554.6	0.01212279	0.01387752	
1554.8	0.01159667	0.0138769	
1555	0.01209486	0.01387628	
1555.2	0.01177085	0.01387567	
1555.4	0.01197225	0.01387505	
1555.6	0.01214939	0.01387444	
1555.8	0.01331165	0.01387382	
1556	0.01333231	0.0138732	
1556.2	0.01424818	0.01387259	
1556.4	0.01475168	0.01387197	
1556.6	0.01572033	0.01387136	
1556.8	0.01620526	0.01387074	
1557	0.01691003	0.01387012	
1557.2	0.01614614	0.01386951	
1557.4	0.01715193	0.01386889	
1557.6	0.01633881	0.01386828	
1557.8	0.01556194	0.01386766	
1558	0.01469772	0.01386705	
1558.2	0.01435591	0.01386643	
1558.4	0.01411456	0.01386581	
1558.6	0.01371781	0.0138652	
1558.8	0.01282955	0.01386458	
1559	0.01254319	0.01386397	
1559.2	0.01202683	0.01386335	
1559.4	0.01150385	0.01386274	
1559.6	0.01093944	0.01386212	
1559.8	0.01039208	0.01386151	
