observation_id,subject_id,run_id,replicate_id,signal,nc_signal,inhibited_signal,lot,population,treatment_status,exclude,exclusion_reason
ID1-D1_Op1_1,ID1,D1_Op1,1,8.24210826159456,1.0,,simulated_assay,rADA_simulated,drug_naive,false,
ID1-D1_Op1_2,ID1,D1_Op1,2,8.68523236168029,1.0,,simulated_assay,rADA_simulated,drug_naive,false,
ID1-D1_Op1_3,ID1,D1_Op1,3,9.57148056185175,1.0,,simulated_assay,rADA_simulated,drug_naive,false,
ID1-D1_Op2_1,ID1,D1_Op2,1,9.59660754166315,1.0,,simulated_assay,rADA_simulated,drug_naive,false,
ID1-D1_Op2_2,ID1,D1_Op2,2,8.08998560137167,1.0,,simulated_assay,rADA_simulated,drug_naive,false,
ID1-D1_Op2_3,ID1,D1_Op2,3,10.3942309218175,1.0,,simulated_assay,rADA_simulated,drug_naive,false,
ID1-D2_Op1_1,ID1,D2_Op1,1,9.74873020188604,1.0,,simulated_assay,rADA_simulated,drug_naive,false,
ID1-D2_Op1_2,ID1,D2_Op1,2,10.9894776821261,1.0,,simulated_assay,rADA_simulated,drug_naive,false,
ID1-D2_Op1_3,ID1,D2_Op1,3,7.88760898152598,1.0,,simulated_assay,rADA_simulated,drug_naive,false,
ID1-D2_Op2_1,ID1,D2_Op2,1,7.64686150128594,1.0,,simulated_assay,rADA_simulated,drug_naive,false,
ID1-D2_Op2_2,ID1,D2_Op2,2,8.88760898152598,1.0,,simulated_assay,rADA_simulated,drug_naive,false,
ID1-D2_Op2_3,ID1,D2_Op2,3,11.3691039420061,1.0,,simulated_assay,rADA_simulated,drug_naive,false,
ID1-D3_Op1_1,ID1,D3_Op1,1,9.12835646176602,1.0,,simulated_assay,rADA_simulated,drug_naive,false,
ID1-D3_Op1_2,ID1,D3_Op1,2,7.62173452147454,1.0,,simulated_assay,rADA_simulated,drug_naive,false,
ID1-D3_Op1_3,ID1,D3_Op1,3,8.95110682173173,1.0,,simulated_assay,rADA_simulated,drug_naive,false,
ID1-D3_Op2_1,ID1,D3_Op2,1,9.77385718169744,1.0,,simulated_assay,rADA_simulated,drug_naive,false,
ID1-D3_Op2_2,ID1,D3_Op2,2,11.6349784020575,1.0,,simulated_assay,rADA_simulated,drug_naive,false,
ID1-D3_Op2_3,ID1,D3_Op2,3,7.73548632130309,1.0,,simulated_assay,rADA_simulated,drug_naive,false,
ID2-D1_Op1_1,ID2,D1_Op1,1,13.2402649364576,1.0,,simulated_assay,rADA_simulated,drug_naive,false,
ID2-D1_Op1_2,ID2,D1_Op1,2,11.2471067739801,1.0,,simulated_assay,rADA_simulated,drug_naive,false,
ID2-D1_Op1_3,ID2,D1_Op1,3,10.9623698936262,1.0,,simulated_assay,rADA_simulated,drug_naive,false,
ID2-D1_Op2_1,ID2,D1_Op2,1,17.7994759408816,1.0,,simulated_assay,rADA_simulated,drug_naive,false,
ID2-D1_Op2_2,ID2,D1_Op2,2,17.5147390605277,1.0,,simulated_assay,rADA_simulated,drug_naive,false,
ID2-D1_Op2_3,ID2,D1_Op2,3,17.6571075007047,1.0,,simulated_assay,rADA_simulated,drug_naive,false,
ID2-D2_Op1_1,ID2,D2_Op1,1,17.7960550221204,1.0,,simulated_assay,rADA_simulated,drug_naive,false,
ID2-D2_Op1_2,ID2,D2_Op1,2,11.9589489748649,1.0,,simulated_assay,rADA_simulated,drug_naive,false,
ID2-D2_Op1_3,ID2,D2_Op1,3,15.9452652998199,1.0,,simulated_assay,rADA_simulated,drug_naive,false,
ID2-D2_Op2_1,ID2,D2_Op2,1,17.6571075007047,1.0,,simulated_assay,rADA_simulated,drug_naive,false,
ID2-D2_Op2_2,ID2,D2_Op2,2,18.2265812614125,1.0,,simulated_assay,rADA_simulated,drug_naive,false,
ID2-D2_Op2_3,ID2,D2_Op2,3,17.9418443810586,1.0,,simulated_assay,rADA_simulated,drug_naive,false,
ID2-D3_Op1_1,ID2,D3_Op1,1,11.2471067739801,1.0,,simulated_assay,rADA_simulated,drug_naive,false,
ID2-D3_Op1_2,ID2,D3_Op1,2,11.9589489748649,1.0,,simulated_assay,rADA_simulated,drug_naive,false,
ID2-D3_Op1_3,ID2,D3_Op1,3,17.2265812614125,1.0,,simulated_assay,rADA_simulated,drug_naive,false,
ID2-D3_Op2_1,ID2,D3_Op2,1,12.8165805346879,1.0,,simulated_assay,rADA_simulated,drug_naive,false,
ID2-D3_Op2_2,ID2,D3_Op2,2,12.8165805346879,1.0,,simulated_assay,rADA_simulated,drug_naive,false,
ID2-D3_Op2_3,ID2,D3_Op2,3,14.9521071373424,1.0,,simulated_assay,rADA_simulated,drug_naive,false,
ID3-D1_Op1_1,ID3,D1_Op1,1,10.2922179095255,1.0,,simulated_assay,rADA_simulated,drug_naive,false,
ID3-D1_Op1_2,ID3,D1_Op1,2,12.6027158075823,1.0,,simulated_assay,rADA_simulated,drug_naive,false,
ID3-D1_Op1_3,ID3,D1_Op1,3,11.5524894902838,1.0,,simulated_assay,rADA_simulated,drug_naive,false,
ID3-D1_Op2_1,ID3,D1_Op2,1,10.241991592227,1.0,,simulated_assay,rADA_simulated,drug_naive,false,
ID3-D1_Op2_2,ID3,D1_Op2,2,11.2922179095255,1.0,,simulated_assay,rADA_simulated,drug_naive,false,
ID3-D1_Op2_3,ID3,D1_Op2,3,12.5524894902838,1.0,,simulated_assay,rADA_simulated,drug_naive,false,
ID3-D2_Op1_1,ID3,D2_Op1,1,9.24199159222701,1.0,,simulated_assay,rADA_simulated,drug_naive,false,
ID3-D2_Op1_2,ID3,D2_Op1,2,12.9177837027718,1.0,,simulated_assay,rADA_simulated,drug_naive,false,
ID3-D2_Op1_3,ID3,D2_Op1,3,10.1871952777957,1.0,,simulated_assay,rADA_simulated,drug_naive,false,
ID3-D2_Op2_1,ID3,D2_Op2,1,13.7077384393121,1.0,,simulated_assay,rADA_simulated,drug_naive,false,
ID3-D2_Op2_2,ID3,D2_Op2,2,11.5022631729852,1.0,,simulated_assay,rADA_simulated,drug_naive,false,
ID3-D2_Op2_3,ID3,D2_Op2,3,12.2374215950942,1.0,,simulated_assay,rADA_simulated,drug_naive,false,
ID3-D3_Op1_1,ID3,D3_Op1,1,8.8219010653076,1.0,,simulated_assay,rADA_simulated,drug_naive,false,
ID3-D3_Op1_2,ID3,D3_Op1,2,10.1871952777957,1.0,,simulated_assay,rADA_simulated,drug_naive,false,
ID3-D3_Op1_3,ID3,D3_Op1,3,9.24199159222701,1.0,,simulated_assay,rADA_simulated,drug_naive,false,
ID3-D3_Op2_1,ID3,D3_Op2,1,10.241991592227,1.0,,simulated_assay,rADA_simulated,drug_naive,false,
ID3-D3_Op2_2,ID3,D3_Op2,2,8.98172001146878,1.0,,simulated_assay,rADA_simulated,drug_naive,false,
ID3-D3_Op2_3,ID3,D3_Op2,3,11.8173310681748,1.0,,simulated_assay,rADA_simulated,drug_naive,false,
ID4-D1_Op1_1,ID4,D1_Op1,1,13.0151926858929,1.0,,simulated_assay,rADA_simulated,drug_naive,false,
ID4-D1_Op1_2,ID4,D1_Op1,2,12.7806847095705,1.0,,simulated_assay,rADA_simulated,drug_naive,false,
ID4-D1_Op1_3,ID4,D1_Op1,3,12.5461767332481,1.0,,simulated_assay,rADA_simulated,drug_naive,false,
ID4-D1_Op2_1,ID4,D1_Op2,1,12.0218748871525,1.0,,simulated_assay,rADA_simulated,drug_naive,false,
ID4-D1_Op2_2,ID4,D1_Op2,2,10.7320810173794,1.0,,simulated_assay,rADA_simulated,drug_naive,false,
ID4-D1_Op2_3,ID4,D1_Op2,3,12.6081448279585,1.0,,simulated_assay,rADA_simulated,drug_naive,false,
ID4-D2_Op1_1,ID4,D2_Op1,1,11.6081448279585,1.0,,simulated_assay,rADA_simulated,drug_naive,false,
ID4-D2_Op1_2,ID4,D2_Op1,2,14.4222405438272,1.0,,simulated_assay,rADA_simulated,drug_naive,false,
ID4-D2_Op1_3,ID4,D2_Op1,3,13.71871661486,1.0,,simulated_assay,rADA_simulated,drug_naive,false,
ID4-D2_Op2_1,ID4,D2_Op2,1,15.1877325675048,1.0,,simulated_assay,rADA_simulated,drug_naive,false,
ID4-D2_Op2_2,ID4,D2_Op2,2,13.8979386977317,1.0,,simulated_assay,rADA_simulated,drug_naive,false,
ID4-D2_Op2_3,ID4,D2_Op2,3,10.2630650647346,1.0,,simulated_assay,rADA_simulated,drug_naive,false,
ID4-D3_Op1_1,ID4,D3_Op1,1,13.6014626266989,1.0,,simulated_assay,rADA_simulated,drug_naive,false,
ID4-D3_Op1_2,ID4,D3_Op1,2,13.9532245911824,1.0,,simulated_assay,rADA_simulated,drug_naive,false,
ID4-D3_Op1_3,ID4,D3_Op1,3,10.3183509581853,1.0,,simulated_assay,rADA_simulated,drug_naive,false,
ID4-D3_Op2_1,ID4,D3_Op2,1,14.2497006622153,1.0,,simulated_assay,rADA_simulated,drug_naive,false,
ID4-D3_Op2_2,ID4,D3_Op2,2,11.7873669108301,1.0,,simulated_assay,rADA_simulated,drug_naive,false,
ID4-D3_Op2_3,ID4,D3_Op2,3,11.4356049463465,1.0,,simulated_assay,rADA_simulated,drug_naive,false,
ID5-D1_Op1_1,ID5,D1_Op1,1,28.791520084619,1.0,,simulated_assay,rADA_simulated,drug_naive,false,
ID5-D1_Op1_2,ID5,D1_Op1,2,38.3886934461587,1.0,,simulated_assay,rADA_simulated,drug_naive,false,
ID5-D1_Op1_3,ID5,D1_Op1,3,36.7891645525687,1.0,,simulated_assay,rADA_simulated,drug_naive,false,
ID5-D1_Op2_1,ID5,D1_Op2,1,32.6706720930809,1.0,,simulated_assay,rADA_simulated,drug_naive,false,
ID5-D1_Op2_2,ID5,D1_Op2,2,36.1896356589788,1.0,,simulated_assay,rADA_simulated,drug_naive,false,
ID5-D1_Op2_3,ID5,D1_Op2,3,35.2299183228248,1.0,,simulated_assay,rADA_simulated,drug_naive,false,
ID5-D2_Op1_1,ID5,D2_Op1,1,32.9502952079528,1.0,,simulated_assay,rADA_simulated,drug_naive,false,
ID5-D2_Op1_2,ID5,D2_Op1,2,26.5521796335931,1.0,,simulated_assay,rADA_simulated,drug_naive,false,
ID5-D2_Op1_3,ID5,D2_Op1,3,36.1493529951327,1.0,,simulated_assay,rADA_simulated,drug_naive,false,
ID5-D2_Op2_1,ID5,D2_Op2,1,30.751237420773,1.0,,simulated_assay,rADA_simulated,drug_naive,false,
ID5-D2_Op2_2,ID5,D2_Op2,2,38.4289761100047,1.0,,simulated_assay,rADA_simulated,drug_naive,false,
ID5-D2_Op2_3,ID5,D2_Op2,3,36.1896356589788,1.0,,simulated_assay,rADA_simulated,drug_naive,false,
ID5-D3_Op1_1,ID5,D3_Op1,1,37.1090703312867,1.0,,simulated_assay,rADA_simulated,drug_naive,false,
ID5-D3_Op1_2,ID5,D3_Op1,2,24.9526507400031,1.0,,simulated_assay,rADA_simulated,drug_naive,false,
ID5-D3_Op1_3,ID5,D3_Op1,3,31.6706720930809,1.0,,simulated_assay,rADA_simulated,drug_naive,false,
ID5-D3_Op2_1,ID5,D3_Op2,1,36.5095414376968,1.0,,simulated_assay,rADA_simulated,drug_naive,false,
ID5-D3_Op2_2,ID5,D3_Op2,2,33.9502952079528,1.0,,simulated_assay,rADA_simulated,drug_naive,false,
ID5-D3_Op2_3,ID5,D3_Op2,3,26.5924622974391,1.0,,simulated_assay,rADA_simulated,drug_naive,false,
ID6-D1_Op1_1,ID6,D1_Op1,1,10.0730623071806,1.0,,simulated_assay,rADA_simulated,drug_naive,false,
ID6-D1_Op1_2,ID6,D1_Op1,2,10.8789072917551,1.0,,simulated_assay,rADA_simulated,drug_naive,false,
ID6-D1_Op1_3,ID6,D1_Op1,3,12.3898666378322,1.0,,simulated_assay,rADA_simulated,drug_naive,false,
ID6-D1_Op2_1,ID6,D1_Op2,1,10.1664866995344,1.0,,simulated_assay,rADA_simulated,drug_naive,false,
ID6-D1_Op2_2,ID6,D1_Op2,2,11.1737929302525,1.0,,simulated_assay,rADA_simulated,drug_naive,false,
ID6-D1_Op2_3,ID6,D1_Op2,3,12.1810991609705,1.0,,simulated_assay,rADA_simulated,drug_naive,false,
ID6-D2_Op1_1,ID6,D2_Op1,1,7.95771922267271,1.0,,simulated_assay,rADA_simulated,drug_naive,false,
ID6-D2_Op1_2,ID6,D2_Op1,2,10.0730623071806,1.0,,simulated_assay,rADA_simulated,drug_naive,false,
ID6-D2_Op1_3,ID6,D2_Op1,3,10.8789072917551,1.0,,simulated_assay,rADA_simulated,drug_naive,false,
ID6-D2_Op2_1,ID6,D2_Op2,1,13.5913278839758,1.0,,simulated_assay,rADA_simulated,drug_naive,false,
ID6-D2_Op2_2,ID6,D2_Op2,2,12.986944145545,1.0,,simulated_assay,rADA_simulated,drug_naive,false,
ID6-D2_Op2_3,ID6,D2_Op2,3,10.4686785687498,1.0,,simulated_assay,rADA_simulated,drug_naive,false,
ID6-D3_Op1_1,ID6,D3_Op1,1,7.55479673038548,1.0,,simulated_assay,rADA_simulated,drug_naive,false,
ID6-D3_Op1_2,ID6,D3_Op1,2,8.76356420724716,1.0,,simulated_assay,rADA_simulated,drug_naive,false,
ID6-D3_Op1_3,ID6,D3_Op1,3,12.0876747686168,1.0,,simulated_assay,rADA_simulated,drug_naive,false,
ID6-D3_Op2_1,ID6,D3_Op2,1,13.1884053916886,1.0,,simulated_assay,rADA_simulated,drug_naive,false,
ID6-D3_Op2_2,ID6,D3_Op2,2,8.55479673038548,1.0,,simulated_assay,rADA_simulated,drug_naive,false,
ID6-D3_Op2_3,ID6,D3_Op2,3,10.0657560764626,1.0,,simulated_assay,rADA_simulated,drug_naive,false,
ID7-D1_Op1_1,ID7,D1_Op1,1,10.5758978533583,1.0,,simulated_assay,rADA_simulated,drug_naive,false,
ID7-D1_Op1_2,ID7,D1_Op1,2,11.8034574256231,1.0,,simulated_assay,rADA_simulated,drug_naive,false,
ID7-D1_Op1_3,ID7,D1_Op1,3,7.55421275239878,1.0,,simulated_assay,rADA_simulated,drug_naive,false,
ID7-D1_Op2_1,ID7,D1_Op2,1,11.1981872157384,1.0,,simulated_assay,rADA_simulated,drug_naive,false,
ID7-D1_Op2_2,ID7,D1_Op2,2,8.83749573061374,1.0,,simulated_assay,rADA_simulated,drug_naive,false,
ID7-D1_Op2_3,ID7,D1_Op2,3,10.3483382810935,1.0,,simulated_assay,rADA_simulated,drug_naive,false,
ID7-D2_Op1_1,ID7,D2_Op1,1,9.63162125930845,1.0,,simulated_assay,rADA_simulated,drug_naive,false,
ID7-D2_Op1_2,ID7,D2_Op1,2,10.6703255127633,1.0,,simulated_assay,rADA_simulated,drug_naive,false,
ID7-D2_Op1_3,ID7,D2_Op1,3,11.2368914691932,1.0,,simulated_assay,rADA_simulated,drug_naive,false,
ID7-D2_Op2_1,ID7,D2_Op2,1,8.08207445537386,1.0,,simulated_assay,rADA_simulated,drug_naive,false,
ID7-D2_Op2_2,ID7,D2_Op2,2,8.08207445537386,1.0,,simulated_assay,rADA_simulated,drug_naive,false,
ID7-D2_Op2_3,ID7,D2_Op2,3,11.8591808315733,1.0,,simulated_assay,rADA_simulated,drug_naive,false,
ID7-D3_Op1_1,ID7,D3_Op1,1,9.34833828109349,1.0,,simulated_assay,rADA_simulated,drug_naive,false,
ID7-D3_Op1_2,ID7,D3_Op1,2,10.8591808315733,1.0,,simulated_assay,rADA_simulated,drug_naive,false,
ID7-D3_Op1_3,ID7,D3_Op1,3,9.44276594049848,1.0,,simulated_assay,rADA_simulated,drug_naive,false,
ID7-D3_Op2_1,ID7,D3_Op2,1,11.1037595563334,1.0,,simulated_assay,rADA_simulated,drug_naive,false,
ID7-D3_Op2_2,ID7,D3_Op2,2,10.0650553028785,1.0,,simulated_assay,rADA_simulated,drug_naive,false,
ID7-D3_Op2_3,ID7,D3_Op2,3,11.2926148751433,1.0,,simulated_assay,rADA_simulated,drug_naive,false,
ID8-D1_Op1_1,ID8,D1_Op1,1,5.34201406016218,1.0,,simulated_assay,rADA_simulated,drug_naive,false,
ID8-D1_Op1_2,ID8,D1_Op1,2,5.68196040944523,1.0,,simulated_assay,rADA_simulated,drug_naive,false,
ID8-D1_Op1_3,ID8,D1_Op1,3,5.97334299454498,1.0,,simulated_assay,rADA_simulated,drug_naive,false,
ID8-D1_Op2_1,ID8,D1_Op2,1,5.07935619139657,1.0,,simulated_assay,rADA_simulated,drug_naive,false,
ID8-D1_Op2_2,ID8,D1_Op2,2,4.98222866302999,1.0,,simulated_assay,rADA_simulated,drug_naive,false,
ID8-D1_Op2_3,ID8,D1_Op2,3,5.75924888996267,1.0,,simulated_assay,rADA_simulated,drug_naive,false,
ID8-D2_Op1_1,ID8,D2_Op1,1,4.80781265414596,1.0,,simulated_assay,rADA_simulated,drug_naive,false,
ID8-D2_Op1_2,ID8,D2_Op1,2,6.07047052291157,1.0,,simulated_assay,rADA_simulated,drug_naive,false,
ID8-D2_Op1_3,ID8,D2_Op1,3,3.73940984211353,1.0,,simulated_assay,rADA_simulated,drug_naive,false,
ID8-D2_Op2_1,ID8,D2_Op2,1,6.2448865317956,1.0,,simulated_assay,rADA_simulated,drug_naive,false,
ID8-D2_Op2_2,ID8,D2_Op2,2,5.03079242721328,1.0,,simulated_assay,rADA_simulated,drug_naive,false,
ID8-D2_Op2_3,ID8,D2_Op2,3,6.58483288107864,1.0,,simulated_assay,rADA_simulated,drug_naive,false,
ID8-D3_Op1_1,ID8,D3_Op1,1,5.05063147506243,1.0,,simulated_assay,rADA_simulated,drug_naive,false,
ID8-D3_Op1_2,ID8,D3_Op1,2,4.71068512577938,1.0,,simulated_assay,rADA_simulated,drug_naive,false,
ID8-D3_Op1_3,ID8,D3_Op1,3,5.97334299454498,1.0,,simulated_assay,rADA_simulated,drug_naive,false,
ID8-D3_Op2_1,ID8,D3_Op2,1,4.69084607793023,1.0,,simulated_assay,rADA_simulated,drug_naive,false,
ID8-D3_Op2_2,ID8,D3_Op2,2,5.12791995557987,1.0,,simulated_assay,rADA_simulated,drug_naive,false,
ID8-D3_Op2_3,ID8,D3_Op2,3,5.51643006904621,1.0,,simulated_assay,rADA_simulated,drug_naive,false,
ID9-D1_Op1_1,ID9,D1_Op1,1,14.5316981212902,1.0,,simulated_assay,rADA_simulated,drug_naive,false,
ID9-D1_Op1_2,ID9,D1_Op1,2,16.6290566130228,1.0,,simulated_assay,rADA_simulated,drug_naive,false,
ID9-D1_Op1_3,ID9,D1_Op1,3,11.6852830253674,1.0,,simulated_assay,rADA_simulated,drug_naive,false,
ID9-D1_Op2_1,ID9,D1_Op2,1,15.5316981212902,1.0,,simulated_assay,rADA_simulated,drug_naive,false,
ID9-D1_Op2_2,ID9,D1_Op2,2,18.6777358588891,1.0,,simulated_assay,rADA_simulated,drug_naive,false,
ID9-D1_Op2_3,ID9,D1_Op2,3,18.228301896375,1.0,,simulated_assay,rADA_simulated,drug_naive,false,
ID9-D2_Op1_1,ID9,D2_Op1,1,11.2358490628532,1.0,,simulated_assay,rADA_simulated,drug_naive,false,
ID9-D2_Op1_2,ID9,D2_Op1,2,12.8837735920717,1.0,,simulated_assay,rADA_simulated,drug_naive,false,
ID9-D2_Op1_3,ID9,D2_Op1,3,15.4305660463184,1.0,,simulated_assay,rADA_simulated,drug_naive,false,
ID9-D2_Op2_1,ID9,D2_Op2,1,15.5316981212902,1.0,,simulated_assay,rADA_simulated,drug_naive,false,
ID9-D2_Op2_2,ID9,D2_Op2,2,17.4792452921847,1.0,,simulated_assay,rADA_simulated,drug_naive,false,
ID9-D2_Op2_3,ID9,D2_Op2,3,14.4830188754239,1.0,,simulated_assay,rADA_simulated,drug_naive,false,
ID9-D3_Op1_1,ID9,D3_Op1,1,14.2320754796141,1.0,,simulated_assay,rADA_simulated,drug_naive,false,
ID9-D3_Op1_2,ID9,D3_Op1,2,13.6328301962619,1.0,,simulated_assay,rADA_simulated,drug_naive,false,
ID9-D3_Op1_3,ID9,D3_Op1,3,16.7788679338608,1.0,,simulated_assay,rADA_simulated,drug_naive,false,
ID9-D3_Op2_1,ID9,D3_Op2,1,13.2845283087195,1.0,,simulated_assay,rADA_simulated,drug_naive,false,
ID9-D3_Op2_2,ID9,D3_Op2,2,16.8800000088326,1.0,,simulated_assay,rADA_simulated,drug_naive,false,
ID9-D3_Op2_3,ID9,D3_Op2,3,14.4830188754239,1.0,,simulated_assay,rADA_simulated,drug_naive,false,
ID10-D1_Op1_1,ID10,D1_Op1,1,4.91920670402933,1.0,,simulated_assay,rADA_simulated,drug_naive,false,
ID10-D1_Op1_2,ID10,D1_Op1,2,4.91920670402933,1.0,,simulated_assay,rADA_simulated,drug_naive,false,
ID10-D1_Op1_3,ID10,D1_Op1,3,5.65426057934405,1.0,,simulated_assay,rADA_simulated,drug_naive,false,
ID10-D1_Op2_1,ID10,D1_Op2,1,8.06782572418007,1.0,,simulated_assay,rADA_simulated,drug_naive,false,
ID10-D1_Op2_2,ID10,D1_Op2,2,7.21968663727846,1.0,,simulated_assay,rADA_simulated,drug_naive,false,
ID10-D1_Op2_3,ID10,D1_Op2,3,8.01128311838663,1.0,,simulated_assay,rADA_simulated,drug_naive,false,
ID10-D2_Op1_1,ID10,D2_Op1,1,4.86266409823588,1.0,,simulated_assay,rADA_simulated,drug_naive,false,
ID10-D2_Op1_2,ID10,D2_Op1,2,6.72857008941942,1.0,,simulated_assay,rADA_simulated,drug_naive,false,
ID10-D2_Op1_3,ID10,D2_Op1,3,4.86266409823588,1.0,,simulated_assay,rADA_simulated,drug_naive,false,
ID10-D2_Op2_1,ID10,D2_Op2,1,7.05005881989814,1.0,,simulated_assay,rADA_simulated,drug_naive,false,
ID10-D2_Op2_2,ID10,D2_Op2,2,7.2762292430719,1.0,,simulated_assay,rADA_simulated,drug_naive,false,
ID10-D2_Op2_3,ID10,D2_Op2,3,6.54117536775717,1.0,,simulated_assay,rADA_simulated,drug_naive,false,
ID10-D3_Op1_1,ID10,D3_Op1,1,5.76734579093093,1.0,,simulated_assay,rADA_simulated,drug_naive,false,
ID10-D3_Op1_2,ID10,D3_Op1,2,6.78511269521286,1.0,,simulated_assay,rADA_simulated,drug_naive,false,
ID10-D3_Op1_3,ID10,D3_Op1,3,6.50239966624566,1.0,,simulated_assay,rADA_simulated,drug_naive,false,
ID10-D3_Op2_1,ID10,D3_Op2,1,5.63649367506212,1.0,,simulated_assay,rADA_simulated,drug_naive,false,
ID10-D3_Op2_2,ID10,D3_Op2,2,6.37154755037685,1.0,,simulated_assay,rADA_simulated,drug_naive,false,
ID10-D3_Op2_3,ID10,D3_Op2,3,5.57995106926868,1.0,,simulated_assay,rADA_simulated,drug_naive,false,
ID11-D1_Op1_1,ID11,D1_Op1,1,16.7148137845819,1.0,,simulated_assay,rADA_simulated,drug_naive,false,
ID11-D1_Op1_2,ID11,D1_Op1,2,11.6455669810612,1.0,,simulated_assay,rADA_simulated,drug_naive,false,
ID11-D1_Op1_3,ID11,D1_Op1,3,16.8518204549473,1.0,,simulated_assay,rADA_simulated,drug_naive,false,
ID11-D1_Op2_1,ID11,D1_Op2,1,17.9888271253128,1.0,,simulated_assay,rADA_simulated,drug_naive,false,
ID11-D1_Op2_2,ID11,D1_Op2,2,11.6865202885032,1.0,,simulated_assay,rADA_simulated,drug_naive,false,
ID11-D1_Op2_3,ID11,D1_Op2,3,15.796720399466,1.0,,simulated_assay,rADA_simulated,drug_naive,false,
ID11-D2_Op1_1,ID11,D2_Op1,1,11.3715536403303,1.0,,simulated_assay,rADA_simulated,drug_naive,false,
ID11-D2_Op1_2,ID11,D2_Op1,2,11.2345469699649,1.0,,simulated_assay,rADA_simulated,drug_naive,false,
ID11-D2_Op1_3,ID11,D2_Op1,3,13.7006670365425,1.0,,simulated_assay,rADA_simulated,drug_naive,false,
ID11-D2_Op2_1,ID11,D2_Op2,1,11.5495136181378,1.0,,simulated_assay,rADA_simulated,drug_naive,false,
ID11-D2_Op2_2,ID11,D2_Op2,2,15.796720399466,1.0,,simulated_assay,rADA_simulated,drug_naive,false,
ID11-D2_Op2_3,ID11,D2_Op2,3,13.7416203439846,1.0,,simulated_assay,rADA_simulated,drug_naive,false,
ID11-D3_Op1_1,ID11,D3_Op1,1,16.8518204549473,1.0,,simulated_assay,rADA_simulated,drug_naive,false,
ID11-D3_Op1_2,ID11,D3_Op1,2,11.0975402995995,1.0,,simulated_assay,rADA_simulated,drug_naive,false,
ID11-D3_Op1_3,ID11,D3_Op1,3,11.2345469699649,1.0,,simulated_assay,rADA_simulated,drug_naive,false,
ID11-D3_Op2_1,ID11,D3_Op2,1,14.5636603661771,1.0,,simulated_assay,rADA_simulated,drug_naive,false,
ID11-D3_Op2_2,ID11,D3_Op2,2,14.4266536958117,1.0,,simulated_assay,rADA_simulated,drug_naive,false,
ID11-D3_Op2_3,ID11,D3_Op2,3,11.8235269588686,1.0,,simulated_assay,rADA_simulated,drug_naive,false,
ID12-D1_Op1_1,ID12,D1_Op1,1,18.6415285370106,1.0,,simulated_assay,rADA_simulated,drug_naive,false,
ID12-D1_Op1_2,ID12,D1_Op1,2,17.6855527145998,1.0,,simulated_assay,rADA_simulated,drug_naive,false,
ID12-D1_Op1_3,ID12,D1_Op1,3,17.6855527145998,1.0,,simulated_assay,rADA_simulated,drug_naive,false,
ID12-D1_Op2_1,ID12,D1_Op2,1,20.4381750556863,1.0,,simulated_assay,rADA_simulated,drug_naive,false,
ID12-D1_Op2_2,ID12,D1_Op2,2,16.6142717660431,1.0,,simulated_assay,rADA_simulated,drug_naive,false,
ID12-D1_Op2_3,ID12,D1_Op2,3,20.9161629668917,1.0,,simulated_assay,rADA_simulated,drug_naive,false,
ID12-D2_Op1_1,ID12,D2_Op1,1,17.6855527145998,1.0,,simulated_assay,rADA_simulated,drug_naive,false,
ID12-D2_Op1_2,ID12,D2_Op1,2,12.1090270838702,1.0,,simulated_assay,rADA_simulated,drug_naive,false,
ID12-D2_Op1_3,ID12,D2_Op1,3,18.6415285370106,1.0,,simulated_assay,rADA_simulated,drug_naive,false,
ID12-D2_Op2_1,ID12,D2_Op2,1,15.1803080324269,1.0,,simulated_assay,rADA_simulated,drug_naive,false,
ID12-D2_Op2_2,ID12,D2_Op2,2,20.7568336631566,1.0,,simulated_assay,rADA_simulated,drug_naive,false,
ID12-D2_Op2_3,ID12,D2_Op2,3,13.1090270838702,1.0,,simulated_assay,rADA_simulated,drug_naive,false,
ID12-D3_Op1_1,ID12,D3_Op1,1,19.7568336631566,1.0,,simulated_assay,rADA_simulated,drug_naive,false,
ID12-D3_Op1_2,ID12,D3_Op1,2,17.2075648033944,1.0,,simulated_assay,rADA_simulated,drug_naive,false,
ID12-D3_Op1_3,ID12,D3_Op1,3,12.7463442988107,1.0,,simulated_assay,rADA_simulated,drug_naive,false,
ID12-D3_Op2_1,ID12,D3_Op2,1,17.8889061959242,1.0,,simulated_assay,rADA_simulated,drug_naive,false,
ID12-D3_Op2_2,ID12,D3_Op2,2,19.9601871444809,1.0,,simulated_assay,rADA_simulated,drug_naive,false,
ID12-D3_Op2_3,ID12,D3_Op2,3,16.6142717660431,1.0,,simulated_assay,rADA_simulated,drug_naive,false,
ID13-D1_Op1_1,ID13,D1_Op1,1,4.36239338184584,1.0,,simulated_assay,rADA_simulated,drug_naive,false,
ID13-D1_Op1_2,ID13,D1_Op1,2,4.58234598933387,1.0,,simulated_assay,rADA_simulated,drug_naive,false,
ID13-D1_Op1_3,ID13,D1_Op1,3,3.11599527274703,1.0,,simulated_assay,rADA_simulated,drug_naive,false,
ID13-D1_Op2_1,ID13,D1_Op2,1,4.73919432729643,1.0,,simulated_assay,rADA_simulated,drug_naive,false,
ID13-D1_Op2_2,ID13,D1_Op2,2,5.0324644706138,1.0,,simulated_assay,rADA_simulated,drug_naive,false,
ID13-D1_Op2_3,ID13,D1_Op2,3,4.51924171980841,1.0,,simulated_assay,rADA_simulated,drug_naive,false,
ID13-D2_Op1_1,ID13,D2_Op1,1,3.66587679146709,1.0,,simulated_assay,rADA_simulated,drug_naive,false,
ID13-D2_Op1_2,ID13,D2_Op1,2,4.25241707810183,1.0,,simulated_assay,rADA_simulated,drug_naive,false,
ID13-D2_Op1_3,ID13,D2_Op1,3,3.33594788023505,1.0,,simulated_assay,rADA_simulated,drug_naive,false,
ID13-D2_Op2_1,ID13,D2_Op2,1,5.10578200644314,1.0,,simulated_assay,rADA_simulated,drug_naive,false,
ID13-D2_Op2_2,ID13,D2_Op2,2,5.21575831018716,1.0,,simulated_assay,rADA_simulated,drug_naive,false,
ID13-D2_Op2_3,ID13,D2_Op2,3,4.00601896900302,1.0,,simulated_assay,rADA_simulated,drug_naive,false,
ID13-D3_Op1_1,ID13,D3_Op1,1,3.84917063104045,1.0,,simulated_assay,rADA_simulated,drug_naive,false,
ID13-D3_Op1_2,ID13,D3_Op1,2,3.66587679146709,1.0,,simulated_assay,rADA_simulated,drug_naive,false,
ID13-D3_Op1_3,ID13,D3_Op1,3,4.10578200644314,1.0,,simulated_assay,rADA_simulated,drug_naive,false,
ID13-D3_Op2_1,ID13,D3_Op2,1,3.96936020108835,1.0,,simulated_assay,rADA_simulated,drug_naive,false,
ID13-D3_Op2_2,ID13,D3_Op2,2,4.51924171980841,1.0,,simulated_assay,rADA_simulated,drug_naive,false,
ID13-D3_Op2_3,ID13,D3_Op2,3,3.74940759360032,1.0,,simulated_assay,rADA_simulated,drug_naive,false,
ID14-D1_Op1_1,ID14,D1_Op1,1,10.0154375385753,1.0,,simulated_assay,rADA_simulated,drug_naive,false,
ID14-D1_Op1_2,ID14,D1_Op1,2,11.6308306899584,1.0,,simulated_assay,rADA_simulated,drug_naive,false,
ID14-D1_Op1_3,ID14,D1_Op1,3,11.8462164434762,1.0,,simulated_assay,rADA_simulated,drug_naive,false,
ID14-D1_Op2_1,ID14,D1_Op2,1,11.4462090456108,1.0,,simulated_assay,rADA_simulated,drug_naive,false,
ID14-D1_Op2_2,ID14,D1_Op2,2,9.4000443871922,1.0,,simulated_assay,rADA_simulated,drug_naive,false,
ID14-D1_Op2_3,ID14,D1_Op2,3,11.5539019223697,1.0,,simulated_assay,rADA_simulated,drug_naive,false,
ID14-D2_Op1_1,ID14,D2_Op1,1,12.0616021969939,1.0,,simulated_assay,rADA_simulated,drug_naive,false,
ID14-D2_Op1_2,ID14,D2_Op1,2,12.4923737040294,1.0,,simulated_assay,rADA_simulated,drug_naive,false,
ID14-D2_Op1_3,ID14,D2_Op1,3,8.61543014070995,1.0,,simulated_assay,rADA_simulated,drug_naive,false,
ID14-D2_Op2_1,ID14,D2_Op2,1,9.93850877098657,1.0,,simulated_assay,rADA_simulated,drug_naive,false,
ID14-D2_Op2_2,ID14,D2_Op2,2,9.72312301746883,1.0,,simulated_assay,rADA_simulated,drug_naive,false,
ID14-D2_Op2_3,ID14,D2_Op2,3,9.07696575691558,1.0,,simulated_assay,rADA_simulated,drug_naive,false,
ID14-D3_Op1_1,ID14,D3_Op1,1,11.6308306899584,1.0,,simulated_assay,rADA_simulated,drug_naive,false,
ID14-D3_Op1_2,ID14,D3_Op1,2,10.3385161688519,1.0,,simulated_assay,rADA_simulated,drug_naive,false,
ID14-D3_Op1_3,ID14,D3_Op1,3,11.0923663061641,1.0,,simulated_assay,rADA_simulated,drug_naive,false,
ID14-D3_Op2_1,ID14,D3_Op2,1,9.4000443871922,1.0,,simulated_assay,rADA_simulated,drug_naive,false,
ID14-D3_Op2_2,ID14,D3_Op2,2,10.6923589082987,1.0,,simulated_assay,rADA_simulated,drug_naive,false,
ID14-D3_Op2_3,ID14,D3_Op2,3,14.4616095948593,1.0,,simulated_assay,rADA_simulated,drug_naive,false,
ID15-D1_Op1_1,ID15,D1_Op1,1,6.62140792643608,1.0,,simulated_assay,rADA_simulated,drug_naive,false,
ID15-D1_Op1_2,ID15,D1_Op1,2,7.05798427323406,1.0,,simulated_assay,rADA_simulated,drug_naive,false,
ID15-D1_Op1_3,ID15,D1_Op1,3,5.45720433497479,1.0,,simulated_assay,rADA_simulated,drug_naive,false,
ID15-D1_Op2_1,ID15,D1_Op2,1,8.05798427323407,1.0,,simulated_assay,rADA_simulated,drug_naive,false,
ID15-D1_Op2_2,ID15,D1_Op2,2,8.05798427323407,1.0,,simulated_assay,rADA_simulated,drug_naive,false,
ID15-D1_Op2_3,ID15,D1_Op2,3,7.54864520196975,1.0,,simulated_assay,rADA_simulated,drug_naive,false,
ID15-D2_Op1_1,ID15,D2_Op1,1,8.51323876256068,1.0,,simulated_assay,rADA_simulated,drug_naive,false,
ID15-D2_Op1_2,ID15,D2_Op1,2,7.93113696683003,1.0,,simulated_assay,rADA_simulated,drug_naive,false,
ID15-D2_Op1_3,ID15,D2_Op1,3,7.42179789556572,1.0,,simulated_assay,rADA_simulated,drug_naive,false,
ID15-D2_Op2_1,ID15,D2_Op2,1,6.89378068177278,1.0,,simulated_assay,rADA_simulated,drug_naive,false,
ID15-D2_Op2_2,ID15,D2_Op2,2,9.36771331362801,1.0,,simulated_assay,rADA_simulated,drug_naive,false,
ID15-D2_Op2_3,ID15,D2_Op2,3,7.47588247750342,1.0,,simulated_assay,rADA_simulated,drug_naive,false,
ID15-D3_Op1_1,ID15,D3_Op1,1,7.93113696683003,1.0,,simulated_assay,rADA_simulated,drug_naive,false,
ID15-D3_Op1_2,ID15,D3_Op1,2,6.9124588243014,1.0,,simulated_assay,rADA_simulated,drug_naive,false,
ID15-D3_Op1_3,ID15,D3_Op1,3,8.65876421149334,1.0,,simulated_assay,rADA_simulated,drug_naive,false,
ID15-D3_Op2_1,ID15,D3_Op2,1,7.33035702857076,1.0,,simulated_assay,rADA_simulated,drug_naive,false,
ID15-D3_Op2_2,ID15,D3_Op2,2,9.14942514022902,1.0,,simulated_assay,rADA_simulated,drug_naive,false,
ID15-D3_Op2_3,ID15,D3_Op2,3,7.54864520196975,1.0,,simulated_assay,rADA_simulated,drug_naive,false,
ID16-D1_Op1_1,ID16,D1_Op1,1,5.31448365325129,1.0,,simulated_assay,rADA_simulated,drug_naive,false,
ID16-D1_Op1_2,ID16,D1_Op1,2,3.74860900541832,1.0,,simulated_assay,rADA_simulated,drug_naive,false,
ID16-D1_Op1_3,ID16,D1_Op1,3,5.59918813467546,1.0,,simulated_assay,rADA_simulated,drug_naive,false,
ID16-D1_Op2_1,ID16,D1_Op2,1,6.1721314125392,1.0,,simulated_assay,rADA_simulated,drug_naive,false,
ID16-D1_Op2_2,ID16,D1_Op2,2,6.12468066563517,1.0,,simulated_assay,rADA_simulated,drug_naive,false,
ID16-D1_Op2_3,ID16,D1_Op2,3,5.6976239434989,1.0,,simulated_assay,rADA_simulated,drug_naive,false,
ID16-D2_Op1_1,ID16,D2_Op1,1,4.31801796826667,1.0,,simulated_assay,rADA_simulated,drug_naive,false,
ID16-D2_Op1_2,ID16,D2_Op1,2,5.45683589396337,1.0,,simulated_assay,rADA_simulated,drug_naive,false,
ID16-D2_Op1_3,ID16,D2_Op1,3,4.22311647445861,1.0,,simulated_assay,rADA_simulated,drug_naive,false,
ID16-D2_Op2_1,ID16,D2_Op2,1,6.21958215944323,1.0,,simulated_assay,rADA_simulated,drug_naive,false,
ID16-D2_Op2_2,ID16,D2_Op2,2,6.59918813467546,1.0,,simulated_assay,rADA_simulated,drug_naive,false,
ID16-D2_Op2_3,ID16,D2_Op2,3,5.46037020897876,1.0,,simulated_assay,rADA_simulated,drug_naive,false,
ID16-D3_Op1_1,ID16,D3_Op1,1,5.21958215944323,1.0,,simulated_assay,rADA_simulated,drug_naive,false,
ID16-D3_Op1_2,ID16,D3_Op1,2,5.45683589396337,1.0,,simulated_assay,rADA_simulated,drug_naive,false,
ID16-D3_Op1_3,ID16,D3_Op1,3,4.79252543730696,1.0,,simulated_assay,rADA_simulated,drug_naive,false,
ID16-D3_Op2_1,ID16,D3_Op2,1,5.17566572755458,1.0,,simulated_assay,rADA_simulated,drug_naive,false,
ID16-D3_Op2_2,ID16,D3_Op2,2,5.88742693111502,1.0,,simulated_assay,rADA_simulated,drug_naive,false,
ID16-D3_Op2_3,ID16,D3_Op2,3,6.55173738777143,1.0,,simulated_assay,rADA_simulated,drug_naive,false,
ID17-D1_Op1_1,ID17,D1_Op1,1,9.79120957451954,1.0,,simulated_assay,rADA_simulated,drug_naive,false,
ID17-D1_Op1_2,ID17,D1_Op1,2,8.71417652132239,1.0,,simulated_assay,rADA_simulated,drug_naive,false,
ID17-D1_Op1_3,ID17,D1_Op1,3,8.518352329832,1.0,,simulated_assay,rADA_simulated,drug_naive,false,
ID17-D1_Op2_1,ID17,D1_Op2,1,12.3578031064427,1.0,,simulated_assay,rADA_simulated,drug_naive,false,
ID17-D1_Op2_2,ID17,D1_Op2,2,11.3786821489907,1.0,,simulated_assay,rADA_simulated,drug_naive,false,
ID17-D1_Op2_3,ID17,D1_Op2,3,12.6515393936782,1.0,,simulated_assay,rADA_simulated,drug_naive,false,
ID17-D2_Op1_1,ID17,D2_Op1,1,8.12670394685122,1.0,,simulated_assay,rADA_simulated,drug_naive,false,
ID17-D2_Op1_2,ID17,D2_Op1,2,9.79120957451954,1.0,,simulated_assay,rADA_simulated,drug_naive,false,
ID17-D2_Op1_3,ID17,D2_Op1,3,7.53923137238004,1.0,,simulated_assay,rADA_simulated,drug_naive,false,
ID17-D2_Op2_1,ID17,D2_Op2,1,8.63714346812524,1.0,,simulated_assay,rADA_simulated,drug_naive,false,
ID17-D2_Op2_2,ID17,D2_Op2,2,9.02879185110602,1.0,,simulated_assay,rADA_simulated,drug_naive,false,
ID17-D2_Op2_3,ID17,D2_Op2,3,12.9452756809138,1.0,,simulated_assay,rADA_simulated,drug_naive,false,
ID17-D3_Op1_1,ID17,D3_Op1,1,7.63714346812524,1.0,,simulated_assay,rADA_simulated,drug_naive,false,
ID17-D3_Op1_2,ID17,D3_Op1,2,10.4765942447359,1.0,,simulated_assay,rADA_simulated,drug_naive,false,
ID17-D3_Op1_3,ID17,D3_Op1,3,11.2598910106975,1.0,,simulated_assay,rADA_simulated,drug_naive,false,
ID17-D3_Op2_1,ID17,D3_Op2,1,12.6515393936782,1.0,,simulated_assay,rADA_simulated,drug_naive,false,
ID17-D3_Op2_2,ID17,D3_Op2,2,8.73505556387043,1.0,,simulated_assay,rADA_simulated,drug_naive,false,
ID17-D3_Op2_3,ID17,D3_Op2,3,8.63714346812524,1.0,,simulated_assay,rADA_simulated,drug_naive,false,
ID18-D1_Op1_1,ID18,D1_Op1,1,8.44908663123232,1.0,,simulated_assay,rADA_simulated,drug_naive,false,
ID18-D1_Op1_2,ID18,D1_Op1,2,10.205827415944,1.0,,simulated_assay,rADA_simulated,drug_naive,false,
ID18-D1_Op1_3,ID18,D1_Op1,3,7.02696313884668,1.0,,simulated_assay,rADA_simulated,drug_naive,false,
ID18-D1_Op2_1,ID18,D1_Op2,1,10.2856298620474,1.0,,simulated_assay,rADA_simulated,drug_naive,false,
ID18-D1_Op2_2,ID18,D1_Op2,2,9.11446933890629,1.0,,simulated_assay,rADA_simulated,drug_naive,false,
ID18-D1_Op2_3,ID18,D1_Op2,3,9.11446933890629,1.0,,simulated_assay,rADA_simulated,drug_naive,false,
ID18-D2_Op1_1,ID18,D2_Op1,1,8.2817779850693,1.0,,simulated_assay,rADA_simulated,drug_naive,false,
ID18-D2_Op1_2,ID18,D2_Op1,2,7.69619772349875,1.0,,simulated_assay,rADA_simulated,drug_naive,false,
ID18-D2_Op1_3,ID18,D2_Op1,3,10.373136062107,1.0,,simulated_assay,rADA_simulated,drug_naive,false,
ID18-D2_Op2_1,ID18,D2_Op2,1,9.2817779850693,1.0,,simulated_assay,rADA_simulated,drug_naive,false,
ID18-D2_Op2_2,ID18,D2_Op2,2,10.2019755389659,1.0,,simulated_assay,rADA_simulated,drug_naive,false,
ID18-D2_Op2_3,ID18,D2_Op2,3,8.94716069274327,1.0,,simulated_assay,rADA_simulated,drug_naive,false,
ID18-D3_Op1_1,ID18,D3_Op1,1,9.11832121588438,1.0,,simulated_assay,rADA_simulated,drug_naive,false,
ID18-D3_Op1_2,ID18,D3_Op1,2,9.03466689280287,1.0,,simulated_assay,rADA_simulated,drug_naive,false,
ID18-D3_Op1_3,ID18,D3_Op1,3,6.77600016960216,1.0,,simulated_assay,rADA_simulated,drug_naive,false,
ID18-D3_Op2_1,ID18,D3_Op2,1,7.69234584652065,1.0,,simulated_assay,rADA_simulated,drug_naive,false,
ID18-D3_Op2_2,ID18,D3_Op2,2,9.03081501582478,1.0,,simulated_assay,rADA_simulated,drug_naive,false,
ID18-D3_Op2_3,ID18,D3_Op2,3,10.5365928312919,1.0,,simulated_assay,rADA_simulated,drug_naive,false,
ID19-D1_Op1_1,ID19,D1_Op1,1,8.12703364093091,1.0,,simulated_assay,rADA_simulated,drug_naive,false,
ID19-D1_Op1_2,ID19,D1_Op1,2,13.1932364300826,1.0,,simulated_assay,rADA_simulated,drug_naive,false,
ID19-D1_Op1_3,ID19,D1_Op1,3,8.33812542381223,1.0,,simulated_assay,rADA_simulated,drug_naive,false,
ID19-D1_Op2_1,ID19,D1_Op2,1,10.6046761211002,1.0,,simulated_assay,rADA_simulated,drug_naive,false,
ID19-D1_Op2_2,ID19,D1_Op2,2,12.821139841354,1.0,,simulated_assay,rADA_simulated,drug_naive,false,
ID19-D1_Op2_3,ID19,D1_Op2,3,9.02148774949025,1.0,,simulated_assay,rADA_simulated,drug_naive,false,
ID19-D2_Op1_1,ID19,D2_Op1,1,9.81576790398149,1.0,,simulated_assay,rADA_simulated,drug_naive,false,
ID19-D2_Op1_2,ID19,D2_Op1,2,11.821139841354,1.0,,simulated_assay,rADA_simulated,drug_naive,false,
ID19-D2_Op1_3,ID19,D2_Op1,3,10.8712268183881,1.0,,simulated_assay,rADA_simulated,drug_naive,false,
ID19-D2_Op2_1,ID19,D2_Op2,1,14.087690538642,1.0,,simulated_assay,rADA_simulated,drug_naive,false,
ID19-D2_Op2_2,ID19,D2_Op2,2,11.7656809269474,1.0,,simulated_assay,rADA_simulated,drug_naive,false,
ID19-D2_Op2_3,ID19,D2_Op2,3,13.8765987557607,1.0,,simulated_assay,rADA_simulated,drug_naive,false,
ID19-D3_Op1_1,ID19,D3_Op1,1,8.9714007724562,1.0,,simulated_assay,rADA_simulated,drug_naive,false,
ID19-D3_Op1_2,ID19,D3_Op1,2,10.5545891440661,1.0,,simulated_assay,rADA_simulated,drug_naive,false,
ID19-D3_Op1_3,ID19,D3_Op1,3,11.0823186012694,1.0,,simulated_assay,rADA_simulated,drug_naive,false,
ID19-D3_Op2_1,ID19,D3_Op2,1,13.3488692985574,1.0,,simulated_assay,rADA_simulated,drug_naive,false,
ID19-D3_Op2_2,ID19,D3_Op2,2,11.1324055783035,1.0,,simulated_assay,rADA_simulated,drug_naive,false,
ID19-D3_Op2_3,ID19,D3_Op2,3,11.4490432526255,1.0,,simulated_assay,rADA_simulated,drug_naive,false,
ID20-D1_Op1_1,ID20,D1_Op1,1,8.38319517886174,1.0,,simulated_assay,rADA_simulated,drug_naive,false,
ID20-D1_Op1_2,ID20,D1_Op1,2,6.30530919435755,1.0,,simulated_assay,rADA_simulated,drug_naive,false,
ID20-D1_Op1_3,ID20,D1_Op1,3,6.09035547182263,1.0,,simulated_assay,rADA_simulated,drug_naive,false,
ID20-D1_Op2_1,ID20,D1_Op2,1,7.80686788027236,1.0,,simulated_assay,rADA_simulated,drug_naive,false,
ID20-D1_Op2_2,ID20,D1_Op2,2,8.88163649294694,1.0,,simulated_assay,rADA_simulated,drug_naive,false,
ID20-D1_Op2_3,ID20,D1_Op2,3,9.52649766055169,1.0,,simulated_assay,rADA_simulated,drug_naive,false,
ID20-D2_Op1_1,ID20,D2_Op1,1,7.30842656618716,1.0,,simulated_assay,rADA_simulated,drug_naive,false,
ID20-D2_Op1_2,ID20,D2_Op1,2,7.38007780703213,1.0,,simulated_assay,rADA_simulated,drug_naive,false,
ID20-D2_Op1_3,ID20,D2_Op1,3,8.88475386477655,1.0,,simulated_assay,rADA_simulated,drug_naive,false,
ID20-D2_Op2_1,ID20,D2_Op2,1,9.7414513830866,1.0,,simulated_assay,rADA_simulated,drug_naive,false,
ID20-D2_Op2_2,ID20,D2_Op2,2,8.4517290478771,1.0,,simulated_assay,rADA_simulated,drug_naive,false,
ID20-D2_Op2_3,ID20,D2_Op2,3,7.66356539858241,1.0,,simulated_assay,rADA_simulated,drug_naive,false,
ID20-D3_Op1_1,ID20,D3_Op1,1,8.02493897463688,1.0,,simulated_assay,rADA_simulated,drug_naive,false,
ID20-D3_Op1_2,ID20,D3_Op1,2,7.59503152956705,1.0,,simulated_assay,rADA_simulated,drug_naive,false,
ID20-D3_Op1_3,ID20,D3_Op1,3,7.38007780703213,1.0,,simulated_assay,rADA_simulated,drug_naive,false,
ID20-D3_Op2_1,ID20,D3_Op2,1,9.31154393801677,1.0,,simulated_assay,rADA_simulated,drug_naive,false,
ID20-D3_Op2_2,ID20,D3_Op2,2,6.44549430421788,1.0,,simulated_assay,rADA_simulated,drug_naive,false,
ID20-D3_Op2_3,ID20,D3_Op2,3,7.73521663942738,1.0,,simulated_assay,rADA_simulated,drug_naive,false,
ID21-D1_Op1_1,ID21,D1_Op1,1,26.7062974895699,1.0,,simulated_assay,rADA_simulated,drug_naive,false,
ID21-D1_Op1_2,ID21,D1_Op1,2,30.0769952309719,1.0,,simulated_assay,rADA_simulated,drug_naive,false,
ID21-D1_Op1_3,ID21,D1_Op1,3,28.521288581094,1.0,,simulated_assay,rADA_simulated,drug_naive,false,
ID21-D1_Op2_1,ID21,D1_Op2,1,25.8913063980457,1.0,,simulated_assay,rADA_simulated,drug_naive,false,
ID21-D1_Op2_2,ID21,D1_Op2,2,26.6691597229846,1.0,,simulated_assay,rADA_simulated,drug_naive,false,
ID21-D1_Op2_3,ID21,D1_Op2,3,24.3355997481678,1.0,,simulated_assay,rADA_simulated,drug_naive,false,
ID21-D2_Op1_1,ID21,D2_Op1,1,30.0769952309719,1.0,,simulated_assay,rADA_simulated,drug_naive,false,
ID21-D2_Op1_2,ID21,D2_Op1,2,21.2613242149974,1.0,,simulated_assay,rADA_simulated,drug_naive,false,
ID21-D2_Op1_3,ID21,D2_Op1,3,26.7062974895699,1.0,,simulated_assay,rADA_simulated,drug_naive,false,
ID21-D2_Op2_1,ID21,D2_Op2,1,24.3355997481678,1.0,,simulated_assay,rADA_simulated,drug_naive,false,
ID21-D2_Op2_2,ID21,D2_Op2,2,22.5206086566437,1.0,,simulated_assay,rADA_simulated,drug_naive,false,
ID21-D2_Op2_3,ID21,D2_Op2,3,30.299141906033,1.0,,simulated_assay,rADA_simulated,drug_naive,false,
ID21-D3_Op1_1,ID21,D3_Op1,1,21.2613242149974,1.0,,simulated_assay,rADA_simulated,drug_naive,false,
ID21-D3_Op1_2,ID21,D3_Op1,2,23.5948841898142,1.0,,simulated_assay,rADA_simulated,drug_naive,false,
ID21-D3_Op1_3,ID21,D3_Op1,3,30.8548485559108,1.0,,simulated_assay,rADA_simulated,drug_naive,false,
ID21-D3_Op2_1,ID21,D3_Op2,1,29.521288581094,1.0,,simulated_assay,rADA_simulated,drug_naive,false,
ID21-D3_Op2_2,ID21,D3_Op2,2,28.4841508145088,1.0,,simulated_assay,rADA_simulated,drug_naive,false,
ID21-D3_Op2_3,ID21,D3_Op2,3,32.6327018808498,1.0,,simulated_assay,rADA_simulated,drug_naive,false,
ID22-D1_Op1_1,ID22,D1_Op1,1,3.94637329675741,1.0,,simulated_assay,rADA_simulated,drug_naive,false,
ID22-D1_Op1_2,ID22,D1_Op1,2,5.12188874685537,1.0,,simulated_assay,rADA_simulated,drug_naive,false,
ID22-D1_Op1_3,ID22,D1_Op1,3,4.28223485392826,1.0,,simulated_assay,rADA_simulated,drug_naive,false,
ID22-D1_Op2_1,ID22,D1_Op2,1,4.98835599140377,1.0,,simulated_assay,rADA_simulated,drug_naive,false,
ID22-D1_Op2_2,ID22,D1_Op2,2,5.40818293786732,1.0,,simulated_assay,rADA_simulated,drug_naive,false,
ID22-D1_Op2_3,ID22,D1_Op2,3,5.9959406629163,1.0,,simulated_assay,rADA_simulated,drug_naive,false,
ID22-D2_Op1_1,ID22,D2_Op1,1,3.73645982352564,1.0,,simulated_assay,rADA_simulated,drug_naive,false,
ID22-D2_Op1_2,ID22,D2_Op1,2,5.20585413614808,1.0,,simulated_assay,rADA_simulated,drug_naive,false,
ID22-D2_Op1_3,ID22,D2_Op1,3,5.07990605220901,1.0,,simulated_assay,rADA_simulated,drug_naive,false,
ID22-D2_Op2_1,ID22,D2_Op2,1,5.2402521592819,1.0,,simulated_assay,rADA_simulated,drug_naive,false,
ID22-D2_Op2_2,ID22,D2_Op2,2,5.95395796826994,1.0,,simulated_assay,rADA_simulated,drug_naive,false,
ID22-D2_Op2_3,ID22,D2_Op2,3,5.11430407534283,1.0,,simulated_assay,rADA_simulated,drug_naive,false,
ID22-D3_Op1_1,ID22,D3_Op1,1,4.53413102180639,1.0,,simulated_assay,rADA_simulated,drug_naive,false,
ID22-D3_Op1_2,ID22,D3_Op1,2,3.82042521281835,1.0,,simulated_assay,rADA_simulated,drug_naive,false,
ID22-D3_Op1_3,ID22,D3_Op1,3,3.98835599140377,1.0,,simulated_assay,rADA_simulated,drug_naive,false,
ID22-D3_Op2_1,ID22,D3_Op2,1,5.45016563251368,1.0,,simulated_assay,rADA_simulated,drug_naive,false,
ID22-D3_Op2_2,ID22,D3_Op2,2,5.40818293786732,1.0,,simulated_assay,rADA_simulated,drug_naive,false,
ID22-D3_Op2_3,ID22,D3_Op2,3,5.9959406629163,1.0,,simulated_assay,rADA_simulated,drug_naive,false,
ID23-D1_Op1_1,ID23,D1_Op1,1,5.528266403505,1.0,,simulated_assay,rADA_simulated,drug_naive,false,
ID23-D1_Op1_2,ID23,D1_Op1,2,6.74962758567471,1.0,,simulated_assay,rADA_simulated,drug_naive,false,
ID23-D1_Op1_3,ID23,D1_Op1,3,6.10680591084855,1.0,,simulated_assay,rADA_simulated,drug_naive,false,
ID23-D1_Op2_1,ID23,D1_Op2,1,7.6853454181921,1.0,,simulated_assay,rADA_simulated,drug_naive,false,
ID23-D1_Op2_2,ID23,D1_Op2,2,7.6853454181921,1.0,,simulated_assay,rADA_simulated,drug_naive,false,
ID23-D1_Op2_3,ID23,D1_Op2,3,6.39970206853977,1.0,,simulated_assay,rADA_simulated,drug_naive,false,
ID23-D2_Op1_1,ID23,D2_Op1,1,5.07829123112669,1.0,,simulated_assay,rADA_simulated,drug_naive,false,
ID23-D2_Op1_2,ID23,D2_Op1,2,6.23537024581378,1.0,,simulated_assay,rADA_simulated,drug_naive,false,
ID23-D2_Op1_3,ID23,D2_Op1,3,5.39970206853977,1.0,,simulated_assay,rADA_simulated,drug_naive,false,
ID23-D2_Op2_1,ID23,D2_Op2,1,8.77814226539657,1.0,,simulated_assay,rADA_simulated,drug_naive,false,
ID23-D2_Op2_2,ID23,D2_Op2,2,6.84967724091808,1.0,,simulated_assay,rADA_simulated,drug_naive,false,
ID23-D2_Op2_3,ID23,D2_Op2,3,8.07103842308779,1.0,,simulated_assay,rADA_simulated,drug_naive,false,
ID23-D3_Op1_1,ID23,D3_Op1,1,5.20685556609192,1.0,,simulated_assay,rADA_simulated,drug_naive,false,
ID23-D3_Op1_2,ID23,D3_Op1,2,7.26388492553564,1.0,,simulated_assay,rADA_simulated,drug_naive,false,
ID23-D3_Op1_3,ID23,D3_Op1,3,5.46398423602239,1.0,,simulated_assay,rADA_simulated,drug_naive,false,
ID23-D3_Op2_1,ID23,D3_Op2,1,8.77814226539657,1.0,,simulated_assay,rADA_simulated,drug_naive,false,
ID23-D3_Op2_2,ID23,D3_Op2,2,7.17108807833116,1.0,,simulated_assay,rADA_simulated,drug_naive,false,
ID23-D3_Op2_3,ID23,D3_Op2,3,8.45673142798349,1.0,,simulated_assay,rADA_simulated,drug_naive,false,
ID24-D1_Op1_1,ID24,D1_Op1,1,30.0399396083633,1.0,,simulated_assay,rADA_simulated,drug_naive,false,
ID24-D1_Op1_2,ID24,D1_Op1,2,27.9318736709343,1.0,,simulated_assay,rADA_simulated,drug_naive,false,
ID24-D1_Op1_3,ID24,D1_Op1,3,32.6750220301495,1.0,,simulated_assay,rADA_simulated,drug_naive,false,
ID24-D1_Op2_1,ID24,D1_Op2,1,22.6076758586473,1.0,,simulated_assay,rADA_simulated,drug_naive,false,
ID24-D1_Op2_2,ID24,D1_Op2,2,21.2901346477541,1.0,,simulated_assay,rADA_simulated,drug_naive,false,
ID24-D1_Op2_3,ID24,D1_Op2,3,32.620989061435,1.0,,simulated_assay,rADA_simulated,drug_naive,false,
ID24-D2_Op1_1,ID24,D2_Op1,1,21.6076758586473,1.0,,simulated_assay,rADA_simulated,drug_naive,false,
ID24-D2_Op1_2,ID24,D2_Op1,2,23.188725311719,1.0,,simulated_assay,rADA_simulated,drug_naive,false,
ID24-D2_Op1_3,ID24,D2_Op1,3,25.0332830069694,1.0,,simulated_assay,rADA_simulated,drug_naive,false,
ID24-D2_Op2_1,ID24,D2_Op2,1,25.2427582804335,1.0,,simulated_assay,rADA_simulated,drug_naive,false,
ID24-D2_Op2_2,ID24,D2_Op2,2,27.8778407022198,1.0,,simulated_assay,rADA_simulated,drug_naive,false,
ID24-D2_Op2_3,ID24,D2_Op2,3,25.5062665226121,1.0,,simulated_assay,rADA_simulated,drug_naive,false,
ID24-D3_Op1_1,ID24,D3_Op1,1,30.8304643348991,1.0,,simulated_assay,rADA_simulated,drug_naive,false,
ID24-D3_Op1_2,ID24,D3_Op1,2,28.7223983974701,1.0,,simulated_assay,rADA_simulated,drug_naive,false,
ID24-D3_Op1_3,ID24,D3_Op1,3,21.3441676164686,1.0,,simulated_assay,rADA_simulated,drug_naive,false,
ID24-D3_Op2_1,ID24,D3_Op2,1,30.512923124006,1.0,,simulated_assay,rADA_simulated,drug_naive,false,
ID24-D3_Op2_2,ID24,D3_Op2,2,28.404857186577,1.0,,simulated_assay,rADA_simulated,drug_naive,false,
ID24-D3_Op2_3,ID24,D3_Op2,3,29.4588901552915,1.0,,simulated_assay,rADA_simulated,drug_naive,false,
ID25-D1_Op1_1,ID25,D1_Op1,1,7.63375276577072,1.0,,simulated_assay,rADA_simulated,drug_naive,false,
ID25-D1_Op1_2,ID25,D1_Op1,2,6.63804588327889,1.0,,simulated_assay,rADA_simulated,drug_naive,false,
ID25-D1_Op1_3,ID25,D1_Op1,3,6.72102145681987,1.0,,simulated_assay,rADA_simulated,drug_naive,false,
ID25-D1_Op2_1,ID25,D1_Op2,1,9.9613619424265,1.0,,simulated_assay,rADA_simulated,drug_naive,false,
ID25-D1_Op2_2,ID25,D1_Op2,2,11.2059955455413,1.0,,simulated_assay,rADA_simulated,drug_naive,false,
ID25-D1_Op2_3,ID25,D1_Op2,3,8.38482604514776,1.0,,simulated_assay,rADA_simulated,drug_naive,false,
ID25-D2_Op1_1,ID25,D2_Op1,1,7.55077719222973,1.0,,simulated_assay,rADA_simulated,drug_naive,false,
ID25-D2_Op1_2,ID25,D2_Op1,2,9.87409325137734,1.0,,simulated_assay,rADA_simulated,drug_naive,false,
ID25-D2_Op1_3,ID25,D2_Op1,3,6.38911916265593,1.0,,simulated_assay,rADA_simulated,drug_naive,false,
ID25-D2_Op2_1,ID25,D2_Op2,1,8.79970391285269,1.0,,simulated_assay,rADA_simulated,drug_naive,false,
ID25-D2_Op2_2,ID25,D2_Op2,2,8.63375276577072,1.0,,simulated_assay,rADA_simulated,drug_naive,false,
ID25-D2_Op2_3,ID25,D2_Op2,3,9.29755735409861,1.0,,simulated_assay,rADA_simulated,drug_naive,false,
ID25-D3_Op1_1,ID25,D3_Op1,1,8.62945964826255,1.0,,simulated_assay,rADA_simulated,drug_naive,false,
ID25-D3_Op1_2,ID25,D3_Op1,2,8.79541079534452,1.0,,simulated_assay,rADA_simulated,drug_naive,false,
ID25-D3_Op1_3,ID25,D3_Op1,3,8.79541079534452,1.0,,simulated_assay,rADA_simulated,drug_naive,false,
ID25-D3_Op2_1,ID25,D3_Op2,1,10.2102886630495,1.0,,simulated_assay,rADA_simulated,drug_naive,false,
ID25-D3_Op2_2,ID25,D3_Op2,2,8.46780161868875,1.0,,simulated_assay,rADA_simulated,drug_naive,false,
ID25-D3_Op2_3,ID25,D3_Op2,3,10.3762398101314,1.0,,simulated_assay,rADA_simulated,drug_naive,false,
ID26-D1_Op1_1,ID26,D1_Op1,1,5.47580414006958,1.0,,simulated_assay,rADA_simulated,drug_naive,false,
ID26-D1_Op1_2,ID26,D1_Op1,2,4.74892748430813,1.0,,simulated_assay,rADA_simulated,drug_naive,false,
ID26-D1_Op1_3,ID26,D1_Op1,3,3.97359238482925,1.0,,simulated_assay,rADA_simulated,drug_naive,false,
ID26-D1_Op2_1,ID26,D1_Op2,1,6.185053477765,1.0,,simulated_assay,rADA_simulated,drug_naive,false,
ID26-D1_Op2_2,ID26,D1_Op2,2,6.185053477765,1.0,,simulated_assay,rADA_simulated,drug_naive,false,
ID26-D1_Op2_3,ID26,D1_Op2,3,4.92513394111182,1.0,,simulated_assay,rADA_simulated,drug_naive,false,
ID26-D2_Op1_1,ID26,D2_Op1,1,3.63438327880724,1.0,,simulated_assay,rADA_simulated,drug_naive,false,
ID26-D2_Op1_2,ID26,D2_Op1,2,4.45817682200355,1.0,,simulated_assay,rADA_simulated,drug_naive,false,
ID26-D2_Op1_3,ID26,D2_Op1,3,5.37888725263472,1.0,,simulated_assay,rADA_simulated,drug_naive,false,
ID26-D2_Op2_1,ID26,D2_Op2,1,5.74892748430813,1.0,,simulated_assay,rADA_simulated,drug_naive,false,
ID26-D2_Op2_2,ID26,D2_Op2,2,6.71809635865673,1.0,,simulated_assay,rADA_simulated,drug_naive,false,
ID26-D2_Op2_3,ID26,D2_Op2,3,5.2158846034164,1.0,,simulated_assay,rADA_simulated,drug_naive,false,
ID26-D3_Op1_1,ID26,D3_Op1,1,6.05730546467874,1.0,,simulated_assay,rADA_simulated,drug_naive,false,
ID26-D3_Op1_2,ID26,D3_Op1,2,4.50663526572098,1.0,,simulated_assay,rADA_simulated,drug_naive,false,
ID26-D3_Op1_3,ID26,D3_Op1,3,3.68284172252467,1.0,,simulated_assay,rADA_simulated,drug_naive,false,
ID26-D3_Op2_1,ID26,D3_Op2,1,6.03967814661271,1.0,,simulated_assay,rADA_simulated,drug_naive,false,
ID26-D3_Op2_2,ID26,D3_Op2,2,5.79738592802556,1.0,,simulated_assay,rADA_simulated,drug_naive,false,
ID26-D3_Op2_3,ID26,D3_Op2,3,5.55509370943841,1.0,,simulated_assay,rADA_simulated,drug_naive,false,
ID27-D1_Op1_1,ID27,D1_Op1,1,4.79981887370182,1.0,,simulated_assay,rADA_simulated,drug_naive,false,
ID27-D1_Op1_2,ID27,D1_Op1,2,4.58409667713096,1.0,,simulated_assay,rADA_simulated,drug_naive,false,
ID27-D1_Op1_3,ID27,D1_Op1,3,6.20201315141247,1.0,,simulated_assay,rADA_simulated,drug_naive,false,
ID27-D1_Op2_1,ID27,D1_Op2,1,6.9862909548416,1.0,,simulated_assay,rADA_simulated,drug_naive,false,
ID27-D1_Op2_2,ID27,D1_Op2,2,6.01554107027269,1.0,,simulated_assay,rADA_simulated,drug_naive,false,
ID27-D1_Op2_3,ID27,D1_Op2,3,6.44698546341443,1.0,,simulated_assay,rADA_simulated,drug_naive,false,
ID27-D2_Op1_1,ID27,D2_Op1,1,6.52559644626877,1.0,,simulated_assay,rADA_simulated,drug_naive,false,
ID27-D2_Op1_2,ID27,D2_Op1,2,4.31444393141737,1.0,,simulated_assay,rADA_simulated,drug_naive,false,
ID27-D2_Op1_3,ID27,D2_Op1,3,5.50091601255715,1.0,,simulated_assay,rADA_simulated,drug_naive,false,
ID27-D2_Op2_1,ID27,D2_Op2,1,5.74588832455911,1.0,,simulated_assay,rADA_simulated,drug_naive,false,
ID27-D2_Op2_2,ID27,D2_Op2,2,6.17733271770085,1.0,,simulated_assay,rADA_simulated,drug_naive,false,
ID27-D2_Op2_3,ID27,D2_Op2,3,5.26051338227465,1.0,,simulated_assay,rADA_simulated,drug_naive,false,
ID27-D3_Op1_1,ID27,D3_Op1,1,6.52559644626877,1.0,,simulated_assay,rADA_simulated,drug_naive,false,
ID27-D3_Op1_2,ID27,D3_Op1,2,4.85374942284454,1.0,,simulated_assay,rADA_simulated,drug_naive,false,
ID27-D3_Op1_3,ID27,D3_Op1,3,5.339124365129,1.0,,simulated_assay,rADA_simulated,drug_naive,false,
ID27-D3_Op2_1,ID27,D3_Op2,1,5.63802722627367,1.0,,simulated_assay,rADA_simulated,drug_naive,false,
ID27-D3_Op2_2,ID27,D3_Op2,2,6.87842985655617,1.0,,simulated_assay,rADA_simulated,drug_naive,false,
ID27-D3_Op2_3,ID27,D3_Op2,3,6.87842985655617,1.0,,simulated_assay,rADA_simulated,drug_naive,false,
ID28-D1_Op1_1,ID28,D1_Op1,1,15.4986392030493,1.0,,simulated_assay,rADA_simulated,drug_naive,false,
ID28-D1_Op1_2,ID28,D1_Op1,2,16.5318818165859,1.0,,simulated_assay,rADA_simulated,drug_naive,false,
ID28-D1_Op1_3,ID28,D1_Op1,3,13.2599468737199,1.0,,simulated_assay,rADA_simulated,drug_naive,false,
ID28-D1_Op2_1,ID28,D1_Op2,1,16.4986392030493,1.0,,simulated_assay,rADA_simulated,drug_naive,false,
ID28-D1_Op2_2,ID28,D1_Op2,2,21.8370593729885,1.0,,simulated_assay,rADA_simulated,drug_naive,false,
ID28-D1_Op2_3,ID28,D1_Op2,3,21.1482309639641,1.0,,simulated_assay,rADA_simulated,drug_naive,false,
ID28-D2_Op1_1,ID28,D2_Op1,1,20.8370593729885,1.0,,simulated_assay,rADA_simulated,drug_naive,false,
ID28-D2_Op1_2,ID28,D2_Op1,2,17.9095386346347,1.0,,simulated_assay,rADA_simulated,drug_naive,false,
ID28-D2_Op1_3,ID28,D2_Op1,3,17.5651244301225,1.0,,simulated_assay,rADA_simulated,drug_naive,false,
ID28-D2_Op2_1,ID28,D2_Op2,1,17.5318818165859,1.0,,simulated_assay,rADA_simulated,drug_naive,false,
ID28-D2_Op2_2,ID28,D2_Op2,2,14.432153975976,1.0,,simulated_assay,rADA_simulated,drug_naive,false,
ID28-D2_Op2_3,ID28,D2_Op2,3,17.5318818165859,1.0,,simulated_assay,rADA_simulated,drug_naive,false,
ID28-D3_Op1_1,ID28,D3_Op1,1,15.1542249985371,1.0,,simulated_assay,rADA_simulated,drug_naive,false,
ID28-D3_Op1_2,ID28,D3_Op1,2,14.4653965895127,1.0,,simulated_assay,rADA_simulated,drug_naive,false,
ID28-D3_Op1_3,ID28,D3_Op1,3,21.0092664752446,1.0,,simulated_assay,rADA_simulated,drug_naive,false,
ID28-D3_Op2_1,ID28,D3_Op2,1,15.2931894872566,1.0,,simulated_assay,rADA_simulated,drug_naive,false,
ID28-D3_Op2_2,ID28,D3_Op2,2,19.0817457368908,1.0,,simulated_assay,rADA_simulated,drug_naive,false,
ID28-D3_Op2_3,ID28,D3_Op2,3,14.2599468737199,1.0,,simulated_assay,rADA_simulated,drug_naive,false,
ID29-D1_Op1_1,ID29,D1_Op1,1,23.9690259974731,1.0,,simulated_assay,rADA_simulated,drug_naive,false,
ID29-D1_Op1_2,ID29,D1_Op1,2,19.898814035638,1.0,,simulated_assay,rADA_simulated,drug_naive,false,
ID29-D1_Op1_3,ID29,D1_Op1,3,17.8637080547205,1.0,,simulated_assay,rADA_simulated,drug_naive,false,
ID29-D1_Op2_1,ID29,D1_Op2,1,29.2653608460768,1.0,,simulated_assay,rADA_simulated,drug_naive,false,
ID29-D1_Op2_2,ID29,D1_Op2,2,27.0041319783906,1.0,,simulated_assay,rADA_simulated,drug_naive,false,
ID29-D1_Op2_3,ID29,D1_Op2,3,21.8033055827125,1.0,,simulated_assay,rADA_simulated,drug_naive,false,
ID29-D2_Op1_1,ID29,D2_Op1,1,21.2555513562497,1.0,,simulated_assay,rADA_simulated,drug_naive,false,
ID29-D2_Op1_2,ID29,D2_Op1,2,28.0392379593081,1.0,,simulated_assay,rADA_simulated,drug_naive,false,
ID29-D2_Op1_3,ID29,D2_Op1,3,21.2555513562497,1.0,,simulated_assay,rADA_simulated,drug_naive,false,
ID29-D2_Op2_1,ID29,D2_Op2,1,27.2302548651592,1.0,,simulated_assay,rADA_simulated,drug_naive,false,
ID29-D2_Op2_2,ID29,D2_Op2,2,28.3608692990023,1.0,,simulated_assay,rADA_simulated,drug_naive,false,
ID29-D2_Op2_3,ID29,D2_Op2,3,25.4212717710103,1.0,,simulated_assay,rADA_simulated,drug_naive,false,
ID29-D3_Op1_1,ID29,D3_Op1,1,18.3159538282577,1.0,,simulated_assay,rADA_simulated,drug_naive,false,
ID29-D3_Op1_2,ID29,D3_Op1,2,22.83841156363,1.0,,simulated_assay,rADA_simulated,drug_naive,false,
ID29-D3_Op1_3,ID29,D3_Op1,3,18.5420767150264,1.0,,simulated_assay,rADA_simulated,drug_naive,false,
ID29-D3_Op2_1,ID29,D3_Op2,1,26.778009091622,1.0,,simulated_assay,rADA_simulated,drug_naive,false,
ID29-D3_Op2_2,ID29,D3_Op2,2,18.1853393944147,1.0,,simulated_assay,rADA_simulated,drug_naive,false,
ID29-D3_Op2_3,ID29,D3_Op2,3,19.3159538282577,1.0,,simulated_assay,rADA_simulated,drug_naive,false,
ID30-D1_Op1_1,ID30,D1_Op1,1,8.70020900573591,1.0,,simulated_assay,rADA_simulated,drug_naive,false,
ID30-D1_Op1_2,ID30,D1_Op1,2,9.69710795430982,1.0,,simulated_assay,rADA_simulated,drug_naive,false,
ID30-D1_Op1_3,ID30,D1_Op1,3,8.2470731200205,1.0,,simulated_assay,rADA_simulated,drug_naive,false,
ID30-D1_Op2_1,ID30,D1_Op2,1,8.43142852573276,1.0,,simulated_assay,rADA_simulated,drug_naive,false,
ID30-D1_Op2_2,ID30,D1_Op2,2,10.2439720685944,1.0,,simulated_assay,rADA_simulated,drug_naive,false,
ID30-D1_Op2_3,ID30,D1_Op2,3,10.0627177143082,1.0,,simulated_assay,rADA_simulated,drug_naive,false,
ID30-D2_Op1_1,ID30,D2_Op1,1,10.7846340800268,1.0,,simulated_assay,rADA_simulated,drug_naive,false,
ID30-D2_Op1_2,ID30,D2_Op1,2,8.60958182859283,1.0,,simulated_assay,rADA_simulated,drug_naive,false,
ID30-D2_Op1_3,ID30,D2_Op1,3,9.42522642288057,1.0,,simulated_assay,rADA_simulated,drug_naive,false,
ID30-D2_Op2_1,ID30,D2_Op2,1,10.0627177143082,1.0,,simulated_assay,rADA_simulated,drug_naive,false,
ID30-D2_Op2_2,ID30,D2_Op2,2,9.97209053716516,1.0,,simulated_assay,rADA_simulated,drug_naive,false,
ID30-D2_Op2_3,ID30,D2_Op2,3,12.1471427885991,1.0,,simulated_assay,rADA_simulated,drug_naive,false,
ID30-D3_Op1_1,ID30,D3_Op1,1,7.70331005716201,1.0,,simulated_assay,rADA_simulated,drug_naive,false,
ID30-D3_Op1_2,ID30,D3_Op1,2,8.70020900573591,1.0,,simulated_assay,rADA_simulated,drug_naive,false,
ID30-D3_Op1_3,ID30,D3_Op1,3,10.3314981943114,1.0,,simulated_assay,rADA_simulated,drug_naive,false,
ID30-D3_Op2_1,ID30,D3_Op2,1,9.88146336002208,1.0,,simulated_assay,rADA_simulated,drug_naive,false,
ID30-D3_Op2_2,ID30,D3_Op2,2,11.965888434313,1.0,,simulated_assay,rADA_simulated,drug_naive,false,
ID30-D3_Op2_3,ID30,D3_Op2,3,9.51895465144975,1.0,,simulated_assay,rADA_simulated,drug_naive,false,
ID31-D1_Op1_1,ID31,D1_Op1,1,12.9260253260469,1.0,,simulated_assay,rADA_simulated,drug_naive,false,
ID31-D1_Op1_2,ID31,D1_Op1,2,11.6587679411404,1.0,,simulated_assay,rADA_simulated,drug_naive,false,
ID31-D1_Op1_3,ID31,D1_Op1,3,14.1932827109535,1.0,,simulated_assay,rADA_simulated,drug_naive,false,
ID31-D1_Op2_1,ID31,D1_Op2,1,11.8984135101964,1.0,,simulated_assay,rADA_simulated,drug_naive,false,
ID31-D1_Op2_2,ID31,D1_Op2,2,15.1932827109535,1.0,,simulated_assay,rADA_simulated,drug_naive,false,
ID31-D1_Op2_3,ID31,D1_Op2,3,12.4053164641591,1.0,,simulated_assay,rADA_simulated,drug_naive,false,
ID31-D2_Op1_1,ID31,D2_Op1,1,12.545848110575,1.0,,simulated_assay,rADA_simulated,drug_naive,false,
ID31-D2_Op1_2,ID31,D2_Op1,2,12.545848110575,1.0,,simulated_assay,rADA_simulated,drug_naive,false,
ID31-D2_Op1_3,ID31,D2_Op1,3,14.9536371418974,1.0,,simulated_assay,rADA_simulated,drug_naive,false,
ID31-D2_Op2_1,ID31,D2_Op2,1,12.0251392486871,1.0,,simulated_assay,rADA_simulated,drug_naive,false,
ID31-D2_Op2_2,ID31,D2_Op2,2,14.8131054954815,1.0,,simulated_assay,rADA_simulated,drug_naive,false,
ID31-D2_Op2_3,ID31,D2_Op2,3,15.9536371418974,1.0,,simulated_assay,rADA_simulated,drug_naive,false,
ID31-D3_Op1_1,ID31,D3_Op1,1,13.6863797569909,1.0,,simulated_assay,rADA_simulated,drug_naive,false,
ID31-D3_Op1_2,ID31,D3_Op1,2,15.5872658343507,1.0,,simulated_assay,rADA_simulated,drug_naive,false,
ID31-D3_Op1_3,ID31,D3_Op1,3,12.4191223720843,1.0,,simulated_assay,rADA_simulated,drug_naive,false,
ID31-D3_Op2_1,ID31,D3_Op2,1,12.0251392486871,1.0,,simulated_assay,rADA_simulated,drug_naive,false,
ID31-D3_Op2_2,ID31,D3_Op2,2,15.7001856649161,1.0,,simulated_assay,rADA_simulated,drug_naive,false,
ID31-D3_Op2_3,ID31,D3_Op2,3,16.2070886188787,1.0,,simulated_assay,rADA_simulated,drug_naive,false,
ID32-D1_Op1_1,ID32,D1_Op1,1,9.61888154196304,1.0,,simulated_assay,rADA_simulated,drug_naive,false,
ID32-D1_Op1_2,ID32,D1_Op1,2,12.6564230815303,1.0,,simulated_assay,rADA_simulated,drug_naive,false,
ID32-D1_Op1_3,ID32,D1_Op1,3,10.2263898498765,1.0,,simulated_assay,rADA_simulated,drug_naive,false,
ID32-D1_Op2_1,ID32,D1_Op2,1,10.0113732340496,1.0,,simulated_assay,rADA_simulated,drug_naive,false,
ID32-D1_Op2_2,ID32,D1_Op2,2,12.5426578503556,1.0,,simulated_assay,rADA_simulated,drug_naive,false,
ID32-D1_Op2_3,ID32,D1_Op2,3,9.70761908009285,1.0,,simulated_assay,rADA_simulated,drug_naive,false,
ID32-D2_Op1_1,ID32,D2_Op1,1,10.5301440038332,1.0,,simulated_assay,rADA_simulated,drug_naive,false,
ID32-D2_Op1_2,ID32,D2_Op1,2,9.31512738800631,1.0,,simulated_assay,rADA_simulated,drug_naive,false,
ID32-D2_Op1_3,ID32,D2_Op1,3,9.82138431126752,1.0,,simulated_assay,rADA_simulated,drug_naive,false,
ID32-D2_Op2_1,ID32,D2_Op2,1,12.9476633889646,1.0,,simulated_assay,rADA_simulated,drug_naive,false,
ID32-D2_Op2_2,ID32,D2_Op2,2,11.023887080572,1.0,,simulated_assay,rADA_simulated,drug_naive,false,
ID32-D2_Op2_3,ID32,D2_Op2,3,12.0364009270944,1.0,,simulated_assay,rADA_simulated,drug_naive,false,
ID32-D3_Op1_1,ID32,D3_Op1,1,8.30261354148388,1.0,,simulated_assay,rADA_simulated,drug_naive,false,
ID32-D3_Op1_2,ID32,D3_Op1,2,11.0364009270944,1.0,,simulated_assay,rADA_simulated,drug_naive,false,
ID32-D3_Op1_3,ID32,D3_Op1,3,9.21387600335407,1.0,,simulated_assay,rADA_simulated,drug_naive,false,
ID32-D3_Op2_1,ID32,D3_Op2,1,11.3276412345287,1.0,,simulated_assay,rADA_simulated,drug_naive,false,
ID32-D3_Op2_2,ID32,D3_Op2,2,13.3526689275736,1.0,,simulated_assay,rADA_simulated,drug_naive,false,
ID32-D3_Op2_3,ID32,D3_Op2,3,10.2138760033541,1.0,,simulated_assay,rADA_simulated,drug_naive,false,
ID33-D1_Op1_1,ID33,D1_Op1,1,4.73857995012361,1.0,,simulated_assay,rADA_simulated,drug_naive,false,
ID33-D1_Op1_2,ID33,D1_Op1,2,3.7724617078654,1.0,,simulated_assay,rADA_simulated,drug_naive,false,
ID33-D1_Op1_3,ID33,D1_Op1,3,5.42866440887948,1.0,,simulated_assay,rADA_simulated,drug_naive,false,
ID33-D1_Op2_1,ID33,D1_Op2,1,5.78458558070734,1.0,,simulated_assay,rADA_simulated,drug_naive,false,
ID33-D1_Op2_2,ID33,D1_Op2,2,6.24464188654458,1.0,,simulated_assay,rADA_simulated,drug_naive,false,
ID33-D1_Op2_3,ID33,D1_Op2,3,6.52067567004693,1.0,,simulated_assay,rADA_simulated,drug_naive,false,
ID33-D2_Op1_1,ID33,D2_Op1,1,4.64656868895616,1.0,,simulated_assay,rADA_simulated,drug_naive,false,
ID33-D2_Op1_2,ID33,D2_Op1,2,4.50855179720499,1.0,,simulated_assay,rADA_simulated,drug_naive,false,
ID33-D2_Op1_3,ID33,D2_Op1,3,4.60056305837244,1.0,,simulated_assay,rADA_simulated,drug_naive,false,
ID33-D2_Op2_1,ID33,D2_Op2,1,5.55455742778871,1.0,,simulated_assay,rADA_simulated,drug_naive,false,
ID33-D2_Op2_2,ID33,D2_Op2,2,5.23251801370264,1.0,,simulated_assay,rADA_simulated,drug_naive,false,
ID33-D2_Op2_3,ID33,D2_Op2,3,6.01461373362596,1.0,,simulated_assay,rADA_simulated,drug_naive,false,
ID33-D3_Op1_1,ID33,D3_Op1,1,4.04849549136775,1.0,,simulated_assay,rADA_simulated,drug_naive,false,
ID33-D3_Op1_2,ID33,D3_Op1,2,4.96860810304223,1.0,,simulated_assay,rADA_simulated,drug_naive,false,
ID33-D3_Op1_3,ID33,D3_Op1,3,4.92260247245851,1.0,,simulated_assay,rADA_simulated,drug_naive,false,
ID33-D3_Op2_1,ID33,D3_Op2,1,5.18651238311892,1.0,,simulated_assay,rADA_simulated,drug_naive,false,
ID33-D3_Op2_2,ID33,D3_Op2,2,6.70469819238182,1.0,,simulated_assay,rADA_simulated,drug_naive,false,
ID33-D3_Op2_3,ID33,D3_Op2,3,5.55455742778871,1.0,,simulated_assay,rADA_simulated,drug_naive,false,
ID34-D1_Op1_1,ID34,D1_Op1,1,4.2801195591828,1.0,,simulated_assay,rADA_simulated,drug_naive,false,
ID34-D1_Op1_2,ID34,D1_Op1,2,4.44163350481234,1.0,,simulated_assay,rADA_simulated,drug_naive,false,
ID34-D1_Op1_3,ID34,D1_Op1,3,4.2801195591828,1.0,,simulated_assay,rADA_simulated,drug_naive,false,
ID34-D1_Op2_1,ID34,D1_Op2,1,6.04731080092311,1.0,,simulated_assay,rADA_simulated,drug_naive,false,
ID34-D1_Op2_2,ID34,D1_Op2,2,5.64352593684926,1.0,,simulated_assay,rADA_simulated,drug_naive,false,
ID34-D1_Op2_3,ID34,D1_Op2,3,5.15898409996064,1.0,,simulated_assay,rADA_simulated,drug_naive,false,
ID34-D2_Op1_1,ID34,D2_Op1,1,4.72428290966403,1.0,,simulated_assay,rADA_simulated,drug_naive,false,
ID34-D2_Op1_2,ID34,D2_Op1,2,3.55330680384987,1.0,,simulated_assay,rADA_simulated,drug_naive,false,
ID34-D2_Op1_3,ID34,D2_Op1,3,3.95709166792372,1.0,,simulated_assay,rADA_simulated,drug_naive,false,
ID34-D2_Op2_1,ID34,D2_Op2,1,4.95709166792372,1.0,,simulated_assay,rADA_simulated,drug_naive,false,
ID34-D2_Op2_2,ID34,D2_Op2,2,4.31103588540556,1.0,,simulated_assay,rADA_simulated,drug_naive,false,
ID34-D2_Op2_3,ID34,D2_Op2,3,5.11860561355326,1.0,,simulated_assay,rADA_simulated,drug_naive,false,
ID34-D3_Op1_1,ID34,D3_Op1,1,4.60314745044188,1.0,,simulated_assay,rADA_simulated,drug_naive,false,
ID34-D3_Op1_2,ID34,D3_Op1,2,3.35141437181295,1.0,,simulated_assay,rADA_simulated,drug_naive,false,
ID34-D3_Op1_3,ID34,D3_Op1,3,3.79557772229418,1.0,,simulated_assay,rADA_simulated,drug_naive,false,
ID34-D3_Op2_1,ID34,D3_Op2,1,4.18990042618341,1.0,,simulated_assay,rADA_simulated,drug_naive,false,
ID34-D3_Op2_2,ID34,D3_Op2,2,5.23974107277541,1.0,,simulated_assay,rADA_simulated,drug_naive,false,
ID34-D3_Op2_3,ID34,D3_Op2,3,5.19936258636803,1.0,,simulated_assay,rADA_simulated,drug_naive,false,
ID35-D1_Op1_1,ID35,D1_Op1,1,8.20559086586369,1.0,,simulated_assay,rADA_simulated,drug_naive,false,
ID35-D1_Op1_2,ID35,D1_Op1,2,12.3590380942638,1.0,,simulated_assay,rADA_simulated,drug_naive,false,
ID35-D1_Op1_3,ID35,D1_Op1,3,8.81341241148322,1.0,,simulated_assay,rADA_simulated,drug_naive,false,
ID35-D1_Op2_1,ID35,D1_Op2,1,10.117323184293,1.0,,simulated_assay,rADA_simulated,drug_naive,false,
ID35-D1_Op2_2,ID35,D1_Op2,2,12.6499129577077,1.0,,simulated_assay,rADA_simulated,drug_naive,false,
ID35-D1_Op2_3,ID35,D1_Op2,3,11.2316626845955,1.0,,simulated_assay,rADA_simulated,drug_naive,false,
ID35-D2_Op1_1,ID35,D2_Op1,1,8.61080522961005,1.0,,simulated_assay,rADA_simulated,drug_naive,false,
ID35-D2_Op1_2,ID35,D2_Op1,2,11.6499129577077,1.0,,simulated_assay,rADA_simulated,drug_naive,false,
ID35-D2_Op1_3,ID35,D2_Op1,3,11.5486093667711,1.0,,simulated_assay,rADA_simulated,drug_naive,false,
ID35-D2_Op2_1,ID35,D2_Op2,1,13.0551273214541,1.0,,simulated_assay,rADA_simulated,drug_naive,false,
ID35-D2_Op2_2,ID35,D2_Op2,2,9.71210882054664,1.0,,simulated_assay,rADA_simulated,drug_naive,false,
ID35-D2_Op2_3,ID35,D2_Op2,3,13.0551273214541,1.0,,simulated_assay,rADA_simulated,drug_naive,false,
ID35-D3_Op1_1,ID35,D3_Op1,1,11.2446985939614,1.0,,simulated_assay,rADA_simulated,drug_naive,false,
ID35-D3_Op1_2,ID35,D3_Op1,2,12.6629488670736,1.0,,simulated_assay,rADA_simulated,drug_naive,false,
ID35-D3_Op1_3,ID35,D3_Op1,3,9.31993036616617,1.0,,simulated_assay,rADA_simulated,drug_naive,false,
ID35-D3_Op2_1,ID35,D3_Op2,1,13.1564309123907,1.0,,simulated_assay,rADA_simulated,drug_naive,false,
ID35-D3_Op2_2,ID35,D3_Op2,2,9.71210882054664,1.0,,simulated_assay,rADA_simulated,drug_naive,false,
ID35-D3_Op2_3,ID35,D3_Op2,3,9.91471600241981,1.0,,simulated_assay,rADA_simulated,drug_naive,false,
ID36-D1_Op1_1,ID36,D1_Op1,1,8.86332752962239,1.0,,simulated_assay,rADA_simulated,drug_naive,false,
ID36-D1_Op1_2,ID36,D1_Op1,2,11.2718404452806,1.0,,simulated_assay,rADA_simulated,drug_naive,false,
ID36-D1_Op1_3,ID36,D1_Op1,3,8.95966804624872,1.0,,simulated_assay,rADA_simulated,drug_naive,false,
ID36-D1_Op2_1,ID36,D1_Op2,1,9.86332752962239,1.0,,simulated_assay,rADA_simulated,drug_naive,false,
ID36-D1_Op2_2,ID36,D1_Op2,2,10.056008562875,1.0,,simulated_assay,rADA_simulated,drug_naive,false,
ID36-D1_Op2_3,ID36,D1_Op2,3,12.1754999286543,1.0,,simulated_assay,rADA_simulated,drug_naive,false,
ID36-D2_Op1_1,ID36,D2_Op1,1,8.95966804624872,1.0,,simulated_assay,rADA_simulated,drug_naive,false,
ID36-D2_Op1_2,ID36,D2_Op1,2,7.51456029685377,1.0,,simulated_assay,rADA_simulated,drug_naive,false,
ID36-D2_Op1_3,ID36,D2_Op1,3,11.657202511786,1.0,,simulated_assay,rADA_simulated,drug_naive,false,
ID36-D2_Op2_1,ID36,D2_Op2,1,9.95966804624872,1.0,,simulated_assay,rADA_simulated,drug_naive,false,
ID36-D2_Op2_2,ID36,D2_Op2,2,9.28528442986441,1.0,,simulated_assay,rADA_simulated,drug_naive,false,
ID36-D2_Op2_3,ID36,D2_Op2,3,11.3084352790173,1.0,,simulated_assay,rADA_simulated,drug_naive,false,
ID36-D3_Op1_1,ID36,D3_Op1,1,11.8498835450386,1.0,,simulated_assay,rADA_simulated,drug_naive,false,
ID36-D3_Op1_2,ID36,D3_Op1,2,9.05600856287505,1.0,,simulated_assay,rADA_simulated,drug_naive,false,
ID36-D3_Op1_3,ID36,D3_Op1,3,11.368180961907,1.0,,simulated_assay,rADA_simulated,drug_naive,false,
ID36-D3_Op2_1,ID36,D3_Op2,1,13.0425645782913,1.0,,simulated_assay,rADA_simulated,drug_naive,false,
ID36-D3_Op2_2,ID36,D3_Op2,2,13.0425645782913,1.0,,simulated_assay,rADA_simulated,drug_naive,false,
ID36-D3_Op2_3,ID36,D3_Op2,3,8.22553874697477,1.0,,simulated_assay,rADA_simulated,drug_naive,false,
ID37-D1_Op1_1,ID37,D1_Op1,1,5.62868877269313,1.0,,simulated_assay,rADA_simulated,drug_naive,false,
ID37-D1_Op1_2,ID37,D1_Op1,2,8.02088150108771,1.0,,simulated_assay,rADA_simulated,drug_naive,false,
ID37-D1_Op1_3,ID37,D1_Op1,3,6.40263347893844,1.0,,simulated_assay,rADA_simulated,drug_naive,false,
ID37-D1_Op2_1,ID37,D1_Op2,1,6.41761294371714,1.0,,simulated_assay,rADA_simulated,drug_naive,false,
ID37-D1_Op2_2,ID37,D1_Op2,2,7.26191625962111,1.0,,simulated_assay,rADA_simulated,drug_naive,false,
ID37-D1_Op2_3,ID37,D1_Op2,3,7.4729920885971,1.0,,simulated_assay,rADA_simulated,drug_naive,false,
ID37-D2_Op1_1,ID37,D2_Op1,1,6.26191625962111,1.0,,simulated_assay,rADA_simulated,drug_naive,false,
ID37-D2_Op1_2,ID37,D2_Op1,2,8.65410898801569,1.0,,simulated_assay,rADA_simulated,drug_naive,false,
ID37-D2_Op1_3,ID37,D2_Op1,3,8.02088150108771,1.0,,simulated_assay,rADA_simulated,drug_naive,false,
ID37-D2_Op2_1,ID37,D2_Op2,1,7.75442652723176,1.0,,simulated_assay,rADA_simulated,drug_naive,false,
ID37-D2_Op2_2,ID37,D2_Op2,2,9.51339176869836,1.0,,simulated_assay,rADA_simulated,drug_naive,false,
ID37-D2_Op2_3,ID37,D2_Op2,3,9.4430331590397,1.0,,simulated_assay,rADA_simulated,drug_naive,false,
ID37-D3_Op1_1,ID37,D3_Op1,1,6.68406791757309,1.0,,simulated_assay,rADA_simulated,drug_naive,false,
ID37-D3_Op1_2,ID37,D3_Op1,2,8.72446759767435,1.0,,simulated_assay,rADA_simulated,drug_naive,false,
ID37-D3_Op1_3,ID37,D3_Op1,3,8.72446759767435,1.0,,simulated_assay,rADA_simulated,drug_naive,false,
ID37-D3_Op2_1,ID37,D3_Op2,1,7.4729920885971,1.0,,simulated_assay,rADA_simulated,drug_naive,false,
ID37-D3_Op2_2,ID37,D3_Op2,2,9.16159872040504,1.0,,simulated_assay,rADA_simulated,drug_naive,false,
ID37-D3_Op2_3,ID37,D3_Op2,3,6.62868877269313,1.0,,simulated_assay,rADA_simulated,drug_naive,false,
ID38-D1_Op1_1,ID38,D1_Op1,1,7.5352676420931,1.0,,simulated_assay,rADA_simulated,drug_naive,false,
ID38-D1_Op1_2,ID38,D1_Op1,2,7.46281314553451,1.0,,simulated_assay,rADA_simulated,drug_naive,false,
ID38-D1_Op1_3,ID38,D1_Op1,3,7.31790415241733,1.0,,simulated_assay,rADA_simulated,drug_naive,false,
ID38-D1_Op2_1,ID38,D1_Op2,1,6.57899623501123,1.0,,simulated_assay,rADA_simulated,drug_naive,false,
ID38-D1_Op2_2,ID38,D1_Op2,2,9.83944858014767,1.0,,simulated_assay,rADA_simulated,drug_naive,false,
ID38-D1_Op2_3,ID38,D1_Op2,3,8.60772213865168,1.0,,simulated_assay,rADA_simulated,drug_naive,false,
ID38-D2_Op1_1,ID38,D2_Op1,1,7.60772213865168,1.0,,simulated_assay,rADA_simulated,drug_naive,false,
ID38-D2_Op1_2,ID38,D2_Op1,2,8.91190307670626,1.0,,simulated_assay,rADA_simulated,drug_naive,false,
ID38-D2_Op1_3,ID38,D2_Op1,3,6.59335918683146,1.0,,simulated_assay,rADA_simulated,drug_naive,false,
ID38-D2_Op2_1,ID38,D2_Op2,1,6.86881422124558,1.0,,simulated_assay,rADA_simulated,drug_naive,false,
ID38-D2_Op2_2,ID38,D2_Op2,2,7.66581368339005,1.0,,simulated_assay,rADA_simulated,drug_naive,false,
ID38-D2_Op2_3,ID38,D2_Op2,3,7.59335918683146,1.0,,simulated_assay,rADA_simulated,drug_naive,false,
ID38-D3_Op1_1,ID38,D3_Op1,1,7.68017663521027,1.0,,simulated_assay,rADA_simulated,drug_naive,false,
ID38-D3_Op1_2,ID38,D3_Op1,2,6.59335918683146,1.0,,simulated_assay,rADA_simulated,drug_naive,false,
ID38-D3_Op1_3,ID38,D3_Op1,3,5.57899623501123,1.0,,simulated_assay,rADA_simulated,drug_naive,false,
ID38-D3_Op2_1,ID38,D3_Op2,1,9.40472160079615,1.0,,simulated_assay,rADA_simulated,drug_naive,false,
ID38-D3_Op2_2,ID38,D3_Op2,2,7.59335918683146,1.0,,simulated_assay,rADA_simulated,drug_naive,false,
ID38-D3_Op2_3,ID38,D3_Op2,3,9.47717609735473,1.0,,simulated_assay,rADA_simulated,drug_naive,false,
ID39-D1_Op1_1,ID39,D1_Op1,1,11.1995229783524,1.0,,simulated_assay,rADA_simulated,drug_naive,false,
ID39-D1_Op1_2,ID39,D1_Op1,2,11.4353024094756,1.0,,simulated_assay,rADA_simulated,drug_naive,false,
ID39-D1_Op1_3,ID39,D1_Op1,3,9.43117724492837,1.0,,simulated_assay,rADA_simulated,drug_naive,false,
ID39-D1_Op2_1,ID39,D1_Op2,1,13.0247509872837,1.0,,simulated_assay,rADA_simulated,drug_naive,false,
ID39-D1_Op2_2,ID39,D1_Op2,2,13.8499789962149,1.0,,simulated_assay,rADA_simulated,drug_naive,false,
ID39-D1_Op2_3,ID39,D1_Op2,3,11.8458538316676,1.0,,simulated_assay,rADA_simulated,drug_naive,false,
ID39-D2_Op1_1,ID39,D2_Op1,1,13.2036481428997,1.0,,simulated_assay,rADA_simulated,drug_naive,false,
ID39-D2_Op1_2,ID39,D2_Op1,2,11.7889715561605,1.0,,simulated_assay,rADA_simulated,drug_naive,false,
ID39-D2_Op1_3,ID39,D2_Op1,3,13.5573172895845,1.0,,simulated_assay,rADA_simulated,drug_naive,false,
ID39-D2_Op2_1,ID39,D2_Op2,1,14.9109864362693,1.0,,simulated_assay,rADA_simulated,drug_naive,false,
ID39-D2_Op2_2,ID39,D2_Op2,2,10.6669566760516,1.0,,simulated_assay,rADA_simulated,drug_naive,false,
ID39-D2_Op2_3,ID39,D2_Op2,3,9.84172866712035,1.0,,simulated_assay,rADA_simulated,drug_naive,false,
ID39-D3_Op1_1,ID39,D3_Op1,1,10.6100744005444,1.0,,simulated_assay,rADA_simulated,drug_naive,false,
ID39-D3_Op1_2,ID39,D3_Op1,2,9.07750809824356,1.0,,simulated_assay,rADA_simulated,drug_naive,false,
ID39-D3_Op1_3,ID39,D3_Op1,3,14.5004350140774,1.0,,simulated_assay,rADA_simulated,drug_naive,false,
ID39-D3_Op2_1,ID39,D3_Op2,1,12.0816332627908,1.0,,simulated_assay,rADA_simulated,drug_naive,false,
ID39-D3_Op2_2,ID39,D3_Op2,2,10.6669566760516,1.0,,simulated_assay,rADA_simulated,drug_naive,false,
ID39-D3_Op2_3,ID39,D3_Op2,3,11.3742949694212,1.0,,simulated_assay,rADA_simulated,drug_naive,false,
ID40-D1_Op1_1,ID40,D1_Op1,1,7.35448840514449,1.0,,simulated_assay,rADA_simulated,drug_naive,false,
ID40-D1_Op1_2,ID40,D1_Op1,2,9.23223012560691,1.0,,simulated_assay,rADA_simulated,drug_naive,false,
ID40-D1_Op1_3,ID40,D1_Op1,3,6.65033525997108,1.0,,simulated_assay,rADA_simulated,drug_naive,false,
ID40-D1_Op2_1,ID40,D1_Op2,1,7.72857449832368,1.0,,simulated_assay,rADA_simulated,drug_naive,false,
ID40-D1_Op2_2,ID40,D1_Op2,2,9.0586415503179,1.0,,simulated_assay,rADA_simulated,drug_naive,false,
ID40-D1_Op2_3,ID40,D1_Op2,3,8.35448840514449,1.0,,simulated_assay,rADA_simulated,drug_naive,false,
ID40-D2_Op1_1,ID40,D2_Op1,1,7.43272764349709,1.0,,simulated_assay,rADA_simulated,drug_naive,false,
ID40-D2_Op1_2,ID40,D2_Op1,2,9.70166555572252,1.0,,simulated_assay,rADA_simulated,drug_naive,false,
ID40-D2_Op1_3,ID40,D2_Op1,3,7.43272764349709,1.0,,simulated_assay,rADA_simulated,drug_naive,false,
ID40-D2_Op2_1,ID40,D2_Op2,1,9.84103393384391,1.0,,simulated_assay,rADA_simulated,drug_naive,false,
ID40-D2_Op2_2,ID40,D2_Op2,2,7.33737830656068,1.0,,simulated_assay,rADA_simulated,drug_naive,false,
ID40-D2_Op2_3,ID40,D2_Op2,3,8.43272764349709,1.0,,simulated_assay,rADA_simulated,drug_naive,false,
ID40-D3_Op1_1,ID40,D3_Op1,1,7.7456845969075,1.0,,simulated_assay,rADA_simulated,drug_naive,false,
ID40-D3_Op1_2,ID40,D3_Op1,2,8.2151200270231,1.0,,simulated_assay,rADA_simulated,drug_naive,false,
ID40-D3_Op1_3,ID40,D3_Op1,3,8.60631621878611,1.0,,simulated_assay,rADA_simulated,drug_naive,false,
ID40-D3_Op2_1,ID40,D3_Op2,1,9.5280769804335,1.0,,simulated_assay,rADA_simulated,drug_naive,false,
ID40-D3_Op2_2,ID40,D3_Op2,2,9.84103393384391,1.0,,simulated_assay,rADA_simulated,drug_naive,false,
ID40-D3_Op2_3,ID40,D3_Op2,3,7.57209602161848,1.0,,simulated_assay,rADA_simulated,drug_naive,false,
ID41-D1_Op1_1,ID41,D1_Op1,1,5.65183158725196,1.0,,simulated_assay,rADA_simulated,drug_naive,false,
ID41-D1_Op1_2,ID41,D1_Op1,2,5.15314056484738,1.0,,simulated_assay,rADA_simulated,drug_naive,false,
ID41-D1_Op1_3,ID41,D1_Op1,3,5.43019113284993,1.0,,simulated_assay,rADA_simulated,drug_naive,false,
ID41-D1_Op2_1,ID41,D1_Op2,1,6.09773045124687,1.0,,simulated_assay,rADA_simulated,drug_naive,false,
ID41-D1_Op2_2,ID41,D1_Op2,2,5.32198886083974,1.0,,simulated_assay,rADA_simulated,drug_naive,false,
ID41-D1_Op2_3,ID41,D1_Op2,3,6.59642147365146,1.0,,simulated_assay,rADA_simulated,drug_naive,false,
ID41-D2_Op1_1,ID41,D2_Op1,1,4.98691022404585,1.0,,simulated_assay,rADA_simulated,drug_naive,false,
ID41-D2_Op1_2,ID41,D2_Op1,2,6.15052260965655,1.0,,simulated_assay,rADA_simulated,drug_naive,false,
ID41-D2_Op1_3,ID41,D2_Op1,3,5.48560124645044,1.0,,simulated_assay,rADA_simulated,drug_naive,false,
ID41-D2_Op2_1,ID41,D2_Op2,1,5.54362931524178,1.0,,simulated_assay,rADA_simulated,drug_naive,false,
ID41-D2_Op2_2,ID41,D2_Op2,2,7.31675295045808,1.0,,simulated_assay,rADA_simulated,drug_naive,false,
ID41-D2_Op2_3,ID41,D2_Op2,3,5.82067988324432,1.0,,simulated_assay,rADA_simulated,drug_naive,false,
ID41-D3_Op1_1,ID41,D3_Op1,1,5.2639607920484,1.0,,simulated_assay,rADA_simulated,drug_naive,false,
ID41-D3_Op1_2,ID41,D3_Op1,2,6.4275731776591,1.0,,simulated_assay,rADA_simulated,drug_naive,false,
ID41-D3_Op1_3,ID41,D3_Op1,3,5.81806192805349,1.0,,simulated_assay,rADA_simulated,drug_naive,false,
ID41-D3_Op2_1,ID41,D3_Op2,1,5.59903942884228,1.0,,simulated_assay,rADA_simulated,drug_naive,false,
ID41-D3_Op2_2,ID41,D3_Op2,2,7.64921363206113,1.0,,simulated_assay,rADA_simulated,drug_naive,false,
ID41-D3_Op2_3,ID41,D3_Op2,3,7.81544397286266,1.0,,simulated_assay,rADA_simulated,drug_naive,false,
ID42-D1_Op1_1,ID42,D1_Op1,1,5.92541762669648,1.0,,simulated_assay,rADA_simulated,drug_naive,false,
ID42-D1_Op1_2,ID42,D1_Op1,2,7.00276628609584,1.0,,simulated_assay,rADA_simulated,drug_naive,false,
ID42-D1_Op1_3,ID42,D1_Op1,3,8.01278065428274,1.0,,simulated_assay,rADA_simulated,drug_naive,false,
ID42-D1_Op2_1,ID42,D1_Op2,1,6.31940900578434,1.0,,simulated_assay,rADA_simulated,drug_naive,false,
ID42-D1_Op2_2,ID42,D1_Op2,2,8.13743486852076,1.0,,simulated_assay,rADA_simulated,drug_naive,false,
ID42-D1_Op2_3,ID42,D1_Op2,3,9.21478352792012,1.0,,simulated_assay,rADA_simulated,drug_naive,false,
ID42-D2_Op1_1,ID42,D2_Op1,1,5.3867432969968,1.0,,simulated_assay,rADA_simulated,drug_naive,false,
ID42-D2_Op1_2,ID42,D2_Op1,2,7.4067720333706,1.0,,simulated_assay,rADA_simulated,drug_naive,false,
ID42-D2_Op1_3,ID42,D2_Op1,3,8.34945211034504,1.0,,simulated_assay,rADA_simulated,drug_naive,false,
ID42-D2_Op2_1,ID42,D2_Op2,1,6.52141187942172,1.0,,simulated_assay,rADA_simulated,drug_naive,false,
ID42-D2_Op2_2,ID42,D2_Op2,2,8.47410632458307,1.0,,simulated_assay,rADA_simulated,drug_naive,false,
ID42-D2_Op2_3,ID42,D2_Op2,3,8.27210345094568,1.0,,simulated_assay,rADA_simulated,drug_naive,false,
ID42-D3_Op1_1,ID42,D3_Op1,1,7.33943774215814,1.0,,simulated_assay,rADA_simulated,drug_naive,false,
ID42-D3_Op1_2,ID42,D3_Op1,2,7.87811207185782,1.0,,simulated_assay,rADA_simulated,drug_naive,false,
ID42-D3_Op1_3,ID42,D3_Op1,3,7.87811207185782,1.0,,simulated_assay,rADA_simulated,drug_naive,false,
ID42-D3_Op2_1,ID42,D3_Op2,1,8.00276628609584,1.0,,simulated_assay,rADA_simulated,drug_naive,false,
ID42-D3_Op2_2,ID42,D3_Op2,2,7.0600862091214,1.0,,simulated_assay,rADA_simulated,drug_naive,false,
ID42-D3_Op2_3,ID42,D3_Op2,3,6.25207471457188,1.0,,simulated_assay,rADA_simulated,drug_naive,false,
ID43-D1_Op1_1,ID43,D1_Op1,1,9.95963652518926,1.0,,simulated_assay,rADA_simulated,drug_naive,false,
ID43-D1_Op1_2,ID43,D1_Op1,2,7.91872740117507,1.0,,simulated_assay,rADA_simulated,drug_naive,false,
ID43-D1_Op1_3,ID43,D1_Op1,3,8.00036376613564,1.0,,simulated_assay,rADA_simulated,drug_naive,false,
ID43-D1_Op2_1,ID43,D1_Op2,1,8.51054557637223,1.0,,simulated_assay,rADA_simulated,drug_naive,false,
ID43-D1_Op2_2,ID43,D1_Op2,2,10.061636510623,1.0,,simulated_assay,rADA_simulated,drug_naive,false,
ID43-D1_Op2_3,ID43,D1_Op2,3,7.85745465668769,1.0,,simulated_assay,rADA_simulated,drug_naive,false,
ID43-D2_Op1_1,ID43,D2_Op1,1,8.89836378070188,1.0,,simulated_assay,rADA_simulated,drug_naive,false,
ID43-D2_Op1_2,ID43,D2_Op1,2,6.36763646692428,1.0,,simulated_assay,rADA_simulated,drug_naive,false,
ID43-D2_Op1_3,ID43,D2_Op1,3,6.61254556180598,1.0,,simulated_assay,rADA_simulated,drug_naive,false,
ID43-D2_Op2_1,ID43,D2_Op2,1,9.24527286101734,1.0,,simulated_assay,rADA_simulated,drug_naive,false,
ID43-D2_Op2_2,ID43,D2_Op2,2,7.28600010196371,1.0,,simulated_assay,rADA_simulated,drug_naive,false,
ID43-D2_Op2_3,ID43,D2_Op2,3,11.204545620071,1.0,,simulated_assay,rADA_simulated,drug_naive,false,
ID43-D3_Op1_1,ID43,D3_Op1,1,8.65345468582018,1.0,,simulated_assay,rADA_simulated,drug_naive,false,
ID43-D3_Op1_2,ID43,D3_Op1,2,9.06163651062302,1.0,,simulated_assay,rADA_simulated,drug_naive,false,
ID43-D3_Op1_3,ID43,D3_Op1,3,7.42890921141166,1.0,,simulated_assay,rADA_simulated,drug_naive,false,
ID43-D3_Op2_1,ID43,D3_Op2,1,11.1229092551104,1.0,,simulated_assay,rADA_simulated,drug_naive,false,
ID43-D3_Op2_2,ID43,D3_Op2,2,7.53090919684542,1.0,,simulated_assay,rADA_simulated,drug_naive,false,
ID43-D3_Op2_3,ID43,D3_Op2,3,7.85745465668769,1.0,,simulated_assay,rADA_simulated,drug_naive,false,
ID44-D1_Op1_1,ID44,D1_Op1,1,9.7732435841538,1.0,,simulated_assay,rADA_simulated,drug_naive,false,
ID44-D1_Op1_2,ID44,D1_Op1,2,9.33887720263585,1.0,,simulated_assay,rADA_simulated,drug_naive,false,
ID44-D1_Op1_3,ID44,D1_Op1,3,10.6419763471897,1.0,,simulated_assay,rADA_simulated,drug_naive,false,
ID44-D1_Op2_1,ID44,D1_Op2,1,12.0763427287076,1.0,,simulated_assay,rADA_simulated,drug_naive,false,
ID44-D1_Op2_2,ID44,D1_Op2,2,12.5107091102256,1.0,,simulated_assay,rADA_simulated,drug_naive,false,
ID44-D1_Op2_3,ID44,D1_Op2,3,13.3794418732615,1.0,,simulated_assay,rADA_simulated,drug_naive,false,
ID44-D2_Op1_1,ID44,D2_Op1,1,12.488033468641,1.0,,simulated_assay,rADA_simulated,drug_naive,false,
ID44-D2_Op1_2,ID44,D2_Op1,2,9.12169401187688,1.0,,simulated_assay,rADA_simulated,drug_naive,false,
ID44-D2_Op1_3,ID44,D2_Op1,3,9.88183517953329,1.0,,simulated_assay,rADA_simulated,drug_naive,false,
ID44-D2_Op2_1,ID44,D2_Op2,1,10.2302856072564,1.0,,simulated_assay,rADA_simulated,drug_naive,false,
ID44-D2_Op2_2,ID44,D2_Op2,2,9.79591922573842,1.0,,simulated_assay,rADA_simulated,drug_naive,false,
ID44-D2_Op2_3,ID44,D2_Op2,3,9.36155284422047,1.0,,simulated_assay,rADA_simulated,drug_naive,false,
ID44-D3_Op1_1,ID44,D3_Op1,1,9.99042677491277,1.0,,simulated_assay,rADA_simulated,drug_naive,false,
ID44-D3_Op1_2,ID44,D3_Op1,2,12.270850277882,1.0,,simulated_assay,rADA_simulated,drug_naive,false,
ID44-D3_Op1_3,ID44,D3_Op1,3,10.2076099656717,1.0,,simulated_assay,rADA_simulated,drug_naive,false,
ID44-D3_Op2_1,ID44,D3_Op2,1,12.0763427287076,1.0,,simulated_assay,rADA_simulated,drug_naive,false,
ID44-D3_Op2_2,ID44,D3_Op2,2,12.5107091102256,1.0,,simulated_assay,rADA_simulated,drug_naive,false,
ID44-D3_Op2_3,ID44,D3_Op2,3,12.9450754917435,1.0,,simulated_assay,rADA_simulated,drug_naive,false,
ID45-D1_Op1_1,ID45,D1_Op1,1,8.01578154062614,1.0,,simulated_assay,rADA_simulated,drug_naive,false,
ID45-D1_Op1_2,ID45,D1_Op1,2,10.2423875241334,1.0,,simulated_assay,rADA_simulated,drug_naive,false,
ID45-D1_Op1_3,ID45,D1_Op1,3,10.1533232847931,1.0,,simulated_assay,rADA_simulated,drug_naive,false,
ID45-D1_Op2_1,ID45,D1_Op2,1,8.4813961045844,1.0,,simulated_assay,rADA_simulated,drug_naive,false,
ID45-D1_Op2_2,ID45,D1_Op2,2,9.28297425864701,1.0,,simulated_assay,rADA_simulated,drug_naive,false,
ID45-D1_Op2_3,ID45,D1_Op2,3,8.4813961045844,1.0,,simulated_assay,rADA_simulated,drug_naive,false,
ID45-D2_Op1_1,ID45,D2_Op1,1,10.1533232847931,1.0,,simulated_assay,rADA_simulated,drug_naive,false,
ID45-D2_Op1_2,ID45,D2_Op1,2,7.21420338656352,1.0,,simulated_assay,rADA_simulated,drug_naive,false,
ID45-D2_Op1_3,ID45,D2_Op1,3,11.043965678196,1.0,,simulated_assay,rADA_simulated,drug_naive,false,
ID45-D2_Op2_1,ID45,D2_Op2,1,9.55016697666788,1.0,,simulated_assay,rADA_simulated,drug_naive,false,
ID45-D2_Op2_2,ID45,D2_Op2,2,10.8861305667722,1.0,,simulated_assay,rADA_simulated,drug_naive,false,
ID45-D2_Op2_3,ID45,D2_Op2,3,8.74858882260527,1.0,,simulated_assay,rADA_simulated,drug_naive,false,
ID45-D3_Op1_1,ID45,D3_Op1,1,8.46110273732759,1.0,,simulated_assay,rADA_simulated,drug_naive,false,
ID45-D3_Op1_2,ID45,D3_Op1,2,9.52987360941108,1.0,,simulated_assay,rADA_simulated,drug_naive,false,
ID45-D3_Op1_3,ID45,D3_Op1,3,10.1533232847931,1.0,,simulated_assay,rADA_simulated,drug_naive,false,
ID45-D3_Op2_1,ID45,D3_Op2,1,8.65952458326498,1.0,,simulated_assay,rADA_simulated,drug_naive,false,
ID45-D3_Op2_2,ID45,D3_Op2,2,10.1736166520499,1.0,,simulated_assay,rADA_simulated,drug_naive,false,
ID45-D3_Op2_3,ID45,D3_Op2,3,8.21420338656353,1.0,,simulated_assay,rADA_simulated,drug_naive,false,
ID46-D1_Op1_1,ID46,D1_Op1,1,7.24075599562807,1.0,,simulated_assay,rADA_simulated,drug_naive,false,
ID46-D1_Op1_2,ID46,D1_Op1,2,6.76706167815708,1.0,,simulated_assay,rADA_simulated,drug_naive,false,
ID46-D1_Op1_3,ID46,D1_Op1,3,8.45882709769634,1.0,,simulated_assay,rADA_simulated,drug_naive,false,
ID46-D1_Op2_1,ID46,D1_Op2,1,9.18814463057006,1.0,,simulated_assay,rADA_simulated,drug_naive,false,
ID46-D1_Op2_2,ID46,D1_Op2,2,7.63172044459393,1.0,,simulated_assay,rADA_simulated,drug_naive,false,
ID46-D1_Op2_3,ID46,D1_Op2,3,9.18814463057006,1.0,,simulated_assay,rADA_simulated,drug_naive,false,
ID46-D2_Op1_1,ID46,D2_Op1,1,8.45882709769634,1.0,,simulated_assay,rADA_simulated,drug_naive,false,
ID46-D2_Op1_2,ID46,D2_Op1,2,8.25581524735163,1.0,,simulated_assay,rADA_simulated,drug_naive,false,
ID46-D2_Op1_3,ID46,D2_Op1,3,8.3234858641332,1.0,,simulated_assay,rADA_simulated,drug_naive,false,
ID46-D2_Op2_1,ID46,D2_Op2,1,7.63172044459393,1.0,,simulated_assay,rADA_simulated,drug_naive,false,
ID46-D2_Op2_2,ID46,D2_Op2,2,6.68433180965194,1.0,,simulated_assay,rADA_simulated,drug_naive,false,
ID46-D2_Op2_3,ID46,D2_Op2,3,9.45882709769634,1.0,,simulated_assay,rADA_simulated,drug_naive,false,
ID46-D3_Op1_1,ID46,D3_Op1,1,7.10541476206493,1.0,,simulated_assay,rADA_simulated,drug_naive,false,
ID46-D3_Op1_2,ID46,D3_Op1,2,8.05280339700692,1.0,,simulated_assay,rADA_simulated,drug_naive,false,
ID46-D3_Op1_3,ID46,D3_Op1,3,7.44376784597278,1.0,,simulated_assay,rADA_simulated,drug_naive,false,
ID46-D3_Op2_1,ID46,D3_Op2,1,6.75200242643352,1.0,,simulated_assay,rADA_simulated,drug_naive,false,
ID46-D3_Op2_2,ID46,D3_Op2,2,8.44376784597278,1.0,,simulated_assay,rADA_simulated,drug_naive,false,
ID46-D3_Op2_3,ID46,D3_Op2,3,6.61666119287037,1.0,,simulated_assay,rADA_simulated,drug_naive,false,
ID47-D1_Op1_1,ID47,D1_Op1,1,14.8427588133427,1.0,,simulated_assay,rADA_simulated,drug_naive,false,
ID47-D1_Op1_2,ID47,D1_Op1,2,15.7704312391766,1.0,,simulated_assay,rADA_simulated,drug_naive,false,
ID47-D1_Op1_3,ID47,D1_Op1,3,14.2243105294534,1.0,,simulated_assay,rADA_simulated,drug_naive,false,
ID47-D1_Op2_1,ID47,D1_Op2,1,13.8328018907025,1.0,,simulated_assay,rADA_simulated,drug_naive,false,
ID47-D1_Op2_2,ID47,D1_Op2,2,17.0796553811213,1.0,,simulated_assay,rADA_simulated,drug_naive,false,
ID47-D1_Op2_3,ID47,D1_Op2,3,17.5434915940382,1.0,,simulated_assay,rADA_simulated,drug_naive,false,
ID47-D2_Op1_1,ID47,D2_Op1,1,12.5235777487579,1.0,,simulated_assay,rADA_simulated,drug_naive,false,
ID47-D2_Op1_2,ID47,D2_Op1,2,15.1519829552873,1.0,,simulated_assay,rADA_simulated,drug_naive,false,
ID47-D2_Op1_3,ID47,D2_Op1,3,12.6781898197302,1.0,,simulated_assay,rADA_simulated,drug_naive,false,
ID47-D2_Op2_1,ID47,D2_Op2,1,15.8427588133427,1.0,,simulated_assay,rADA_simulated,drug_naive,false,
ID47-D2_Op2_2,ID47,D2_Op2,2,15.997370884315,1.0,,simulated_assay,rADA_simulated,drug_naive,false,
ID47-D2_Op2_3,ID47,D2_Op2,3,13.3689656777856,1.0,,simulated_assay,rADA_simulated,drug_naive,false,
ID47-D3_Op1_1,ID47,D3_Op1,1,16.6981036650105,1.0,,simulated_assay,rADA_simulated,drug_naive,false,
ID47-D3_Op1_2,ID47,D3_Op1,2,13.6058622455641,1.0,,simulated_assay,rADA_simulated,drug_naive,false,
ID47-D3_Op1_3,ID47,D3_Op1,3,17.7803881618168,1.0,,simulated_assay,rADA_simulated,drug_naive,false,
ID47-D3_Op2_1,ID47,D3_Op2,1,15.0696984584811,1.0,,simulated_assay,rADA_simulated,drug_naive,false,
ID47-D3_Op2_2,ID47,D3_Op2,2,17.5434915940382,1.0,,simulated_assay,rADA_simulated,drug_naive,false,
ID47-D3_Op2_3,ID47,D3_Op2,3,16.9250433101489,1.0,,simulated_assay,rADA_simulated,drug_naive,false,
ID48-D1_Op1_1,ID48,D1_Op1,1,6.78244251651308,1.0,,simulated_assay,rADA_simulated,drug_naive,false,
ID48-D1_Op1_2,ID48,D1_Op1,2,7.75136287601495,1.0,,simulated_assay,rADA_simulated,drug_naive,false,
ID48-D1_Op1_3,ID48,D1_Op1,3,7.9275302141062,1.0,,simulated_assay,rADA_simulated,drug_naive,false,
ID48-D1_Op2_1,ID48,D1_Op2,1,11.3938729473837,1.0,,simulated_assay,rADA_simulated,drug_naive,false,
ID48-D1_Op2_2,ID48,D1_Op2,2,8.2228608617412,1.0,,simulated_assay,rADA_simulated,drug_naive,false,
ID48-D1_Op2_3,ID48,D1_Op2,3,7.95860985460433,1.0,,simulated_assay,rADA_simulated,drug_naive,false,
ID48-D2_Op1_1,ID48,D2_Op1,1,10.8342912926118,1.0,,simulated_assay,rADA_simulated,drug_naive,false,
ID48-D2_Op1_2,ID48,D2_Op1,2,10.0415382712012,1.0,,simulated_assay,rADA_simulated,drug_naive,false,
ID48-D2_Op1_3,ID48,D2_Op1,3,9.60111992597306,1.0,,simulated_assay,rADA_simulated,drug_naive,false,
ID48-D2_Op2_1,ID48,D2_Op2,1,8.5751955379237,1.0,,simulated_assay,rADA_simulated,drug_naive,false,
ID48-D2_Op2_2,ID48,D2_Op2,2,9.45603222837994,1.0,,simulated_assay,rADA_simulated,drug_naive,false,
ID48-D2_Op2_3,ID48,D2_Op2,3,8.66327920696932,1.0,,simulated_assay,rADA_simulated,drug_naive,false,
ID48-D3_Op1_1,ID48,D3_Op1,1,7.5751955379237,1.0,,simulated_assay,rADA_simulated,drug_naive,false,
ID48-D3_Op1_2,ID48,D3_Op1,2,8.80836690456244,1.0,,simulated_assay,rADA_simulated,drug_naive,false,
ID48-D3_Op1_3,ID48,D3_Op1,3,8.19178122124307,1.0,,simulated_assay,rADA_simulated,drug_naive,false,
ID48-D3_Op2_1,ID48,D3_Op2,1,12.0104586307031,1.0,,simulated_assay,rADA_simulated,drug_naive,false,
ID48-D3_Op2_2,ID48,D3_Op2,2,10.8653709331099,1.0,,simulated_assay,rADA_simulated,drug_naive,false,
ID48-D3_Op2_3,ID48,D3_Op2,3,9.45603222837994,1.0,,simulated_assay,rADA_simulated,drug_naive,false,
ID49-D1_Op1_1,ID49,D1_Op1,1,9.64127531595437,1.0,,simulated_assay,rADA_simulated,drug_naive,false,
ID49-D1_Op1_2,ID49,D1_Op1,2,9.00558683358375,1.0,,simulated_assay,rADA_simulated,drug_naive,false,
ID49-D1_Op1_3,ID49,D1_Op1,3,9.11153491397885,1.0,,simulated_assay,rADA_simulated,drug_naive,false,
ID49-D1_Op2_1,ID49,D1_Op2,1,9.89963875318865,1.0,,simulated_assay,rADA_simulated,drug_naive,false,
ID49-D1_Op2_2,ID49,D1_Op2,2,11.4888599591152,1.0,,simulated_assay,rADA_simulated,drug_naive,false,
ID49-D1_Op2_3,ID49,D1_Op2,3,13.6078215670173,1.0,,simulated_assay,rADA_simulated,drug_naive,false,
ID49-D2_Op1_1,ID49,D2_Op1,1,12.8197177278075,1.0,,simulated_assay,rADA_simulated,drug_naive,false,
ID49-D2_Op1_2,ID49,D2_Op1,2,8.26395027081803,1.0,,simulated_assay,rADA_simulated,drug_naive,false,
ID49-D2_Op1_3,ID49,D2_Op1,3,11.0186003610907,1.0,,simulated_assay,rADA_simulated,drug_naive,false,
ID49-D2_Op2_1,ID49,D2_Op2,1,9.15800219042293,1.0,,simulated_assay,rADA_simulated,drug_naive,false,
ID49-D2_Op2_2,ID49,D2_Op2,2,10.6412753159544,1.0,,simulated_assay,rADA_simulated,drug_naive,false,
ID49-D2_Op2_3,ID49,D2_Op2,3,13.2899773258319,1.0,,simulated_assay,rADA_simulated,drug_naive,false,
ID49-D3_Op1_1,ID49,D3_Op1,1,12.6078215670173,1.0,,simulated_assay,rADA_simulated,drug_naive,false,
ID49-D3_Op1_2,ID49,D3_Op1,2,12.9256658082026,1.0,,simulated_assay,rADA_simulated,drug_naive,false,
ID49-D3_Op1_3,ID49,D3_Op1,3,10.8067042003005,1.0,,simulated_assay,rADA_simulated,drug_naive,false,
ID49-D3_Op2_1,ID49,D3_Op2,1,10.0055868335838,1.0,,simulated_assay,rADA_simulated,drug_naive,false,
ID49-D3_Op2_2,ID49,D3_Op2,2,11.276963798325,1.0,,simulated_assay,rADA_simulated,drug_naive,false,
ID49-D3_Op2_3,ID49,D3_Op2,3,14.2435100493879,1.0,,simulated_assay,rADA_simulated,drug_naive,false,
ID50-D1_Op1_1,ID50,D1_Op1,1,8.23203434854818,1.0,,simulated_assay,rADA_simulated,drug_naive,false,
ID50-D1_Op1_2,ID50,D1_Op1,2,8.15581180828385,1.0,,simulated_assay,rADA_simulated,drug_naive,false,
ID50-D1_Op1_3,ID50,D1_Op1,3,5.8691356003538,1.0,,simulated_assay,rADA_simulated,drug_naive,false,
ID50-D1_Op2_1,ID50,D1_Op2,1,9.76559213039852,1.0,,simulated_assay,rADA_simulated,drug_naive,false,
ID50-D1_Op2_2,ID50,D1_Op2,2,8.31736386537616,1.0,,simulated_assay,rADA_simulated,drug_naive,false,
ID50-D1_Op2_3,ID50,D1_Op2,3,9.9180372109272,1.0,,simulated_assay,rADA_simulated,drug_naive,false,
ID50-D2_Op1_1,ID50,D2_Op1,1,8.30825688881252,1.0,,simulated_assay,rADA_simulated,drug_naive,false,
ID50-D2_Op1_2,ID50,D2_Op1,2,7.77469910696217,1.0,,simulated_assay,rADA_simulated,drug_naive,false,
ID50-D2_Op1_3,ID50,D2_Op1,3,8.30825688881252,1.0,,simulated_assay,rADA_simulated,drug_naive,false,
ID50-D2_Op2_1,ID50,D2_Op2,1,8.3935864056405,1.0,,simulated_assay,rADA_simulated,drug_naive,false,
ID50-D2_Op2_2,ID50,D2_Op2,2,8.69847656669783,1.0,,simulated_assay,rADA_simulated,drug_naive,false,
ID50-D2_Op2_3,ID50,D2_Op2,3,9.61314704986986,1.0,,simulated_assay,rADA_simulated,drug_naive,false,
ID50-D3_Op1_1,ID50,D3_Op1,1,8.61314704986986,1.0,,simulated_assay,rADA_simulated,drug_naive,false,
ID50-D3_Op1_2,ID50,D3_Op1,2,8.38447942907685,1.0,,simulated_assay,rADA_simulated,drug_naive,false,
ID50-D3_Op1_3,ID50,D3_Op1,3,5.79291306008946,1.0,,simulated_assay,rADA_simulated,drug_naive,false,
ID50-D3_Op2_1,ID50,D3_Op2,1,8.54603148616916,1.0,,simulated_assay,rADA_simulated,drug_naive,false,
ID50-D3_Op2_2,ID50,D3_Op2,2,9.61314704986986,1.0,,simulated_assay,rADA_simulated,drug_naive,false,
ID50-D3_Op2_3,ID50,D3_Op2,3,8.54603148616916,1.0,,simulated_assay,rADA_simulated,drug_naive,false,
ID51-D1_Op1_1,ID51,D1_Op1,1,6.7850831386795,1.0,,simulated_assay,rADA_simulated,drug_naive,false,
ID51-D1_Op1_2,ID51,D1_Op1,2,5.81578554743957,1.0,,simulated_assay,rADA_simulated,drug_naive,false,
ID51-D1_Op1_3,ID51,D1_Op1,3,7.30701261088562,1.0,,simulated_assay,rADA_simulated,drug_naive,false,
ID51-D1_Op2_1,ID51,D1_Op2,1,7.93420584502411,1.0,,simulated_assay,rADA_simulated,drug_naive,false,
ID51-D1_Op2_2,ID51,D1_Op2,2,8.60525802357483,1.0,,simulated_assay,rADA_simulated,drug_naive,false,
ID51-D1_Op2_3,ID51,D1_Op2,3,8.67981937674713,1.0,,simulated_assay,rADA_simulated,drug_naive,false,
ID51-D2_Op1_1,ID51,D2_Op1,1,7.82894208309173,1.0,,simulated_assay,rADA_simulated,drug_naive,false,
ID51-D2_Op1_2,ID51,D2_Op1,2,8.20174884895324,1.0,,simulated_assay,rADA_simulated,drug_naive,false,
ID51-D2_Op1_3,ID51,D2_Op1,3,8.87280102750396,1.0,,simulated_assay,rADA_simulated,drug_naive,false,
ID51-D2_Op2_1,ID51,D2_Op2,1,6.66666284109497,1.0,,simulated_assay,rADA_simulated,drug_naive,false,
ID51-D2_Op2_2,ID51,D2_Op2,2,6.66666284109497,1.0,,simulated_assay,rADA_simulated,drug_naive,false,
ID51-D2_Op2_3,ID51,D2_Op2,3,9.57455561481475,1.0,,simulated_assay,rADA_simulated,drug_naive,false,
ID51-D3_Op1_1,ID51,D3_Op1,1,7.15788990454101,1.0,,simulated_assay,rADA_simulated,drug_naive,false,
ID51-D3_Op1_2,ID51,D3_Op1,2,9.32016914653778,1.0,,simulated_assay,rADA_simulated,drug_naive,false,
ID51-D3_Op1_3,ID51,D3_Op1,3,5.96490825378418,1.0,,simulated_assay,rADA_simulated,drug_naive,false,
ID51-D3_Op2_1,ID51,D3_Op2,1,7.8596444918518,1.0,,simulated_assay,rADA_simulated,drug_naive,false,
ID51-D3_Op2_2,ID51,D3_Op2,2,6.59210148792267,1.0,,simulated_assay,rADA_simulated,drug_naive,false,
ID51-D3_Op2_3,ID51,D3_Op2,3,7.11403096012878,1.0,,simulated_assay,rADA_simulated,drug_naive,false,
ID52-D1_Op1_1,ID52,D1_Op1,1,9.16334971555386,1.0,,simulated_assay,rADA_simulated,drug_naive,false,
ID52-D1_Op1_2,ID52,D1_Op1,2,6.82928893895052,1.0,,simulated_assay,rADA_simulated,drug_naive,false,
ID52-D1_Op1_3,ID52,D1_Op1,3,8.03954267496707,1.0,,simulated_assay,rADA_simulated,drug_naive,false,
ID52-D1_Op2_1,ID52,D1_Op2,1,10.0769030201241,1.0,,simulated_assay,rADA_simulated,drug_naive,false,
ID52-D1_Op2_2,ID52,D1_Op2,2,10.8549232789919,1.0,,simulated_assay,rADA_simulated,drug_naive,false,
ID52-D1_Op2_3,ID52,D1_Op2,3,11.3736034515704,1.0,,simulated_assay,rADA_simulated,drug_naive,false,
ID52-D2_Op1_1,ID52,D2_Op1,1,9.59558319270263,1.0,,simulated_assay,rADA_simulated,drug_naive,false,
ID52-D2_Op1_2,ID52,D2_Op1,2,6.82928893895052,1.0,,simulated_assay,rADA_simulated,drug_naive,false,
ID52-D2_Op1_3,ID52,D2_Op1,3,10.2871567561407,1.0,,simulated_assay,rADA_simulated,drug_naive,false,
ID52-D2_Op2_1,ID52,D2_Op2,1,9.64466954297534,1.0,,simulated_assay,rADA_simulated,drug_naive,false,
ID52-D2_Op2_2,ID52,D2_Op2,2,10.3362431064134,1.0,,simulated_assay,rADA_simulated,drug_naive,false,
ID52-D2_Op2_3,ID52,D2_Op2,3,9.99045632469436,1.0,,simulated_assay,rADA_simulated,drug_naive,false,
ID52-D3_Op1_1,ID52,D3_Op1,1,10.6329435378597,1.0,,simulated_assay,rADA_simulated,drug_naive,false,
ID52-D3_Op1_2,ID52,D3_Op1,2,9.50913649727288,1.0,,simulated_assay,rADA_simulated,drug_naive,false,
ID52-D3_Op1_3,ID52,D3_Op1,3,7.34796911152904,1.0,,simulated_assay,rADA_simulated,drug_naive,false,
ID52-D3_Op2_1,ID52,D3_Op2,1,9.21243606582658,1.0,,simulated_assay,rADA_simulated,drug_naive,false,
ID52-D3_Op2_2,ID52,D3_Op2,2,10.4226898018431,1.0,,simulated_assay,rADA_simulated,drug_naive,false,
ID52-D3_Op2_3,ID52,D3_Op2,3,7.48350215723151,1.0,,simulated_assay,rADA_simulated,drug_naive,false,
ID53-D1_Op1_1,ID53,D1_Op1,1,12.2404736050626,1.0,,simulated_assay,rADA_simulated,drug_naive,false,
ID53-D1_Op1_2,ID53,D1_Op1,2,12.007321726871,1.0,,simulated_assay,rADA_simulated,drug_naive,false,
ID53-D1_Op1_3,ID53,D1_Op1,3,10.608410457721,1.0,,simulated_assay,rADA_simulated,drug_naive,false,
ID53-D1_Op2_1,ID53,D1_Op2,1,14.1730811178293,1.0,,simulated_assay,rADA_simulated,drug_naive,false,
ID53-D1_Op2_2,ID53,D1_Op2,2,11.4918345186251,1.0,,simulated_assay,rADA_simulated,drug_naive,false,
ID53-D1_Op2_3,ID53,D1_Op2,3,12.6575939095835,1.0,,simulated_assay,rADA_simulated,drug_naive,false,
ID53-D2_Op1_1,ID53,D2_Op1,1,11.6575939095835,1.0,,simulated_assay,rADA_simulated,drug_naive,false,
ID53-D2_Op1_2,ID53,D2_Op1,2,12.9399292396376,1.0,,simulated_assay,rADA_simulated,drug_naive,false,
ID53-D2_Op1_3,ID53,D2_Op1,3,14.5719923869793,1.0,,simulated_assay,rADA_simulated,drug_naive,false,
ID53-D2_Op2_1,ID53,D2_Op2,1,13.5902014223501,1.0,,simulated_assay,rADA_simulated,drug_naive,false,
ID53-D2_Op2_2,ID53,D2_Op2,2,13.706777361446,1.0,,simulated_assay,rADA_simulated,drug_naive,false,
ID53-D2_Op2_3,ID53,D2_Op2,3,9.7431954321876,1.0,,simulated_assay,rADA_simulated,drug_naive,false,
ID53-D3_Op1_1,ID53,D3_Op1,1,10.8415623359126,1.0,,simulated_assay,rADA_simulated,drug_naive,false,
ID53-D3_Op1_2,ID53,D3_Op1,2,9.79237888405011,1.0,,simulated_assay,rADA_simulated,drug_naive,false,
ID53-D3_Op1_3,ID53,D3_Op1,3,11.1912901532001,1.0,,simulated_assay,rADA_simulated,drug_naive,false,
ID53-D3_Op2_1,ID53,D3_Op2,1,11.3752585795293,1.0,,simulated_assay,rADA_simulated,drug_naive,false,
ID53-D3_Op2_2,ID53,D3_Op2,2,9.97634731037927,1.0,,simulated_assay,rADA_simulated,drug_naive,false,
ID53-D3_Op2_3,ID53,D3_Op2,3,12.8907457877751,1.0,,simulated_assay,rADA_simulated,drug_naive,false,
ID54-D1_Op1_1,ID54,D1_Op1,1,6.81613838840081,1.0,,simulated_assay,rADA_simulated,drug_naive,false,
ID54-D1_Op1_2,ID54,D1_Op1,2,5.30872316788909,1.0,,simulated_assay,rADA_simulated,drug_naive,false,
ID54-D1_Op1_3,ID54,D1_Op1,3,5.89858129765454,1.0,,simulated_assay,rADA_simulated,drug_naive,false,
ID54-D1_Op2_1,ID54,D1_Op2,1,5.91548441471212,1.0,,simulated_assay,rADA_simulated,drug_naive,false,
ID54-D1_Op2_2,ID54,D1_Op2,2,9.06139444012788,1.0,,simulated_assay,rADA_simulated,drug_naive,false,
ID54-D1_Op2_3,ID54,D1_Op2,3,7.61951901181232,1.0,,simulated_assay,rADA_simulated,drug_naive,false,
ID54-D2_Op1_1,ID54,D2_Op1,1,6.35735984302767,1.0,,simulated_assay,rADA_simulated,drug_naive,false,
ID54-D2_Op1_2,ID54,D2_Op1,2,7.66815568695091,1.0,,simulated_assay,rADA_simulated,drug_naive,false,
ID54-D2_Op1_3,ID54,D2_Op1,3,4.98102420690828,1.0,,simulated_assay,rADA_simulated,drug_naive,false,
ID54-D2_Op2_1,ID54,D2_Op2,1,7.42289963522384,1.0,,simulated_assay,rADA_simulated,drug_naive,false,
ID54-D2_Op2_2,ID54,D2_Op2,2,8.20937714157778,1.0,,simulated_assay,rADA_simulated,drug_naive,false,
ID54-D2_Op2_3,ID54,D2_Op2,3,6.04656399910444,1.0,,simulated_assay,rADA_simulated,drug_naive,false,
ID54-D3_Op1_1,ID54,D3_Op1,1,6.81613838840081,1.0,,simulated_assay,rADA_simulated,drug_naive,false,
ID54-D3_Op1_2,ID54,D3_Op1,2,7.01275776498929,1.0,,simulated_assay,rADA_simulated,drug_naive,false,
ID54-D3_Op1_3,ID54,D3_Op1,3,8.1924740245202,1.0,,simulated_assay,rADA_simulated,drug_naive,false,
ID54-D3_Op2_1,ID54,D3_Op2,1,8.3404567259701,1.0,,simulated_assay,rADA_simulated,drug_naive,false,
ID54-D3_Op2_2,ID54,D3_Op2,2,7.02966088204687,1.0,,simulated_assay,rADA_simulated,drug_naive,false,
ID54-D3_Op2_3,ID54,D3_Op2,3,5.91548441471212,1.0,,simulated_assay,rADA_simulated,drug_naive,false,
ID55-D1_Op1_1,ID55,D1_Op1,1,8.76015520702322,1.0,,simulated_assay,rADA_simulated,drug_naive,false,
ID55-D1_Op1_2,ID55,D1_Op1,2,7.74936806775131,1.0,,simulated_assay,rADA_simulated,drug_naive,false,
ID55-D1_Op1_3,ID55,D1_Op1,3,10.3605681775371,1.0,,simulated_assay,rADA_simulated,drug_naive,false,
ID55-D1_Op2_1,ID55,D1_Op2,1,8.24397449811536,1.0,,simulated_assay,rADA_simulated,drug_naive,false,
ID55-D1_Op2_2,ID55,D1_Op2,2,7.48588414366142,1.0,,simulated_assay,rADA_simulated,drug_naive,false,
ID55-D1_Op2_3,ID55,D1_Op2,3,8.07550997490337,1.0,,simulated_assay,rADA_simulated,drug_naive,false,
ID55-D2_Op1_1,ID55,D2_Op1,1,8.00206485256929,1.0,,simulated_assay,rADA_simulated,drug_naive,false,
ID55-D2_Op1_2,ID55,D2_Op1,2,9.26554877665918,1.0,,simulated_assay,rADA_simulated,drug_naive,false,
ID55-D2_Op1_3,ID55,D2_Op1,3,7.8336003293573,1.0,,simulated_assay,rADA_simulated,drug_naive,false,
ID55-D2_Op2_1,ID55,D2_Op2,1,9.76015520702322,1.0,,simulated_assay,rADA_simulated,drug_naive,false,
ID55-D2_Op2_2,ID55,D2_Op2,2,9.42322616059925,1.0,,simulated_assay,rADA_simulated,drug_naive,false,
ID55-D2_Op2_3,ID55,D2_Op2,3,10.6867100846891,1.0,,simulated_assay,rADA_simulated,drug_naive,false,
ID55-D3_Op1_1,ID55,D3_Op1,1,8.92861973023521,1.0,,simulated_assay,rADA_simulated,drug_naive,false,
ID55-D3_Op1_2,ID55,D3_Op1,2,9.60247782308315,1.0,,simulated_assay,rADA_simulated,drug_naive,false,
ID55-D3_Op1_3,ID55,D3_Op1,3,7.9178325909633,1.0,,simulated_assay,rADA_simulated,drug_naive,false,
ID55-D3_Op2_1,ID55,D3_Op2,1,7.57011640526742,1.0,,simulated_assay,rADA_simulated,drug_naive,false,
ID55-D3_Op2_2,ID55,D3_Op2,2,7.40165188205543,1.0,,simulated_assay,rADA_simulated,drug_naive,false,
ID55-D3_Op2_3,ID55,D3_Op2,3,11.1921036543251,1.0,,simulated_assay,rADA_simulated,drug_naive,false,
ID56-D1_Op1_1,ID56,D1_Op1,1,12.1561699200134,1.0,,simulated_assay,rADA_simulated,drug_naive,false,
ID56-D1_Op1_2,ID56,D1_Op1,2,15.4957770408962,1.0,,simulated_assay,rADA_simulated,drug_naive,false,
ID56-D1_Op1_3,ID56,D1_Op1,3,12.6905070593546,1.0,,simulated_assay,rADA_simulated,drug_naive,false,
ID56-D1_Op2_1,ID56,D1_Op2,1,11.4195742171543,1.0,,simulated_assay,rADA_simulated,drug_naive,false,
ID56-D1_Op2_2,ID56,D1_Op2,2,12.2210799261662,1.0,,simulated_assay,rADA_simulated,drug_naive,false,
ID56-D1_Op2_3,ID56,D1_Op2,3,12.6218327806721,1.0,,simulated_assay,rADA_simulated,drug_naive,false,
ID56-D2_Op1_1,ID56,D2_Op1,1,11.6218327806721,1.0,,simulated_assay,rADA_simulated,drug_naive,false,
ID56-D2_Op1_2,ID56,D2_Op1,2,13.0912599138606,1.0,,simulated_assay,rADA_simulated,drug_naive,false,
ID56-D2_Op1_3,ID56,D2_Op1,3,12.1561699200134,1.0,,simulated_assay,rADA_simulated,drug_naive,false,
ID56-D2_Op2_1,ID56,D2_Op2,1,12.2210799261662,1.0,,simulated_assay,rADA_simulated,drug_naive,false,
ID56-D2_Op2_2,ID56,D2_Op2,2,12.3546642110015,1.0,,simulated_assay,rADA_simulated,drug_naive,false,
ID56-D2_Op2_3,ID56,D2_Op2,3,17.4308670347434,1.0,,simulated_assay,rADA_simulated,drug_naive,false,
ID56-D3_Op1_1,ID56,D3_Op1,1,11.6218327806721,1.0,,simulated_assay,rADA_simulated,drug_naive,false,
ID56-D3_Op1_2,ID56,D3_Op1,2,13.3584284835312,1.0,,simulated_assay,rADA_simulated,drug_naive,false,
ID56-D3_Op1_3,ID56,D3_Op1,3,10.5531585019896,1.0,,simulated_assay,rADA_simulated,drug_naive,false,
ID56-D3_Op2_1,ID56,D3_Op2,1,14.0912599138606,1.0,,simulated_assay,rADA_simulated,drug_naive,false,
ID56-D3_Op2_2,ID56,D3_Op2,2,11.4195742171543,1.0,,simulated_assay,rADA_simulated,drug_naive,false,
ID56-D3_Op2_3,ID56,D3_Op2,3,15.0263499077078,1.0,,simulated_assay,rADA_simulated,drug_naive,false,
ID57-D1_Op1_1,ID57,D1_Op1,1,6.19228812549746,1.0,,simulated_assay,rADA_simulated,drug_naive,false,
ID57-D1_Op1_2,ID57,D1_Op1,2,5.65382828849768,1.0,,simulated_assay,rADA_simulated,drug_naive,false,
ID57-D1_Op1_3,ID57,D1_Op1,3,5.27690640259784,1.0,,simulated_assay,rADA_simulated,drug_naive,false,
ID57-D1_Op2_1,ID57,D1_Op2,1,6.27690640259784,1.0,,simulated_assay,rADA_simulated,drug_naive,false,
ID57-D1_Op2_2,ID57,D1_Op2,2,7.19228812549746,1.0,,simulated_assay,rADA_simulated,drug_naive,false,
ID57-D1_Op2_3,ID57,D1_Op2,3,5.68460058189808,1.0,,simulated_assay,rADA_simulated,drug_naive,false,
ID57-D2_Op1_1,ID57,D2_Op1,1,6.67690197879727,1.0,,simulated_assay,rADA_simulated,drug_naive,false,
ID57-D2_Op1_2,ID57,D2_Op1,2,4.19998672859828,1.0,,simulated_assay,rADA_simulated,drug_naive,false,
ID57-D2_Op1_3,ID57,D2_Op1,3,6.03075017439753,1.0,,simulated_assay,rADA_simulated,drug_naive,false,
ID57-D2_Op2_1,ID57,D2_Op2,1,6.65382828849768,1.0,,simulated_assay,rADA_simulated,drug_naive,false,
ID57-D2_Op2_2,ID57,D2_Op2,2,5.57690861449813,1.0,,simulated_assay,rADA_simulated,drug_naive,false,
ID57-D2_Op2_3,ID57,D2_Op2,3,7.3538260765974,1.0,,simulated_assay,rADA_simulated,drug_naive,false,
ID57-D3_Op1_1,ID57,D3_Op1,1,6.51536402769733,1.0,,simulated_assay,rADA_simulated,drug_naive,false,
ID57-D3_Op1_2,ID57,D3_Op1,2,5.1153684514979,1.0,,simulated_assay,rADA_simulated,drug_naive,false,
ID57-D3_Op1_3,ID57,D3_Op1,3,4.84613853299802,1.0,,simulated_assay,rADA_simulated,drug_naive,false,
ID57-D3_Op2_1,ID57,D3_Op2,1,6.06152246779793,1.0,,simulated_assay,rADA_simulated,drug_naive,false,
ID57-D3_Op2_2,ID57,D3_Op2,2,6.92305820699757,1.0,,simulated_assay,rADA_simulated,drug_naive,false,
ID57-D3_Op2_3,ID57,D3_Op2,3,5.89998451669799,1.0,,simulated_assay,rADA_simulated,drug_naive,false,
ID58-D1_Op1_1,ID58,D1_Op1,1,11.9867171022974,1.0,,simulated_assay,rADA_simulated,drug_naive,false,
ID58-D1_Op1_2,ID58,D1_Op1,2,8.4100353862893,1.0,,simulated_assay,rADA_simulated,drug_naive,false,
ID58-D1_Op1_3,ID58,D1_Op1,3,11.0200463682412,1.0,,simulated_assay,rADA_simulated,drug_naive,false,
ID58-D1_Op2_1,ID58,D1_Op2,1,9.4100353862893,1.0,,simulated_assay,rADA_simulated,drug_naive,false,
ID58-D1_Op2_2,ID58,D1_Op2,2,8.25003050542181,1.0,,simulated_assay,rADA_simulated,drug_naive,false,
ID58-D1_Op2_3,ID58,D1_Op2,3,10.2800390469399,1.0,,simulated_assay,rADA_simulated,drug_naive,false,
ID58-D2_Op1_1,ID58,D2_Op1,1,9.1833719735343,1.0,,simulated_assay,rADA_simulated,drug_naive,false,
ID58-D2_Op1_2,ID58,D2_Op1,2,11.7933829554862,1.0,,simulated_assay,rADA_simulated,drug_naive,false,
ID58-D2_Op1_3,ID58,D2_Op1,3,8.31336831288368,1.0,,simulated_assay,rADA_simulated,drug_naive,false,
ID58-D2_Op2_1,ID58,D2_Op2,1,8.83003294585556,1.0,,simulated_assay,rADA_simulated,drug_naive,false,
ID58-D2_Op2_2,ID58,D2_Op2,2,9.70003660650618,1.0,,simulated_assay,rADA_simulated,drug_naive,false,
ID58-D2_Op2_3,ID58,D2_Op2,3,12.9867171022974,1.0,,simulated_assay,rADA_simulated,drug_naive,false,
ID58-D3_Op1_1,ID58,D3_Op1,1,11.6967158820805,1.0,,simulated_assay,rADA_simulated,drug_naive,false,
ID58-D3_Op1_2,ID58,D3_Op1,2,8.31336831288368,1.0,,simulated_assay,rADA_simulated,drug_naive,false,
ID58-D3_Op1_3,ID58,D3_Op1,3,12.083384175703,1.0,,simulated_assay,rADA_simulated,drug_naive,false,
ID58-D3_Op2_1,ID58,D3_Op2,1,12.8900500288918,1.0,,simulated_assay,rADA_simulated,drug_naive,false,
ID58-D3_Op2_2,ID58,D3_Op2,2,10.6667073405624,1.0,,simulated_assay,rADA_simulated,drug_naive,false,
ID58-D3_Op2_3,ID58,D3_Op2,3,13.083384175703,1.0,,simulated_assay,rADA_simulated,drug_naive,false,
ID59-D1_Op1_1,ID59,D1_Op1,1,3.84948372319929,1.0,,simulated_assay,rADA_simulated,drug_naive,false,
ID59-D1_Op1_2,ID59,D1_Op1,2,4.09312193352836,1.0,,simulated_assay,rADA_simulated,drug_naive,false,
ID59-D1_Op1_3,ID59,D1_Op1,3,4.92149184864719,1.0,,simulated_assay,rADA_simulated,drug_naive,false,
ID59-D1_Op2_1,ID59,D1_Op2,1,5.97021949071301,1.0,,simulated_assay,rADA_simulated,drug_naive,false,
ID59-D1_Op2_2,ID59,D1_Op2,2,5.09312193352836,1.0,,simulated_assay,rADA_simulated,drug_naive,false,
ID59-D1_Op2_3,ID59,D1_Op2,3,6.9934999740951,1.0,,simulated_assay,rADA_simulated,drug_naive,false,
ID59-D2_Op1_1,ID59,D2_Op1,1,4.87276420658138,1.0,,simulated_assay,rADA_simulated,drug_naive,false,
ID59-D2_Op1_2,ID59,D2_Op1,2,5.79858940583184,1.0,,simulated_assay,rADA_simulated,drug_naive,false,
ID59-D2_Op1_3,ID59,D2_Op1,3,4.09312193352836,1.0,,simulated_assay,rADA_simulated,drug_naive,false,
ID59-D2_Op2_1,ID59,D2_Op2,1,6.45749591137114,1.0,,simulated_assay,rADA_simulated,drug_naive,false,
ID59-D2_Op2_2,ID59,D2_Op2,2,6.60367883756859,1.0,,simulated_assay,rADA_simulated,drug_naive,false,
ID59-D2_Op2_3,ID59,D2_Op2,3,7.04222761616091,1.0,,simulated_assay,rADA_simulated,drug_naive,false,
ID59-D3_Op1_1,ID59,D3_Op1,1,3.80075608113348,1.0,,simulated_assay,rADA_simulated,drug_naive,false,
ID59-D3_Op1_2,ID59,D3_Op1,2,5.79858940583184,1.0,,simulated_assay,rADA_simulated,drug_naive,false,
ID59-D3_Op1_3,ID59,D3_Op1,3,5.40876826930533,1.0,,simulated_assay,rADA_simulated,drug_naive,false,
ID59-D3_Op2_1,ID59,D3_Op2,1,6.70113412170021,1.0,,simulated_assay,rADA_simulated,drug_naive,false,
ID59-D3_Op2_2,ID59,D3_Op2,2,6.40876826930533,1.0,,simulated_assay,rADA_simulated,drug_naive,false,
ID59-D3_Op2_3,ID59,D3_Op2,3,5.67785363831812,1.0,,simulated_assay,rADA_simulated,drug_naive,false,
ID60-D1_Op1_1,ID60,D1_Op1,1,36.603404745505,1.0,,simulated_assay,rADA_simulated,drug_naive,false,
ID60-D1_Op1_2,ID60,D1_Op1,2,29.2236860468145,1.0,,simulated_assay,rADA_simulated,drug_naive,false,
ID60-D1_Op1_3,ID60,D1_Op1,3,30.1092522906573,1.0,,simulated_assay,rADA_simulated,drug_naive,false,
ID60-D1_Op2_1,ID60,D1_Op2,1,27.5669873152859,1.0,,simulated_assay,rADA_simulated,drug_naive,false,
ID60-D1_Op2_2,ID60,D1_Op2,2,26.3862323234954,1.0,,simulated_assay,rADA_simulated,drug_naive,false,
ID60-D1_Op2_3,ID60,D1_Op2,3,29.3381198029716,1.0,,simulated_assay,rADA_simulated,drug_naive,false,
ID60-D2_Op1_1,ID60,D2_Op1,1,24.7958548276002,1.0,,simulated_assay,rADA_simulated,drug_naive,false,
ID60-D2_Op1_2,ID60,D2_Op1,2,33.3563285180812,1.0,,simulated_assay,rADA_simulated,drug_naive,false,
ID60-D2_Op1_3,ID60,D2_Op1,3,28.042931055024,1.0,,simulated_assay,rADA_simulated,drug_naive,false,
ID60-D2_Op2_1,ID60,D2_Op2,1,25.7958548276002,1.0,,simulated_assay,rADA_simulated,drug_naive,false,
ID60-D2_Op2_2,ID60,D2_Op2,2,30.2236860468145,1.0,,simulated_assay,rADA_simulated,drug_naive,false,
ID60-D2_Op2_3,ID60,D2_Op2,3,24.0247223399144,1.0,,simulated_assay,rADA_simulated,drug_naive,false,
ID60-D3_Op1_1,ID60,D3_Op1,1,31.5851960303954,1.0,,simulated_assay,rADA_simulated,drug_naive,false,
ID60-D3_Op1_2,ID60,D3_Op1,2,31.8803847783431,1.0,,simulated_assay,rADA_simulated,drug_naive,false,
ID60-D3_Op1_3,ID60,D3_Op1,3,30.9948185345002,1.0,,simulated_assay,rADA_simulated,drug_naive,false,
ID60-D3_Op2_1,ID60,D3_Op2,1,25.5006660796525,1.0,,simulated_assay,rADA_simulated,drug_naive,false,
ID60-D3_Op2_2,ID60,D3_Op2,2,30.5188747947621,1.0,,simulated_assay,rADA_simulated,drug_naive,false,
ID60-D3_Op2_3,ID60,D3_Op2,3,35.241894761924,1.0,,simulated_assay,rADA_simulated,drug_naive,false,
ID61-D1_Op1_1,ID61,D1_Op1,1,6.59803074503483,1.0,,simulated_assay,rADA_simulated,drug_naive,false,
ID61-D1_Op1_2,ID61,D1_Op1,2,6.28753518056261,1.0,,simulated_assay,rADA_simulated,drug_naive,false,
ID61-D1_Op1_3,ID61,D1_Op1,3,6.28753518056261,1.0,,simulated_assay,rADA_simulated,drug_naive,false,
ID61-D1_Op2_1,ID61,D1_Op2,1,7.05466350720843,1.0,,simulated_assay,rADA_simulated,drug_naive,false,
ID61-D1_Op2_2,ID61,D1_Op2,2,8.60714132956957,1.0,,simulated_assay,rADA_simulated,drug_naive,false,
ID61-D1_Op2_3,ID61,D1_Op2,3,7.98615020062512,1.0,,simulated_assay,rADA_simulated,drug_naive,false,
ID61-D2_Op1_1,ID61,D2_Op1,1,7.21902187397929,1.0,,simulated_assay,rADA_simulated,drug_naive,false,
ID61-D2_Op1_2,ID61,D2_Op1,2,6.05466350720843,1.0,,simulated_assay,rADA_simulated,drug_naive,false,
ID61-D2_Op1_3,ID61,D2_Op1,3,5.97703961609038,1.0,,simulated_assay,rADA_simulated,drug_naive,false,
ID61-D2_Op2_1,ID61,D2_Op2,1,9.15050856739597,1.0,,simulated_assay,rADA_simulated,drug_naive,false,
ID61-D2_Op2_2,ID61,D2_Op2,2,9.4610041318682,1.0,,simulated_assay,rADA_simulated,drug_naive,false,
ID61-D2_Op2_3,ID61,D2_Op2,3,9.30575634963208,1.0,,simulated_assay,rADA_simulated,drug_naive,false,
ID61-D3_Op1_1,ID61,D3_Op1,1,8.84912358745848,1.0,,simulated_assay,rADA_simulated,drug_naive,false,
ID61-D3_Op1_2,ID61,D3_Op1,2,9.31486693416682,1.0,,simulated_assay,rADA_simulated,drug_naive,false,
ID61-D3_Op1_3,ID61,D3_Op1,3,8.15050856739597,1.0,,simulated_assay,rADA_simulated,drug_naive,false,
ID61-D3_Op2_1,ID61,D3_Op2,1,8.68476522068763,1.0,,simulated_assay,rADA_simulated,drug_naive,false,
ID61-D3_Op2_2,ID61,D3_Op2,2,7.13228739832649,1.0,,simulated_assay,rADA_simulated,drug_naive,false,
ID61-D3_Op2_3,ID61,D3_Op2,3,7.98615020062512,1.0,,simulated_assay,rADA_simulated,drug_naive,false,
ID62-D1_Op1_1,ID62,D1_Op1,1,20.4343679369647,1.0,,simulated_assay,rADA_simulated,drug_naive,false,
ID62-D1_Op1_2,ID62,D1_Op1,2,20.976873280424,1.0,,simulated_assay,rADA_simulated,drug_naive,false,
ID62-D1_Op1_3,ID62,D1_Op1,3,18.2643465631278,1.0,,simulated_assay,rADA_simulated,drug_naive,false,
ID62-D1_Op2_1,ID62,D1_Op2,1,20.8918625935055,1.0,,simulated_assay,rADA_simulated,drug_naive,false,
ID62-D1_Op2_2,ID62,D1_Op2,2,18.7218412196685,1.0,,simulated_assay,rADA_simulated,drug_naive,false,
ID62-D1_Op2_3,ID62,D1_Op2,3,19.4451816776142,1.0,,simulated_assay,rADA_simulated,drug_naive,false,
ID62-D2_Op1_1,ID62,D2_Op1,1,14.4668091589131,1.0,,simulated_assay,rADA_simulated,drug_naive,false,
ID62-D2_Op1_2,ID62,D2_Op1,2,19.8918625935055,1.0,,simulated_assay,rADA_simulated,drug_naive,false,
ID62-D2_Op1_3,ID62,D2_Op1,3,20.4343679369647,1.0,,simulated_assay,rADA_simulated,drug_naive,false,
ID62-D2_Op2_1,ID62,D2_Op2,1,18.1793358762093,1.0,,simulated_assay,rADA_simulated,drug_naive,false,
ID62-D2_Op2_2,ID62,D2_Op2,2,15.6476442733995,1.0,,simulated_assay,rADA_simulated,drug_naive,false,
ID62-D2_Op2_3,ID62,D2_Op2,3,21.4343679369647,1.0,,simulated_assay,rADA_simulated,drug_naive,false,
ID62-D3_Op1_1,ID62,D3_Op1,1,17.7218412196685,1.0,,simulated_assay,rADA_simulated,drug_naive,false,
ID62-D3_Op1_2,ID62,D3_Op1,2,20.4343679369647,1.0,,simulated_assay,rADA_simulated,drug_naive,false,
ID62-D3_Op1_3,ID62,D3_Op1,3,15.9134900748044,1.0,,simulated_assay,rADA_simulated,drug_naive,false,
ID62-D3_Op2_1,ID62,D3_Op2,1,18.3601709906957,1.0,,simulated_assay,rADA_simulated,drug_naive,false,
ID62-D3_Op2_2,ID62,D3_Op2,2,19.4451816776142,1.0,,simulated_assay,rADA_simulated,drug_naive,false,
ID62-D3_Op2_3,ID62,D3_Op2,3,19.6260167921006,1.0,,simulated_assay,rADA_simulated,drug_naive,false,
ID63-D1_Op1_1,ID63,D1_Op1,1,6.1483495962077,1.0,,simulated_assay,rADA_simulated,drug_naive,false,
ID63-D1_Op1_2,ID63,D1_Op1,2,5.42886187750254,1.0,,simulated_assay,rADA_simulated,drug_naive,false,
ID63-D1_Op1_3,ID63,D1_Op1,3,5.49426985193028,1.0,,simulated_assay,rADA_simulated,drug_naive,false,
ID63-D1_Op2_1,ID63,D1_Op2,1,8.52191705919027,1.0,,simulated_assay,rADA_simulated,drug_naive,false,
ID63-D1_Op2_2,ID63,D1_Op2,2,8.71814098247349,1.0,,simulated_assay,rADA_simulated,drug_naive,false,
ID63-D1_Op2_3,ID63,D1_Op2,3,7.4753894683464,1.0,,simulated_assay,rADA_simulated,drug_naive,false,
ID63-D2_Op1_1,ID63,D2_Op1,1,5.3634539030748,1.0,,simulated_assay,rADA_simulated,drug_naive,false,
ID63-D2_Op1_2,ID63,D2_Op1,2,7.58732503361801,1.0,,simulated_assay,rADA_simulated,drug_naive,false,
ID63-D2_Op1_3,ID63,D2_Op1,3,5.75590174964125,1.0,,simulated_assay,rADA_simulated,drug_naive,false,
ID63-D2_Op2_1,ID63,D2_Op2,1,6.29804592864706,1.0,,simulated_assay,rADA_simulated,drug_naive,false,
ID63-D2_Op2_2,ID63,D2_Op2,2,8.12946921262382,1.0,,simulated_assay,rADA_simulated,drug_naive,false,
ID63-D2_Op2_3,ID63,D2_Op2,3,6.49426985193028,1.0,,simulated_assay,rADA_simulated,drug_naive,false,
ID63-D3_Op1_1,ID63,D3_Op1,1,6.40998149391866,1.0,,simulated_assay,rADA_simulated,drug_naive,false,
ID63-D3_Op1_2,ID63,D3_Op1,2,8.0451808546122,1.0,,simulated_assay,rADA_simulated,drug_naive,false,
ID63-D3_Op1_3,ID63,D3_Op1,3,6.99865326376833,1.0,,simulated_assay,rADA_simulated,drug_naive,false,
ID63-D3_Op2_1,ID63,D3_Op2,1,7.1483495962077,1.0,,simulated_assay,rADA_simulated,drug_naive,false,
ID63-D3_Op2_2,ID63,D3_Op2,2,7.80242934048511,1.0,,simulated_assay,rADA_simulated,drug_naive,false,
ID63-D3_Op2_3,ID63,D3_Op2,3,6.95212567292447,1.0,,simulated_assay,rADA_simulated,drug_naive,false,
ID64-D1_Op1_1,ID64,D1_Op1,1,9.31336751370976,1.0,,simulated_assay,rADA_simulated,drug_naive,false,
ID64-D1_Op1_2,ID64,D1_Op1,2,12.3480602990759,1.0,,simulated_assay,rADA_simulated,drug_naive,false,
ID64-D1_Op1_3,ID64,D1_Op1,3,9.94123498654412,1.0,,simulated_assay,rADA_simulated,drug_naive,false,
ID64-D1_Op2_1,ID64,D1_Op2,1,13.2434157202701,1.0,,simulated_assay,rADA_simulated,drug_naive,false,
ID64-D1_Op2_2,ID64,D1_Op2,2,12.1969699322129,1.0,,simulated_assay,rADA_simulated,drug_naive,false,
ID64-D1_Op2_3,ID64,D1_Op2,3,11.9876807746014,1.0,,simulated_assay,rADA_simulated,drug_naive,false,
ID64-D2_Op1_1,ID64,D2_Op1,1,8.89478919848685,1.0,,simulated_assay,rADA_simulated,drug_naive,false,
ID64-D2_Op1_2,ID64,D2_Op1,2,7.9529879892353,1.0,,simulated_assay,rADA_simulated,drug_naive,false,
ID64-D2_Op1_3,ID64,D2_Op1,3,8.89478919848685,1.0,,simulated_assay,rADA_simulated,drug_naive,false,
ID64-D2_Op2_1,ID64,D2_Op2,1,14.080572350716,1.0,,simulated_assay,rADA_simulated,drug_naive,false,
ID64-D2_Op2_2,ID64,D2_Op2,2,13.9759277719102,1.0,,simulated_assay,rADA_simulated,drug_naive,false,
ID64-D2_Op2_3,ID64,D2_Op2,3,8.84834341042957,1.0,,simulated_assay,rADA_simulated,drug_naive,false,
ID64-D3_Op1_1,ID64,D3_Op1,1,12.0341265626587,1.0,,simulated_assay,rADA_simulated,drug_naive,false,
ID64-D3_Op1_2,ID64,D3_Op1,2,10.6737470381842,1.0,,simulated_assay,rADA_simulated,drug_naive,false,
ID64-D3_Op1_3,ID64,D3_Op1,3,7.9529879892353,1.0,,simulated_assay,rADA_simulated,drug_naive,false,
ID64-D3_Op2_1,ID64,D3_Op2,1,13.5573494566873,1.0,,simulated_assay,rADA_simulated,drug_naive,false,
ID64-D3_Op2_2,ID64,D3_Op2,2,12.51090366863,1.0,,simulated_assay,rADA_simulated,drug_naive,false,
ID64-D3_Op2_3,ID64,D3_Op2,3,12.6155482474358,1.0,,simulated_assay,rADA_simulated,drug_naive,false,
ID65-D1_Op1_1,ID65,D1_Op1,1,14.7552058571393,1.0,,simulated_assay,rADA_simulated,drug_naive,false,
ID65-D1_Op1_2,ID65,D1_Op1,2,15.4447014579403,1.0,,simulated_assay,rADA_simulated,drug_naive,false,
ID65-D1_Op1_3,ID65,D1_Op1,3,13.7899120160181,1.0,,simulated_assay,rADA_simulated,drug_naive,false,
ID65-D1_Op2_1,ID65,D1_Op2,1,17.4099952990615,1.0,,simulated_assay,rADA_simulated,drug_naive,false,
ID65-D1_Op2_2,ID65,D1_Op2,2,17.1341970587412,1.0,,simulated_assay,rADA_simulated,drug_naive,false,
ID65-D1_Op2_3,ID65,D1_Op2,3,15.3415084966588,1.0,,simulated_assay,rADA_simulated,drug_naive,false,
ID65-D2_Op1_1,ID65,D2_Op1,1,11.0319296128145,1.0,,simulated_assay,rADA_simulated,drug_naive,false,
ID65-D2_Op1_2,ID65,D2_Op1,2,15.7204996982606,1.0,,simulated_assay,rADA_simulated,drug_naive,false,
ID65-D2_Op1_3,ID65,D2_Op1,3,14.2036093764986,1.0,,simulated_assay,rADA_simulated,drug_naive,false,
ID65-D2_Op2_1,ID65,D2_Op2,1,14.6520128958579,1.0,,simulated_assay,rADA_simulated,drug_naive,false,
ID65-D2_Op2_2,ID65,D2_Op2,2,12.8593243337756,1.0,,simulated_assay,rADA_simulated,drug_naive,false,
ID65-D2_Op2_3,ID65,D2_Op2,3,13.5488199345765,1.0,,simulated_assay,rADA_simulated,drug_naive,false,
ID65-D3_Op1_1,ID65,D3_Op1,1,15.5826005781004,1.0,,simulated_assay,rADA_simulated,drug_naive,false,
ID65-D3_Op1_2,ID65,D3_Op1,2,10.4803331321737,1.0,,simulated_assay,rADA_simulated,drug_naive,false,
ID65-D3_Op1_3,ID65,D3_Op1,3,14.6173067369792,1.0,,simulated_assay,rADA_simulated,drug_naive,false,
ID65-D3_Op2_1,ID65,D3_Op2,1,13.2730216942561,1.0,,simulated_assay,rADA_simulated,drug_naive,false,
ID65-D3_Op2_2,ID65,D3_Op2,2,16.5826005781004,1.0,,simulated_assay,rADA_simulated,drug_naive,false,
ID65-D3_Op2_3,ID65,D3_Op2,3,17.9615917797022,1.0,,simulated_assay,rADA_simulated,drug_naive,false,
ID66-D1_Op1_1,ID66,D1_Op1,1,8.28146207273519,1.0,,simulated_assay,rADA_simulated,drug_naive,false,
ID66-D1_Op1_2,ID66,D1_Op1,2,6.64009121147236,1.0,,simulated_assay,rADA_simulated,drug_naive,false,
ID66-D1_Op1_3,ID66,D1_Op1,3,8.5052853719983,1.0,,simulated_assay,rADA_simulated,drug_naive,false,
ID66-D1_Op2_1,ID66,D1_Op2,1,6.59558248157783,1.0,,simulated_assay,rADA_simulated,drug_naive,false,
ID66-D1_Op2_2,ID66,D1_Op2,2,10.1021475033666,1.0,,simulated_assay,rADA_simulated,drug_naive,false,
ID66-D1_Op2_3,ID66,D1_Op2,3,7.56548344505132,1.0,,simulated_assay,rADA_simulated,drug_naive,false,
ID66-D2_Op1_1,ID66,D2_Op1,1,5.81940578084094,1.0,,simulated_assay,rADA_simulated,drug_naive,false,
ID66-D2_Op1_2,ID66,D2_Op1,2,7.01313004357754,1.0,,simulated_assay,rADA_simulated,drug_naive,false,
ID66-D2_Op1_3,ID66,D2_Op1,3,7.75920770778792,1.0,,simulated_assay,rADA_simulated,drug_naive,false,
ID66-D2_Op2_1,ID66,D2_Op2,1,10.1021475033666,1.0,,simulated_assay,rADA_simulated,drug_naive,false,
ID66-D2_Op2_2,ID66,D2_Op2,2,9.43067760557726,1.0,,simulated_assay,rADA_simulated,drug_naive,false,
ID66-D2_Op2_3,ID66,D2_Op2,3,8.68459994136688,1.0,,simulated_assay,rADA_simulated,drug_naive,false,
ID66-D3_Op1_1,ID66,D3_Op1,1,9.25136303620868,1.0,,simulated_assay,rADA_simulated,drug_naive,false,
ID66-D3_Op1_2,ID66,D3_Op1,2,5.59558248157783,1.0,,simulated_assay,rADA_simulated,drug_naive,false,
ID66-D3_Op1_3,ID66,D3_Op1,3,7.01313004357754,1.0,,simulated_assay,rADA_simulated,drug_naive,false,
ID66-D3_Op2_1,ID66,D3_Op2,1,10.1021475033666,1.0,,simulated_assay,rADA_simulated,drug_naive,false,
ID66-D3_Op2_2,ID66,D3_Op2,2,8.68459994136688,1.0,,simulated_assay,rADA_simulated,drug_naive,false,
ID66-D3_Op2_3,ID66,D3_Op2,3,9.57989313841934,1.0,,simulated_assay,rADA_simulated,drug_naive,false,
ID67-D1_Op1_1,ID67,D1_Op1,1,36.9139479996564,1.0,,simulated_assay,rADA_simulated,drug_naive,false,
ID67-D1_Op1_2,ID67,D1_Op1,2,23.8854957644836,1.0,,simulated_assay,rADA_simulated,drug_naive,false,
ID67-D1_Op1_3,ID67,D1_Op1,3,32.5711305879321,1.0,,simulated_assay,rADA_simulated,drug_naive,false,
ID67-D1_Op2_1,ID67,D1_Op2,1,34.1915330753213,1.0,,simulated_assay,rADA_simulated,drug_naive,false,
ID67-D1_Op2_2,ID67,D1_Op2,2,37.6037467559618,1.0,,simulated_assay,rADA_simulated,drug_naive,false,
ID67-D1_Op2_3,ID67,D1_Op2,3,31.7099231257646,1.0,,simulated_assay,rADA_simulated,drug_naive,false,
ID67-D2_Op1_1,ID67,D2_Op1,1,31.3303256131538,1.0,,simulated_assay,rADA_simulated,drug_naive,false,
ID67-D2_Op1_2,ID67,D2_Op1,2,33.8119355627105,1.0,,simulated_assay,rADA_simulated,drug_naive,false,
ID67-D2_Op1_3,ID67,D2_Op1,3,36.9139479996564,1.0,,simulated_assay,rADA_simulated,drug_naive,false,
ID67-D2_Op2_1,ID67,D2_Op2,1,34.8119355627105,1.0,,simulated_assay,rADA_simulated,drug_naive,false,
ID67-D2_Op2_2,ID67,D2_Op2,2,24.8854957644836,1.0,,simulated_assay,rADA_simulated,drug_naive,false,
ID67-D2_Op2_3,ID67,D2_Op2,3,29.848715663597,1.0,,simulated_assay,rADA_simulated,drug_naive,false,
ID67-D3_Op1_1,ID67,D3_Op1,1,35.9833442685726,1.0,,simulated_assay,rADA_simulated,drug_naive,false,
ID67-D3_Op1_2,ID67,D3_Op1,2,34.4323380500997,1.0,,simulated_assay,rADA_simulated,drug_naive,false,
ID67-D3_Op1_3,ID67,D3_Op1,3,34.4323380500997,1.0,,simulated_assay,rADA_simulated,drug_naive,false,
ID67-D3_Op2_1,ID67,D3_Op2,1,35.4323380500997,1.0,,simulated_assay,rADA_simulated,drug_naive,false,
ID67-D3_Op2_2,ID67,D3_Op2,2,26.4365019829565,1.0,,simulated_assay,rADA_simulated,drug_naive,false,
ID67-D3_Op2_3,ID67,D3_Op2,3,35.7425392937943,1.0,,simulated_assay,rADA_simulated,drug_naive,false,
ID68-D1_Op1_1,ID68,D1_Op1,1,8.48063752458487,1.0,,simulated_assay,rADA_simulated,drug_naive,false,
ID68-D1_Op1_2,ID68,D1_Op1,2,9.06550907800451,1.0,,simulated_assay,rADA_simulated,drug_naive,false,
ID68-D1_Op1_3,ID68,D1_Op1,3,8.04198385952013,1.0,,simulated_assay,rADA_simulated,drug_naive,false,
ID68-D1_Op2_1,ID68,D1_Op2,1,9.84618224547215,1.0,,simulated_assay,rADA_simulated,drug_naive,false,
ID68-D1_Op2_2,ID68,D1_Op2,2,7.65291392014847,1.0,,simulated_assay,rADA_simulated,drug_naive,false,
ID68-D1_Op2_3,ID68,D1_Op2,3,7.9453496968583,1.0,,simulated_assay,rADA_simulated,drug_naive,false,
ID68-D2_Op1_1,ID68,D2_Op1,1,6.2873691992612,1.0,,simulated_assay,rADA_simulated,drug_naive,false,
ID68-D2_Op1_2,ID68,D2_Op1,2,6.36047814343865,1.0,,simulated_assay,rADA_simulated,drug_naive,false,
ID68-D2_Op1_3,ID68,D2_Op1,3,6.50669603179356,1.0,,simulated_assay,rADA_simulated,drug_naive,false,
ID68-D2_Op2_1,ID68,D2_Op2,1,9.69996435711723,1.0,,simulated_assay,rADA_simulated,drug_naive,false,
ID68-D2_Op2_2,ID68,D2_Op2,2,9.99240013382706,1.0,,simulated_assay,rADA_simulated,drug_naive,false,
ID68-D2_Op2_3,ID68,D2_Op2,3,9.69996435711723,1.0,,simulated_assay,rADA_simulated,drug_naive,false,
ID68-D3_Op1_1,ID68,D3_Op1,1,7.82265702698777,1.0,,simulated_assay,rADA_simulated,drug_naive,false,
ID68-D3_Op1_2,ID68,D3_Op1,2,7.53022125027794,1.0,,simulated_assay,rADA_simulated,drug_naive,false,
ID68-D3_Op1_3,ID68,D3_Op1,3,7.31089441774558,1.0,,simulated_assay,rADA_simulated,drug_naive,false,
ID68-D3_Op2_1,ID68,D3_Op2,1,8.67643913863285,1.0,,simulated_assay,rADA_simulated,drug_naive,false,
ID68-D3_Op2_2,ID68,D3_Op2,2,9.11509280369759,1.0,,simulated_assay,rADA_simulated,drug_naive,false,
ID68-D3_Op2_3,ID68,D3_Op2,3,8.16467652939066,1.0,,simulated_assay,rADA_simulated,drug_naive,false,
ID69-D1_Op1_1,ID69,D1_Op1,1,4.09135047974911,1.0,,simulated_assay,rADA_simulated,drug_naive,false,
ID69-D1_Op1_2,ID69,D1_Op1,2,3.7766312120761,1.0,,simulated_assay,rADA_simulated,drug_naive,false,
ID69-D1_Op1_3,ID69,D1_Op1,3,4.63086922433141,1.0,,simulated_assay,rADA_simulated,drug_naive,false,
ID69-D1_Op2_1,ID69,D1_Op2,1,5.67582911971327,1.0,,simulated_assay,rADA_simulated,drug_naive,false,
ID69-D1_Op2_2,ID69,D1_Op2,2,4.59679163054867,1.0,,simulated_assay,rADA_simulated,drug_naive,false,
ID69-D1_Op2_3,ID69,D1_Op2,3,6.30526765505929,1.0,,simulated_assay,rADA_simulated,drug_naive,false,
ID69-D2_Op1_1,ID69,D2_Op1,1,4.76574891047699,1.0,,simulated_assay,rADA_simulated,drug_naive,false,
ID69-D2_Op1_2,ID69,D2_Op1,2,3.64175152593053,1.0,,simulated_assay,rADA_simulated,drug_naive,false,
ID69-D2_Op1_3,ID69,D2_Op1,3,3.4619119444031,1.0,,simulated_assay,rADA_simulated,drug_naive,false,
ID69-D2_Op2_1,ID69,D2_Op2,1,5.31614995665841,1.0,,simulated_assay,rADA_simulated,drug_naive,false,
ID69-D2_Op2_2,ID69,D2_Op2,2,4.73167131669425,1.0,,simulated_assay,rADA_simulated,drug_naive,false,
ID69-D2_Op2_3,ID69,D2_Op2,3,6.39518744582301,1.0,,simulated_assay,rADA_simulated,drug_naive,false,
ID69-D3_Op1_1,ID69,D3_Op1,1,4.04639058436726,1.0,,simulated_assay,rADA_simulated,drug_naive,false,
ID69-D3_Op1_2,ID69,D3_Op1,2,5.17038796891372,1.0,,simulated_assay,rADA_simulated,drug_naive,false,
ID69-D3_Op1_3,ID69,D3_Op1,3,4.72078901509513,1.0,,simulated_assay,rADA_simulated,drug_naive,false,
ID69-D3_Op2_1,ID69,D3_Op2,1,5.94558849200442,1.0,,simulated_assay,rADA_simulated,drug_naive,false,
ID69-D3_Op2_2,ID69,D3_Op2,2,5.27119006127655,1.0,,simulated_assay,rADA_simulated,drug_naive,false,
ID69-D3_Op2_3,ID69,D3_Op2,3,5.22623016589469,1.0,,simulated_assay,rADA_simulated,drug_naive,false,
ID70-D1_Op1_1,ID70,D1_Op1,1,19.2452529275198,1.0,,simulated_assay,rADA_simulated,drug_naive,false,
ID70-D1_Op1_2,ID70,D1_Op1,2,19.2452529275198,1.0,,simulated_assay,rADA_simulated,drug_naive,false,
ID70-D1_Op1_3,ID70,D1_Op1,3,22.8301529826461,1.0,,simulated_assay,rADA_simulated,drug_naive,false,
ID70-D1_Op2_1,ID70,D1_Op2,1,22.1320424302179,1.0,,simulated_assay,rADA_simulated,drug_naive,false,
ID70-D1_Op2_2,ID70,D1_Op2,2,18.3584634248218,1.0,,simulated_assay,rADA_simulated,drug_naive,false,
ID70-D1_Op2_3,ID70,D1_Op2,3,24.3961898334555,1.0,,simulated_assay,rADA_simulated,drug_naive,false,
ID70-D2_Op1_1,ID70,D2_Op1,1,22.2641161318367,1.0,,simulated_assay,rADA_simulated,drug_naive,false,
ID70-D2_Op1_2,ID70,D2_Op1,2,16.0377107729332,1.0,,simulated_assay,rADA_simulated,drug_naive,false,
ID70-D2_Op1_3,ID70,D2_Op1,3,18.6792160767104,1.0,,simulated_assay,rADA_simulated,drug_naive,false,
ID70-D2_Op2_1,ID70,D2_Op2,1,22.1320424302179,1.0,,simulated_assay,rADA_simulated,drug_naive,false,
ID70-D2_Op2_2,ID70,D2_Op2,2,16.6603528723936,1.0,,simulated_assay,rADA_simulated,drug_naive,false,
ID70-D2_Op2_3,ID70,D2_Op2,3,18.9245002756312,1.0,,simulated_assay,rADA_simulated,drug_naive,false,
ID70-D3_Op1_1,ID70,D3_Op1,1,18.8678950269802,1.0,,simulated_assay,rADA_simulated,drug_naive,false,
ID70-D3_Op1_2,ID70,D3_Op1,2,22.2641161318367,1.0,,simulated_assay,rADA_simulated,drug_naive,false,
ID70-D3_Op1_3,ID70,D3_Op1,3,15.4716739221238,1.0,,simulated_assay,rADA_simulated,drug_naive,false,
ID70-D3_Op2_1,ID70,D3_Op2,1,15.5282791707748,1.0,,simulated_assay,rADA_simulated,drug_naive,false,
ID70-D3_Op2_2,ID70,D3_Op2,2,16.4716739221238,1.0,,simulated_assay,rADA_simulated,drug_naive,false,
ID70-D3_Op2_3,ID70,D3_Op2,3,17.0377107729332,1.0,,simulated_assay,rADA_simulated,drug_naive,false,
ID71-D1_Op1_1,ID71,D1_Op1,1,15.2985750246545,1.0,,simulated_assay,rADA_simulated,drug_naive,false,
ID71-D1_Op1_2,ID71,D1_Op1,2,15.8515355677143,1.0,,simulated_assay,rADA_simulated,drug_naive,false,
ID71-D1_Op1_3,ID71,D1_Op1,3,14.5612943005748,1.0,,simulated_assay,rADA_simulated,drug_naive,false,
ID71-D1_Op2_1,ID71,D1_Op2,1,14.824013576495,1.0,,simulated_assay,rADA_simulated,drug_naive,false,
ID71-D1_Op2_2,ID71,D1_Op2,2,21.4595400932126,1.0,,simulated_assay,rADA_simulated,drug_naive,false,
ID71-D1_Op2_3,ID71,D1_Op2,3,21.4595400932126,1.0,,simulated_assay,rADA_simulated,drug_naive,false,
ID71-D2_Op1_1,ID71,D2_Op1,1,20.8281804552525,1.0,,simulated_assay,rADA_simulated,drug_naive,false,
ID71-D2_Op1_2,ID71,D2_Op1,2,21.5654611793322,1.0,,simulated_assay,rADA_simulated,drug_naive,false,
ID71-D2_Op1_3,ID71,D2_Op1,3,16.0358557487342,1.0,,simulated_assay,rADA_simulated,drug_naive,false,
ID71-D2_Op2_1,ID71,D2_Op2,1,15.1926539385349,1.0,,simulated_assay,rADA_simulated,drug_naive,false,
ID71-D2_Op2_2,ID71,D2_Op2,2,22.9341015413721,1.0,,simulated_assay,rADA_simulated,drug_naive,false,
ID71-D2_Op2_3,ID71,D2_Op2,3,22.3811409983123,1.0,,simulated_assay,rADA_simulated,drug_naive,false,
ID71-D3_Op1_1,ID71,D3_Op1,1,18.6163382830133,1.0,,simulated_assay,rADA_simulated,drug_naive,false,
ID71-D3_Op1_2,ID71,D3_Op1,2,22.4870620844319,1.0,,simulated_assay,rADA_simulated,drug_naive,false,
ID71-D3_Op1_3,ID71,D3_Op1,3,16.0358557487342,1.0,,simulated_assay,rADA_simulated,drug_naive,false,
ID71-D3_Op2_1,ID71,D3_Op2,1,17.2201759297542,1.0,,simulated_assay,rADA_simulated,drug_naive,false,
ID71-D3_Op2_2,ID71,D3_Op2,2,23.4870620844319,1.0,,simulated_assay,rADA_simulated,drug_naive,false,
ID71-D3_Op2_3,ID71,D3_Op2,3,15.3769741195548,1.0,,simulated_assay,rADA_simulated,drug_naive,false,
ID72-D1_Op1_1,ID72,D1_Op1,1,15.8461147513608,1.0,,simulated_assay,rADA_simulated,drug_naive,false,
ID72-D1_Op1_2,ID72,D1_Op1,2,16.3832711836103,1.0,,simulated_assay,rADA_simulated,drug_naive,false,
ID72-D1_Op1_3,ID72,D1_Op1,3,14.9060909949242,1.0,,simulated_assay,rADA_simulated,drug_naive,false,
ID72-D1_Op2_1,ID72,D1_Op2,1,13.354597941739,1.0,,simulated_assay,rADA_simulated,drug_naive,false,
ID72-D1_Op2_2,ID72,D1_Op2,2,16.1746692110489,1.0,,simulated_assay,rADA_simulated,drug_naive,false,
ID72-D1_Op2_3,ID72,D1_Op2,3,11.4745504288656,1.0,,simulated_assay,rADA_simulated,drug_naive,false,
ID72-D2_Op1_1,ID72,D2_Op1,1,15.0403801029865,1.0,,simulated_assay,rADA_simulated,drug_naive,false,
ID72-D2_Op1_2,ID72,D2_Op1,2,13.0260434820508,1.0,,simulated_assay,rADA_simulated,drug_naive,false,
ID72-D2_Op1_3,ID72,D2_Op1,3,10.3402613208033,1.0,,simulated_assay,rADA_simulated,drug_naive,false,
ID72-D2_Op2_1,ID72,D2_Op2,1,11.3402613208033,1.0,,simulated_assay,rADA_simulated,drug_naive,false,
ID72-D2_Op2_2,ID72,D2_Op2,2,12.4145741853023,1.0,,simulated_assay,rADA_simulated,drug_naive,false,
ID72-D2_Op2_3,ID72,D2_Op2,3,11.2059722127409,1.0,,simulated_assay,rADA_simulated,drug_naive,false,
ID72-D3_Op1_1,ID72,D3_Op1,1,11.1459959691775,1.0,,simulated_assay,rADA_simulated,drug_naive,false,
ID72-D3_Op1_2,ID72,D3_Op1,2,14.9060909949242,1.0,,simulated_assay,rADA_simulated,drug_naive,false,
ID72-D3_Op1_3,ID72,D3_Op1,3,12.354597941739,1.0,,simulated_assay,rADA_simulated,drug_naive,false,
ID72-D3_Op2_1,ID72,D3_Op2,1,16.0403801029865,1.0,,simulated_assay,rADA_simulated,drug_naive,false,
ID72-D3_Op2_2,ID72,D3_Op2,2,17.7861385077975,1.0,,simulated_assay,rADA_simulated,drug_naive,false,
ID72-D3_Op2_3,ID72,D3_Op2,3,15.7718018868618,1.0,,simulated_assay,rADA_simulated,drug_naive,false,
ID73-D1_Op1_1,ID73,D1_Op1,1,17.3512771241324,1.0,,simulated_assay,rADA_simulated,drug_naive,false,
ID73-D1_Op1_2,ID73,D1_Op1,2,16.7370726241631,1.0,,simulated_assay,rADA_simulated,drug_naive,false,
ID73-D1_Op1_3,ID73,D1_Op1,3,15.2015613742399,1.0,,simulated_assay,rADA_simulated,drug_naive,false,
ID73-D1_Op2_1,ID73,D1_Op2,1,20.0403394990479,1.0,,simulated_assay,rADA_simulated,drug_naive,false,
ID73-D1_Op2_2,ID73,D1_Op2,2,17.5835214991708,1.0,,simulated_assay,rADA_simulated,drug_naive,false,
ID73-D1_Op2_3,ID73,D1_Op2,3,13.1305388743934,1.0,,simulated_assay,rADA_simulated,drug_naive,false,
ID73-D2_Op1_1,ID73,D2_Op1,1,12.898294499355,1.0,,simulated_assay,rADA_simulated,drug_naive,false,
ID73-D2_Op1_2,ID73,D2_Op1,2,15.9693169992015,1.0,,simulated_assay,rADA_simulated,drug_naive,false,
ID73-D2_Op1_3,ID73,D2_Op1,3,15.9693169992015,1.0,,simulated_assay,rADA_simulated,drug_naive,false,
ID73-D2_Op2_1,ID73,D2_Op2,1,19.8867883740556,1.0,,simulated_assay,rADA_simulated,drug_naive,false,
ID73-D2_Op2_2,ID73,D2_Op2,2,14.5124989993243,1.0,,simulated_assay,rADA_simulated,drug_naive,false,
ID73-D2_Op2_3,ID73,D2_Op2,3,17.4299703741784,1.0,,simulated_assay,rADA_simulated,drug_naive,false,
ID73-D3_Op1_1,ID73,D3_Op1,1,15.0480102492475,1.0,,simulated_assay,rADA_simulated,drug_naive,false,
ID73-D3_Op1_2,ID73,D3_Op1,2,14.5873568742706,1.0,,simulated_assay,rADA_simulated,drug_naive,false,
ID73-D3_Op1_3,ID73,D3_Op1,3,15.0480102492475,1.0,,simulated_assay,rADA_simulated,drug_naive,false,
ID73-D3_Op2_1,ID73,D3_Op2,1,18.0441748741477,1.0,,simulated_assay,rADA_simulated,drug_naive,false,
ID73-D3_Op2_2,ID73,D3_Op2,2,15.5873568742706,1.0,,simulated_assay,rADA_simulated,drug_naive,false,
ID73-D3_Op2_3,ID73,D3_Op2,3,15.4338057492783,1.0,,simulated_assay,rADA_simulated,drug_naive,false,
ID74-D1_Op1_1,ID74,D1_Op1,1,14.0293103101322,1.0,,simulated_assay,rADA_simulated,drug_naive,false,
ID74-D1_Op1_2,ID74,D1_Op1,2,13.7487241039295,1.0,,simulated_assay,rADA_simulated,drug_naive,false,
ID74-D1_Op1_3,ID74,D1_Op1,3,16.133706856652,1.0,,simulated_assay,rADA_simulated,drug_naive,false,
ID74-D1_Op2_1,ID74,D1_Op2,1,11.6622758357004,1.0,,simulated_assay,rADA_simulated,drug_naive,false,
ID74-D1_Op2_2,ID74,D1_Op2,2,18.2560516814625,1.0,,simulated_assay,rADA_simulated,drug_naive,false,
ID74-D1_Op2_3,ID74,D1_Op2,3,13.0652068667137,1.0,,simulated_assay,rADA_simulated,drug_naive,false,
ID74-D2_Op1_1,ID74,D2_Op1,1,15.0113620318414,1.0,,simulated_assay,rADA_simulated,drug_naive,false,
ID74-D2_Op1_2,ID74,D2_Op1,2,13.3278447946255,1.0,,simulated_assay,rADA_simulated,drug_naive,false,
ID74-D2_Op1_3,ID74,D2_Op1,3,12.205499969815,1.0,,simulated_assay,rADA_simulated,drug_naive,false,
ID74-D2_Op2_1,ID74,D2_Op2,1,14.7487241039295,1.0,,simulated_assay,rADA_simulated,drug_naive,false,
ID74-D2_Op2_2,ID74,D2_Op2,2,14.4681378977269,1.0,,simulated_assay,rADA_simulated,drug_naive,false,
ID74-D2_Op2_3,ID74,D2_Op2,3,14.7487241039295,1.0,,simulated_assay,rADA_simulated,drug_naive,false,
ID74-D3_Op1_1,ID74,D3_Op1,1,11.5040344543084,1.0,,simulated_assay,rADA_simulated,drug_naive,false,
ID74-D3_Op1_2,ID74,D3_Op1,2,16.9754654752599,1.0,,simulated_assay,rADA_simulated,drug_naive,false,
ID74-D3_Op1_3,ID74,D3_Op1,3,14.5904827225374,1.0,,simulated_assay,rADA_simulated,drug_naive,false,
ID74-D3_Op2_1,ID74,D3_Op2,1,13.0652068667137,1.0,,simulated_assay,rADA_simulated,drug_naive,false,
ID74-D3_Op2_2,ID74,D3_Op2,2,17.133706856652,1.0,,simulated_assay,rADA_simulated,drug_naive,false,
ID74-D3_Op2_3,ID74,D3_Op2,3,15.7307758256388,1.0,,simulated_assay,rADA_simulated,drug_naive,false,
ID75-D1_Op1_1,ID75,D1_Op1,1,3.99118361030014,1.0,,simulated_assay,rADA_simulated,drug_naive,false,
ID75-D1_Op1_2,ID75,D1_Op1,2,6.3236935124236,1.0,,simulated_assay,rADA_simulated,drug_naive,false,
ID75-D1_Op1_3,ID75,D1_Op1,3,5.70169087185735,1.0,,simulated_assay,rADA_simulated,drug_naive,false,
ID75-D1_Op2_1,ID75,D1_Op2,1,6.70169087185735,1.0,,simulated_assay,rADA_simulated,drug_naive,false,
ID75-D1_Op2_2,ID75,D1_Op2,2,6.96085863875996,1.0,,simulated_assay,rADA_simulated,drug_naive,false,
ID75-D1_Op2_3,ID75,D1_Op2,3,7.47919417256517,1.0,,simulated_assay,rADA_simulated,drug_naive,false,
ID75-D2_Op1_1,ID75,D2_Op1,1,4.14668427044171,1.0,,simulated_assay,rADA_simulated,drug_naive,false,
ID75-D2_Op1_2,ID75,D2_Op1,2,5.13152178467161,1.0,,simulated_assay,rADA_simulated,drug_naive,false,
ID75-D2_Op1_3,ID75,D2_Op1,3,5.44252310495474,1.0,,simulated_assay,rADA_simulated,drug_naive,false,
ID75-D2_Op2_1,ID75,D2_Op2,1,6.28702244481318,1.0,,simulated_assay,rADA_simulated,drug_naive,false,
ID75-D2_Op2_2,ID75,D2_Op2,2,5.14668427044171,1.0,,simulated_assay,rADA_simulated,drug_naive,false,
ID75-D2_Op2_3,ID75,D2_Op2,3,6.07968823129109,1.0,,simulated_assay,rADA_simulated,drug_naive,false,
ID75-D3_Op1_1,ID75,D3_Op1,1,4.45768559072484,1.0,,simulated_assay,rADA_simulated,drug_naive,false,
ID75-D3_Op1_2,ID75,D3_Op1,2,6.16819285228204,1.0,,simulated_assay,rADA_simulated,drug_naive,false,
ID75-D3_Op1_3,ID75,D3_Op1,3,5.23518889143266,1.0,,simulated_assay,rADA_simulated,drug_naive,false,
ID75-D3_Op2_1,ID75,D3_Op2,1,5.56135269748588,1.0,,simulated_assay,rADA_simulated,drug_naive,false,
ID75-D3_Op2_2,ID75,D3_Op2,2,6.13152178467161,1.0,,simulated_assay,rADA_simulated,drug_naive,false,
ID75-D3_Op2_3,ID75,D3_Op2,3,4.8875165035391,1.0,,simulated_assay,rADA_simulated,drug_naive,false,
ID76-D1_Op1_1,ID76,D1_Op1,1,9.89947374240664,1.0,,simulated_assay,rADA_simulated,drug_naive,false,
ID76-D1_Op1_2,ID76,D1_Op1,2,7.47130093766539,1.0,,simulated_assay,rADA_simulated,drug_naive,false,
ID76-D1_Op1_3,ID76,D1_Op1,3,8.87216986347765,1.0,,simulated_assay,rADA_simulated,drug_naive,false,
ID76-D1_Op2_1,ID76,D1_Op2,1,10.2457349103609,1.0,,simulated_assay,rADA_simulated,drug_naive,false,
ID76-D1_Op2_2,ID76,D1_Op2,2,11.0862562658483,1.0,,simulated_assay,rADA_simulated,drug_naive,false,
ID76-D1_Op2_3,ID76,D1_Op2,3,10.712691218965,1.0,,simulated_assay,rADA_simulated,drug_naive,false,
ID76-D2_Op1_1,ID76,D2_Op1,1,9.89947374240664,1.0,,simulated_assay,rADA_simulated,drug_naive,false,
ID76-D2_Op1_2,ID76,D2_Op1,2,11.4871251916605,1.0,,simulated_assay,rADA_simulated,drug_naive,false,
ID76-D2_Op1_3,ID76,D2_Op1,3,7.19112715250294,1.0,,simulated_assay,rADA_simulated,drug_naive,false,
ID76-D2_Op2_1,ID76,D2_Op2,1,8.47130093766539,1.0,,simulated_assay,rADA_simulated,drug_naive,false,
ID76-D2_Op2_2,ID76,D2_Op2,2,12.3937339299397,1.0,,simulated_assay,rADA_simulated,drug_naive,false,
ID76-D2_Op2_3,ID76,D2_Op2,3,9.31182229315274,1.0,,simulated_assay,rADA_simulated,drug_naive,false,
ID76-D3_Op1_1,ID76,D3_Op1,1,11.2069514064981,1.0,,simulated_assay,rADA_simulated,drug_naive,false,
ID76-D3_Op1_2,ID76,D3_Op1,2,8.21843103143193,1.0,,simulated_assay,rADA_simulated,drug_naive,false,
ID76-D3_Op1_3,ID76,D3_Op1,3,7.75147472282784,1.0,,simulated_assay,rADA_simulated,drug_naive,false,
ID76-D3_Op2_1,ID76,D3_Op2,1,11.5532125744524,1.0,,simulated_assay,rADA_simulated,drug_naive,false,
ID76-D3_Op2_2,ID76,D3_Op2,2,12.5805164533814,1.0,,simulated_assay,rADA_simulated,drug_naive,false,
ID76-D3_Op2_3,ID76,D3_Op2,3,9.03164850799029,1.0,,simulated_assay,rADA_simulated,drug_naive,false,
ID77-D1_Op1_1,ID77,D1_Op1,1,10.8979835588758,1.0,,simulated_assay,rADA_simulated,drug_naive,false,
ID77-D1_Op1_2,ID77,D1_Op1,2,14.9683147676126,1.0,,simulated_assay,rADA_simulated,drug_naive,false,
ID77-D1_Op1_3,ID77,D1_Op1,3,12.2109936262103,1.0,,simulated_assay,rADA_simulated,drug_naive,false,
ID77-D1_Op2_1,ID77,D1_Op2,1,15.9683147676126,1.0,,simulated_assay,rADA_simulated,drug_naive,false,
ID77-D1_Op2_2,ID77,D1_Op2,2,14.3927026868112,1.0,,simulated_assay,rADA_simulated,drug_naive,false,
ID77-D1_Op2_3,ID77,D1_Op2,3,17.4126258416805,1.0,,simulated_assay,rADA_simulated,drug_naive,false,
ID77-D2_Op1_1,ID77,D2_Op1,1,16.1500238282136,1.0,,simulated_assay,rADA_simulated,drug_naive,false,
ID77-D2_Op1_2,ID77,D2_Op1,2,14.0492077204785,1.0,,simulated_assay,rADA_simulated,drug_naive,false,
ID77-D2_Op1_3,ID77,D2_Op1,3,12.2109936262103,1.0,,simulated_assay,rADA_simulated,drug_naive,false,
ID77-D2_Op2_1,ID77,D2_Op2,1,11.372779531942,1.0,,simulated_assay,rADA_simulated,drug_naive,false,
ID77-D2_Op2_2,ID77,D2_Op2,2,16.2309167810795,1.0,,simulated_assay,rADA_simulated,drug_naive,false,
ID77-D2_Op2_3,ID77,D2_Op2,3,15.9683147676126,1.0,,simulated_assay,rADA_simulated,drug_naive,false,
ID77-D3_Op1_1,ID77,D3_Op1,1,14.4431107406788,1.0,,simulated_assay,rADA_simulated,drug_naive,false,
ID77-D3_Op1_2,ID77,D3_Op1,2,12.6048966464106,1.0,,simulated_assay,rADA_simulated,drug_naive,false,
ID77-D3_Op1_3,ID77,D3_Op1,3,12.6048966464106,1.0,,simulated_assay,rADA_simulated,drug_naive,false,
ID77-D3_Op2_1,ID77,D3_Op2,1,16.8874218147467,1.0,,simulated_assay,rADA_simulated,drug_naive,false,
ID77-D3_Op2_2,ID77,D3_Op2,2,12.0292845656093,1.0,,simulated_assay,rADA_simulated,drug_naive,false,
ID77-D3_Op2_3,ID77,D3_Op2,3,17.4126258416805,1.0,,simulated_assay,rADA_simulated,drug_naive,false,
ID78-D1_Op1_1,ID78,D1_Op1,1,12.5472335985008,1.0,,simulated_assay,rADA_simulated,drug_naive,false,
ID78-D1_Op1_2,ID78,D1_Op1,2,12.055185222089,1.0,,simulated_assay,rADA_simulated,drug_naive,false,
ID78-D1_Op1_3,ID78,D1_Op1,3,13.4083182572214,1.0,,simulated_assay,rADA_simulated,drug_naive,false,
ID78-D1_Op2_1,ID78,D1_Op2,1,14.7773545395303,1.0,,simulated_assay,rADA_simulated,drug_naive,false,
ID78-D1_Op2_2,ID78,D1_Op2,2,12.1941005633684,1.0,,simulated_assay,rADA_simulated,drug_naive,false,
ID78-D1_Op2_3,ID78,D1_Op2,3,15.515427104148,1.0,,simulated_assay,rADA_simulated,drug_naive,false,
ID78-D2_Op1_1,ID78,D2_Op1,1,10.3330159046477,1.0,,simulated_assay,rADA_simulated,drug_naive,false,
ID78-D2_Op1_2,ID78,D2_Op1,2,11.4401247515743,1.0,,simulated_assay,rADA_simulated,drug_naive,false,
ID78-D2_Op1_3,ID78,D2_Op1,3,11.4401247515743,1.0,,simulated_assay,rADA_simulated,drug_naive,false,
ID78-D2_Op2_1,ID78,D2_Op2,1,14.9003666336332,1.0,,simulated_assay,rADA_simulated,drug_naive,false,
ID78-D2_Op2_2,ID78,D2_Op2,2,15.8844633864568,1.0,,simulated_assay,rADA_simulated,drug_naive,false,
ID78-D2_Op2_3,ID78,D2_Op2,3,14.9003666336332,1.0,,simulated_assay,rADA_simulated,drug_naive,false,
ID78-D3_Op1_1,ID78,D3_Op1,1,14.2694029159421,1.0,,simulated_assay,rADA_simulated,drug_naive,false,
ID78-D3_Op1_2,ID78,D3_Op1,2,11.9321731279861,1.0,,simulated_assay,rADA_simulated,drug_naive,false,
ID78-D3_Op1_3,ID78,D3_Op1,3,9.59494334003002,1.0,,simulated_assay,rADA_simulated,drug_naive,false,
ID78-D3_Op2_1,ID78,D3_Op2,1,14.5313303513244,1.0,,simulated_assay,rADA_simulated,drug_naive,false,
ID78-D3_Op2_2,ID78,D3_Op2,2,10.2259070577212,1.0,,simulated_assay,rADA_simulated,drug_naive,false,
ID78-D3_Op2_3,ID78,D3_Op2,3,10.2259070577212,1.0,,simulated_assay,rADA_simulated,drug_naive,false,
ID79-D1_Op1_1,ID79,D1_Op1,1,21.1561287150525,1.0,,simulated_assay,rADA_simulated,drug_naive,false,
ID79-D1_Op1_2,ID79,D1_Op1,2,26.6655372345974,1.0,,simulated_assay,rADA_simulated,drug_naive,false,
ID79-D1_Op1_3,ID79,D1_Op1,3,24.0210211452159,1.0,,simulated_assay,rADA_simulated,drug_naive,false,
ID79-D1_Op2_1,ID79,D1_Op2,1,19.9523653072345,1.0,,simulated_assay,rADA_simulated,drug_naive,false,
ID79-D1_Op2_2,ID79,D1_Op2,2,20.3931179887981,1.0,,simulated_assay,rADA_simulated,drug_naive,false,
ID79-D1_Op2_3,ID79,D1_Op2,3,23.6987631005251,1.0,,simulated_assay,rADA_simulated,drug_naive,false,
ID79-D2_Op1_1,ID79,D2_Op1,1,18.0708599441074,1.0,,simulated_assay,rADA_simulated,drug_naive,false,
ID79-D2_Op1_2,ID79,D2_Op1,2,27.106289916161,1.0,,simulated_assay,rADA_simulated,drug_naive,false,
ID79-D2_Op1_3,ID79,D2_Op1,3,24.9025265083431,1.0,,simulated_assay,rADA_simulated,drug_naive,false,
ID79-D2_Op2_1,ID79,D2_Op2,1,20.3931179887981,1.0,,simulated_assay,rADA_simulated,drug_naive,false,
ID79-D2_Op2_2,ID79,D2_Op2,2,21.9357523742707,1.0,,simulated_assay,rADA_simulated,drug_naive,false,
ID79-D2_Op2_3,ID79,D2_Op2,3,21.9357523742707,1.0,,simulated_assay,rADA_simulated,drug_naive,false,
ID79-D3_Op1_1,ID79,D3_Op1,1,16.5282255586348,1.0,,simulated_assay,rADA_simulated,drug_naive,false,
ID79-D3_Op1_2,ID79,D3_Op1,2,27.106289916161,1.0,,simulated_assay,rADA_simulated,drug_naive,false,
ID79-D3_Op1_3,ID79,D3_Op1,3,21.8172577373979,1.0,,simulated_assay,rADA_simulated,drug_naive,false,
ID79-D3_Op2_1,ID79,D3_Op2,1,27.8859135753792,1.0,,simulated_assay,rADA_simulated,drug_naive,false,
ID79-D3_Op2_2,ID79,D3_Op2,2,21.0542470111435,1.0,,simulated_assay,rADA_simulated,drug_naive,false,
ID79-D3_Op2_3,ID79,D3_Op2,3,19.7319889664527,1.0,,simulated_assay,rADA_simulated,drug_naive,false,
ID80-D1_Op1_1,ID80,D1_Op1,1,11.4063269955078,1.0,,simulated_assay,rADA_simulated,drug_naive,false,
ID80-D1_Op1_2,ID80,D1_Op1,2,12.6866290052076,1.0,,simulated_assay,rADA_simulated,drug_naive,false,
ID80-D1_Op1_3,ID80,D1_Op1,3,14.3161042902802,1.0,,simulated_assay,rADA_simulated,drug_naive,false,
ID80-D1_Op2_1,ID80,D1_Op2,1,14.2685844641621,1.0,,simulated_assay,rADA_simulated,drug_naive,false,
ID80-D1_Op2_2,ID80,D1_Op2,2,14.0358022805803,1.0,,simulated_assay,rADA_simulated,drug_naive,false,
ID80-D1_Op2_3,ID80,D1_Op2,3,15.1997131984893,1.0,,simulated_assay,rADA_simulated,drug_naive,false,
ID80-D2_Op1_1,ID80,D2_Op1,1,14.3161042902802,1.0,,simulated_assay,rADA_simulated,drug_naive,false,
ID80-D2_Op1_2,ID80,D2_Op1,2,8.72933188431717,1.0,,simulated_assay,rADA_simulated,drug_naive,false,
ID80-D2_Op1_3,ID80,D2_Op1,3,9.31128734327165,1.0,,simulated_assay,rADA_simulated,drug_naive,false,
ID80-D2_Op2_1,ID80,D2_Op2,1,15.4324953820711,1.0,,simulated_assay,rADA_simulated,drug_naive,false,
ID80-D2_Op2_2,ID80,D2_Op2,2,10.7768517104352,1.0,,simulated_assay,rADA_simulated,drug_naive,false,
ID80-D2_Op2_3,ID80,D2_Op2,3,11.009633894017,1.0,,simulated_assay,rADA_simulated,drug_naive,false,
ID80-D3_Op1_1,ID80,D3_Op1,1,14.0833221066984,1.0,,simulated_assay,rADA_simulated,drug_naive,false,
ID80-D3_Op1_2,ID80,D3_Op1,2,11.8718913626714,1.0,,simulated_assay,rADA_simulated,drug_naive,false,
ID80-D3_Op1_3,ID80,D3_Op1,3,9.77685171043523,1.0,,simulated_assay,rADA_simulated,drug_naive,false,
ID80-D3_Op2_1,ID80,D3_Op2,1,11.3588071693897,1.0,,simulated_assay,rADA_simulated,drug_naive,false,
ID80-D3_Op2_2,ID80,D3_Op2,2,10.5440695268534,1.0,,simulated_assay,rADA_simulated,drug_naive,false,
ID80-D3_Op2_3,ID80,D3_Op2,3,13.8030200969985,1.0,,simulated_assay,rADA_simulated,drug_naive,false,
ID81-D1_Op1_1,ID81,D1_Op1,1,10.303013243545,1.0,,simulated_assay,rADA_simulated,drug_naive,false,
ID81-D1_Op1_2,ID81,D1_Op1,2,11.5216492185879,1.0,,simulated_assay,rADA_simulated,drug_naive,false,
ID81-D1_Op1_3,ID81,D1_Op1,3,10.7461535981061,1.0,,simulated_assay,rADA_simulated,drug_naive,false,
ID81-D1_Op2_1,ID81,D1_Op2,1,11.1922281549047,1.0,,simulated_assay,rADA_simulated,drug_naive,false,
ID81-D1_Op2_2,ID81,D1_Op2,2,14.626565902753,1.0,,simulated_assay,rADA_simulated,drug_naive,false,
ID81-D1_Op2_3,ID81,D1_Op2,3,11.9677237753866,1.0,,simulated_assay,rADA_simulated,drug_naive,false,
ID81-D2_Op1_1,ID81,D2_Op1,1,11.7432193958685,1.0,,simulated_assay,rADA_simulated,drug_naive,false,
ID81-D2_Op1_2,ID81,D2_Op1,2,11.8540044845087,1.0,,simulated_assay,rADA_simulated,drug_naive,false,
ID81-D2_Op1_3,ID81,D2_Op1,3,8.53045182530068,1.0,,simulated_assay,rADA_simulated,drug_naive,false,
ID81-D2_Op2_1,ID81,D2_Op2,1,9.64123691394095,1.0,,simulated_assay,rADA_simulated,drug_naive,false,
ID81-D2_Op2_2,ID81,D2_Op2,2,9.53045182530068,1.0,,simulated_assay,rADA_simulated,drug_naive,false,
ID81-D2_Op2_3,ID81,D2_Op2,3,10.9706579776242,1.0,,simulated_assay,rADA_simulated,drug_naive,false,
ID81-D3_Op1_1,ID81,D3_Op1,1,11.4108641299477,1.0,,simulated_assay,rADA_simulated,drug_naive,false,
ID81-D3_Op1_2,ID81,D3_Op1,2,9.97065797762418,1.0,,simulated_assay,rADA_simulated,drug_naive,false,
ID81-D3_Op1_3,ID81,D3_Op1,3,9.1951623571423,1.0,,simulated_assay,rADA_simulated,drug_naive,false,
ID81-D3_Op2_1,ID81,D3_Op2,1,10.9706579776242,1.0,,simulated_assay,rADA_simulated,drug_naive,false,
ID81-D3_Op2_2,ID81,D3_Op2,2,14.183425548192,1.0,,simulated_assay,rADA_simulated,drug_naive,false,
ID81-D3_Op2_3,ID81,D3_Op2,3,14.2942106368322,1.0,,simulated_assay,rADA_simulated,drug_naive,false,
ID82-D1_Op1_1,ID82,D1_Op1,1,13.3794320233045,1.0,,simulated_assay,rADA_simulated,drug_naive,false,
ID82-D1_Op1_2,ID82,D1_Op1,2,15.1437527296744,1.0,,simulated_assay,rADA_simulated,drug_naive,false,
ID82-D1_Op1_3,ID82,D1_Op1,3,12.3502449445888,1.0,,simulated_assay,rADA_simulated,drug_naive,false,
ID82-D1_Op2_1,ID82,D1_Op2,1,18.3491536126366,1.0,,simulated_assay,rADA_simulated,drug_naive,false,
ID82-D1_Op2_2,ID82,D1_Op2,2,19.3783406913524,1.0,,simulated_assay,rADA_simulated,drug_naive,false,
ID82-D1_Op2_3,ID82,D1_Op2,3,18.3491536126366,1.0,,simulated_assay,rADA_simulated,drug_naive,false,
ID82-D2_Op1_1,ID82,D2_Op1,1,14.7026725530819,1.0,,simulated_assay,rADA_simulated,drug_naive,false,
ID82-D2_Op1_2,ID82,D2_Op1,2,18.2313139658215,1.0,,simulated_assay,rADA_simulated,drug_naive,false,
ID82-D2_Op1_3,ID82,D2_Op1,3,16.9080734360442,1.0,,simulated_assay,rADA_simulated,drug_naive,false,
ID82-D2_Op2_1,ID82,D2_Op2,1,18.7902337892291,1.0,,simulated_assay,rADA_simulated,drug_naive,false,
ID82-D2_Op2_2,ID82,D2_Op2,2,18.7902337892291,1.0,,simulated_assay,rADA_simulated,drug_naive,false,
ID82-D2_Op2_3,ID82,D2_Op2,3,17.4669932594517,1.0,,simulated_assay,rADA_simulated,drug_naive,false,
ID82-D3_Op1_1,ID82,D3_Op1,1,11.3210578658731,1.0,,simulated_assay,rADA_simulated,drug_naive,false,
ID82-D3_Op1_2,ID82,D3_Op1,2,17.4961803381675,1.0,,simulated_assay,rADA_simulated,drug_naive,false,
ID82-D3_Op1_3,ID82,D3_Op1,3,16.7610467105134,1.0,,simulated_assay,rADA_simulated,drug_naive,false,
ID82-D3_Op2_1,ID82,D3_Op2,1,12.0270044148114,1.0,,simulated_assay,rADA_simulated,drug_naive,false,
ID82-D3_Op2_2,ID82,D3_Op2,2,15.4086191020203,1.0,,simulated_assay,rADA_simulated,drug_naive,false,
ID82-D3_Op2_3,ID82,D3_Op2,3,13.203218219058,1.0,,simulated_assay,rADA_simulated,drug_naive,false,
ID83-D1_Op1_1,ID83,D1_Op1,1,9.99598554067644,1.0,,simulated_assay,rADA_simulated,drug_naive,false,
ID83-D1_Op1_2,ID83,D1_Op1,2,6.91388999896787,1.0,,simulated_assay,rADA_simulated,drug_naive,false,
ID83-D1_Op1_3,ID83,D1_Op1,3,9.07968686611443,1.0,,simulated_assay,rADA_simulated,drug_naive,false,
ID83-D1_Op2_1,ID83,D1_Op2,1,8.41368927600169,1.0,,simulated_assay,rADA_simulated,drug_naive,false,
ID83-D1_Op2_2,ID83,D1_Op2,2,10.9126856611708,1.0,,simulated_assay,rADA_simulated,drug_naive,false,
ID83-D1_Op2_3,ID83,D1_Op2,3,10.412886384137,1.0,,simulated_assay,rADA_simulated,drug_naive,false,
ID83-D2_Op1_1,ID83,D2_Op1,1,7.08048975797914,1.0,,simulated_assay,rADA_simulated,drug_naive,false,
ID83-D2_Op1_2,ID83,D2_Op1,2,7.83018867352988,1.0,,simulated_assay,rADA_simulated,drug_naive,false,
ID83-D2_Op1_3,ID83,D2_Op1,3,6.24749096292277,1.0,,simulated_assay,rADA_simulated,drug_naive,false,
ID83-D2_Op2_1,ID83,D2_Op2,1,10.5794861431483,1.0,,simulated_assay,rADA_simulated,drug_naive,false,
ID83-D2_Op2_2,ID83,D2_Op2,2,10.1629867456201,1.0,,simulated_assay,rADA_simulated,drug_naive,false,
ID83-D2_Op2_3,ID83,D2_Op2,3,7.33079084242841,1.0,,simulated_assay,rADA_simulated,drug_naive,false,
ID83-D3_Op1_1,ID83,D3_Op1,1,10.4124849382046,1.0,,simulated_assay,rADA_simulated,drug_naive,false,
ID83-D3_Op1_2,ID83,D3_Op1,2,9.82938578166516,1.0,,simulated_assay,rADA_simulated,drug_naive,false,
ID83-D3_Op1_3,ID83,D3_Op1,3,6.33079084242841,1.0,,simulated_assay,rADA_simulated,drug_naive,false,
ID83-D3_Op2_1,ID83,D3_Op2,1,7.33079084242841,1.0,,simulated_assay,rADA_simulated,drug_naive,false,
ID83-D3_Op2_2,ID83,D3_Op2,2,11.329185058699,1.0,,simulated_assay,rADA_simulated,drug_naive,false,
ID83-D3_Op2_3,ID83,D3_Op2,3,9.16338819155242,1.0,,simulated_assay,rADA_simulated,drug_naive,false,
ID84-D1_Op1_1,ID84,D1_Op1,1,6.17886155784109,1.0,,simulated_assay,rADA_simulated,drug_naive,false,
ID84-D1_Op1_2,ID84,D1_Op1,2,7.08509458632445,1.0,,simulated_assay,rADA_simulated,drug_naive,false,
ID84-D1_Op1_3,ID84,D1_Op1,3,6.83794012401081,1.0,,simulated_assay,rADA_simulated,drug_naive,false,
ID84-D1_Op2_1,ID84,D1_Op2,1,7.34363119938352,1.0,,simulated_assay,rADA_simulated,drug_naive,false,
ID84-D1_Op2_2,ID84,D1_Op2,2,7.2612463786123,1.0,,simulated_assay,rADA_simulated,drug_naive,false,
ID84-D1_Op2_3,ID84,D1_Op2,3,7.50840084092595,1.0,,simulated_assay,rADA_simulated,drug_naive,false,
ID84-D2_Op1_1,ID84,D2_Op1,1,7.24986422786688,1.0,,simulated_assay,rADA_simulated,drug_naive,false,
ID84-D2_Op1_2,ID84,D2_Op1,2,8.81517582251996,1.0,,simulated_assay,rADA_simulated,drug_naive,false,
ID84-D2_Op1_3,ID84,D2_Op1,3,7.99132761480781,1.0,,simulated_assay,rADA_simulated,drug_naive,false,
ID84-D2_Op2_1,ID84,D2_Op2,1,11.1333329548594,1.0,,simulated_assay,rADA_simulated,drug_naive,false,
ID84-D2_Op2_2,ID84,D2_Op2,2,8.08509458632445,1.0,,simulated_assay,rADA_simulated,drug_naive,false,
ID84-D2_Op2_3,ID84,D2_Op2,3,8.82655797326538,1.0,,simulated_assay,rADA_simulated,drug_naive,false,
ID84-D3_Op1_1,ID84,D3_Op1,1,9.30948474714724,1.0,,simulated_assay,rADA_simulated,drug_naive,false,
ID84-D3_Op1_2,ID84,D3_Op1,2,10.2981025964018,1.0,,simulated_assay,rADA_simulated,drug_naive,false,
ID84-D3_Op1_3,ID84,D3_Op1,3,7.99132761480781,1.0,,simulated_assay,rADA_simulated,drug_naive,false,
ID84-D3_Op2_1,ID84,D3_Op2,1,8.00270976555323,1.0,,simulated_assay,rADA_simulated,drug_naive,false,
ID84-D3_Op2_2,ID84,D3_Op2,2,9.65040618097753,1.0,,simulated_assay,rADA_simulated,drug_naive,false,
ID84-D3_Op2_3,ID84,D3_Op2,3,8.82655797326538,1.0,,simulated_assay,rADA_simulated,drug_naive,false,
ID85-D1_Op1_1,ID85,D1_Op1,1,9.72558067612293,1.0,,simulated_assay,rADA_simulated,drug_naive,false,
ID85-D1_Op1_2,ID85,D1_Op1,2,11.690344449077,1.0,,simulated_assay,rADA_simulated,drug_naive,false,
ID85-D1_Op1_3,ID85,D1_Op1,3,11.9850590150202,1.0,,simulated_assay,rADA_simulated,drug_naive,false,
ID85-D1_Op2_1,ID85,D1_Op2,1,9.64496060099816,1.0,,simulated_assay,rADA_simulated,drug_naive,false,
ID85-D1_Op2_2,ID85,D1_Op2,2,10.037913355589,1.0,,simulated_assay,rADA_simulated,drug_naive,false,
ID85-D1_Op2_3,ID85,D1_Op2,3,12.5921062604293,1.0,,simulated_assay,rADA_simulated,drug_naive,false,
ID85-D2_Op1_1,ID85,D2_Op1,1,10.7079625626,1.0,,simulated_assay,rADA_simulated,drug_naive,false,
ID85-D2_Op1_2,ID85,D2_Op1,2,8.54672241235045,1.0,,simulated_assay,rADA_simulated,drug_naive,false,
ID85-D2_Op1_3,ID85,D2_Op1,3,9.3326279215321,1.0,,simulated_assay,rADA_simulated,drug_naive,false,
ID85-D2_Op2_1,ID85,D2_Op2,1,11.2167716193615,1.0,,simulated_assay,rADA_simulated,drug_naive,false,
ID85-D2_Op2_2,ID85,D2_Op2,2,10.3326279215321,1.0,,simulated_assay,rADA_simulated,drug_naive,false,
ID85-D2_Op2_3,ID85,D2_Op2,3,9.25200784640733,1.0,,simulated_assay,rADA_simulated,drug_naive,false,
ID85-D3_Op1_1,ID85,D3_Op1,1,11.8868208263725,1.0,,simulated_assay,rADA_simulated,drug_naive,false,
ID85-D3_Op1_2,ID85,D3_Op1,2,7.66257871452109,1.0,,simulated_assay,rADA_simulated,drug_naive,false,
ID85-D3_Op1_3,ID85,D3_Op1,3,11.1009153171908,1.0,,simulated_assay,rADA_simulated,drug_naive,false,
ID85-D3_Op2_1,ID85,D3_Op2,1,11.5114861853046,1.0,,simulated_assay,rADA_simulated,drug_naive,false,
ID85-D3_Op2_2,ID85,D3_Op2,2,9.74319878964586,1.0,,simulated_assay,rADA_simulated,drug_naive,false,
ID85-D3_Op2_3,ID85,D3_Op2,3,12.0026771285431,1.0,,simulated_assay,rADA_simulated,drug_naive,false,
ID86-D1_Op1_1,ID86,D1_Op1,1,24.438843594119,1.0,,simulated_assay,rADA_simulated,drug_naive,false,
ID86-D1_Op1_2,ID86,D1_Op1,2,17.3108475458343,1.0,,simulated_assay,rADA_simulated,drug_naive,false,
ID86-D1_Op1_3,ID86,D1_Op1,3,22.4022732946091,1.0,,simulated_assay,rADA_simulated,drug_naive,false,
ID86-D1_Op2_1,ID86,D1_Op2,1,20.9583889351972,1.0,,simulated_assay,rADA_simulated,drug_naive,false,
ID86-D1_Op2_2,ID86,D1_Op2,2,16.8852483361774,1.0,,simulated_assay,rADA_simulated,drug_naive,false,
ID86-D1_Op2_3,ID86,D1_Op2,3,18.3108475458343,1.0,,simulated_assay,rADA_simulated,drug_naive,false,
ID86-D2_Op1_1,ID86,D2_Op1,1,24.031529534217,1.0,,simulated_assay,rADA_simulated,drug_naive,false,
ID86-D2_Op1_2,ID86,D2_Op1,2,25.253471713923,1.0,,simulated_assay,rADA_simulated,drug_naive,false,
ID86-D2_Op1_3,ID86,D2_Op1,3,17.3108475458343,1.0,,simulated_assay,rADA_simulated,drug_naive,false,
ID86-D2_Op2_1,ID86,D2_Op2,1,20.5510748752952,1.0,,simulated_assay,rADA_simulated,drug_naive,false,
ID86-D2_Op2_2,ID86,D2_Op2,2,17.2925623960793,1.0,,simulated_assay,rADA_simulated,drug_naive,false,
ID86-D2_Op2_3,ID86,D2_Op2,3,17.4962194260303,1.0,,simulated_assay,rADA_simulated,drug_naive,false,
ID86-D3_Op1_1,ID86,D3_Op1,1,22.1986162646581,1.0,,simulated_assay,rADA_simulated,drug_naive,false,
ID86-D3_Op1_2,ID86,D3_Op1,2,16.0889053661284,1.0,,simulated_assay,rADA_simulated,drug_naive,false,
ID86-D3_Op1_3,ID86,D3_Op1,3,19.9583889351972,1.0,,simulated_assay,rADA_simulated,drug_naive,false,
ID86-D3_Op2_1,ID86,D3_Op2,1,22.7913022047561,1.0,,simulated_assay,rADA_simulated,drug_naive,false,
ID86-D3_Op2_2,ID86,D3_Op2,2,21.3657029950992,1.0,,simulated_assay,rADA_simulated,drug_naive,false,
ID86-D3_Op2_3,ID86,D3_Op2,3,23.6059303245601,1.0,,simulated_assay,rADA_simulated,drug_naive,false,
ID87-D1_Op1_1,ID87,D1_Op1,1,6.2607602038341,1.0,,simulated_assay,rADA_simulated,drug_naive,false,
ID87-D1_Op1_2,ID87,D1_Op1,2,8.74901105407585,1.0,,simulated_assay,rADA_simulated,drug_naive,false,
ID87-D1_Op1_3,ID87,D1_Op1,3,9.55167261866997,1.0,,simulated_assay,rADA_simulated,drug_naive,false,
ID87-D1_Op2_1,ID87,D1_Op2,1,10.0700756799135,1.0,,simulated_assay,rADA_simulated,drug_naive,false,
ID87-D1_Op2_2,ID87,D1_Op2,2,7.18049404737468,1.0,,simulated_assay,rADA_simulated,drug_naive,false,
ID87-D1_Op2_3,ID87,D1_Op2,3,11.0332695574264,1.0,,simulated_assay,rADA_simulated,drug_naive,false,
ID87-D2_Op1_1,ID87,D2_Op1,1,9.95300340096702,1.0,,simulated_assay,rADA_simulated,drug_naive,false,
ID87-D2_Op1_2,ID87,D2_Op1,2,7.46475255072527,1.0,,simulated_assay,rADA_simulated,drug_naive,false,
ID87-D2_Op1_3,ID87,D2_Op1,3,6.01996173445586,1.0,,simulated_assay,rADA_simulated,drug_naive,false,
ID87-D2_Op2_1,ID87,D2_Op2,1,9.3476802717788,1.0,,simulated_assay,rADA_simulated,drug_naive,false,
ID87-D2_Op2_2,ID87,D2_Op2,2,8.30422023780645,1.0,,simulated_assay,rADA_simulated,drug_naive,false,
ID87-D2_Op2_3,ID87,D2_Op2,3,7.01996173445586,1.0,,simulated_assay,rADA_simulated,drug_naive,false,
ID87-D3_Op1_1,ID87,D3_Op1,1,9.23060799283232,1.0,,simulated_assay,rADA_simulated,drug_naive,false,
ID87-D3_Op1_2,ID87,D3_Op1,2,7.86608333302233,1.0,,simulated_assay,rADA_simulated,drug_naive,false,
ID87-D3_Op1_3,ID87,D3_Op1,3,9.7924710880482,1.0,,simulated_assay,rADA_simulated,drug_naive,false,
ID87-D3_Op2_1,ID87,D3_Op2,1,8.38448639426586,1.0,,simulated_assay,rADA_simulated,drug_naive,false,
ID87-D3_Op2_2,ID87,D3_Op2,2,8.46475255072527,1.0,,simulated_assay,rADA_simulated,drug_naive,false,
ID87-D3_Op2_3,ID87,D3_Op2,3,10.55167261867,1.0,,simulated_assay,rADA_simulated,drug_naive,false,
ID88-D1_Op1_1,ID88,D1_Op1,1,6.18516750451921,1.0,,simulated_assay,rADA_simulated,drug_naive,false,
ID88-D1_Op1_2,ID88,D1_Op1,2,7.63600926483854,1.0,,simulated_assay,rADA_simulated,drug_naive,false,
ID88-D1_Op1_3,ID88,D1_Op1,3,8.09416982072885,1.0,,simulated_assay,rADA_simulated,drug_naive,false,
ID88-D1_Op2_1,ID88,D1_Op2,1,9.24689000602562,1.0,,simulated_assay,rADA_simulated,drug_naive,false,
ID88-D1_Op2_2,ID88,D1_Op2,2,9.70505056191593,1.0,,simulated_assay,rADA_simulated,drug_naive,false,
ID88-D1_Op2_3,ID88,D1_Op2,3,9.70505056191593,1.0,,simulated_assay,rADA_simulated,drug_naive,false,
ID88-D2_Op1_1,ID88,D2_Op1,1,6.7960482457063,1.0,,simulated_assay,rADA_simulated,drug_naive,false,
ID88-D2_Op1_2,ID88,D2_Op1,2,7.55964917219015,1.0,,simulated_assay,rADA_simulated,drug_naive,false,
ID88-D2_Op1_3,ID88,D2_Op1,3,7.17784870894822,1.0,,simulated_assay,rADA_simulated,drug_naive,false,
ID88-D2_Op2_1,ID88,D2_Op2,1,10.0868510251579,1.0,,simulated_assay,rADA_simulated,drug_naive,false,
ID88-D2_Op2_2,ID88,D2_Op2,2,10.0868510251579,1.0,,simulated_assay,rADA_simulated,drug_naive,false,
ID88-D2_Op2_3,ID88,D2_Op2,3,8.48328907954177,1.0,,simulated_assay,rADA_simulated,drug_naive,false,
ID88-D3_Op1_1,ID88,D3_Op1,1,6.71968815305791,1.0,,simulated_assay,rADA_simulated,drug_naive,false,
ID88-D3_Op1_2,ID88,D3_Op1,2,6.71968815305791,1.0,,simulated_assay,rADA_simulated,drug_naive,false,
ID88-D3_Op1_3,ID88,D3_Op1,3,7.33056889424499,1.0,,simulated_assay,rADA_simulated,drug_naive,false,
ID88-D3_Op2_1,ID88,D3_Op2,1,8.63600926483853,1.0,,simulated_assay,rADA_simulated,drug_naive,false,
ID88-D3_Op2_2,ID88,D3_Op2,2,7.71968815305791,1.0,,simulated_assay,rADA_simulated,drug_naive,false,
ID88-D3_Op2_3,ID88,D3_Op2,3,9.24689000602562,1.0,,simulated_assay,rADA_simulated,drug_naive,false,
ID89-D1_Op1_1,ID89,D1_Op1,1,10.4636486433356,1.0,,simulated_assay,rADA_simulated,drug_naive,false,
ID89-D1_Op1_2,ID89,D1_Op1,2,10.3419783102736,1.0,,simulated_assay,rADA_simulated,drug_naive,false,
ID89-D1_Op1_3,ID89,D1_Op1,3,14.478769634383,1.0,,simulated_assay,rADA_simulated,drug_naive,false,
ID89-D1_Op2_1,ID89,D1_Op2,1,14.1403959707005,1.0,,simulated_assay,rADA_simulated,drug_naive,false,
ID89-D1_Op2_2,ID89,D1_Op2,2,14.1403959707005,1.0,,simulated_assay,rADA_simulated,drug_naive,false,
ID89-D1_Op2_3,ID89,D1_Op2,3,10.1252749796532,1.0,,simulated_assay,rADA_simulated,drug_naive,false,
ID89-D2_Op1_1,ID89,D2_Op1,1,10.2203079772115,1.0,,simulated_assay,rADA_simulated,drug_naive,false,
ID89-D2_Op1_2,ID89,D2_Op1,2,9.61195631190133,1.0,,simulated_assay,rADA_simulated,drug_naive,false,
ID89-D2_Op1_3,ID89,D2_Op1,3,12.8970553045765,1.0,,simulated_assay,rADA_simulated,drug_naive,false,
ID89-D2_Op2_1,ID89,D2_Op2,1,15.478769634383,1.0,,simulated_assay,rADA_simulated,drug_naive,false,
ID89-D2_Op2_2,ID89,D2_Op2,2,11.7069893094597,1.0,,simulated_assay,rADA_simulated,drug_naive,false,
ID89-D2_Op2_3,ID89,D2_Op2,3,11.4636486433356,1.0,,simulated_assay,rADA_simulated,drug_naive,false,
ID89-D3_Op1_1,ID89,D3_Op1,1,10.8286596425217,1.0,,simulated_assay,rADA_simulated,drug_naive,false,
ID89-D3_Op1_2,ID89,D3_Op1,2,10.0986376441495,1.0,,simulated_assay,rADA_simulated,drug_naive,false,
ID89-D3_Op1_3,ID89,D3_Op1,3,15.2087916327553,1.0,,simulated_assay,rADA_simulated,drug_naive,false,
ID89-D3_Op2_1,ID89,D3_Op2,1,12.8020223070181,1.0,,simulated_assay,rADA_simulated,drug_naive,false,
ID89-D3_Op2_2,ID89,D3_Op2,2,13.4103739723283,1.0,,simulated_assay,rADA_simulated,drug_naive,false,
ID89-D3_Op2_3,ID89,D3_Op2,3,10.6119563119013,1.0,,simulated_assay,rADA_simulated,drug_naive,false,
ID90-D1_Op1_1,ID90,D1_Op1,1,21.0703404030818,1.0,,simulated_assay,rADA_simulated,drug_naive,false,
ID90-D1_Op1_2,ID90,D1_Op1,2,31.1841037965611,1.0,,simulated_assay,rADA_simulated,drug_naive,false,
ID90-D1_Op1_3,ID90,D1_Op1,3,22.1940918912462,1.0,,simulated_assay,rADA_simulated,drug_naive,false,
ID90-D1_Op2_1,ID90,D1_Op2,1,28.2509735879858,1.0,,simulated_assay,rADA_simulated,drug_naive,false,
ID90-D1_Op2_2,ID90,D1_Op2,2,23.4750297632873,1.0,,simulated_assay,rADA_simulated,drug_naive,false,
ID90-D1_Op2_3,ID90,D1_Op2,3,28.2509735879858,1.0,,simulated_assay,rADA_simulated,drug_naive,false,
ID90-D2_Op1_1,ID90,D2_Op1,1,30.6222280524789,1.0,,simulated_assay,rADA_simulated,drug_naive,false,
ID90-D2_Op1_2,ID90,D2_Op1,2,34.8362961330953,1.0,,simulated_assay,rADA_simulated,drug_naive,false,
ID90-D2_Op1_3,ID90,D2_Op1,3,32.8697310288076,1.0,,simulated_assay,rADA_simulated,drug_naive,false,
ID90-D2_Op2_1,ID90,D2_Op2,1,33.3078552847255,1.0,,simulated_assay,rADA_simulated,drug_naive,false,
ID90-D2_Op2_2,ID90,D2_Op2,2,35.5553582610542,1.0,,simulated_assay,rADA_simulated,drug_naive,false,
ID90-D2_Op2_3,ID90,D2_Op2,3,24.0369055073695,1.0,,simulated_assay,rADA_simulated,drug_naive,false,
ID90-D3_Op1_1,ID90,D3_Op1,1,23.0369055073695,1.0,,simulated_assay,rADA_simulated,drug_naive,false,
ID90-D3_Op1_2,ID90,D3_Op1,2,27.2509735879858,1.0,,simulated_assay,rADA_simulated,drug_naive,false,
ID90-D3_Op1_3,ID90,D3_Op1,3,23.0369055073695,1.0,,simulated_assay,rADA_simulated,drug_naive,false,
ID90-D3_Op2_1,ID90,D3_Op2,1,31.90316592452,1.0,,simulated_assay,rADA_simulated,drug_naive,false,
ID90-D3_Op2_2,ID90,D3_Op2,2,26.2844084836982,1.0,,simulated_assay,rADA_simulated,drug_naive,false,
ID90-D3_Op2_3,ID90,D3_Op2,3,28.812849332068,1.0,,simulated_assay,rADA_simulated,drug_naive,false,
ID91-D1_Op1_1,ID91,D1_Op1,1,13.1259101740355,1.0,,simulated_assay,rADA_simulated,drug_naive,false,
ID91-D1_Op1_2,ID91,D1_Op1,2,16.4073877175443,1.0,,simulated_assay,rADA_simulated,drug_naive,false,
ID91-D1_Op1_3,ID91,D1_Op1,3,13.262638405015,1.0,,simulated_assay,rADA_simulated,drug_naive,false,
ID91-D1_Op2_1,ID91,D1_Op2,1,15.9033771767694,1.0,,simulated_assay,rADA_simulated,drug_naive,false,
ID91-D1_Op2_2,ID91,D1_Op2,2,17.6808441795034,1.0,,simulated_assay,rADA_simulated,drug_naive,false,
ID91-D1_Op2_3,ID91,D1_Op2,3,11.6648020164038,1.0,,simulated_assay,rADA_simulated,drug_naive,false,
ID91-D2_Op1_1,ID91,D2_Op1,1,15.1768336387285,1.0,,simulated_assay,rADA_simulated,drug_naive,false,
ID91-D2_Op1_2,ID91,D2_Op1,2,11.6218996332606,1.0,,simulated_assay,rADA_simulated,drug_naive,false,
ID91-D2_Op1_3,ID91,D2_Op1,3,13.1259101740355,1.0,,simulated_assay,rADA_simulated,drug_naive,false,
ID91-D2_Op2_1,ID91,D2_Op2,1,16.4502901006876,1.0,,simulated_assay,rADA_simulated,drug_naive,false,
ID91-D2_Op2_2,ID91,D2_Op2,2,15.2197360218717,1.0,,simulated_assay,rADA_simulated,drug_naive,false,
ID91-D2_Op2_3,ID91,D2_Op2,3,12.6218996332606,1.0,,simulated_assay,rADA_simulated,drug_naive,false,
ID91-D3_Op1_1,ID91,D3_Op1,1,14.7666489457899,1.0,,simulated_assay,rADA_simulated,drug_naive,false,
ID91-D3_Op1_2,ID91,D3_Op1,2,10.8015302473833,1.0,,simulated_assay,rADA_simulated,drug_naive,false,
ID91-D3_Op1_3,ID91,D3_Op1,3,10.8015302473833,1.0,,simulated_assay,rADA_simulated,drug_naive,false,
ID91-D3_Op2_1,ID91,D3_Op2,1,16.313561869708,1.0,,simulated_assay,rADA_simulated,drug_naive,false,
ID91-D3_Op2_2,ID91,D3_Op2,2,14.6728230979536,1.0,,simulated_assay,rADA_simulated,drug_naive,false,
ID91-D3_Op2_3,ID91,D3_Op2,3,16.9972030246057,1.0,,simulated_assay,rADA_simulated,drug_naive,false,
ID92-D1_Op1_1,ID92,D1_Op1,1,11.7960617349767,1.0,,simulated_assay,rADA_simulated,drug_naive,false,
ID92-D1_Op1_2,ID92,D1_Op1,2,9.51962876857766,1.0,,simulated_assay,rADA_simulated,drug_naive,false,
ID92-D1_Op1_3,ID92,D1_Op1,3,10.0369998973047,1.0,,simulated_assay,rADA_simulated,drug_naive,false,
ID92-D1_Op2_1,ID92,D1_Op2,1,11.5543710260317,1.0,,simulated_assay,rADA_simulated,drug_naive,false,
ID92-D1_Op2_2,ID92,D1_Op2,2,12.1752163805042,1.0,,simulated_assay,rADA_simulated,drug_naive,false,
ID92-D1_Op2_3,ID92,D1_Op2,3,12.1752163805042,1.0,,simulated_assay,rADA_simulated,drug_naive,false,
ID92-D2_Op1_1,ID92,D2_Op1,1,9.41615454283225,1.0,,simulated_assay,rADA_simulated,drug_naive,false,
ID92-D2_Op1_2,ID92,D2_Op1,2,10.5543710260317,1.0,,simulated_assay,rADA_simulated,drug_naive,false,
ID92-D2_Op1_3,ID92,D2_Op1,3,7.96751538239652,1.0,,simulated_assay,rADA_simulated,drug_naive,false,
ID92-D2_Op2_1,ID92,D2_Op2,1,11.4508968002863,1.0,,simulated_assay,rADA_simulated,drug_naive,false,
ID92-D2_Op2_2,ID92,D2_Op2,2,11.7613194775226,1.0,,simulated_assay,rADA_simulated,drug_naive,false,
ID92-D2_Op2_3,ID92,D2_Op2,3,9.07098960814193,1.0,,simulated_assay,rADA_simulated,drug_naive,false,
ID92-D3_Op1_1,ID92,D3_Op1,1,10.9682679290134,1.0,,simulated_assay,rADA_simulated,drug_naive,false,
ID92-D3_Op1_2,ID92,D3_Op1,2,12.0030101864675,1.0,,simulated_assay,rADA_simulated,drug_naive,false,
ID92-D3_Op1_3,ID92,D3_Op1,3,9.31268031708684,1.0,,simulated_assay,rADA_simulated,drug_naive,false,
ID92-D3_Op2_1,ID92,D3_Op2,1,10.0022576398506,1.0,,simulated_assay,rADA_simulated,drug_naive,false,
ID92-D3_Op2_2,ID92,D3_Op2,2,11.0369998973047,1.0,,simulated_assay,rADA_simulated,drug_naive,false,
ID92-D3_Op2_3,ID92,D3_Op2,3,9.69183496261438,1.0,,simulated_assay,rADA_simulated,drug_naive,false,
ID93-D1_Op1_1,ID93,D1_Op1,1,9.20491870804819,1.0,,simulated_assay,rADA_simulated,drug_naive,false,
ID93-D1_Op1_2,ID93,D1_Op1,2,10.3981489109433,1.0,,simulated_assay,rADA_simulated,drug_naive,false,
ID93-D1_Op1_3,ID93,D1_Op1,3,9.54584162316108,1.0,,simulated_assay,rADA_simulated,drug_naive,false,
ID93-D1_Op2_1,ID93,D1_Op2,1,10.7163030807175,1.0,,simulated_assay,rADA_simulated,drug_naive,false,
ID93-D1_Op2_2,ID93,D1_Op2,2,10.9719952670522,1.0,,simulated_assay,rADA_simulated,drug_naive,false,
ID93-D1_Op2_3,ID93,D1_Op2,3,7.64799684470147,1.0,,simulated_assay,rADA_simulated,drug_naive,false,
ID93-D2_Op1_1,ID93,D2_Op1,1,6.81845830225792,1.0,,simulated_assay,rADA_simulated,drug_naive,false,
ID93-D2_Op1_2,ID93,D2_Op1,2,8.94922652171352,1.0,,simulated_assay,rADA_simulated,drug_naive,false,
ID93-D2_Op1_3,ID93,D2_Op1,3,10.3129181821651,1.0,,simulated_assay,rADA_simulated,drug_naive,false,
ID93-D2_Op2_1,ID93,D2_Op2,1,10.886764538274,1.0,,simulated_assay,rADA_simulated,drug_naive,false,
ID93-D2_Op2_2,ID93,D2_Op2,2,11.4833796397215,1.0,,simulated_assay,rADA_simulated,drug_naive,false,
ID93-D2_Op2_3,ID93,D2_Op2,3,11.3129181821651,1.0,,simulated_assay,rADA_simulated,drug_naive,false,
ID93-D3_Op1_1,ID93,D3_Op1,1,7.07415048859259,1.0,,simulated_assay,rADA_simulated,drug_naive,false,
ID93-D3_Op1_2,ID93,D3_Op1,2,7.75599631881838,1.0,,simulated_assay,rADA_simulated,drug_naive,false,
ID93-D3_Op1_3,ID93,D3_Op1,3,9.80153380949576,1.0,,simulated_assay,rADA_simulated,drug_naive,false,
ID93-D3_Op2_1,ID93,D3_Op2,1,10.4606108943829,1.0,,simulated_assay,rADA_simulated,drug_naive,false,
ID93-D3_Op2_2,ID93,D3_Op2,2,8.32984267492726,1.0,,simulated_assay,rADA_simulated,drug_naive,false,
ID93-D3_Op2_3,ID93,D3_Op2,3,10.11968797927,1.0,,simulated_assay,rADA_simulated,drug_naive,false,
ID94-D1_Op1_1,ID94,D1_Op1,1,14.5792746864166,1.0,,simulated_assay,rADA_simulated,drug_naive,false,
ID94-D1_Op1_2,ID94,D1_Op1,2,12.5911917746325,1.0,,simulated_assay,rADA_simulated,drug_naive,false,
ID94-D1_Op1_3,ID94,D1_Op1,3,15.4076425663266,1.0,,simulated_assay,rADA_simulated,drug_naive,false,
ID94-D1_Op2_1,ID94,D1_Op2,1,21.7091969977508,1.0,,simulated_assay,rADA_simulated,drug_naive,false,
ID94-D1_Op2_2,ID94,D1_Op2,2,20.2181348139127,1.0,,simulated_assay,rADA_simulated,drug_naive,false,
ID94-D1_Op2_3,ID94,D1_Op2,3,18.7270726300747,1.0,,simulated_assay,rADA_simulated,drug_naive,false,
ID94-D2_Op1_1,ID94,D2_Op1,1,16.2360104462366,1.0,,simulated_assay,rADA_simulated,drug_naive,false,
ID94-D2_Op1_2,ID94,D2_Op1,2,15.4076425663266,1.0,,simulated_assay,rADA_simulated,drug_naive,false,
ID94-D2_Op1_3,ID94,D2_Op1,3,17.0643783261467,1.0,,simulated_assay,rADA_simulated,drug_naive,false,
ID94-D2_Op2_1,ID94,D2_Op2,1,14.2538860785605,1.0,,simulated_assay,rADA_simulated,drug_naive,false,
ID94-D2_Op2_2,ID94,D2_Op2,2,17.7330311741826,1.0,,simulated_assay,rADA_simulated,drug_naive,false,
ID94-D2_Op2_3,ID94,D2_Op2,3,14.5852332305245,1.0,,simulated_assay,rADA_simulated,drug_naive,false,
ID94-D3_Op1_1,ID94,D3_Op1,1,17.5613990540927,1.0,,simulated_assay,rADA_simulated,drug_naive,false,
ID94-D3_Op1_2,ID94,D3_Op1,2,20.5435234217688,1.0,,simulated_assay,rADA_simulated,drug_naive,false,
ID94-D3_Op1_3,ID94,D3_Op1,3,15.4076425663266,1.0,,simulated_assay,rADA_simulated,drug_naive,false,
ID94-D3_Op2_1,ID94,D3_Op2,1,19.7211140859667,1.0,,simulated_assay,rADA_simulated,drug_naive,false,
ID94-D3_Op2_2,ID94,D3_Op2,2,21.0465026938228,1.0,,simulated_assay,rADA_simulated,drug_naive,false,
ID94-D3_Op2_3,ID94,D3_Op2,3,21.5435234217688,1.0,,simulated_assay,rADA_simulated,drug_naive,false,
ID95-D1_Op1_1,ID95,D1_Op1,1,15.3220573702077,1.0,,simulated_assay,rADA_simulated,drug_naive,false,
ID95-D1_Op1_2,ID95,D1_Op1,2,14.8623956491014,1.0,,simulated_assay,rADA_simulated,drug_naive,false,
ID95-D1_Op1_3,ID95,D1_Op1,3,13.7898516331869,1.0,,simulated_assay,rADA_simulated,drug_naive,false,
ID95-D1_Op2_1,ID95,D1_Op2,1,18.3139248283347,1.0,,simulated_assay,rADA_simulated,drug_naive,false,
ID95-D1_Op2_2,ID95,D1_Op2,2,14.7898516331869,1.0,,simulated_assay,rADA_simulated,drug_naive,false,
ID95-D1_Op2_3,ID95,D1_Op2,3,15.8623956491014,1.0,,simulated_assay,rADA_simulated,drug_naive,false,
ID95-D2_Op1_1,ID95,D2_Op1,1,16.2413808124201,1.0,,simulated_assay,rADA_simulated,drug_naive,false,
ID95-D2_Op1_2,ID95,D2_Op1,2,15.1688367965056,1.0,,simulated_assay,rADA_simulated,drug_naive,false,
ID95-D2_Op1_3,ID95,D2_Op1,3,18.3864688442492,1.0,,simulated_assay,rADA_simulated,drug_naive,false,
ID95-D2_Op2_1,ID95,D2_Op2,1,16.1688367965056,1.0,,simulated_assay,rADA_simulated,drug_naive,false,
ID95-D2_Op2_2,ID95,D2_Op2,2,14.0237487646765,1.0,,simulated_assay,rADA_simulated,drug_naive,false,
ID95-D2_Op2_3,ID95,D2_Op2,3,14.6366310594848,1.0,,simulated_assay,rADA_simulated,drug_naive,false,
ID95-D3_Op1_1,ID95,D3_Op1,1,12.5640870435703,1.0,,simulated_assay,rADA_simulated,drug_naive,false,
ID95-D3_Op1_2,ID95,D3_Op1,2,13.1769693383786,1.0,,simulated_assay,rADA_simulated,drug_naive,false,
ID95-D3_Op1_3,ID95,D3_Op1,3,16.2413808124201,1.0,,simulated_assay,rADA_simulated,drug_naive,false,
ID95-D3_Op2_1,ID95,D3_Op2,1,15.5559545016973,1.0,,simulated_assay,rADA_simulated,drug_naive,false,
ID95-D3_Op2_2,ID95,D3_Op2,2,14.4834104857828,1.0,,simulated_assay,rADA_simulated,drug_naive,false,
ID95-D3_Op2_3,ID95,D3_Op2,3,17.0881602387181,1.0,,simulated_assay,rADA_simulated,drug_naive,false,
ID96-D1_Op1_1,ID96,D1_Op1,1,20.4276125297136,1.0,,simulated_assay,rADA_simulated,drug_naive,false,
ID96-D1_Op1_2,ID96,D1_Op1,2,17.3887941368636,1.0,,simulated_assay,rADA_simulated,drug_naive,false,
ID96-D1_Op1_3,ID96,D1_Op1,3,18.5705568451942,1.0,,simulated_assay,rADA_simulated,drug_naive,false,
ID96-D1_Op2_1,ID96,D1_Op2,1,20.0770265773358,1.0,,simulated_assay,rADA_simulated,drug_naive,false,
ID96-D1_Op2_2,ID96,D1_Op2,2,13.9993897916359,1.0,,simulated_assay,rADA_simulated,drug_naive,false,
ID96-D1_Op2_3,ID96,D1_Op2,3,16.5317384523442,1.0,,simulated_assay,rADA_simulated,drug_naive,false,
ID96-D2_Op1_1,ID96,D2_Op1,1,20.4276125297136,1.0,,simulated_assay,rADA_simulated,drug_naive,false,
ID96-D2_Op1_2,ID96,D2_Op1,2,15.362915208297,1.0,,simulated_assay,rADA_simulated,drug_naive,false,
ID96-D2_Op1_3,ID96,D2_Op1,3,21.1029055059025,1.0,,simulated_assay,rADA_simulated,drug_naive,false,
ID96-D2_Op2_1,ID96,D2_Op2,1,21.765259017808,1.0,,simulated_assay,rADA_simulated,drug_naive,false,
ID96-D2_Op2_2,ID96,D2_Op2,2,15.5187989880609,1.0,,simulated_assay,rADA_simulated,drug_naive,false,
ID96-D2_Op2_3,ID96,D2_Op2,3,18.2199708928164,1.0,,simulated_assay,rADA_simulated,drug_naive,false,
ID96-D3_Op1_1,ID96,D3_Op1,1,19.245849821383,1.0,,simulated_assay,rADA_simulated,drug_naive,false,
ID96-D3_Op1_2,ID96,D3_Op1,2,17.5576173809109,1.0,,simulated_assay,rADA_simulated,drug_naive,false,
ID96-D3_Op1_3,ID96,D3_Op1,3,14.5187989880609,1.0,,simulated_assay,rADA_simulated,drug_naive,false,
ID96-D3_Op2_1,ID96,D3_Op2,1,16.7005616963914,1.0,,simulated_assay,rADA_simulated,drug_naive,false,
ID96-D3_Op2_2,ID96,D3_Op2,2,15.0123292559192,1.0,,simulated_assay,rADA_simulated,drug_naive,false,
ID96-D3_Op2_3,ID96,D3_Op2,3,15.1811524999665,1.0,,simulated_assay,rADA_simulated,drug_naive,false,
ID97-D1_Op1_1,ID97,D1_Op1,1,6.63250244017889,1.0,,simulated_assay,rADA_simulated,drug_naive,false,
ID97-D1_Op1_2,ID97,D1_Op1,2,6.86937752732814,1.0,,simulated_assay,rADA_simulated,drug_naive,false,
ID97-D1_Op1_3,ID97,D1_Op1,3,6.09953349409309,1.0,,simulated_assay,rADA_simulated,drug_naive,false,
ID97-D1_Op2_1,ID97,D1_Op2,1,5.91515805834686,1.0,,simulated_assay,rADA_simulated,drug_naive,false,
ID97-D1_Op2_2,ID97,D1_Op2,2,7.6917212119662,1.0,,simulated_assay,rADA_simulated,drug_naive,false,
ID97-D1_Op2_3,ID97,D1_Op2,3,7.75093998375352,1.0,,simulated_assay,rADA_simulated,drug_naive,false,
ID97-D2_Op1_1,ID97,D2_Op1,1,5.32968946085804,1.0,,simulated_assay,rADA_simulated,drug_naive,false,
ID97-D2_Op1_2,ID97,D2_Op1,2,6.09953349409309,1.0,,simulated_assay,rADA_simulated,drug_naive,false,
ID97-D2_Op1_3,ID97,D2_Op1,3,6.27718980945502,1.0,,simulated_assay,rADA_simulated,drug_naive,false,
ID97-D2_Op2_1,ID97,D2_Op2,1,5.91515805834686,1.0,,simulated_assay,rADA_simulated,drug_naive,false,
ID97-D2_Op2_2,ID97,D2_Op2,2,7.75093998375352,1.0,,simulated_assay,rADA_simulated,drug_naive,false,
ID97-D2_Op2_3,ID97,D2_Op2,3,5.73750174298492,1.0,,simulated_assay,rADA_simulated,drug_naive,false,
ID97-D3_Op1_1,ID97,D3_Op1,1,7.04703384269007,1.0,,simulated_assay,rADA_simulated,drug_naive,false,
ID97-D3_Op1_2,ID97,D3_Op1,2,6.51406489660427,1.0,,simulated_assay,rADA_simulated,drug_naive,false,
ID97-D3_Op1_3,ID97,D3_Op1,3,5.09281437370879,1.0,,simulated_assay,rADA_simulated,drug_naive,false,
ID97-D3_Op2_1,ID97,D3_Op2,1,8.1654713862647,1.0,,simulated_assay,rADA_simulated,drug_naive,false,
ID97-D3_Op2_2,ID97,D3_Op2,2,7.09953349409309,1.0,,simulated_assay,rADA_simulated,drug_naive,false,
ID97-D3_Op2_3,ID97,D3_Op2,3,7.21797103766771,1.0,,simulated_assay,rADA_simulated,drug_naive,false,
ID98-D1_Op1_1,ID98,D1_Op1,1,7.43615614219679,1.0,,simulated_assay,rADA_simulated,drug_naive,false,
ID98-D1_Op1_2,ID98,D1_Op1,2,8.33503215938542,1.0,,simulated_assay,rADA_simulated,drug_naive,false,
ID98-D1_Op1_3,ID98,D1_Op1,3,6.86414413125858,1.0,,simulated_assay,rADA_simulated,drug_naive,false,
ID98-D1_Op2_1,ID98,D1_Op2,1,7.21041611875776,1.0,,simulated_assay,rADA_simulated,drug_naive,false,
ID98-D1_Op2_2,ID98,D1_Op2,2,9.74361216719843,1.0,,simulated_assay,rADA_simulated,drug_naive,false,
ID98-D1_Op2_3,ID98,D1_Op2,3,7.21041611875776,1.0,,simulated_assay,rADA_simulated,drug_naive,false,
ID98-D2_Op1_1,ID98,D2_Op1,1,8.25331615782281,1.0,,simulated_assay,rADA_simulated,drug_naive,false,
ID98-D2_Op1_2,ID98,D2_Op1,2,6.78242812969598,1.0,,simulated_assay,rADA_simulated,drug_naive,false,
ID98-D2_Op1_3,ID98,D2_Op1,3,6.37384812188296,1.0,,simulated_assay,rADA_simulated,drug_naive,false,
ID98-D2_Op2_1,ID98,D2_Op2,1,8.7630201484472,1.0,,simulated_assay,rADA_simulated,drug_naive,false,
ID98-D2_Op2_2,ID98,D2_Op2,2,9.41674816094802,1.0,,simulated_assay,rADA_simulated,drug_naive,false,
ID98-D2_Op2_3,ID98,D2_Op2,3,8.51787214375939,1.0,,simulated_assay,rADA_simulated,drug_naive,false,
ID98-D3_Op1_1,ID98,D3_Op1,1,10.1327841937627,1.0,,simulated_assay,rADA_simulated,drug_naive,false,
ID98-D3_Op1_2,ID98,D3_Op1,2,8.66189616563582,1.0,,simulated_assay,rADA_simulated,drug_naive,false,
ID98-D3_Op1_3,ID98,D3_Op1,3,8.98876017188623,1.0,,simulated_assay,rADA_simulated,drug_naive,false,
ID98-D3_Op2_1,ID98,D3_Op2,1,10.8876361890749,1.0,,simulated_assay,rADA_simulated,drug_naive,false,
ID98-D3_Op2_2,ID98,D3_Op2,2,11.2145001953253,1.0,,simulated_assay,rADA_simulated,drug_naive,false,
ID98-D3_Op2_3,ID98,D3_Op2,3,8.02757613438378,1.0,,simulated_assay,rADA_simulated,drug_naive,false,
ID99-D1_Op1_1,ID99,D1_Op1,1,11.4130228395825,1.0,,simulated_assay,rADA_simulated,drug_naive,false,
ID99-D1_Op1_2,ID99,D1_Op1,2,8.40413500005617,1.0,,simulated_assay,rADA_simulated,drug_naive,false,
ID99-D1_Op1_3,ID99,D1_Op1,3,9.33792777784019,1.0,,simulated_assay,rADA_simulated,drug_naive,false,
ID99-D1_Op2_1,ID99,D1_Op2,1,10.3379277778402,1.0,,simulated_assay,rADA_simulated,drug_naive,false,
ID99-D1_Op2_2,ID99,D1_Op2,2,12.1017585803211,1.0,,simulated_assay,rADA_simulated,drug_naive,false,
ID99-D1_Op2_3,ID99,D1_Op2,3,11.4792300617984,1.0,,simulated_assay,rADA_simulated,drug_naive,false,
ID99-D2_Op1_1,ID99,D2_Op1,1,10.998003827234,1.0,,simulated_assay,rADA_simulated,drug_naive,false,
ID99-D2_Op1_2,ID99,D2_Op1,2,9.85670154327576,1.0,,simulated_assay,rADA_simulated,drug_naive,false,
ID99-D2_Op1_3,ID99,D2_Op1,3,11.3092680864953,1.0,,simulated_assay,rADA_simulated,drug_naive,false,
ID99-D2_Op2_1,ID99,D2_Op2,1,13.865589382802,1.0,,simulated_assay,rADA_simulated,drug_naive,false,
ID99-D2_Op2_2,ID99,D2_Op2,2,12.1017585803211,1.0,,simulated_assay,rADA_simulated,drug_naive,false,
ID99-D2_Op2_3,ID99,D2_Op2,3,13.865589382802,1.0,,simulated_assay,rADA_simulated,drug_naive,false,
ID99-D3_Op1_1,ID99,D3_Op1,1,8.19662549388195,1.0,,simulated_assay,rADA_simulated,drug_naive,false,
ID99-D3_Op1_2,ID99,D3_Op1,2,7.78160648153349,1.0,,simulated_assay,rADA_simulated,drug_naive,false,
ID99-D3_Op1_3,ID99,D3_Op1,3,10.7904943210598,1.0,,simulated_assay,rADA_simulated,drug_naive,false,
ID99-D3_Op2_1,ID99,D3_Op2,1,9.30038024696906,1.0,,simulated_assay,rADA_simulated,drug_naive,false,
ID99-D3_Op2_2,ID99,D3_Op2,2,11.5829848148856,1.0,,simulated_assay,rADA_simulated,drug_naive,false,
ID99-D3_Op2_3,ID99,D3_Op2,3,13.2430608642794,1.0,,simulated_assay,rADA_simulated,drug_naive,false,
ID100-D1_Op1_1,ID100,D1_Op1,1,11.6950205350429,1.0,,simulated_assay,rADA_simulated,drug_naive,false,
ID100-D1_Op1_2,ID100,D1_Op1,2,10.4589614541034,1.0,,simulated_assay,rADA_simulated,drug_naive,false,
ID100-D1_Op1_3,ID100,D1_Op1,3,9.41306530869303,1.0,,simulated_assay,rADA_simulated,drug_naive,false,
ID100-D1_Op2_1,ID100,D1_Op2,1,12.885183470572,1.0,,simulated_assay,rADA_simulated,drug_naive,false,
ID100-D1_Op2_2,ID100,D1_Op2,2,10.6983097119868,1.0,,simulated_assay,rADA_simulated,drug_naive,false,
ID100-D1_Op2_3,ID100,D1_Op2,3,11.0786355830451,1.0,,simulated_assay,rADA_simulated,drug_naive,false,
ID100-D2_Op1_1,ID100,D2_Op1,1,8.36716916328269,1.0,,simulated_assay,rADA_simulated,drug_naive,false,
ID100-D2_Op1_2,ID100,D2_Op1,2,8.93765796987015,1.0,,simulated_assay,rADA_simulated,drug_naive,false,
ID100-D2_Op1_3,ID100,D2_Op1,3,7.1311100823432,1.0,,simulated_assay,rADA_simulated,drug_naive,false,
ID100-D2_Op2_1,ID100,D2_Op2,1,11.9343687929262,1.0,,simulated_assay,rADA_simulated,drug_naive,false,
ID100-D2_Op2_2,ID100,D2_Op2,2,12.4097761317491,1.0,,simulated_assay,rADA_simulated,drug_naive,false,
ID100-D2_Op2_3,ID100,D2_Op2,3,9.747495034341,1.0,,simulated_assay,rADA_simulated,drug_naive,false,
ID100-D3_Op1_1,ID100,D3_Op1,1,7.98684329222439,1.0,,simulated_assay,rADA_simulated,drug_naive,false,
ID100-D3_Op1_2,ID100,D3_Op1,2,10.7442058573971,1.0,,simulated_assay,rADA_simulated,drug_naive,false,
ID100-D3_Op1_3,ID100,D3_Op1,3,8.46225063104727,1.0,,simulated_assay,rADA_simulated,drug_naive,false,
ID100-D3_Op2_1,ID100,D3_Op2,1,11.8392873251617,1.0,,simulated_assay,rADA_simulated,drug_naive,false,
ID100-D3_Op2_2,ID100,D3_Op2,2,10.5081467764576,1.0,,simulated_assay,rADA_simulated,drug_naive,false,
ID100-D3_Op2_3,ID100,D3_Op2,3,8.1311100823432,1.0,,simulated_assay,rADA_simulated,drug_naive,false,
