fit_group_id,sample_id,experiment_id,curve_id,sensor_id,cycle_id,time,time_unit,response,response_unit,concentration,concentration_unit,phase,association_start,dissociation_start
synthetic-1,synthetic,synthetic-E1,curve-1,1,1,0.0,s,-0.001319210505811295,nm,5.0,nM,association,0.0,300.0
synthetic-1,synthetic,synthetic-E1,curve-1,1,1,2.0,s,0.0016987880501268368,nm,5.0,nM,association,0.0,300.0
synthetic-1,synthetic,synthetic-E1,curve-1,1,1,4.0,s,0.0019430492233694547,nm,5.0,nM,association,0.0,300.0
synthetic-1,synthetic,synthetic-E1,curve-1,1,1,6.0,s,0.009269899993557948,nm,5.0,nM,association,0.0,300.0
synthetic-1,synthetic,synthetic-E1,curve-1,1,1,8.0,s,0.000191013655480363,nm,5.0,nM,association,0.0,300.0
synthetic-1,synthetic,synthetic-E1,curve-1,1,1,10.0,s,0.00911914472137855,nm,5.0,nM,association,0.0,300.0
synthetic-1,synthetic,synthetic-E1,curve-1,1,1,12.0,s,0.003310008823923843,nm,5.0,nM,association,0.0,300.0
synthetic-1,synthetic,synthetic-E1,curve-1,1,1,14.0,s,0.004951473634147965,nm,5.0,nM,association,0.0,300.0
synthetic-1,synthetic,synthetic-E1,curve-1,1,1,16.0,s,0.003906496131534369,nm,5.0,nM,association,0.0,300.0
synthetic-1,synthetic,synthetic-E1,curve-1,1,1,18.0,s,0.005348250879422882,nm,5.0,nM,association,0.0,300.0
synthetic-1,synthetic,synthetic-E1,curve-1,1,1,20.0,s,0.002248726302312952,nm,5.0,nM,association,0.0,300.0
synthetic-1,synthetic,synthetic-E1,curve-1,1,1,22.0,s,0.00893089835668486,nm,5.0,nM,association,0.0,300.0
synthetic-1,synthetic,synthetic-E1,curve-1,1,1,24.0,s,0.006220631368980624,nm,5.0,nM,association,0.0,300.0
synthetic-1,synthetic,synthetic-E1,curve-1,1,1,26.0,s,0.0061638382360705134,nm,5.0,nM,association,0.0,300.0
synthetic-1,synthetic,synthetic-E1,curve-1,1,1,28.0,s,0.011652400103627116,nm,5.0,nM,association,0.0,300.0
synthetic-1,synthetic,synthetic-E1,curve-1,1,1,30.0,s,0.013587712051518966,nm,5.0,nM,association,0.0,300.0
synthetic-1,synthetic,synthetic-E1,curve-1,1,1,32.0,s,0.0155443147662472,nm,5.0,nM,association,0.0,300.0
synthetic-1,synthetic,synthetic-E1,curve-1,1,1,34.0,s,0.013418295477197053,nm,5.0,nM,association,0.0,300.0
synthetic-1,synthetic,synthetic-E1,curve-1,1,1,36.0,s,0.01172222469267549,nm,5.0,nM,association,0.0,300.0
synthetic-1,synthetic,synthetic-E1,curve-1,1,1,38.0,s,0.010315667875564679,nm,5.0,nM,association,0.0,300.0
synthetic-1,synthetic,synthetic-E1,curve-1,1,1,40.0,s,0.01399466045856082,nm,5.0,nM,association,0.0,300.0
synthetic-1,synthetic,synthetic-E1,curve-1,1,1,42.0,s,0.011488527157534376,nm,5.0,nM,association,0.0,300.0
synthetic-1,synthetic,synthetic-E1,curve-1,1,1,44.0,s,0.015632252460796383,nm,5.0,nM,association,0.0,300.0
synthetic-1,synthetic,synthetic-E1,curve-1,1,1,46.0,s,0.014009753822785517,nm,5.0,nM,association,0.0,300.0
synthetic-1,synthetic,synthetic-E1,curve-1,1,1,48.0,s,0.012362194764633062,nm,5.0,nM,association,0.0,300.0
synthetic-1,synthetic,synthetic-E1,curve-1,1,1,50.0,s,0.016251796133716894,nm,5.0,nM,association,0.0,300.0
synthetic-1,synthetic,synthetic-E1,curve-1,1,1,52.0,s,0.01783998740232453,nm,5.0,nM,association,0.0,300.0
synthetic-1,synthetic,synthetic-E1,curve-1,1,1,54.0,s,0.015491626872126454,nm,5.0,nM,association,0.0,300.0
synthetic-1,synthetic,synthetic-E1,curve-1,1,1,56.0,s,0.0199837568692445,nm,5.0,nM,association,0.0,300.0
synthetic-1,synthetic,synthetic-E1,curve-1,1,1,58.0,s,0.018083037821003626,nm,5.0,nM,association,0.0,300.0
synthetic-1,synthetic,synthetic-E1,curve-1,1,1,60.0,s,0.024281527082178775,nm,5.0,nM,association,0.0,300.0
synthetic-1,synthetic,synthetic-E1,curve-1,1,1,62.0,s,0.02283318538888706,nm,5.0,nM,association,0.0,300.0
synthetic-1,synthetic,synthetic-E1,curve-1,1,1,64.0,s,0.017735073193021644,nm,5.0,nM,association,0.0,300.0
synthetic-1,synthetic,synthetic-E1,curve-1,1,1,66.0,s,0.024155865587340578,nm,5.0,nM,association,0.0,300.0
synthetic-1,synthetic,synthetic-E1,curve-1,1,1,68.0,s,0.024595837125769644,nm,5.0,nM,association,0.0,300.0
synthetic-1,synthetic,synthetic-E1,curve-1,1,1,70.0,s,0.02006995601331913,nm,5.0,nM,association,0.0,300.0
synthetic-1,synthetic,synthetic-E1,curve-1,1,1,72.0,s,0.022611755053168158,nm,5.0,nM,association,0.0,300.0
synthetic-1,synthetic,synthetic-E1,curve-1,1,1,74.0,s,0.024838635340769227,nm,5.0,nM,association,0.0,300.0
synthetic-1,synthetic,synthetic-E1,curve-1,1,1,76.0,s,0.025248666088140775,nm,5.0,nM,association,0.0,300.0
synthetic-1,synthetic,synthetic-E1,curve-1,1,1,78.0,s,0.02374612158190635,nm,5.0,nM,association,0.0,300.0
synthetic-1,synthetic,synthetic-E1,curve-1,1,1,80.0,s,0.026035044401450387,nm,5.0,nM,association,0.0,300.0
synthetic-1,synthetic,synthetic-E1,curve-1,1,1,82.0,s,0.025936480939527412,nm,5.0,nM,association,0.0,300.0
synthetic-1,synthetic,synthetic-E1,curve-1,1,1,84.0,s,0.02929632236117582,nm,5.0,nM,association,0.0,300.0
synthetic-1,synthetic,synthetic-E1,curve-1,1,1,86.0,s,0.028054905242040608,nm,5.0,nM,association,0.0,300.0
synthetic-1,synthetic,synthetic-E1,curve-1,1,1,88.0,s,0.026288190580896955,nm,5.0,nM,association,0.0,300.0
synthetic-1,synthetic,synthetic-E1,curve-1,1,1,90.0,s,0.03459051676978401,nm,5.0,nM,association,0.0,300.0
synthetic-1,synthetic,synthetic-E1,curve-1,1,1,92.0,s,0.026686958013571533,nm,5.0,nM,association,0.0,300.0
synthetic-1,synthetic,synthetic-E1,curve-1,1,1,94.0,s,0.03227087940540519,nm,5.0,nM,association,0.0,300.0
synthetic-1,synthetic,synthetic-E1,curve-1,1,1,96.0,s,0.03421511123510604,nm,5.0,nM,association,0.0,300.0
synthetic-1,synthetic,synthetic-E1,curve-1,1,1,98.0,s,0.023984020270953133,nm,5.0,nM,association,0.0,300.0
synthetic-1,synthetic,synthetic-E1,curve-1,1,1,100.0,s,0.03234413729984268,nm,5.0,nM,association,0.0,300.0
synthetic-1,synthetic,synthetic-E1,curve-1,1,1,102.0,s,0.03308268334788205,nm,5.0,nM,association,0.0,300.0
synthetic-1,synthetic,synthetic-E1,curve-1,1,1,104.0,s,0.026074880078684543,nm,5.0,nM,association,0.0,300.0
synthetic-1,synthetic,synthetic-E1,curve-1,1,1,106.0,s,0.034943147960288884,nm,5.0,nM,association,0.0,300.0
synthetic-1,synthetic,synthetic-E1,curve-1,1,1,108.0,s,0.029112772064915946,nm,5.0,nM,association,0.0,300.0
synthetic-1,synthetic,synthetic-E1,curve-1,1,1,110.0,s,0.03496926777274107,nm,5.0,nM,association,0.0,300.0
synthetic-1,synthetic,synthetic-E1,curve-1,1,1,112.0,s,0.03441300232900319,nm,5.0,nM,association,0.0,300.0
synthetic-1,synthetic,synthetic-E1,curve-1,1,1,114.0,s,0.03387386187620066,nm,5.0,nM,association,0.0,300.0
synthetic-1,synthetic,synthetic-E1,curve-1,1,1,116.0,s,0.035390238769928924,nm,5.0,nM,association,0.0,300.0
synthetic-1,synthetic,synthetic-E1,curve-1,1,1,118.0,s,0.03438997681226954,nm,5.0,nM,association,0.0,300.0
synthetic-1,synthetic,synthetic-E1,curve-1,1,1,120.0,s,0.033475887835631574,nm,5.0,nM,association,0.0,300.0
synthetic-1,synthetic,synthetic-E1,curve-1,1,1,122.0,s,0.04006532128377171,nm,5.0,nM,association,0.0,300.0
synthetic-1,synthetic,synthetic-E1,curve-1,1,1,124.0,s,0.04066815686662207,nm,5.0,nM,association,0.0,300.0
synthetic-1,synthetic,synthetic-E1,curve-1,1,1,126.0,s,0.042993751399754906,nm,5.0,nM,association,0.0,300.0
synthetic-1,synthetic,synthetic-E1,curve-1,1,1,128.0,s,0.032329510289056916,nm,5.0,nM,association,0.0,300.0
synthetic-1,synthetic,synthetic-E1,curve-1,1,1,130.0,s,0.03576434096657249,nm,5.0,nM,association,0.0,300.0
synthetic-1,synthetic,synthetic-E1,curve-1,1,1,132.0,s,0.045427409942976685,nm,5.0,nM,association,0.0,300.0
synthetic-1,synthetic,synthetic-E1,curve-1,1,1,134.0,s,0.036504024050523255,nm,5.0,nM,association,0.0,300.0
synthetic-1,synthetic,synthetic-E1,curve-1,1,1,136.0,s,0.04328003112811537,nm,5.0,nM,association,0.0,300.0
synthetic-1,synthetic,synthetic-E1,curve-1,1,1,138.0,s,0.03303619683971793,nm,5.0,nM,association,0.0,300.0
synthetic-1,synthetic,synthetic-E1,curve-1,1,1,140.0,s,0.04236380012341439,nm,5.0,nM,association,0.0,300.0
synthetic-1,synthetic,synthetic-E1,curve-1,1,1,142.0,s,0.04429379399439812,nm,5.0,nM,association,0.0,300.0
synthetic-1,synthetic,synthetic-E1,curve-1,1,1,144.0,s,0.0456228947296394,nm,5.0,nM,association,0.0,300.0
synthetic-1,synthetic,synthetic-E1,curve-1,1,1,146.0,s,0.046600076418766775,nm,5.0,nM,association,0.0,300.0
synthetic-1,synthetic,synthetic-E1,curve-1,1,1,148.0,s,0.04301021152586937,nm,5.0,nM,association,0.0,300.0
synthetic-1,synthetic,synthetic-E1,curve-1,1,1,150.0,s,0.04518643272462061,nm,5.0,nM,association,0.0,300.0
synthetic-1,synthetic,synthetic-E1,curve-1,1,1,152.0,s,0.0438560673132701,nm,5.0,nM,association,0.0,300.0
synthetic-1,synthetic,synthetic-E1,curve-1,1,1,154.0,s,0.04836724319509775,nm,5.0,nM,association,0.0,300.0
synthetic-1,synthetic,synthetic-E1,curve-1,1,1,156.0,s,0.041270631613112084,nm,5.0,nM,association,0.0,300.0
synthetic-1,synthetic,synthetic-E1,curve-1,1,1,158.0,s,0.04929505914676394,nm,5.0,nM,association,0.0,300.0
synthetic-1,synthetic,synthetic-E1,curve-1,1,1,160.0,s,0.04722379643085929,nm,5.0,nM,association,0.0,300.0
synthetic-1,synthetic,synthetic-E1,curve-1,1,1,162.0,s,0.05219070718485722,nm,5.0,nM,association,0.0,300.0
synthetic-1,synthetic,synthetic-E1,curve-1,1,1,164.0,s,0.04457985128396542,nm,5.0,nM,association,0.0,300.0
synthetic-1,synthetic,synthetic-E1,curve-1,1,1,166.0,s,0.04879842543388214,nm,5.0,nM,association,0.0,300.0
synthetic-1,synthetic,synthetic-E1,curve-1,1,1,168.0,s,0.05111973459174432,nm,5.0,nM,association,0.0,300.0
synthetic-1,synthetic,synthetic-E1,curve-1,1,1,170.0,s,0.04776876405845064,nm,5.0,nM,association,0.0,300.0
synthetic-1,synthetic,synthetic-E1,curve-1,1,1,172.0,s,0.047686958838723044,nm,5.0,nM,association,0.0,300.0
synthetic-1,synthetic,synthetic-E1,curve-1,1,1,174.0,s,0.05067988571059026,nm,5.0,nM,association,0.0,300.0
synthetic-1,synthetic,synthetic-E1,curve-1,1,1,176.0,s,0.04384222039611395,nm,5.0,nM,association,0.0,300.0
synthetic-1,synthetic,synthetic-E1,curve-1,1,1,178.0,s,0.053513025979424006,nm,5.0,nM,association,0.0,300.0
synthetic-1,synthetic,synthetic-E1,curve-1,1,1,180.0,s,0.0519216936065847,nm,5.0,nM,association,0.0,300.0
synthetic-1,synthetic,synthetic-E1,curve-1,1,1,182.0,s,0.049838174385985846,nm,5.0,nM,association,0.0,300.0
synthetic-1,synthetic,synthetic-E1,curve-1,1,1,184.0,s,0.05596417652711658,nm,5.0,nM,association,0.0,300.0
synthetic-1,synthetic,synthetic-E1,curve-1,1,1,186.0,s,0.058058418269088266,nm,5.0,nM,association,0.0,300.0
synthetic-1,synthetic,synthetic-E1,curve-1,1,1,188.0,s,0.055375555557666344,nm,5.0,nM,association,0.0,300.0
synthetic-1,synthetic,synthetic-E1,curve-1,1,1,190.0,s,0.05404875487913513,nm,5.0,nM,association,0.0,300.0
synthetic-1,synthetic,synthetic-E1,curve-1,1,1,192.0,s,0.05499599670309437,nm,5.0,nM,association,0.0,300.0
synthetic-1,synthetic,synthetic-E1,curve-1,1,1,194.0,s,0.05120859298249612,nm,5.0,nM,association,0.0,300.0
synthetic-1,synthetic,synthetic-E1,curve-1,1,1,196.0,s,0.05207916671821437,nm,5.0,nM,association,0.0,300.0
synthetic-1,synthetic,synthetic-E1,curve-1,1,1,198.0,s,0.05263278365116708,nm,5.0,nM,association,0.0,300.0
synthetic-1,synthetic,synthetic-E1,curve-1,1,1,200.0,s,0.0559791716571312,nm,5.0,nM,association,0.0,300.0
synthetic-1,synthetic,synthetic-E1,curve-1,1,1,202.0,s,0.05857494939135595,nm,5.0,nM,association,0.0,300.0
synthetic-1,synthetic,synthetic-E1,curve-1,1,1,204.0,s,0.05670219798246092,nm,5.0,nM,association,0.0,300.0
synthetic-1,synthetic,synthetic-E1,curve-1,1,1,206.0,s,0.05388878897458937,nm,5.0,nM,association,0.0,300.0
synthetic-1,synthetic,synthetic-E1,curve-1,1,1,208.0,s,0.06379675831293748,nm,5.0,nM,association,0.0,300.0
synthetic-1,synthetic,synthetic-E1,curve-1,1,1,210.0,s,0.06176966522329675,nm,5.0,nM,association,0.0,300.0
synthetic-1,synthetic,synthetic-E1,curve-1,1,1,212.0,s,0.05845001818940871,nm,5.0,nM,association,0.0,300.0
synthetic-1,synthetic,synthetic-E1,curve-1,1,1,214.0,s,0.05943361783010488,nm,5.0,nM,association,0.0,300.0
synthetic-1,synthetic,synthetic-E1,curve-1,1,1,216.0,s,0.060136807801429513,nm,5.0,nM,association,0.0,300.0
synthetic-1,synthetic,synthetic-E1,curve-1,1,1,218.0,s,0.059839262910465575,nm,5.0,nM,association,0.0,300.0
synthetic-1,synthetic,synthetic-E1,curve-1,1,1,220.0,s,0.05476270228601915,nm,5.0,nM,association,0.0,300.0
synthetic-1,synthetic,synthetic-E1,curve-1,1,1,222.0,s,0.06354846900279822,nm,5.0,nM,association,0.0,300.0
synthetic-1,synthetic,synthetic-E1,curve-1,1,1,224.0,s,0.06153318568160011,nm,5.0,nM,association,0.0,300.0
synthetic-1,synthetic,synthetic-E1,curve-1,1,1,226.0,s,0.05951431484529037,nm,5.0,nM,association,0.0,300.0
synthetic-1,synthetic,synthetic-E1,curve-1,1,1,228.0,s,0.05896697202705258,nm,5.0,nM,association,0.0,300.0
synthetic-1,synthetic,synthetic-E1,curve-1,1,1,230.0,s,0.06345795442937112,nm,5.0,nM,association,0.0,300.0
synthetic-1,synthetic,synthetic-E1,curve-1,1,1,232.0,s,0.060351026254012285,nm,5.0,nM,association,0.0,300.0
synthetic-1,synthetic,synthetic-E1,curve-1,1,1,234.0,s,0.06179256605952091,nm,5.0,nM,association,0.0,300.0
synthetic-1,synthetic,synthetic-E1,curve-1,1,1,236.0,s,0.06646971449530277,nm,5.0,nM,association,0.0,300.0
synthetic-1,synthetic,synthetic-E1,curve-1,1,1,238.0,s,0.06248781989120457,nm,5.0,nM,association,0.0,300.0
synthetic-1,synthetic,synthetic-E1,curve-1,1,1,240.0,s,0.062063406126466616,nm,5.0,nM,association,0.0,300.0
synthetic-1,synthetic,synthetic-E1,curve-1,1,1,242.0,s,0.06342745340164292,nm,5.0,nM,association,0.0,300.0
synthetic-1,synthetic,synthetic-E1,curve-1,1,1,244.0,s,0.06338828280487016,nm,5.0,nM,association,0.0,300.0
synthetic-1,synthetic,synthetic-E1,curve-1,1,1,246.0,s,0.06710452369230911,nm,5.0,nM,association,0.0,300.0
synthetic-1,synthetic,synthetic-E1,curve-1,1,1,248.0,s,0.07051130210667873,nm,5.0,nM,association,0.0,300.0
synthetic-1,synthetic,synthetic-E1,curve-1,1,1,250.0,s,0.06957134317167125,nm,5.0,nM,association,0.0,300.0
synthetic-1,synthetic,synthetic-E1,curve-1,1,1,252.0,s,0.061674033005517756,nm,5.0,nM,association,0.0,300.0
synthetic-1,synthetic,synthetic-E1,curve-1,1,1,254.0,s,0.07033222283310986,nm,5.0,nM,association,0.0,300.0
synthetic-1,synthetic,synthetic-E1,curve-1,1,1,256.0,s,0.0654623060474239,nm,5.0,nM,association,0.0,300.0
synthetic-1,synthetic,synthetic-E1,curve-1,1,1,258.0,s,0.06741906525833634,nm,5.0,nM,association,0.0,300.0
synthetic-1,synthetic,synthetic-E1,curve-1,1,1,260.0,s,0.06312550312801801,nm,5.0,nM,association,0.0,300.0
synthetic-1,synthetic,synthetic-E1,curve-1,1,1,262.0,s,0.0766785213094715,nm,5.0,nM,association,0.0,300.0
synthetic-1,synthetic,synthetic-E1,curve-1,1,1,264.0,s,0.06859044817786239,nm,5.0,nM,association,0.0,300.0
synthetic-1,synthetic,synthetic-E1,curve-1,1,1,266.0,s,0.06629791947773919,nm,5.0,nM,association,0.0,300.0
synthetic-1,synthetic,synthetic-E1,curve-1,1,1,268.0,s,0.0719475974805449,nm,5.0,nM,association,0.0,300.0
synthetic-1,synthetic,synthetic-E1,curve-1,1,1,270.0,s,0.07278527857955984,nm,5.0,nM,association,0.0,300.0
synthetic-1,synthetic,synthetic-E1,curve-1,1,1,272.0,s,0.06861182736699414,nm,5.0,nM,association,0.0,300.0
synthetic-1,synthetic,synthetic-E1,curve-1,1,1,274.0,s,0.07318005769863925,nm,5.0,nM,association,0.0,300.0
synthetic-1,synthetic,synthetic-E1,curve-1,1,1,276.0,s,0.07495388423160353,nm,5.0,nM,association,0.0,300.0
synthetic-1,synthetic,synthetic-E1,curve-1,1,1,278.0,s,0.07042359710398018,nm,5.0,nM,association,0.0,300.0
synthetic-1,synthetic,synthetic-E1,curve-1,1,1,280.0,s,0.0733020203233413,nm,5.0,nM,association,0.0,300.0
synthetic-1,synthetic,synthetic-E1,curve-1,1,1,282.0,s,0.07351724282850566,nm,5.0,nM,association,0.0,300.0
synthetic-1,synthetic,synthetic-E1,curve-1,1,1,284.0,s,0.0750248537917215,nm,5.0,nM,association,0.0,300.0
synthetic-1,synthetic,synthetic-E1,curve-1,1,1,286.0,s,0.07323520566783397,nm,5.0,nM,association,0.0,300.0
synthetic-1,synthetic,synthetic-E1,curve-1,1,1,288.0,s,0.07372248671011557,nm,5.0,nM,association,0.0,300.0
synthetic-1,synthetic,synthetic-E1,curve-1,1,1,290.0,s,0.06776781929475353,nm,5.0,nM,association,0.0,300.0
synthetic-1,synthetic,synthetic-E1,curve-1,1,1,292.0,s,0.07484924890141592,nm,5.0,nM,association,0.0,300.0
synthetic-1,synthetic,synthetic-E1,curve-1,1,1,294.0,s,0.07217853564838606,nm,5.0,nM,association,0.0,300.0
synthetic-1,synthetic,synthetic-E1,curve-1,1,1,296.0,s,0.07240661130100856,nm,5.0,nM,association,0.0,300.0
synthetic-1,synthetic,synthetic-E1,curve-1,1,1,298.0,s,0.07839728622966675,nm,5.0,nM,association,0.0,300.0
synthetic-1,synthetic,synthetic-E1,curve-1,1,1,300.0,s,0.07418946498669773,nm,5.0,nM,dissociation,0.0,300.0
synthetic-1,synthetic,synthetic-E1,curve-1,1,1,302.0,s,0.06912245409127214,nm,5.0,nM,dissociation,0.0,300.0
synthetic-1,synthetic,synthetic-E1,curve-1,1,1,304.0,s,0.07504109099513313,nm,5.0,nM,dissociation,0.0,300.0
synthetic-1,synthetic,synthetic-E1,curve-1,1,1,306.0,s,0.07173704842033653,nm,5.0,nM,dissociation,0.0,300.0
synthetic-1,synthetic,synthetic-E1,curve-1,1,1,308.0,s,0.07402509091898123,nm,5.0,nM,dissociation,0.0,300.0
synthetic-1,synthetic,synthetic-E1,curve-1,1,1,310.0,s,0.07898020574638832,nm,5.0,nM,dissociation,0.0,300.0
synthetic-1,synthetic,synthetic-E1,curve-1,1,1,312.0,s,0.06965538872687052,nm,5.0,nM,dissociation,0.0,300.0
synthetic-1,synthetic,synthetic-E1,curve-1,1,1,314.0,s,0.08008590935427676,nm,5.0,nM,dissociation,0.0,300.0
synthetic-1,synthetic,synthetic-E1,curve-1,1,1,316.0,s,0.07553203330167348,nm,5.0,nM,dissociation,0.0,300.0
synthetic-1,synthetic,synthetic-E1,curve-1,1,1,318.0,s,0.07166341370087016,nm,5.0,nM,dissociation,0.0,300.0
synthetic-1,synthetic,synthetic-E1,curve-1,1,1,320.0,s,0.07178711324166685,nm,5.0,nM,dissociation,0.0,300.0
synthetic-1,synthetic,synthetic-E1,curve-1,1,1,322.0,s,0.07476645541684737,nm,5.0,nM,dissociation,0.0,300.0
synthetic-1,synthetic,synthetic-E1,curve-1,1,1,324.0,s,0.0685070144576338,nm,5.0,nM,dissociation,0.0,300.0
synthetic-1,synthetic,synthetic-E1,curve-1,1,1,326.0,s,0.0745513064642521,nm,5.0,nM,dissociation,0.0,300.0
synthetic-1,synthetic,synthetic-E1,curve-1,1,1,328.0,s,0.06663937434850793,nm,5.0,nM,dissociation,0.0,300.0
synthetic-1,synthetic,synthetic-E1,curve-1,1,1,330.0,s,0.06982676353689926,nm,5.0,nM,dissociation,0.0,300.0
synthetic-1,synthetic,synthetic-E1,curve-1,1,1,332.0,s,0.07244251328777984,nm,5.0,nM,dissociation,0.0,300.0
synthetic-1,synthetic,synthetic-E1,curve-1,1,1,334.0,s,0.07346672489668218,nm,5.0,nM,dissociation,0.0,300.0
synthetic-1,synthetic,synthetic-E1,curve-1,1,1,336.0,s,0.06995467526009767,nm,5.0,nM,dissociation,0.0,300.0
synthetic-1,synthetic,synthetic-E1,curve-1,1,1,338.0,s,0.07150532248629421,nm,5.0,nM,dissociation,0.0,300.0
synthetic-1,synthetic,synthetic-E1,curve-1,1,1,340.0,s,0.06804953406655544,nm,5.0,nM,dissociation,0.0,300.0
synthetic-1,synthetic,synthetic-E1,curve-1,1,1,342.0,s,0.06924299774574982,nm,5.0,nM,dissociation,0.0,300.0
synthetic-1,synthetic,synthetic-E1,curve-1,1,1,344.0,s,0.0702605419790359,nm,5.0,nM,dissociation,0.0,300.0
synthetic-1,synthetic,synthetic-E1,curve-1,1,1,346.0,s,0.06405559448802157,nm,5.0,nM,dissociation,0.0,300.0
synthetic-1,synthetic,synthetic-E1,curve-1,1,1,348.0,s,0.06961558052971756,nm,5.0,nM,dissociation,0.0,300.0
synthetic-1,synthetic,synthetic-E1,curve-1,1,1,350.0,s,0.07101500537120306,nm,5.0,nM,dissociation,0.0,300.0
synthetic-1,synthetic,synthetic-E1,curve-1,1,1,352.0,s,0.06598486866403341,nm,5.0,nM,dissociation,0.0,300.0
synthetic-1,synthetic,synthetic-E1,curve-1,1,1,354.0,s,0.06952761837751142,nm,5.0,nM,dissociation,0.0,300.0
synthetic-1,synthetic,synthetic-E1,curve-1,1,1,356.0,s,0.06720534052980245,nm,5.0,nM,dissociation,0.0,300.0
synthetic-1,synthetic,synthetic-E1,curve-1,1,1,358.0,s,0.06667055583758114,nm,5.0,nM,dissociation,0.0,300.0
synthetic-1,synthetic,synthetic-E1,curve-1,1,1,360.0,s,0.06714627335545975,nm,5.0,nM,dissociation,0.0,300.0
synthetic-1,synthetic,synthetic-E1,curve-1,1,1,362.0,s,0.06883460796152917,nm,5.0,nM,dissociation,0.0,300.0
synthetic-1,synthetic,synthetic-E1,curve-1,1,1,364.0,s,0.07002930917338397,nm,5.0,nM,dissociation,0.0,300.0
synthetic-1,synthetic,synthetic-E1,curve-1,1,1,366.0,s,0.06713233590412751,nm,5.0,nM,dissociation,0.0,300.0
synthetic-1,synthetic,synthetic-E1,curve-1,1,1,368.0,s,0.061961298911160714,nm,5.0,nM,dissociation,0.0,300.0
synthetic-1,synthetic,synthetic-E1,curve-1,1,1,370.0,s,0.06563898147055018,nm,5.0,nM,dissociation,0.0,300.0
synthetic-1,synthetic,synthetic-E1,curve-1,1,1,372.0,s,0.06600930343750433,nm,5.0,nM,dissociation,0.0,300.0
synthetic-1,synthetic,synthetic-E1,curve-1,1,1,374.0,s,0.06746589992858973,nm,5.0,nM,dissociation,0.0,300.0
synthetic-1,synthetic,synthetic-E1,curve-1,1,1,376.0,s,0.06328564980843669,nm,5.0,nM,dissociation,0.0,300.0
synthetic-1,synthetic,synthetic-E1,curve-1,1,1,378.0,s,0.06297574894925814,nm,5.0,nM,dissociation,0.0,300.0
synthetic-1,synthetic,synthetic-E1,curve-1,1,1,380.0,s,0.062055299527184346,nm,5.0,nM,dissociation,0.0,300.0
synthetic-1,synthetic,synthetic-E1,curve-1,1,1,382.0,s,0.06723157693054485,nm,5.0,nM,dissociation,0.0,300.0
synthetic-1,synthetic,synthetic-E1,curve-1,1,1,384.0,s,0.06161964504065951,nm,5.0,nM,dissociation,0.0,300.0
synthetic-1,synthetic,synthetic-E1,curve-1,1,1,386.0,s,0.06202927017856202,nm,5.0,nM,dissociation,0.0,300.0
synthetic-1,synthetic,synthetic-E1,curve-1,1,1,388.0,s,0.06805497043467437,nm,5.0,nM,dissociation,0.0,300.0
synthetic-1,synthetic,synthetic-E1,curve-1,1,1,390.0,s,0.06386689373919603,nm,5.0,nM,dissociation,0.0,300.0
synthetic-1,synthetic,synthetic-E1,curve-1,1,1,392.0,s,0.06751635397930997,nm,5.0,nM,dissociation,0.0,300.0
synthetic-1,synthetic,synthetic-E1,curve-1,1,1,394.0,s,0.06454183085770576,nm,5.0,nM,dissociation,0.0,300.0
synthetic-1,synthetic,synthetic-E1,curve-1,1,1,396.0,s,0.0665627835216105,nm,5.0,nM,dissociation,0.0,300.0
synthetic-1,synthetic,synthetic-E1,curve-1,1,1,398.0,s,0.06455372057112503,nm,5.0,nM,dissociation,0.0,300.0
synthetic-1,synthetic,synthetic-E1,curve-1,1,1,400.0,s,0.060587234445098864,nm,5.0,nM,dissociation,0.0,300.0
synthetic-1,synthetic,synthetic-E1,curve-1,1,1,402.0,s,0.06284951688973645,nm,5.0,nM,dissociation,0.0,300.0
synthetic-1,synthetic,synthetic-E1,curve-1,1,1,404.0,s,0.0560076279471438,nm,5.0,nM,dissociation,0.0,300.0
synthetic-1,synthetic,synthetic-E1,curve-1,1,1,406.0,s,0.0649258036043171,nm,5.0,nM,dissociation,0.0,300.0
synthetic-1,synthetic,synthetic-E1,curve-1,1,1,408.0,s,0.05729270526495975,nm,5.0,nM,dissociation,0.0,300.0
synthetic-1,synthetic,synthetic-E1,curve-1,1,1,410.0,s,0.06350984218802165,nm,5.0,nM,dissociation,0.0,300.0
synthetic-1,synthetic,synthetic-E1,curve-1,1,1,412.0,s,0.058805185696904454,nm,5.0,nM,dissociation,0.0,300.0
synthetic-1,synthetic,synthetic-E1,curve-1,1,1,414.0,s,0.06845788247742764,nm,5.0,nM,dissociation,0.0,300.0
synthetic-1,synthetic,synthetic-E1,curve-1,1,1,416.0,s,0.058344206511802575,nm,5.0,nM,dissociation,0.0,300.0
synthetic-1,synthetic,synthetic-E1,curve-1,1,1,418.0,s,0.05349662153566274,nm,5.0,nM,dissociation,0.0,300.0
synthetic-1,synthetic,synthetic-E1,curve-1,1,1,420.0,s,0.060894895226188246,nm,5.0,nM,dissociation,0.0,300.0
synthetic-1,synthetic,synthetic-E1,curve-1,1,1,422.0,s,0.05822234642225385,nm,5.0,nM,dissociation,0.0,300.0
synthetic-1,synthetic,synthetic-E1,curve-1,1,1,424.0,s,0.05985543778157921,nm,5.0,nM,dissociation,0.0,300.0
synthetic-1,synthetic,synthetic-E1,curve-1,1,1,426.0,s,0.06326831191263925,nm,5.0,nM,dissociation,0.0,300.0
synthetic-1,synthetic,synthetic-E1,curve-1,1,1,428.0,s,0.05736165107963971,nm,5.0,nM,dissociation,0.0,300.0
synthetic-1,synthetic,synthetic-E1,curve-1,1,1,430.0,s,0.05996699548241946,nm,5.0,nM,dissociation,0.0,300.0
synthetic-1,synthetic,synthetic-E1,curve-1,1,1,432.0,s,0.05595056072258948,nm,5.0,nM,dissociation,0.0,300.0
synthetic-1,synthetic,synthetic-E1,curve-1,1,1,434.0,s,0.05047209966878793,nm,5.0,nM,dissociation,0.0,300.0
synthetic-1,synthetic,synthetic-E1,curve-1,1,1,436.0,s,0.056694408051155346,nm,5.0,nM,dissociation,0.0,300.0
synthetic-1,synthetic,synthetic-E1,curve-1,1,1,438.0,s,0.05482445110978714,nm,5.0,nM,dissociation,0.0,300.0
synthetic-1,synthetic,synthetic-E1,curve-1,1,1,440.0,s,0.058044573921770024,nm,5.0,nM,dissociation,0.0,300.0
synthetic-1,synthetic,synthetic-E1,curve-1,1,1,442.0,s,0.05614653875923883,nm,5.0,nM,dissociation,0.0,300.0
synthetic-1,synthetic,synthetic-E1,curve-1,1,1,444.0,s,0.05274793133895269,nm,5.0,nM,dissociation,0.0,300.0
synthetic-1,synthetic,synthetic-E1,curve-1,1,1,446.0,s,0.050572668946296126,nm,5.0,nM,dissociation,0.0,300.0
synthetic-1,synthetic,synthetic-E1,curve-1,1,1,448.0,s,0.058301762096114124,nm,5.0,nM,dissociation,0.0,300.0
synthetic-1,synthetic,synthetic-E1,curve-1,1,1,450.0,s,0.05316863625285727,nm,5.0,nM,dissociation,0.0,300.0
synthetic-1,synthetic,synthetic-E1,curve-1,1,1,452.0,s,0.05708981768534476,nm,5.0,nM,dissociation,0.0,300.0
synthetic-1,synthetic,synthetic-E1,curve-1,1,1,454.0,s,0.05758442745703206,nm,5.0,nM,dissociation,0.0,300.0
synthetic-1,synthetic,synthetic-E1,curve-1,1,1,456.0,s,0.052519303249699945,nm,5.0,nM,dissociation,0.0,300.0
synthetic-1,synthetic,synthetic-E1,curve-1,1,1,458.0,s,0.05822737289138446,nm,5.0,nM,dissociation,0.0,300.0
synthetic-1,synthetic,synthetic-E1,curve-1,1,1,460.0,s,0.04989456685341585,nm,5.0,nM,dissociation,0.0,300.0
synthetic-1,synthetic,synthetic-E1,curve-1,1,1,462.0,s,0.05486749163223607,nm,5.0,nM,dissociation,0.0,300.0
synthetic-1,synthetic,synthetic-E1,curve-1,1,1,464.0,s,0.059677512749805935,nm,5.0,nM,dissociation,0.0,300.0
synthetic-1,synthetic,synthetic-E1,curve-1,1,1,466.0,s,0.05570984648655636,nm,5.0,nM,dissociation,0.0,300.0
synthetic-1,synthetic,synthetic-E1,curve-1,1,1,468.0,s,0.05851215552030923,nm,5.0,nM,dissociation,0.0,300.0
synthetic-1,synthetic,synthetic-E1,curve-1,1,1,470.0,s,0.057216281216793154,nm,5.0,nM,dissociation,0.0,300.0
synthetic-1,synthetic,synthetic-E1,curve-1,1,1,472.0,s,0.052639663807285825,nm,5.0,nM,dissociation,0.0,300.0
synthetic-1,synthetic,synthetic-E1,curve-1,1,1,474.0,s,0.05642112364977176,nm,5.0,nM,dissociation,0.0,300.0
synthetic-1,synthetic,synthetic-E1,curve-1,1,1,476.0,s,0.05335514978082966,nm,5.0,nM,dissociation,0.0,300.0
synthetic-1,synthetic,synthetic-E1,curve-1,1,1,478.0,s,0.05190607506507107,nm,5.0,nM,dissociation,0.0,300.0
synthetic-1,synthetic,synthetic-E1,curve-1,1,1,480.0,s,0.05101408245217148,nm,5.0,nM,dissociation,0.0,300.0
synthetic-1,synthetic,synthetic-E1,curve-1,1,1,482.0,s,0.05203690748137651,nm,5.0,nM,dissociation,0.0,300.0
synthetic-1,synthetic,synthetic-E1,curve-1,1,1,484.0,s,0.057808375301186384,nm,5.0,nM,dissociation,0.0,300.0
synthetic-1,synthetic,synthetic-E1,curve-1,1,1,486.0,s,0.051325521654522276,nm,5.0,nM,dissociation,0.0,300.0
synthetic-1,synthetic,synthetic-E1,curve-1,1,1,488.0,s,0.04888210186777843,nm,5.0,nM,dissociation,0.0,300.0
synthetic-1,synthetic,synthetic-E1,curve-1,1,1,490.0,s,0.044475332942531774,nm,5.0,nM,dissociation,0.0,300.0
synthetic-1,synthetic,synthetic-E1,curve-1,1,1,492.0,s,0.05126770387849255,nm,5.0,nM,dissociation,0.0,300.0
synthetic-1,synthetic,synthetic-E1,curve-1,1,1,494.0,s,0.049062879605413674,nm,5.0,nM,dissociation,0.0,300.0
synthetic-1,synthetic,synthetic-E1,curve-1,1,1,496.0,s,0.05530960279691742,nm,5.0,nM,dissociation,0.0,300.0
synthetic-1,synthetic,synthetic-E1,curve-1,1,1,498.0,s,0.04631903387215984,nm,5.0,nM,dissociation,0.0,300.0
synthetic-1,synthetic,synthetic-E1,curve-1,1,1,500.0,s,0.05075562610402675,nm,5.0,nM,dissociation,0.0,300.0
synthetic-1,synthetic,synthetic-E1,curve-1,1,1,502.0,s,0.04772488839592147,nm,5.0,nM,dissociation,0.0,300.0
synthetic-1,synthetic,synthetic-E1,curve-1,1,1,504.0,s,0.04824265161534639,nm,5.0,nM,dissociation,0.0,300.0
synthetic-1,synthetic,synthetic-E1,curve-1,1,1,506.0,s,0.04979753645517378,nm,5.0,nM,dissociation,0.0,300.0
synthetic-1,synthetic,synthetic-E1,curve-1,1,1,508.0,s,0.048695270217536425,nm,5.0,nM,dissociation,0.0,300.0
synthetic-1,synthetic,synthetic-E1,curve-1,1,1,510.0,s,0.04509916998941592,nm,5.0,nM,dissociation,0.0,300.0
synthetic-1,synthetic,synthetic-E1,curve-1,1,1,512.0,s,0.05319073341412005,nm,5.0,nM,dissociation,0.0,300.0
synthetic-1,synthetic,synthetic-E1,curve-1,1,1,514.0,s,0.04952697874658465,nm,5.0,nM,dissociation,0.0,300.0
synthetic-1,synthetic,synthetic-E1,curve-1,1,1,516.0,s,0.050450282164709356,nm,5.0,nM,dissociation,0.0,300.0
synthetic-1,synthetic,synthetic-E1,curve-1,1,1,518.0,s,0.05089847974335726,nm,5.0,nM,dissociation,0.0,300.0
synthetic-1,synthetic,synthetic-E1,curve-1,1,1,520.0,s,0.0505231182555407,nm,5.0,nM,dissociation,0.0,300.0
synthetic-1,synthetic,synthetic-E1,curve-1,1,1,522.0,s,0.05733870388794556,nm,5.0,nM,dissociation,0.0,300.0
synthetic-1,synthetic,synthetic-E1,curve-1,1,1,524.0,s,0.04848204152687324,nm,5.0,nM,dissociation,0.0,300.0
synthetic-1,synthetic,synthetic-E1,curve-1,1,1,526.0,s,0.04783079797362408,nm,5.0,nM,dissociation,0.0,300.0
synthetic-1,synthetic,synthetic-E1,curve-1,1,1,528.0,s,0.04307786730201447,nm,5.0,nM,dissociation,0.0,300.0
synthetic-1,synthetic,synthetic-E1,curve-1,1,1,530.0,s,0.04676725987534488,nm,5.0,nM,dissociation,0.0,300.0
synthetic-1,synthetic,synthetic-E1,curve-1,1,1,532.0,s,0.05020084695063853,nm,5.0,nM,dissociation,0.0,300.0
synthetic-1,synthetic,synthetic-E1,curve-1,1,1,534.0,s,0.0501786890548448,nm,5.0,nM,dissociation,0.0,300.0
synthetic-1,synthetic,synthetic-E1,curve-1,1,1,536.0,s,0.04033842352064218,nm,5.0,nM,dissociation,0.0,300.0
synthetic-1,synthetic,synthetic-E1,curve-1,1,1,538.0,s,0.04625910306360487,nm,5.0,nM,dissociation,0.0,300.0
synthetic-1,synthetic,synthetic-E1,curve-1,1,1,540.0,s,0.04660362867513806,nm,5.0,nM,dissociation,0.0,300.0
synthetic-1,synthetic,synthetic-E1,curve-1,1,1,542.0,s,0.04399950016069275,nm,5.0,nM,dissociation,0.0,300.0
synthetic-1,synthetic,synthetic-E1,curve-1,1,1,544.0,s,0.042740776753095386,nm,5.0,nM,dissociation,0.0,300.0
synthetic-1,synthetic,synthetic-E1,curve-1,1,1,546.0,s,0.04486742033971205,nm,5.0,nM,dissociation,0.0,300.0
synthetic-1,synthetic,synthetic-E1,curve-1,1,1,548.0,s,0.042102389638861364,nm,5.0,nM,dissociation,0.0,300.0
synthetic-1,synthetic,synthetic-E1,curve-1,1,1,550.0,s,0.0484892556631698,nm,5.0,nM,dissociation,0.0,300.0
synthetic-1,synthetic,synthetic-E1,curve-1,1,1,552.0,s,0.04973913940957485,nm,5.0,nM,dissociation,0.0,300.0
synthetic-1,synthetic,synthetic-E1,curve-1,1,1,554.0,s,0.04103815327092608,nm,5.0,nM,dissociation,0.0,300.0
synthetic-1,synthetic,synthetic-E1,curve-1,1,1,556.0,s,0.04832668727290876,nm,5.0,nM,dissociation,0.0,300.0
synthetic-1,synthetic,synthetic-E1,curve-1,1,1,558.0,s,0.043300817178510705,nm,5.0,nM,dissociation,0.0,300.0
synthetic-1,synthetic,synthetic-E1,curve-1,1,1,560.0,s,0.04585372695964861,nm,5.0,nM,dissociation,0.0,300.0
synthetic-1,synthetic,synthetic-E1,curve-1,1,1,562.0,s,0.04378912564412041,nm,5.0,nM,dissociation,0.0,300.0
synthetic-1,synthetic,synthetic-E1,curve-1,1,1,564.0,s,0.04192292203885464,nm,5.0,nM,dissociation,0.0,300.0
synthetic-1,synthetic,synthetic-E1,curve-1,1,1,566.0,s,0.047464608121429074,nm,5.0,nM,dissociation,0.0,300.0
synthetic-1,synthetic,synthetic-E1,curve-1,1,1,568.0,s,0.05159108379628156,nm,5.0,nM,dissociation,0.0,300.0
synthetic-1,synthetic,synthetic-E1,curve-1,1,1,570.0,s,0.0443843838046962,nm,5.0,nM,dissociation,0.0,300.0
synthetic-1,synthetic,synthetic-E1,curve-1,1,1,572.0,s,0.04551343885307342,nm,5.0,nM,dissociation,0.0,300.0
synthetic-1,synthetic,synthetic-E1,curve-1,1,1,574.0,s,0.04614195129645222,nm,5.0,nM,dissociation,0.0,300.0
synthetic-1,synthetic,synthetic-E1,curve-1,1,1,576.0,s,0.04308095921299462,nm,5.0,nM,dissociation,0.0,300.0
synthetic-1,synthetic,synthetic-E1,curve-1,1,1,578.0,s,0.04226275789308034,nm,5.0,nM,dissociation,0.0,300.0
synthetic-1,synthetic,synthetic-E1,curve-1,1,1,580.0,s,0.03995784939686887,nm,5.0,nM,dissociation,0.0,300.0
synthetic-1,synthetic,synthetic-E1,curve-1,1,1,582.0,s,0.04550637932989921,nm,5.0,nM,dissociation,0.0,300.0
synthetic-1,synthetic,synthetic-E1,curve-1,1,1,584.0,s,0.04358230895440621,nm,5.0,nM,dissociation,0.0,300.0
synthetic-1,synthetic,synthetic-E1,curve-1,1,1,586.0,s,0.041250182432585214,nm,5.0,nM,dissociation,0.0,300.0
synthetic-1,synthetic,synthetic-E1,curve-1,1,1,588.0,s,0.0422796388855565,nm,5.0,nM,dissociation,0.0,300.0
synthetic-1,synthetic,synthetic-E1,curve-1,1,1,590.0,s,0.04238338817201653,nm,5.0,nM,dissociation,0.0,300.0
synthetic-1,synthetic,synthetic-E1,curve-1,1,1,592.0,s,0.04149162722171957,nm,5.0,nM,dissociation,0.0,300.0
synthetic-1,synthetic,synthetic-E1,curve-1,1,1,594.0,s,0.04236347055572126,nm,5.0,nM,dissociation,0.0,300.0
synthetic-1,synthetic,synthetic-E1,curve-1,1,1,596.0,s,0.04232360404303424,nm,5.0,nM,dissociation,0.0,300.0
synthetic-1,synthetic,synthetic-E1,curve-1,1,1,598.0,s,0.044733089535085944,nm,5.0,nM,dissociation,0.0,300.0
synthetic-1,synthetic,synthetic-E1,curve-1,1,1,600.0,s,0.0472760174229409,nm,5.0,nM,dissociation,0.0,300.0
synthetic-1,synthetic,synthetic-E1,curve-1,1,1,602.0,s,0.045708852468800104,nm,5.0,nM,dissociation,0.0,300.0
synthetic-1,synthetic,synthetic-E1,curve-1,1,1,604.0,s,0.035174346086856066,nm,5.0,nM,dissociation,0.0,300.0
synthetic-1,synthetic,synthetic-E1,curve-1,1,1,606.0,s,0.044569702149796254,nm,5.0,nM,dissociation,0.0,300.0
synthetic-1,synthetic,synthetic-E1,curve-1,1,1,608.0,s,0.041538440256492934,nm,5.0,nM,dissociation,0.0,300.0
synthetic-1,synthetic,synthetic-E1,curve-1,1,1,610.0,s,0.04551298500356663,nm,5.0,nM,dissociation,0.0,300.0
synthetic-1,synthetic,synthetic-E1,curve-1,1,1,612.0,s,0.04140264894876878,nm,5.0,nM,dissociation,0.0,300.0
synthetic-1,synthetic,synthetic-E1,curve-1,1,1,614.0,s,0.04266357607338336,nm,5.0,nM,dissociation,0.0,300.0
synthetic-1,synthetic,synthetic-E1,curve-1,1,1,616.0,s,0.0368135133507924,nm,5.0,nM,dissociation,0.0,300.0
synthetic-1,synthetic,synthetic-E1,curve-1,1,1,618.0,s,0.04152079441144146,nm,5.0,nM,dissociation,0.0,300.0
synthetic-1,synthetic,synthetic-E1,curve-1,1,1,620.0,s,0.03523063208264114,nm,5.0,nM,dissociation,0.0,300.0
synthetic-1,synthetic,synthetic-E1,curve-1,1,1,622.0,s,0.036219636067866726,nm,5.0,nM,dissociation,0.0,300.0
synthetic-1,synthetic,synthetic-E1,curve-1,1,1,624.0,s,0.037539957810502296,nm,5.0,nM,dissociation,0.0,300.0
synthetic-1,synthetic,synthetic-E1,curve-1,1,1,626.0,s,0.03771590262022023,nm,5.0,nM,dissociation,0.0,300.0
synthetic-1,synthetic,synthetic-E1,curve-1,1,1,628.0,s,0.04327937710990028,nm,5.0,nM,dissociation,0.0,300.0
synthetic-1,synthetic,synthetic-E1,curve-1,1,1,630.0,s,0.039276850017435055,nm,5.0,nM,dissociation,0.0,300.0
synthetic-1,synthetic,synthetic-E1,curve-1,1,1,632.0,s,0.04120353733724402,nm,5.0,nM,dissociation,0.0,300.0
synthetic-1,synthetic,synthetic-E1,curve-1,1,1,634.0,s,0.04412047100149936,nm,5.0,nM,dissociation,0.0,300.0
synthetic-1,synthetic,synthetic-E1,curve-1,1,1,636.0,s,0.04692591124159326,nm,5.0,nM,dissociation,0.0,300.0
synthetic-1,synthetic,synthetic-E1,curve-1,1,1,638.0,s,0.04161045833082271,nm,5.0,nM,dissociation,0.0,300.0
synthetic-1,synthetic,synthetic-E1,curve-1,1,1,640.0,s,0.03597205027457905,nm,5.0,nM,dissociation,0.0,300.0
synthetic-1,synthetic,synthetic-E1,curve-1,1,1,642.0,s,0.04278511569971656,nm,5.0,nM,dissociation,0.0,300.0
synthetic-1,synthetic,synthetic-E1,curve-1,1,1,644.0,s,0.03746577889849573,nm,5.0,nM,dissociation,0.0,300.0
synthetic-1,synthetic,synthetic-E1,curve-1,1,1,646.0,s,0.03942153692640619,nm,5.0,nM,dissociation,0.0,300.0
synthetic-1,synthetic,synthetic-E1,curve-1,1,1,648.0,s,0.03953655079375175,nm,5.0,nM,dissociation,0.0,300.0
synthetic-1,synthetic,synthetic-E1,curve-1,1,1,650.0,s,0.03969961883255732,nm,5.0,nM,dissociation,0.0,300.0
synthetic-1,synthetic,synthetic-E1,curve-1,1,1,652.0,s,0.03802848010613807,nm,5.0,nM,dissociation,0.0,300.0
synthetic-1,synthetic,synthetic-E1,curve-1,1,1,654.0,s,0.037152923053144105,nm,5.0,nM,dissociation,0.0,300.0
synthetic-1,synthetic,synthetic-E1,curve-1,1,1,656.0,s,0.03735217078365354,nm,5.0,nM,dissociation,0.0,300.0
synthetic-1,synthetic,synthetic-E1,curve-1,1,1,658.0,s,0.03386654517441264,nm,5.0,nM,dissociation,0.0,300.0
synthetic-1,synthetic,synthetic-E1,curve-1,1,1,660.0,s,0.03920080084239937,nm,5.0,nM,dissociation,0.0,300.0
synthetic-1,synthetic,synthetic-E1,curve-1,1,1,662.0,s,0.036048199806686054,nm,5.0,nM,dissociation,0.0,300.0
synthetic-1,synthetic,synthetic-E1,curve-1,1,1,664.0,s,0.036196855642549236,nm,5.0,nM,dissociation,0.0,300.0
synthetic-1,synthetic,synthetic-E1,curve-1,1,1,666.0,s,0.04185195253992819,nm,5.0,nM,dissociation,0.0,300.0
synthetic-1,synthetic,synthetic-E1,curve-1,1,1,668.0,s,0.03721177460218278,nm,5.0,nM,dissociation,0.0,300.0
synthetic-1,synthetic,synthetic-E1,curve-1,1,1,670.0,s,0.03236409807922258,nm,5.0,nM,dissociation,0.0,300.0
synthetic-1,synthetic,synthetic-E1,curve-1,1,1,672.0,s,0.03805306944135632,nm,5.0,nM,dissociation,0.0,300.0
synthetic-1,synthetic,synthetic-E1,curve-1,1,1,674.0,s,0.03052126521438387,nm,5.0,nM,dissociation,0.0,300.0
synthetic-1,synthetic,synthetic-E1,curve-1,1,1,676.0,s,0.029717329807177006,nm,5.0,nM,dissociation,0.0,300.0
synthetic-1,synthetic,synthetic-E1,curve-1,1,1,678.0,s,0.03626059517749856,nm,5.0,nM,dissociation,0.0,300.0
synthetic-1,synthetic,synthetic-E1,curve-1,1,1,680.0,s,0.03356975414571226,nm,5.0,nM,dissociation,0.0,300.0
synthetic-1,synthetic,synthetic-E1,curve-1,1,1,682.0,s,0.032145622654292036,nm,5.0,nM,dissociation,0.0,300.0
synthetic-1,synthetic,synthetic-E1,curve-1,1,1,684.0,s,0.03964729169030915,nm,5.0,nM,dissociation,0.0,300.0
synthetic-1,synthetic,synthetic-E1,curve-1,1,1,686.0,s,0.03999161204523123,nm,5.0,nM,dissociation,0.0,300.0
synthetic-1,synthetic,synthetic-E1,curve-1,1,1,688.0,s,0.030979585481449707,nm,5.0,nM,dissociation,0.0,300.0
synthetic-1,synthetic,synthetic-E1,curve-1,1,1,690.0,s,0.03683130588960104,nm,5.0,nM,dissociation,0.0,300.0
synthetic-1,synthetic,synthetic-E1,curve-1,1,1,692.0,s,0.032545241585989065,nm,5.0,nM,dissociation,0.0,300.0
synthetic-1,synthetic,synthetic-E1,curve-1,1,1,694.0,s,0.03787348556628062,nm,5.0,nM,dissociation,0.0,300.0
synthetic-1,synthetic,synthetic-E1,curve-1,1,1,696.0,s,0.033832344072671404,nm,5.0,nM,dissociation,0.0,300.0
synthetic-1,synthetic,synthetic-E1,curve-1,1,1,698.0,s,0.034345891902736445,nm,5.0,nM,dissociation,0.0,300.0
synthetic-1,synthetic,synthetic-E1,curve-1,1,1,700.0,s,0.03440435276059467,nm,5.0,nM,dissociation,0.0,300.0
synthetic-1,synthetic,synthetic-E1,curve-1,1,1,702.0,s,0.03430313886828296,nm,5.0,nM,dissociation,0.0,300.0
synthetic-1,synthetic,synthetic-E1,curve-1,1,1,704.0,s,0.030964562222851284,nm,5.0,nM,dissociation,0.0,300.0
synthetic-1,synthetic,synthetic-E1,curve-1,1,1,706.0,s,0.03555748599218095,nm,5.0,nM,dissociation,0.0,300.0
synthetic-1,synthetic,synthetic-E1,curve-1,1,1,708.0,s,0.03951390436623132,nm,5.0,nM,dissociation,0.0,300.0
synthetic-1,synthetic,synthetic-E1,curve-1,1,1,710.0,s,0.042537102477805205,nm,5.0,nM,dissociation,0.0,300.0
synthetic-1,synthetic,synthetic-E1,curve-1,1,1,712.0,s,0.037670349178036036,nm,5.0,nM,dissociation,0.0,300.0
synthetic-1,synthetic,synthetic-E1,curve-1,1,1,714.0,s,0.032248758386137125,nm,5.0,nM,dissociation,0.0,300.0
synthetic-1,synthetic,synthetic-E1,curve-1,1,1,716.0,s,0.03500617659966546,nm,5.0,nM,dissociation,0.0,300.0
synthetic-1,synthetic,synthetic-E1,curve-1,1,1,718.0,s,0.030384899444086462,nm,5.0,nM,dissociation,0.0,300.0
synthetic-1,synthetic,synthetic-E1,curve-1,1,1,720.0,s,0.028931069335564493,nm,5.0,nM,dissociation,0.0,300.0
synthetic-1,synthetic,synthetic-E1,curve-1,1,1,722.0,s,0.03244745428349716,nm,5.0,nM,dissociation,0.0,300.0
synthetic-1,synthetic,synthetic-E1,curve-1,1,1,724.0,s,0.03044730873245695,nm,5.0,nM,dissociation,0.0,300.0
synthetic-1,synthetic,synthetic-E1,curve-1,1,1,726.0,s,0.03514383587369649,nm,5.0,nM,dissociation,0.0,300.0
synthetic-1,synthetic,synthetic-E1,curve-1,1,1,728.0,s,0.03420837964439594,nm,5.0,nM,dissociation,0.0,300.0
synthetic-1,synthetic,synthetic-E1,curve-1,1,1,730.0,s,0.02784645594567606,nm,5.0,nM,dissociation,0.0,300.0
synthetic-1,synthetic,synthetic-E1,curve-1,1,1,732.0,s,0.03589038315787613,nm,5.0,nM,dissociation,0.0,300.0
synthetic-1,synthetic,synthetic-E1,curve-1,1,1,734.0,s,0.032594866184790856,nm,5.0,nM,dissociation,0.0,300.0
synthetic-1,synthetic,synthetic-E1,curve-1,1,1,736.0,s,0.028098333862940226,nm,5.0,nM,dissociation,0.0,300.0
synthetic-1,synthetic,synthetic-E1,curve-1,1,1,738.0,s,0.031192189066332105,nm,5.0,nM,dissociation,0.0,300.0
synthetic-1,synthetic,synthetic-E1,curve-1,1,1,740.0,s,0.032005007924715397,nm,5.0,nM,dissociation,0.0,300.0
synthetic-1,synthetic,synthetic-E1,curve-1,1,1,742.0,s,0.03390728707671923,nm,5.0,nM,dissociation,0.0,300.0
synthetic-1,synthetic,synthetic-E1,curve-1,1,1,744.0,s,0.024860322752792777,nm,5.0,nM,dissociation,0.0,300.0
synthetic-1,synthetic,synthetic-E1,curve-1,1,1,746.0,s,0.03455690667027738,nm,5.0,nM,dissociation,0.0,300.0
synthetic-1,synthetic,synthetic-E1,curve-1,1,1,748.0,s,0.030812862580558733,nm,5.0,nM,dissociation,0.0,300.0
synthetic-1,synthetic,synthetic-E1,curve-1,1,1,750.0,s,0.028921816878093174,nm,5.0,nM,dissociation,0.0,300.0
synthetic-1,synthetic,synthetic-E1,curve-1,1,1,752.0,s,0.026152303038166895,nm,5.0,nM,dissociation,0.0,300.0
synthetic-1,synthetic,synthetic-E1,curve-1,1,1,754.0,s,0.030723033169433308,nm,5.0,nM,dissociation,0.0,300.0
synthetic-1,synthetic,synthetic-E1,curve-1,1,1,756.0,s,0.0356041560704587,nm,5.0,nM,dissociation,0.0,300.0
synthetic-1,synthetic,synthetic-E1,curve-1,1,1,758.0,s,0.02935790259692567,nm,5.0,nM,dissociation,0.0,300.0
synthetic-1,synthetic,synthetic-E1,curve-1,1,1,760.0,s,0.027855380484301338,nm,5.0,nM,dissociation,0.0,300.0
synthetic-1,synthetic,synthetic-E1,curve-1,1,1,762.0,s,0.029718854832547173,nm,5.0,nM,dissociation,0.0,300.0
synthetic-1,synthetic,synthetic-E1,curve-1,1,1,764.0,s,0.0309471620707238,nm,5.0,nM,dissociation,0.0,300.0
synthetic-1,synthetic,synthetic-E1,curve-1,1,1,766.0,s,0.03020742864966769,nm,5.0,nM,dissociation,0.0,300.0
synthetic-1,synthetic,synthetic-E1,curve-1,1,1,768.0,s,0.025802143314219792,nm,5.0,nM,dissociation,0.0,300.0
synthetic-1,synthetic,synthetic-E1,curve-1,1,1,770.0,s,0.027603301526183125,nm,5.0,nM,dissociation,0.0,300.0
synthetic-1,synthetic,synthetic-E1,curve-1,1,1,772.0,s,0.027878452121546656,nm,5.0,nM,dissociation,0.0,300.0
synthetic-1,synthetic,synthetic-E1,curve-1,1,1,774.0,s,0.02928881479764131,nm,5.0,nM,dissociation,0.0,300.0
synthetic-1,synthetic,synthetic-E1,curve-1,1,1,776.0,s,0.030198097600158985,nm,5.0,nM,dissociation,0.0,300.0
synthetic-1,synthetic,synthetic-E1,curve-1,1,1,778.0,s,0.02561575928271626,nm,5.0,nM,dissociation,0.0,300.0
synthetic-1,synthetic,synthetic-E1,curve-1,1,1,780.0,s,0.030345311282860842,nm,5.0,nM,dissociation,0.0,300.0
synthetic-1,synthetic,synthetic-E1,curve-1,1,1,782.0,s,0.028515336673439178,nm,5.0,nM,dissociation,0.0,300.0
synthetic-1,synthetic,synthetic-E1,curve-1,1,1,784.0,s,0.028132964270267458,nm,5.0,nM,dissociation,0.0,300.0
synthetic-1,synthetic,synthetic-E1,curve-1,1,1,786.0,s,0.03566917077784226,nm,5.0,nM,dissociation,0.0,300.0
synthetic-1,synthetic,synthetic-E1,curve-1,1,1,788.0,s,0.028766833174577143,nm,5.0,nM,dissociation,0.0,300.0
synthetic-1,synthetic,synthetic-E1,curve-1,1,1,790.0,s,0.02259602207016039,nm,5.0,nM,dissociation,0.0,300.0
synthetic-1,synthetic,synthetic-E1,curve-1,1,1,792.0,s,0.030773889649334116,nm,5.0,nM,dissociation,0.0,300.0
synthetic-1,synthetic,synthetic-E1,curve-1,1,1,794.0,s,0.025706713908767585,nm,5.0,nM,dissociation,0.0,300.0
synthetic-1,synthetic,synthetic-E1,curve-1,1,1,796.0,s,0.026596732484244216,nm,5.0,nM,dissociation,0.0,300.0
synthetic-1,synthetic,synthetic-E1,curve-1,1,1,798.0,s,0.02084219194420686,nm,5.0,nM,dissociation,0.0,300.0
synthetic-1,synthetic,synthetic-E1,curve-1,1,1,800.0,s,0.028847166157155917,nm,5.0,nM,dissociation,0.0,300.0
synthetic-1,synthetic,synthetic-E1,curve-1,1,1,802.0,s,0.03004306291821228,nm,5.0,nM,dissociation,0.0,300.0
synthetic-1,synthetic,synthetic-E1,curve-1,1,1,804.0,s,0.02775761496114162,nm,5.0,nM,dissociation,0.0,300.0
synthetic-1,synthetic,synthetic-E1,curve-1,1,1,806.0,s,0.02802825488781767,nm,5.0,nM,dissociation,0.0,300.0
synthetic-1,synthetic,synthetic-E1,curve-1,1,1,808.0,s,0.027051085671012075,nm,5.0,nM,dissociation,0.0,300.0
synthetic-1,synthetic,synthetic-E1,curve-1,1,1,810.0,s,0.026236227404075538,nm,5.0,nM,dissociation,0.0,300.0
synthetic-1,synthetic,synthetic-E1,curve-1,1,1,812.0,s,0.02351960315173918,nm,5.0,nM,dissociation,0.0,300.0
synthetic-1,synthetic,synthetic-E1,curve-1,1,1,814.0,s,0.02891312044357148,nm,5.0,nM,dissociation,0.0,300.0
synthetic-1,synthetic,synthetic-E1,curve-1,1,1,816.0,s,0.021017695566565724,nm,5.0,nM,dissociation,0.0,300.0
synthetic-1,synthetic,synthetic-E1,curve-1,1,1,818.0,s,0.02730872771617196,nm,5.0,nM,dissociation,0.0,300.0
synthetic-1,synthetic,synthetic-E1,curve-1,1,1,820.0,s,0.030782218690290852,nm,5.0,nM,dissociation,0.0,300.0
synthetic-1,synthetic,synthetic-E1,curve-1,1,1,822.0,s,0.02834798371195117,nm,5.0,nM,dissociation,0.0,300.0
synthetic-1,synthetic,synthetic-E1,curve-1,1,1,824.0,s,0.027648021802694215,nm,5.0,nM,dissociation,0.0,300.0
synthetic-1,synthetic,synthetic-E1,curve-1,1,1,826.0,s,0.027332919202168533,nm,5.0,nM,dissociation,0.0,300.0
synthetic-1,synthetic,synthetic-E1,curve-1,1,1,828.0,s,0.027519227962110312,nm,5.0,nM,dissociation,0.0,300.0
synthetic-1,synthetic,synthetic-E1,curve-1,1,1,830.0,s,0.02435499438891643,nm,5.0,nM,dissociation,0.0,300.0
synthetic-1,synthetic,synthetic-E1,curve-1,1,1,832.0,s,0.02834467612521369,nm,5.0,nM,dissociation,0.0,300.0
synthetic-1,synthetic,synthetic-E1,curve-1,1,1,834.0,s,0.02895719539946312,nm,5.0,nM,dissociation,0.0,300.0
synthetic-1,synthetic,synthetic-E1,curve-1,1,1,836.0,s,0.028967582044048177,nm,5.0,nM,dissociation,0.0,300.0
synthetic-1,synthetic,synthetic-E1,curve-1,1,1,838.0,s,0.02536308564169793,nm,5.0,nM,dissociation,0.0,300.0
synthetic-1,synthetic,synthetic-E1,curve-1,1,1,840.0,s,0.024616611111336843,nm,5.0,nM,dissociation,0.0,300.0
synthetic-1,synthetic,synthetic-E1,curve-1,1,1,842.0,s,0.026813419223968637,nm,5.0,nM,dissociation,0.0,300.0
synthetic-1,synthetic,synthetic-E1,curve-1,1,1,844.0,s,0.02884866228974007,nm,5.0,nM,dissociation,0.0,300.0
synthetic-1,synthetic,synthetic-E1,curve-1,1,1,846.0,s,0.02783618773477492,nm,5.0,nM,dissociation,0.0,300.0
synthetic-1,synthetic,synthetic-E1,curve-1,1,1,848.0,s,0.027610467581171708,nm,5.0,nM,dissociation,0.0,300.0
synthetic-1,synthetic,synthetic-E1,curve-1,1,1,850.0,s,0.023264140327324573,nm,5.0,nM,dissociation,0.0,300.0
synthetic-1,synthetic,synthetic-E1,curve-1,1,1,852.0,s,0.02559056682872764,nm,5.0,nM,dissociation,0.0,300.0
synthetic-1,synthetic,synthetic-E1,curve-1,1,1,854.0,s,0.025207222774184045,nm,5.0,nM,dissociation,0.0,300.0
synthetic-1,synthetic,synthetic-E1,curve-1,1,1,856.0,s,0.021926485152146555,nm,5.0,nM,dissociation,0.0,300.0
synthetic-1,synthetic,synthetic-E1,curve-1,1,1,858.0,s,0.02339164634909767,nm,5.0,nM,dissociation,0.0,300.0
synthetic-1,synthetic,synthetic-E1,curve-1,1,1,860.0,s,0.024835673142816882,nm,5.0,nM,dissociation,0.0,300.0
synthetic-1,synthetic,synthetic-E1,curve-1,1,1,862.0,s,0.02789282428725759,nm,5.0,nM,dissociation,0.0,300.0
synthetic-1,synthetic,synthetic-E1,curve-1,1,1,864.0,s,0.024150092304998424,nm,5.0,nM,dissociation,0.0,300.0
synthetic-1,synthetic,synthetic-E1,curve-1,1,1,866.0,s,0.026136541286357715,nm,5.0,nM,dissociation,0.0,300.0
synthetic-1,synthetic,synthetic-E1,curve-1,1,1,868.0,s,0.028179971468191498,nm,5.0,nM,dissociation,0.0,300.0
synthetic-1,synthetic,synthetic-E1,curve-1,1,1,870.0,s,0.02075036232255253,nm,5.0,nM,dissociation,0.0,300.0
synthetic-1,synthetic,synthetic-E1,curve-1,1,1,872.0,s,0.022086813232277066,nm,5.0,nM,dissociation,0.0,300.0
synthetic-1,synthetic,synthetic-E1,curve-1,1,1,874.0,s,0.023123809911365794,nm,5.0,nM,dissociation,0.0,300.0
synthetic-1,synthetic,synthetic-E1,curve-1,1,1,876.0,s,0.02457315199107394,nm,5.0,nM,dissociation,0.0,300.0
synthetic-1,synthetic,synthetic-E1,curve-1,1,1,878.0,s,0.023307805887503745,nm,5.0,nM,dissociation,0.0,300.0
synthetic-1,synthetic,synthetic-E1,curve-1,1,1,880.0,s,0.025826913599938883,nm,5.0,nM,dissociation,0.0,300.0
synthetic-1,synthetic,synthetic-E1,curve-1,1,1,882.0,s,0.02644534385869846,nm,5.0,nM,dissociation,0.0,300.0
synthetic-1,synthetic,synthetic-E1,curve-1,1,1,884.0,s,0.02394408592203251,nm,5.0,nM,dissociation,0.0,300.0
synthetic-1,synthetic,synthetic-E1,curve-1,1,1,886.0,s,0.024923346518258224,nm,5.0,nM,dissociation,0.0,300.0
synthetic-1,synthetic,synthetic-E1,curve-1,1,1,888.0,s,0.0172957064648077,nm,5.0,nM,dissociation,0.0,300.0
synthetic-1,synthetic,synthetic-E1,curve-1,1,1,890.0,s,0.021451205231783725,nm,5.0,nM,dissociation,0.0,300.0
synthetic-1,synthetic,synthetic-E1,curve-1,1,1,892.0,s,0.02043758926942783,nm,5.0,nM,dissociation,0.0,300.0
synthetic-1,synthetic,synthetic-E1,curve-1,1,1,894.0,s,0.031880816564558635,nm,5.0,nM,dissociation,0.0,300.0
synthetic-1,synthetic,synthetic-E1,curve-1,1,1,896.0,s,0.020038444880099246,nm,5.0,nM,dissociation,0.0,300.0
synthetic-1,synthetic,synthetic-E1,curve-1,1,1,898.0,s,0.02744291745560331,nm,5.0,nM,dissociation,0.0,300.0
synthetic-1,synthetic,synthetic-E1,curve-1,1,1,900.0,s,0.020326665944096167,nm,5.0,nM,dissociation,0.0,300.0
synthetic-1,synthetic,synthetic-E1,curve-2,2,1,0.0,s,-0.0003276254889346029,nm,20.0,nM,association,0.0,300.0
synthetic-1,synthetic,synthetic-E1,curve-2,2,1,2.0,s,0.0014123657432553985,nm,20.0,nM,association,0.0,300.0
synthetic-1,synthetic,synthetic-E1,curve-2,2,1,4.0,s,0.004372449934301508,nm,20.0,nM,association,0.0,300.0
synthetic-1,synthetic,synthetic-E1,curve-2,2,1,6.0,s,0.006152279088496094,nm,20.0,nM,association,0.0,300.0
synthetic-1,synthetic,synthetic-E1,curve-2,2,1,8.0,s,0.014880002497169828,nm,20.0,nM,association,0.0,300.0
synthetic-1,synthetic,synthetic-E1,curve-2,2,1,10.0,s,0.015243230622585651,nm,20.0,nM,association,0.0,300.0
synthetic-1,synthetic,synthetic-E1,curve-2,2,1,12.0,s,0.021342411754083628,nm,20.0,nM,association,0.0,300.0
synthetic-1,synthetic,synthetic-E1,curve-2,2,1,14.0,s,0.015432024021175165,nm,20.0,nM,association,0.0,300.0
synthetic-1,synthetic,synthetic-E1,curve-2,2,1,16.0,s,0.024317203054658468,nm,20.0,nM,association,0.0,300.0
synthetic-1,synthetic,synthetic-E1,curve-2,2,1,18.0,s,0.03179996264664174,nm,20.0,nM,association,0.0,300.0
synthetic-1,synthetic,synthetic-E1,curve-2,2,1,20.0,s,0.02977498994476574,nm,20.0,nM,association,0.0,300.0
synthetic-1,synthetic,synthetic-E1,curve-2,2,1,22.0,s,0.03115040921649483,nm,20.0,nM,association,0.0,300.0
synthetic-1,synthetic,synthetic-E1,curve-2,2,1,24.0,s,0.035686515335843244,nm,20.0,nM,association,0.0,300.0
synthetic-1,synthetic,synthetic-E1,curve-2,2,1,26.0,s,0.03835993838772202,nm,20.0,nM,association,0.0,300.0
synthetic-1,synthetic,synthetic-E1,curve-2,2,1,28.0,s,0.0405629031973137,nm,20.0,nM,association,0.0,300.0
synthetic-1,synthetic,synthetic-E1,curve-2,2,1,30.0,s,0.042362640263428904,nm,20.0,nM,association,0.0,300.0
synthetic-1,synthetic,synthetic-E1,curve-2,2,1,32.0,s,0.045978593779773355,nm,20.0,nM,association,0.0,300.0
synthetic-1,synthetic,synthetic-E1,curve-2,2,1,34.0,s,0.05129716885446424,nm,20.0,nM,association,0.0,300.0
synthetic-1,synthetic,synthetic-E1,curve-2,2,1,36.0,s,0.05233537051016383,nm,20.0,nM,association,0.0,300.0
synthetic-1,synthetic,synthetic-E1,curve-2,2,1,38.0,s,0.0529685891762042,nm,20.0,nM,association,0.0,300.0
synthetic-1,synthetic,synthetic-E1,curve-2,2,1,40.0,s,0.05617781198355482,nm,20.0,nM,association,0.0,300.0
synthetic-1,synthetic,synthetic-E1,curve-2,2,1,42.0,s,0.06145977141722979,nm,20.0,nM,association,0.0,300.0
synthetic-1,synthetic,synthetic-E1,curve-2,2,1,44.0,s,0.06334060869168802,nm,20.0,nM,association,0.0,300.0
synthetic-1,synthetic,synthetic-E1,curve-2,2,1,46.0,s,0.06727382066523888,nm,20.0,nM,association,0.0,300.0
synthetic-1,synthetic,synthetic-E1,curve-2,2,1,48.0,s,0.06586441583039972,nm,20.0,nM,association,0.0,300.0
synthetic-1,synthetic,synthetic-E1,curve-2,2,1,50.0,s,0.07188719928986499,nm,20.0,nM,association,0.0,300.0
synthetic-1,synthetic,synthetic-E1,curve-2,2,1,52.0,s,0.0746285334305947,nm,20.0,nM,association,0.0,300.0
synthetic-1,synthetic,synthetic-E1,curve-2,2,1,54.0,s,0.07507493141664037,nm,20.0,nM,association,0.0,300.0
synthetic-1,synthetic,synthetic-E1,curve-2,2,1,56.0,s,0.08189058818288555,nm,20.0,nM,association,0.0,300.0
synthetic-1,synthetic,synthetic-E1,curve-2,2,1,58.0,s,0.08171713105291716,nm,20.0,nM,association,0.0,300.0
synthetic-1,synthetic,synthetic-E1,curve-2,2,1,60.0,s,0.08162860987655059,nm,20.0,nM,association,0.0,300.0
synthetic-1,synthetic,synthetic-E1,curve-2,2,1,62.0,s,0.08261471671267719,nm,20.0,nM,association,0.0,300.0
synthetic-1,synthetic,synthetic-E1,curve-2,2,1,64.0,s,0.08474623651835585,nm,20.0,nM,association,0.0,300.0
synthetic-1,synthetic,synthetic-E1,curve-2,2,1,66.0,s,0.09199762889838557,nm,20.0,nM,association,0.0,300.0
synthetic-1,synthetic,synthetic-E1,curve-2,2,1,68.0,s,0.089553789559963,nm,20.0,nM,association,0.0,300.0
synthetic-1,synthetic,synthetic-E1,curve-2,2,1,70.0,s,0.09828766831359885,nm,20.0,nM,association,0.0,300.0
synthetic-1,synthetic,synthetic-E1,curve-2,2,1,72.0,s,0.10287397424721353,nm,20.0,nM,association,0.0,300.0
synthetic-1,synthetic,synthetic-E1,curve-2,2,1,74.0,s,0.09720408676107395,nm,20.0,nM,association,0.0,300.0
synthetic-1,synthetic,synthetic-E1,curve-2,2,1,76.0,s,0.1041789363554968,nm,20.0,nM,association,0.0,300.0
synthetic-1,synthetic,synthetic-E1,curve-2,2,1,78.0,s,0.10695514153300455,nm,20.0,nM,association,0.0,300.0
synthetic-1,synthetic,synthetic-E1,curve-2,2,1,80.0,s,0.1064879227048943,nm,20.0,nM,association,0.0,300.0
synthetic-1,synthetic,synthetic-E1,curve-2,2,1,82.0,s,0.11243814094491147,nm,20.0,nM,association,0.0,300.0
synthetic-1,synthetic,synthetic-E1,curve-2,2,1,84.0,s,0.10980744268285711,nm,20.0,nM,association,0.0,300.0
synthetic-1,synthetic,synthetic-E1,curve-2,2,1,86.0,s,0.1105438500360095,nm,20.0,nM,association,0.0,300.0
synthetic-1,synthetic,synthetic-E1,curve-2,2,1,88.0,s,0.11759315448464205,nm,20.0,nM,association,0.0,300.0
synthetic-1,synthetic,synthetic-E1,curve-2,2,1,90.0,s,0.1190565833116016,nm,20.0,nM,association,0.0,300.0
synthetic-1,synthetic,synthetic-E1,curve-2,2,1,92.0,s,0.12336072831766054,nm,20.0,nM,association,0.0,300.0
synthetic-1,synthetic,synthetic-E1,curve-2,2,1,94.0,s,0.12085217905794207,nm,20.0,nM,association,0.0,300.0
synthetic-1,synthetic,synthetic-E1,curve-2,2,1,96.0,s,0.12462292852471984,nm,20.0,nM,association,0.0,300.0
synthetic-1,synthetic,synthetic-E1,curve-2,2,1,98.0,s,0.12706398067334665,nm,20.0,nM,association,0.0,300.0
synthetic-1,synthetic,synthetic-E1,curve-2,2,1,100.0,s,0.12653356623722448,nm,20.0,nM,association,0.0,300.0
synthetic-1,synthetic,synthetic-E1,curve-2,2,1,102.0,s,0.13285298536013698,nm,20.0,nM,association,0.0,300.0
synthetic-1,synthetic,synthetic-E1,curve-2,2,1,104.0,s,0.1300855388366313,nm,20.0,nM,association,0.0,300.0
synthetic-1,synthetic,synthetic-E1,curve-2,2,1,106.0,s,0.13596451801670253,nm,20.0,nM,association,0.0,300.0
synthetic-1,synthetic,synthetic-E1,curve-2,2,1,108.0,s,0.13915592217063807,nm,20.0,nM,association,0.0,300.0
synthetic-1,synthetic,synthetic-E1,curve-2,2,1,110.0,s,0.14166500278011424,nm,20.0,nM,association,0.0,300.0
synthetic-1,synthetic,synthetic-E1,curve-2,2,1,112.0,s,0.1440363674960742,nm,20.0,nM,association,0.0,300.0
synthetic-1,synthetic,synthetic-E1,curve-2,2,1,114.0,s,0.14005093804745206,nm,20.0,nM,association,0.0,300.0
synthetic-1,synthetic,synthetic-E1,curve-2,2,1,116.0,s,0.1426887080342086,nm,20.0,nM,association,0.0,300.0
synthetic-1,synthetic,synthetic-E1,curve-2,2,1,118.0,s,0.1479330437689708,nm,20.0,nM,association,0.0,300.0
synthetic-1,synthetic,synthetic-E1,curve-2,2,1,120.0,s,0.1501389314877883,nm,20.0,nM,association,0.0,300.0
synthetic-1,synthetic,synthetic-E1,curve-2,2,1,122.0,s,0.15099871440644483,nm,20.0,nM,association,0.0,300.0
synthetic-1,synthetic,synthetic-E1,curve-2,2,1,124.0,s,0.15425935319638726,nm,20.0,nM,association,0.0,300.0
synthetic-1,synthetic,synthetic-E1,curve-2,2,1,126.0,s,0.15419771173575522,nm,20.0,nM,association,0.0,300.0
synthetic-1,synthetic,synthetic-E1,curve-2,2,1,128.0,s,0.1534384859063691,nm,20.0,nM,association,0.0,300.0
synthetic-1,synthetic,synthetic-E1,curve-2,2,1,130.0,s,0.1591873104570632,nm,20.0,nM,association,0.0,300.0
synthetic-1,synthetic,synthetic-E1,curve-2,2,1,132.0,s,0.1616095760976524,nm,20.0,nM,association,0.0,300.0
synthetic-1,synthetic,synthetic-E1,curve-2,2,1,134.0,s,0.16451375302247137,nm,20.0,nM,association,0.0,300.0
synthetic-1,synthetic,synthetic-E1,curve-2,2,1,136.0,s,0.16310101665317822,nm,20.0,nM,association,0.0,300.0
synthetic-1,synthetic,synthetic-E1,curve-2,2,1,138.0,s,0.1646449539797069,nm,20.0,nM,association,0.0,300.0
synthetic-1,synthetic,synthetic-E1,curve-2,2,1,140.0,s,0.1665341225241532,nm,20.0,nM,association,0.0,300.0
synthetic-1,synthetic,synthetic-E1,curve-2,2,1,142.0,s,0.17228735819333446,nm,20.0,nM,association,0.0,300.0
synthetic-1,synthetic,synthetic-E1,curve-2,2,1,144.0,s,0.17334406764293162,nm,20.0,nM,association,0.0,300.0
synthetic-1,synthetic,synthetic-E1,curve-2,2,1,146.0,s,0.17676599372007207,nm,20.0,nM,association,0.0,300.0
synthetic-1,synthetic,synthetic-E1,curve-2,2,1,148.0,s,0.17849502261963396,nm,20.0,nM,association,0.0,300.0
synthetic-1,synthetic,synthetic-E1,curve-2,2,1,150.0,s,0.18175277250919053,nm,20.0,nM,association,0.0,300.0
synthetic-1,synthetic,synthetic-E1,curve-2,2,1,152.0,s,0.181131726535589,nm,20.0,nM,association,0.0,300.0
synthetic-1,synthetic,synthetic-E1,curve-2,2,1,154.0,s,0.18387761792934101,nm,20.0,nM,association,0.0,300.0
synthetic-1,synthetic,synthetic-E1,curve-2,2,1,156.0,s,0.1824265120002355,nm,20.0,nM,association,0.0,300.0
synthetic-1,synthetic,synthetic-E1,curve-2,2,1,158.0,s,0.1828748748572758,nm,20.0,nM,association,0.0,300.0
synthetic-1,synthetic,synthetic-E1,curve-2,2,1,160.0,s,0.1858156314723257,nm,20.0,nM,association,0.0,300.0
synthetic-1,synthetic,synthetic-E1,curve-2,2,1,162.0,s,0.18813579053921078,nm,20.0,nM,association,0.0,300.0
synthetic-1,synthetic,synthetic-E1,curve-2,2,1,164.0,s,0.1855840052440792,nm,20.0,nM,association,0.0,300.0
synthetic-1,synthetic,synthetic-E1,curve-2,2,1,166.0,s,0.19354138813949512,nm,20.0,nM,association,0.0,300.0
synthetic-1,synthetic,synthetic-E1,curve-2,2,1,168.0,s,0.19356330025334487,nm,20.0,nM,association,0.0,300.0
synthetic-1,synthetic,synthetic-E1,curve-2,2,1,170.0,s,0.19889781957970945,nm,20.0,nM,association,0.0,300.0
synthetic-1,synthetic,synthetic-E1,curve-2,2,1,172.0,s,0.1975571567446189,nm,20.0,nM,association,0.0,300.0
synthetic-1,synthetic,synthetic-E1,curve-2,2,1,174.0,s,0.19786888318060866,nm,20.0,nM,association,0.0,300.0
synthetic-1,synthetic,synthetic-E1,curve-2,2,1,176.0,s,0.19485596625885235,nm,20.0,nM,association,0.0,300.0
synthetic-1,synthetic,synthetic-E1,curve-2,2,1,178.0,s,0.20295312410098199,nm,20.0,nM,association,0.0,300.0
synthetic-1,synthetic,synthetic-E1,curve-2,2,1,180.0,s,0.20095554816903227,nm,20.0,nM,association,0.0,300.0
synthetic-1,synthetic,synthetic-E1,curve-2,2,1,182.0,s,0.20570416729918195,nm,20.0,nM,association,0.0,300.0
synthetic-1,synthetic,synthetic-E1,curve-2,2,1,184.0,s,0.2090877137190417,nm,20.0,nM,association,0.0,300.0
synthetic-1,synthetic,synthetic-E1,curve-2,2,1,186.0,s,0.20698580503671804,nm,20.0,nM,association,0.0,300.0
synthetic-1,synthetic,synthetic-E1,curve-2,2,1,188.0,s,0.20818287194334859,nm,20.0,nM,association,0.0,300.0
synthetic-1,synthetic,synthetic-E1,curve-2,2,1,190.0,s,0.21462474510014193,nm,20.0,nM,association,0.0,300.0
synthetic-1,synthetic,synthetic-E1,curve-2,2,1,192.0,s,0.21941078385842797,nm,20.0,nM,association,0.0,300.0
synthetic-1,synthetic,synthetic-E1,curve-2,2,1,194.0,s,0.21466179390253137,nm,20.0,nM,association,0.0,300.0
synthetic-1,synthetic,synthetic-E1,curve-2,2,1,196.0,s,0.21854216477643446,nm,20.0,nM,association,0.0,300.0
synthetic-1,synthetic,synthetic-E1,curve-2,2,1,198.0,s,0.217537471360398,nm,20.0,nM,association,0.0,300.0
synthetic-1,synthetic,synthetic-E1,curve-2,2,1,200.0,s,0.2138217188763473,nm,20.0,nM,association,0.0,300.0
synthetic-1,synthetic,synthetic-E1,curve-2,2,1,202.0,s,0.22295118586525423,nm,20.0,nM,association,0.0,300.0
synthetic-1,synthetic,synthetic-E1,curve-2,2,1,204.0,s,0.21768361636493855,nm,20.0,nM,association,0.0,300.0
synthetic-1,synthetic,synthetic-E1,curve-2,2,1,206.0,s,0.22335826713306808,nm,20.0,nM,association,0.0,300.0
synthetic-1,synthetic,synthetic-E1,curve-2,2,1,208.0,s,0.2293348577013418,nm,20.0,nM,association,0.0,300.0
synthetic-1,synthetic,synthetic-E1,curve-2,2,1,210.0,s,0.225595692118265,nm,20.0,nM,association,0.0,300.0
synthetic-1,synthetic,synthetic-E1,curve-2,2,1,212.0,s,0.22321710057186114,nm,20.0,nM,association,0.0,300.0
synthetic-1,synthetic,synthetic-E1,curve-2,2,1,214.0,s,0.22889428224528918,nm,20.0,nM,association,0.0,300.0
synthetic-1,synthetic,synthetic-E1,curve-2,2,1,216.0,s,0.23163452742130822,nm,20.0,nM,association,0.0,300.0
synthetic-1,synthetic,synthetic-E1,curve-2,2,1,218.0,s,0.23708318369247744,nm,20.0,nM,association,0.0,300.0
synthetic-1,synthetic,synthetic-E1,curve-2,2,1,220.0,s,0.22970249921428845,nm,20.0,nM,association,0.0,300.0
synthetic-1,synthetic,synthetic-E1,curve-2,2,1,222.0,s,0.232142586245109,nm,20.0,nM,association,0.0,300.0
synthetic-1,synthetic,synthetic-E1,curve-2,2,1,224.0,s,0.23623777637090454,nm,20.0,nM,association,0.0,300.0
synthetic-1,synthetic,synthetic-E1,curve-2,2,1,226.0,s,0.23997598433536652,nm,20.0,nM,association,0.0,300.0
synthetic-1,synthetic,synthetic-E1,curve-2,2,1,228.0,s,0.23917183015161478,nm,20.0,nM,association,0.0,300.0
synthetic-1,synthetic,synthetic-E1,curve-2,2,1,230.0,s,0.23470962827057817,nm,20.0,nM,association,0.0,300.0
synthetic-1,synthetic,synthetic-E1,curve-2,2,1,232.0,s,0.23815612369616754,nm,20.0,nM,association,0.0,300.0
synthetic-1,synthetic,synthetic-E1,curve-2,2,1,234.0,s,0.25027216591628976,nm,20.0,nM,association,0.0,300.0
synthetic-1,synthetic,synthetic-E1,curve-2,2,1,236.0,s,0.2396023007534366,nm,20.0,nM,association,0.0,300.0
synthetic-1,synthetic,synthetic-E1,curve-2,2,1,238.0,s,0.24907101087226677,nm,20.0,nM,association,0.0,300.0
synthetic-1,synthetic,synthetic-E1,curve-2,2,1,240.0,s,0.24625679209226897,nm,20.0,nM,association,0.0,300.0
synthetic-1,synthetic,synthetic-E1,curve-2,2,1,242.0,s,0.24963103591607788,nm,20.0,nM,association,0.0,300.0
synthetic-1,synthetic,synthetic-E1,curve-2,2,1,244.0,s,0.25331850241933734,nm,20.0,nM,association,0.0,300.0
synthetic-1,synthetic,synthetic-E1,curve-2,2,1,246.0,s,0.2503545301920475,nm,20.0,nM,association,0.0,300.0
synthetic-1,synthetic,synthetic-E1,curve-2,2,1,248.0,s,0.25407184666796606,nm,20.0,nM,association,0.0,300.0
synthetic-1,synthetic,synthetic-E1,curve-2,2,1,250.0,s,0.2548022004308815,nm,20.0,nM,association,0.0,300.0
synthetic-1,synthetic,synthetic-E1,curve-2,2,1,252.0,s,0.2527355279175699,nm,20.0,nM,association,0.0,300.0
synthetic-1,synthetic,synthetic-E1,curve-2,2,1,254.0,s,0.2570623181233366,nm,20.0,nM,association,0.0,300.0
synthetic-1,synthetic,synthetic-E1,curve-2,2,1,256.0,s,0.25296579737595626,nm,20.0,nM,association,0.0,300.0
synthetic-1,synthetic,synthetic-E1,curve-2,2,1,258.0,s,0.2636984825059165,nm,20.0,nM,association,0.0,300.0
synthetic-1,synthetic,synthetic-E1,curve-2,2,1,260.0,s,0.2632656460020464,nm,20.0,nM,association,0.0,300.0
synthetic-1,synthetic,synthetic-E1,curve-2,2,1,262.0,s,0.25819023399544283,nm,20.0,nM,association,0.0,300.0
synthetic-1,synthetic,synthetic-E1,curve-2,2,1,264.0,s,0.2609092423944637,nm,20.0,nM,association,0.0,300.0
synthetic-1,synthetic,synthetic-E1,curve-2,2,1,266.0,s,0.265913510690366,nm,20.0,nM,association,0.0,300.0
synthetic-1,synthetic,synthetic-E1,curve-2,2,1,268.0,s,0.2666882801324407,nm,20.0,nM,association,0.0,300.0
synthetic-1,synthetic,synthetic-E1,curve-2,2,1,270.0,s,0.2675356170848062,nm,20.0,nM,association,0.0,300.0
synthetic-1,synthetic,synthetic-E1,curve-2,2,1,272.0,s,0.2619365389190846,nm,20.0,nM,association,0.0,300.0
synthetic-1,synthetic,synthetic-E1,curve-2,2,1,274.0,s,0.2695485969563178,nm,20.0,nM,association,0.0,300.0
synthetic-1,synthetic,synthetic-E1,curve-2,2,1,276.0,s,0.26623945788860587,nm,20.0,nM,association,0.0,300.0
synthetic-1,synthetic,synthetic-E1,curve-2,2,1,278.0,s,0.2693285250239394,nm,20.0,nM,association,0.0,300.0
synthetic-1,synthetic,synthetic-E1,curve-2,2,1,280.0,s,0.27286338053386516,nm,20.0,nM,association,0.0,300.0
synthetic-1,synthetic,synthetic-E1,curve-2,2,1,282.0,s,0.2675754926155523,nm,20.0,nM,association,0.0,300.0
synthetic-1,synthetic,synthetic-E1,curve-2,2,1,284.0,s,0.26882198752568953,nm,20.0,nM,association,0.0,300.0
synthetic-1,synthetic,synthetic-E1,curve-2,2,1,286.0,s,0.2748787274454841,nm,20.0,nM,association,0.0,300.0
synthetic-1,synthetic,synthetic-E1,curve-2,2,1,288.0,s,0.27938054520606104,nm,20.0,nM,association,0.0,300.0
synthetic-1,synthetic,synthetic-E1,curve-2,2,1,290.0,s,0.27646932934263024,nm,20.0,nM,association,0.0,300.0
synthetic-1,synthetic,synthetic-E1,curve-2,2,1,292.0,s,0.279834748347263,nm,20.0,nM,association,0.0,300.0
synthetic-1,synthetic,synthetic-E1,curve-2,2,1,294.0,s,0.2742000681610732,nm,20.0,nM,association,0.0,300.0
synthetic-1,synthetic,synthetic-E1,curve-2,2,1,296.0,s,0.27684535307326574,nm,20.0,nM,association,0.0,300.0
synthetic-1,synthetic,synthetic-E1,curve-2,2,1,298.0,s,0.2825540394665665,nm,20.0,nM,association,0.0,300.0
synthetic-1,synthetic,synthetic-E1,curve-2,2,1,300.0,s,0.2783358416698885,nm,20.0,nM,dissociation,0.0,300.0
synthetic-1,synthetic,synthetic-E1,curve-2,2,1,302.0,s,0.28140421995267567,nm,20.0,nM,dissociation,0.0,300.0
synthetic-1,synthetic,synthetic-E1,curve-2,2,1,304.0,s,0.28045594767729753,nm,20.0,nM,dissociation,0.0,300.0
synthetic-1,synthetic,synthetic-E1,curve-2,2,1,306.0,s,0.27413097333174763,nm,20.0,nM,dissociation,0.0,300.0
synthetic-1,synthetic,synthetic-E1,curve-2,2,1,308.0,s,0.2748993967343847,nm,20.0,nM,dissociation,0.0,300.0
synthetic-1,synthetic,synthetic-E1,curve-2,2,1,310.0,s,0.2749681452295889,nm,20.0,nM,dissociation,0.0,300.0
synthetic-1,synthetic,synthetic-E1,curve-2,2,1,312.0,s,0.2773184140197202,nm,20.0,nM,dissociation,0.0,300.0
synthetic-1,synthetic,synthetic-E1,curve-2,2,1,314.0,s,0.2773325483935874,nm,20.0,nM,dissociation,0.0,300.0
synthetic-1,synthetic,synthetic-E1,curve-2,2,1,316.0,s,0.27879721761929394,nm,20.0,nM,dissociation,0.0,300.0
synthetic-1,synthetic,synthetic-E1,curve-2,2,1,318.0,s,0.2721632133937842,nm,20.0,nM,dissociation,0.0,300.0
synthetic-1,synthetic,synthetic-E1,curve-2,2,1,320.0,s,0.27443912651329194,nm,20.0,nM,dissociation,0.0,300.0
synthetic-1,synthetic,synthetic-E1,curve-2,2,1,322.0,s,0.27203933905163447,nm,20.0,nM,dissociation,0.0,300.0
synthetic-1,synthetic,synthetic-E1,curve-2,2,1,324.0,s,0.2588309592638998,nm,20.0,nM,dissociation,0.0,300.0
synthetic-1,synthetic,synthetic-E1,curve-2,2,1,326.0,s,0.26874033150743803,nm,20.0,nM,dissociation,0.0,300.0
synthetic-1,synthetic,synthetic-E1,curve-2,2,1,328.0,s,0.2674147607750893,nm,20.0,nM,dissociation,0.0,300.0
synthetic-1,synthetic,synthetic-E1,curve-2,2,1,330.0,s,0.26645595803313293,nm,20.0,nM,dissociation,0.0,300.0
synthetic-1,synthetic,synthetic-E1,curve-2,2,1,332.0,s,0.26073709583906673,nm,20.0,nM,dissociation,0.0,300.0
synthetic-1,synthetic,synthetic-E1,curve-2,2,1,334.0,s,0.2602734769641002,nm,20.0,nM,dissociation,0.0,300.0
synthetic-1,synthetic,synthetic-E1,curve-2,2,1,336.0,s,0.268757547931676,nm,20.0,nM,dissociation,0.0,300.0
synthetic-1,synthetic,synthetic-E1,curve-2,2,1,338.0,s,0.2604417856521891,nm,20.0,nM,dissociation,0.0,300.0
synthetic-1,synthetic,synthetic-E1,curve-2,2,1,340.0,s,0.2641645292687835,nm,20.0,nM,dissociation,0.0,300.0
synthetic-1,synthetic,synthetic-E1,curve-2,2,1,342.0,s,0.25504034563995526,nm,20.0,nM,dissociation,0.0,300.0
synthetic-1,synthetic,synthetic-E1,curve-2,2,1,344.0,s,0.25257250488165217,nm,20.0,nM,dissociation,0.0,300.0
synthetic-1,synthetic,synthetic-E1,curve-2,2,1,346.0,s,0.25944120474757204,nm,20.0,nM,dissociation,0.0,300.0
synthetic-1,synthetic,synthetic-E1,curve-2,2,1,348.0,s,0.2543681883123128,nm,20.0,nM,dissociation,0.0,300.0
synthetic-1,synthetic,synthetic-E1,curve-2,2,1,350.0,s,0.2539413048203147,nm,20.0,nM,dissociation,0.0,300.0
synthetic-1,synthetic,synthetic-E1,curve-2,2,1,352.0,s,0.25560583961655087,nm,20.0,nM,dissociation,0.0,300.0
synthetic-1,synthetic,synthetic-E1,curve-2,2,1,354.0,s,0.24678754712655382,nm,20.0,nM,dissociation,0.0,300.0
synthetic-1,synthetic,synthetic-E1,curve-2,2,1,356.0,s,0.24784411685101249,nm,20.0,nM,dissociation,0.0,300.0
synthetic-1,synthetic,synthetic-E1,curve-2,2,1,358.0,s,0.2526274243798675,nm,20.0,nM,dissociation,0.0,300.0
synthetic-1,synthetic,synthetic-E1,curve-2,2,1,360.0,s,0.2469600619262575,nm,20.0,nM,dissociation,0.0,300.0
synthetic-1,synthetic,synthetic-E1,curve-2,2,1,362.0,s,0.2506091246778996,nm,20.0,nM,dissociation,0.0,300.0
synthetic-1,synthetic,synthetic-E1,curve-2,2,1,364.0,s,0.24637919818027326,nm,20.0,nM,dissociation,0.0,300.0
synthetic-1,synthetic,synthetic-E1,curve-2,2,1,366.0,s,0.24788518806127108,nm,20.0,nM,dissociation,0.0,300.0
synthetic-1,synthetic,synthetic-E1,curve-2,2,1,368.0,s,0.24542914204087538,nm,20.0,nM,dissociation,0.0,300.0
synthetic-1,synthetic,synthetic-E1,curve-2,2,1,370.0,s,0.24461106617683084,nm,20.0,nM,dissociation,0.0,300.0
synthetic-1,synthetic,synthetic-E1,curve-2,2,1,372.0,s,0.24585175832927308,nm,20.0,nM,dissociation,0.0,300.0
synthetic-1,synthetic,synthetic-E1,curve-2,2,1,374.0,s,0.24152691515416888,nm,20.0,nM,dissociation,0.0,300.0
synthetic-1,synthetic,synthetic-E1,curve-2,2,1,376.0,s,0.23961752834405753,nm,20.0,nM,dissociation,0.0,300.0
synthetic-1,synthetic,synthetic-E1,curve-2,2,1,378.0,s,0.24373410256703718,nm,20.0,nM,dissociation,0.0,300.0
synthetic-1,synthetic,synthetic-E1,curve-2,2,1,380.0,s,0.24297217198130266,nm,20.0,nM,dissociation,0.0,300.0
synthetic-1,synthetic,synthetic-E1,curve-2,2,1,382.0,s,0.23712713011465367,nm,20.0,nM,dissociation,0.0,300.0
synthetic-1,synthetic,synthetic-E1,curve-2,2,1,384.0,s,0.23800600902282018,nm,20.0,nM,dissociation,0.0,300.0
synthetic-1,synthetic,synthetic-E1,curve-2,2,1,386.0,s,0.23647253878281457,nm,20.0,nM,dissociation,0.0,300.0
synthetic-1,synthetic,synthetic-E1,curve-2,2,1,388.0,s,0.23947924725704434,nm,20.0,nM,dissociation,0.0,300.0
synthetic-1,synthetic,synthetic-E1,curve-2,2,1,390.0,s,0.23455565795585964,nm,20.0,nM,dissociation,0.0,300.0
synthetic-1,synthetic,synthetic-E1,curve-2,2,1,392.0,s,0.23873864389279348,nm,20.0,nM,dissociation,0.0,300.0
synthetic-1,synthetic,synthetic-E1,curve-2,2,1,394.0,s,0.23088690899921013,nm,20.0,nM,dissociation,0.0,300.0
synthetic-1,synthetic,synthetic-E1,curve-2,2,1,396.0,s,0.2313479397818596,nm,20.0,nM,dissociation,0.0,300.0
synthetic-1,synthetic,synthetic-E1,curve-2,2,1,398.0,s,0.23556500854828163,nm,20.0,nM,dissociation,0.0,300.0
synthetic-1,synthetic,synthetic-E1,curve-2,2,1,400.0,s,0.2297628146864437,nm,20.0,nM,dissociation,0.0,300.0
synthetic-1,synthetic,synthetic-E1,curve-2,2,1,402.0,s,0.22494750727227614,nm,20.0,nM,dissociation,0.0,300.0
synthetic-1,synthetic,synthetic-E1,curve-2,2,1,404.0,s,0.23150612864641149,nm,20.0,nM,dissociation,0.0,300.0
synthetic-1,synthetic,synthetic-E1,curve-2,2,1,406.0,s,0.232374193998888,nm,20.0,nM,dissociation,0.0,300.0
synthetic-1,synthetic,synthetic-E1,curve-2,2,1,408.0,s,0.2231137285304183,nm,20.0,nM,dissociation,0.0,300.0
synthetic-1,synthetic,synthetic-E1,curve-2,2,1,410.0,s,0.22733360815386808,nm,20.0,nM,dissociation,0.0,300.0
synthetic-1,synthetic,synthetic-E1,curve-2,2,1,412.0,s,0.2231811955542155,nm,20.0,nM,dissociation,0.0,300.0
synthetic-1,synthetic,synthetic-E1,curve-2,2,1,414.0,s,0.22096308244020035,nm,20.0,nM,dissociation,0.0,300.0
synthetic-1,synthetic,synthetic-E1,curve-2,2,1,416.0,s,0.22196449979797236,nm,20.0,nM,dissociation,0.0,300.0
synthetic-1,synthetic,synthetic-E1,curve-2,2,1,418.0,s,0.22668161390999264,nm,20.0,nM,dissociation,0.0,300.0
synthetic-1,synthetic,synthetic-E1,curve-2,2,1,420.0,s,0.22361896278083968,nm,20.0,nM,dissociation,0.0,300.0
synthetic-1,synthetic,synthetic-E1,curve-2,2,1,422.0,s,0.2174367273882053,nm,20.0,nM,dissociation,0.0,300.0
synthetic-1,synthetic,synthetic-E1,curve-2,2,1,424.0,s,0.2216948783109123,nm,20.0,nM,dissociation,0.0,300.0
synthetic-1,synthetic,synthetic-E1,curve-2,2,1,426.0,s,0.21984279129738946,nm,20.0,nM,dissociation,0.0,300.0
synthetic-1,synthetic,synthetic-E1,curve-2,2,1,428.0,s,0.21415434905203365,nm,20.0,nM,dissociation,0.0,300.0
synthetic-1,synthetic,synthetic-E1,curve-2,2,1,430.0,s,0.21809883541811934,nm,20.0,nM,dissociation,0.0,300.0
synthetic-1,synthetic,synthetic-E1,curve-2,2,1,432.0,s,0.21385130554567822,nm,20.0,nM,dissociation,0.0,300.0
synthetic-1,synthetic,synthetic-E1,curve-2,2,1,434.0,s,0.2172011534079859,nm,20.0,nM,dissociation,0.0,300.0
synthetic-1,synthetic,synthetic-E1,curve-2,2,1,436.0,s,0.21365464746508833,nm,20.0,nM,dissociation,0.0,300.0
synthetic-1,synthetic,synthetic-E1,curve-2,2,1,438.0,s,0.21313866488279168,nm,20.0,nM,dissociation,0.0,300.0
synthetic-1,synthetic,synthetic-E1,curve-2,2,1,440.0,s,0.21576983211562917,nm,20.0,nM,dissociation,0.0,300.0
synthetic-1,synthetic,synthetic-E1,curve-2,2,1,442.0,s,0.20721805810286328,nm,20.0,nM,dissociation,0.0,300.0
synthetic-1,synthetic,synthetic-E1,curve-2,2,1,444.0,s,0.21498300779207147,nm,20.0,nM,dissociation,0.0,300.0
synthetic-1,synthetic,synthetic-E1,curve-2,2,1,446.0,s,0.2058863015339515,nm,20.0,nM,dissociation,0.0,300.0
synthetic-1,synthetic,synthetic-E1,curve-2,2,1,448.0,s,0.2055307398936115,nm,20.0,nM,dissociation,0.0,300.0
synthetic-1,synthetic,synthetic-E1,curve-2,2,1,450.0,s,0.21093413973383887,nm,20.0,nM,dissociation,0.0,300.0
synthetic-1,synthetic,synthetic-E1,curve-2,2,1,452.0,s,0.20968000443744225,nm,20.0,nM,dissociation,0.0,300.0
synthetic-1,synthetic,synthetic-E1,curve-2,2,1,454.0,s,0.21229722150330035,nm,20.0,nM,dissociation,0.0,300.0
synthetic-1,synthetic,synthetic-E1,curve-2,2,1,456.0,s,0.20867009358516192,nm,20.0,nM,dissociation,0.0,300.0
synthetic-1,synthetic,synthetic-E1,curve-2,2,1,458.0,s,0.2038738261430095,nm,20.0,nM,dissociation,0.0,300.0
synthetic-1,synthetic,synthetic-E1,curve-2,2,1,460.0,s,0.2058002393124817,nm,20.0,nM,dissociation,0.0,300.0
synthetic-1,synthetic,synthetic-E1,curve-2,2,1,462.0,s,0.20506013614592708,nm,20.0,nM,dissociation,0.0,300.0
synthetic-1,synthetic,synthetic-E1,curve-2,2,1,464.0,s,0.20712496029019192,nm,20.0,nM,dissociation,0.0,300.0
synthetic-1,synthetic,synthetic-E1,curve-2,2,1,466.0,s,0.2054406328093278,nm,20.0,nM,dissociation,0.0,300.0
synthetic-1,synthetic,synthetic-E1,curve-2,2,1,468.0,s,0.2003615283179642,nm,20.0,nM,dissociation,0.0,300.0
synthetic-1,synthetic,synthetic-E1,curve-2,2,1,470.0,s,0.19981410236128477,nm,20.0,nM,dissociation,0.0,300.0
synthetic-1,synthetic,synthetic-E1,curve-2,2,1,472.0,s,0.19935298728502668,nm,20.0,nM,dissociation,0.0,300.0
synthetic-1,synthetic,synthetic-E1,curve-2,2,1,474.0,s,0.19986700083186798,nm,20.0,nM,dissociation,0.0,300.0
synthetic-1,synthetic,synthetic-E1,curve-2,2,1,476.0,s,0.19977543000824496,nm,20.0,nM,dissociation,0.0,300.0
synthetic-1,synthetic,synthetic-E1,curve-2,2,1,478.0,s,0.19633727819682656,nm,20.0,nM,dissociation,0.0,300.0
synthetic-1,synthetic,synthetic-E1,curve-2,2,1,480.0,s,0.20133983802496336,nm,20.0,nM,dissociation,0.0,300.0
synthetic-1,synthetic,synthetic-E1,curve-2,2,1,482.0,s,0.194503582791126,nm,20.0,nM,dissociation,0.0,300.0
synthetic-1,synthetic,synthetic-E1,curve-2,2,1,484.0,s,0.18742942557568337,nm,20.0,nM,dissociation,0.0,300.0
synthetic-1,synthetic,synthetic-E1,curve-2,2,1,486.0,s,0.19913230935034082,nm,20.0,nM,dissociation,0.0,300.0
synthetic-1,synthetic,synthetic-E1,curve-2,2,1,488.0,s,0.19229113076745516,nm,20.0,nM,dissociation,0.0,300.0
synthetic-1,synthetic,synthetic-E1,curve-2,2,1,490.0,s,0.18673871957835964,nm,20.0,nM,dissociation,0.0,300.0
synthetic-1,synthetic,synthetic-E1,curve-2,2,1,492.0,s,0.192358753733535,nm,20.0,nM,dissociation,0.0,300.0
synthetic-1,synthetic,synthetic-E1,curve-2,2,1,494.0,s,0.19385249884329683,nm,20.0,nM,dissociation,0.0,300.0
synthetic-1,synthetic,synthetic-E1,curve-2,2,1,496.0,s,0.18815544660041061,nm,20.0,nM,dissociation,0.0,300.0
synthetic-1,synthetic,synthetic-E1,curve-2,2,1,498.0,s,0.18967866039188674,nm,20.0,nM,dissociation,0.0,300.0
synthetic-1,synthetic,synthetic-E1,curve-2,2,1,500.0,s,0.19086756060588939,nm,20.0,nM,dissociation,0.0,300.0
synthetic-1,synthetic,synthetic-E1,curve-2,2,1,502.0,s,0.1920321557799156,nm,20.0,nM,dissociation,0.0,300.0
synthetic-1,synthetic,synthetic-E1,curve-2,2,1,504.0,s,0.18559592113390816,nm,20.0,nM,dissociation,0.0,300.0
synthetic-1,synthetic,synthetic-E1,curve-2,2,1,506.0,s,0.18682315328515425,nm,20.0,nM,dissociation,0.0,300.0
synthetic-1,synthetic,synthetic-E1,curve-2,2,1,508.0,s,0.18700916461865807,nm,20.0,nM,dissociation,0.0,300.0
synthetic-1,synthetic,synthetic-E1,curve-2,2,1,510.0,s,0.18815865447709462,nm,20.0,nM,dissociation,0.0,300.0
synthetic-1,synthetic,synthetic-E1,curve-2,2,1,512.0,s,0.18387368829139597,nm,20.0,nM,dissociation,0.0,300.0
synthetic-1,synthetic,synthetic-E1,curve-2,2,1,514.0,s,0.1859887896445408,nm,20.0,nM,dissociation,0.0,300.0
synthetic-1,synthetic,synthetic-E1,curve-2,2,1,516.0,s,0.18052462232427388,nm,20.0,nM,dissociation,0.0,300.0
synthetic-1,synthetic,synthetic-E1,curve-2,2,1,518.0,s,0.17853430748976876,nm,20.0,nM,dissociation,0.0,300.0
synthetic-1,synthetic,synthetic-E1,curve-2,2,1,520.0,s,0.18001949634929604,nm,20.0,nM,dissociation,0.0,300.0
synthetic-1,synthetic,synthetic-E1,curve-2,2,1,522.0,s,0.18187113343708966,nm,20.0,nM,dissociation,0.0,300.0
synthetic-1,synthetic,synthetic-E1,curve-2,2,1,524.0,s,0.18178546173185015,nm,20.0,nM,dissociation,0.0,300.0
synthetic-1,synthetic,synthetic-E1,curve-2,2,1,526.0,s,0.1744977125731622,nm,20.0,nM,dissociation,0.0,300.0
synthetic-1,synthetic,synthetic-E1,curve-2,2,1,528.0,s,0.17581711087904414,nm,20.0,nM,dissociation,0.0,300.0
synthetic-1,synthetic,synthetic-E1,curve-2,2,1,530.0,s,0.17461823845328725,nm,20.0,nM,dissociation,0.0,300.0
synthetic-1,synthetic,synthetic-E1,curve-2,2,1,532.0,s,0.17357883618522685,nm,20.0,nM,dissociation,0.0,300.0
synthetic-1,synthetic,synthetic-E1,curve-2,2,1,534.0,s,0.17674611079145996,nm,20.0,nM,dissociation,0.0,300.0
synthetic-1,synthetic,synthetic-E1,curve-2,2,1,536.0,s,0.17278446589358776,nm,20.0,nM,dissociation,0.0,300.0
synthetic-1,synthetic,synthetic-E1,curve-2,2,1,538.0,s,0.17121481818812284,nm,20.0,nM,dissociation,0.0,300.0
synthetic-1,synthetic,synthetic-E1,curve-2,2,1,540.0,s,0.17395550746836358,nm,20.0,nM,dissociation,0.0,300.0
synthetic-1,synthetic,synthetic-E1,curve-2,2,1,542.0,s,0.16995900694693863,nm,20.0,nM,dissociation,0.0,300.0
synthetic-1,synthetic,synthetic-E1,curve-2,2,1,544.0,s,0.16686467048256268,nm,20.0,nM,dissociation,0.0,300.0
synthetic-1,synthetic,synthetic-E1,curve-2,2,1,546.0,s,0.1780509708872138,nm,20.0,nM,dissociation,0.0,300.0
synthetic-1,synthetic,synthetic-E1,curve-2,2,1,548.0,s,0.16748633571163968,nm,20.0,nM,dissociation,0.0,300.0
synthetic-1,synthetic,synthetic-E1,curve-2,2,1,550.0,s,0.17302837565363163,nm,20.0,nM,dissociation,0.0,300.0
synthetic-1,synthetic,synthetic-E1,curve-2,2,1,552.0,s,0.16884244391860637,nm,20.0,nM,dissociation,0.0,300.0
synthetic-1,synthetic,synthetic-E1,curve-2,2,1,554.0,s,0.17730747504150013,nm,20.0,nM,dissociation,0.0,300.0
synthetic-1,synthetic,synthetic-E1,curve-2,2,1,556.0,s,0.1694365329298907,nm,20.0,nM,dissociation,0.0,300.0
synthetic-1,synthetic,synthetic-E1,curve-2,2,1,558.0,s,0.16911089111775757,nm,20.0,nM,dissociation,0.0,300.0
synthetic-1,synthetic,synthetic-E1,curve-2,2,1,560.0,s,0.16891690261195202,nm,20.0,nM,dissociation,0.0,300.0
synthetic-1,synthetic,synthetic-E1,curve-2,2,1,562.0,s,0.170483255689792,nm,20.0,nM,dissociation,0.0,300.0
synthetic-1,synthetic,synthetic-E1,curve-2,2,1,564.0,s,0.16676842783530238,nm,20.0,nM,dissociation,0.0,300.0
synthetic-1,synthetic,synthetic-E1,curve-2,2,1,566.0,s,0.16710856812868458,nm,20.0,nM,dissociation,0.0,300.0
synthetic-1,synthetic,synthetic-E1,curve-2,2,1,568.0,s,0.16282055209271806,nm,20.0,nM,dissociation,0.0,300.0
synthetic-1,synthetic,synthetic-E1,curve-2,2,1,570.0,s,0.16669958975502952,nm,20.0,nM,dissociation,0.0,300.0
synthetic-1,synthetic,synthetic-E1,curve-2,2,1,572.0,s,0.16115386961877334,nm,20.0,nM,dissociation,0.0,300.0
synthetic-1,synthetic,synthetic-E1,curve-2,2,1,574.0,s,0.1647172336528682,nm,20.0,nM,dissociation,0.0,300.0
synthetic-1,synthetic,synthetic-E1,curve-2,2,1,576.0,s,0.1670373444177376,nm,20.0,nM,dissociation,0.0,300.0
synthetic-1,synthetic,synthetic-E1,curve-2,2,1,578.0,s,0.16887355314659946,nm,20.0,nM,dissociation,0.0,300.0
synthetic-1,synthetic,synthetic-E1,curve-2,2,1,580.0,s,0.16174859026378552,nm,20.0,nM,dissociation,0.0,300.0
synthetic-1,synthetic,synthetic-E1,curve-2,2,1,582.0,s,0.16644588151998801,nm,20.0,nM,dissociation,0.0,300.0
synthetic-1,synthetic,synthetic-E1,curve-2,2,1,584.0,s,0.15566846073884424,nm,20.0,nM,dissociation,0.0,300.0
synthetic-1,synthetic,synthetic-E1,curve-2,2,1,586.0,s,0.15722987267434987,nm,20.0,nM,dissociation,0.0,300.0
synthetic-1,synthetic,synthetic-E1,curve-2,2,1,588.0,s,0.1578864805712235,nm,20.0,nM,dissociation,0.0,300.0
synthetic-1,synthetic,synthetic-E1,curve-2,2,1,590.0,s,0.1567455553270368,nm,20.0,nM,dissociation,0.0,300.0
synthetic-1,synthetic,synthetic-E1,curve-2,2,1,592.0,s,0.1539936498210626,nm,20.0,nM,dissociation,0.0,300.0
synthetic-1,synthetic,synthetic-E1,curve-2,2,1,594.0,s,0.1573383721774321,nm,20.0,nM,dissociation,0.0,300.0
synthetic-1,synthetic,synthetic-E1,curve-2,2,1,596.0,s,0.15813232917320572,nm,20.0,nM,dissociation,0.0,300.0
synthetic-1,synthetic,synthetic-E1,curve-2,2,1,598.0,s,0.15268314392693835,nm,20.0,nM,dissociation,0.0,300.0
synthetic-1,synthetic,synthetic-E1,curve-2,2,1,600.0,s,0.15802894422916228,nm,20.0,nM,dissociation,0.0,300.0
synthetic-1,synthetic,synthetic-E1,curve-2,2,1,602.0,s,0.15126183000144208,nm,20.0,nM,dissociation,0.0,300.0
synthetic-1,synthetic,synthetic-E1,curve-2,2,1,604.0,s,0.15454259293031547,nm,20.0,nM,dissociation,0.0,300.0
synthetic-1,synthetic,synthetic-E1,curve-2,2,1,606.0,s,0.14778363627639074,nm,20.0,nM,dissociation,0.0,300.0
synthetic-1,synthetic,synthetic-E1,curve-2,2,1,608.0,s,0.15765515448686723,nm,20.0,nM,dissociation,0.0,300.0
synthetic-1,synthetic,synthetic-E1,curve-2,2,1,610.0,s,0.1505780170901242,nm,20.0,nM,dissociation,0.0,300.0
synthetic-1,synthetic,synthetic-E1,curve-2,2,1,612.0,s,0.15196162701009733,nm,20.0,nM,dissociation,0.0,300.0
synthetic-1,synthetic,synthetic-E1,curve-2,2,1,614.0,s,0.15180361117647193,nm,20.0,nM,dissociation,0.0,300.0
synthetic-1,synthetic,synthetic-E1,curve-2,2,1,616.0,s,0.14982198723819154,nm,20.0,nM,dissociation,0.0,300.0
synthetic-1,synthetic,synthetic-E1,curve-2,2,1,618.0,s,0.15023342163929407,nm,20.0,nM,dissociation,0.0,300.0
synthetic-1,synthetic,synthetic-E1,curve-2,2,1,620.0,s,0.14697980463356264,nm,20.0,nM,dissociation,0.0,300.0
synthetic-1,synthetic,synthetic-E1,curve-2,2,1,622.0,s,0.14383442367204435,nm,20.0,nM,dissociation,0.0,300.0
synthetic-1,synthetic,synthetic-E1,curve-2,2,1,624.0,s,0.14851454878675033,nm,20.0,nM,dissociation,0.0,300.0
synthetic-1,synthetic,synthetic-E1,curve-2,2,1,626.0,s,0.1485220912828251,nm,20.0,nM,dissociation,0.0,300.0
synthetic-1,synthetic,synthetic-E1,curve-2,2,1,628.0,s,0.1470148452391827,nm,20.0,nM,dissociation,0.0,300.0
synthetic-1,synthetic,synthetic-E1,curve-2,2,1,630.0,s,0.1420696085144143,nm,20.0,nM,dissociation,0.0,300.0
synthetic-1,synthetic,synthetic-E1,curve-2,2,1,632.0,s,0.14699941877596379,nm,20.0,nM,dissociation,0.0,300.0
synthetic-1,synthetic,synthetic-E1,curve-2,2,1,634.0,s,0.14274036075261132,nm,20.0,nM,dissociation,0.0,300.0
synthetic-1,synthetic,synthetic-E1,curve-2,2,1,636.0,s,0.14473857012434385,nm,20.0,nM,dissociation,0.0,300.0
synthetic-1,synthetic,synthetic-E1,curve-2,2,1,638.0,s,0.14176545622170694,nm,20.0,nM,dissociation,0.0,300.0
synthetic-1,synthetic,synthetic-E1,curve-2,2,1,640.0,s,0.1403660571762636,nm,20.0,nM,dissociation,0.0,300.0
synthetic-1,synthetic,synthetic-E1,curve-2,2,1,642.0,s,0.13812703030717205,nm,20.0,nM,dissociation,0.0,300.0
synthetic-1,synthetic,synthetic-E1,curve-2,2,1,644.0,s,0.1406312452935686,nm,20.0,nM,dissociation,0.0,300.0
synthetic-1,synthetic,synthetic-E1,curve-2,2,1,646.0,s,0.1402223134114581,nm,20.0,nM,dissociation,0.0,300.0
synthetic-1,synthetic,synthetic-E1,curve-2,2,1,648.0,s,0.13708706946645438,nm,20.0,nM,dissociation,0.0,300.0
synthetic-1,synthetic,synthetic-E1,curve-2,2,1,650.0,s,0.14566463450282185,nm,20.0,nM,dissociation,0.0,300.0
synthetic-1,synthetic,synthetic-E1,curve-2,2,1,652.0,s,0.13497937200550797,nm,20.0,nM,dissociation,0.0,300.0
synthetic-1,synthetic,synthetic-E1,curve-2,2,1,654.0,s,0.13475377610485337,nm,20.0,nM,dissociation,0.0,300.0
synthetic-1,synthetic,synthetic-E1,curve-2,2,1,656.0,s,0.13101647098318336,nm,20.0,nM,dissociation,0.0,300.0
synthetic-1,synthetic,synthetic-E1,curve-2,2,1,658.0,s,0.13693408603576024,nm,20.0,nM,dissociation,0.0,300.0
synthetic-1,synthetic,synthetic-E1,curve-2,2,1,660.0,s,0.13423701948287853,nm,20.0,nM,dissociation,0.0,300.0
synthetic-1,synthetic,synthetic-E1,curve-2,2,1,662.0,s,0.13462815390730248,nm,20.0,nM,dissociation,0.0,300.0
synthetic-1,synthetic,synthetic-E1,curve-2,2,1,664.0,s,0.12921750686082895,nm,20.0,nM,dissociation,0.0,300.0
synthetic-1,synthetic,synthetic-E1,curve-2,2,1,666.0,s,0.13281621112197806,nm,20.0,nM,dissociation,0.0,300.0
synthetic-1,synthetic,synthetic-E1,curve-2,2,1,668.0,s,0.1344272447149298,nm,20.0,nM,dissociation,0.0,300.0
synthetic-1,synthetic,synthetic-E1,curve-2,2,1,670.0,s,0.13413211281340315,nm,20.0,nM,dissociation,0.0,300.0
synthetic-1,synthetic,synthetic-E1,curve-2,2,1,672.0,s,0.12934987612445056,nm,20.0,nM,dissociation,0.0,300.0
synthetic-1,synthetic,synthetic-E1,curve-2,2,1,674.0,s,0.1336358411439948,nm,20.0,nM,dissociation,0.0,300.0
synthetic-1,synthetic,synthetic-E1,curve-2,2,1,676.0,s,0.13216293669685025,nm,20.0,nM,dissociation,0.0,300.0
synthetic-1,synthetic,synthetic-E1,curve-2,2,1,678.0,s,0.1306149171292568,nm,20.0,nM,dissociation,0.0,300.0
synthetic-1,synthetic,synthetic-E1,curve-2,2,1,680.0,s,0.12799345862434622,nm,20.0,nM,dissociation,0.0,300.0
synthetic-1,synthetic,synthetic-E1,curve-2,2,1,682.0,s,0.13438408175423228,nm,20.0,nM,dissociation,0.0,300.0
synthetic-1,synthetic,synthetic-E1,curve-2,2,1,684.0,s,0.13119118593500598,nm,20.0,nM,dissociation,0.0,300.0
synthetic-1,synthetic,synthetic-E1,curve-2,2,1,686.0,s,0.13129935857125266,nm,20.0,nM,dissociation,0.0,300.0
synthetic-1,synthetic,synthetic-E1,curve-2,2,1,688.0,s,0.1262256912062196,nm,20.0,nM,dissociation,0.0,300.0
synthetic-1,synthetic,synthetic-E1,curve-2,2,1,690.0,s,0.13025144396837826,nm,20.0,nM,dissociation,0.0,300.0
synthetic-1,synthetic,synthetic-E1,curve-2,2,1,692.0,s,0.12875410569910178,nm,20.0,nM,dissociation,0.0,300.0
synthetic-1,synthetic,synthetic-E1,curve-2,2,1,694.0,s,0.12900377637291327,nm,20.0,nM,dissociation,0.0,300.0
synthetic-1,synthetic,synthetic-E1,curve-2,2,1,696.0,s,0.131383949137056,nm,20.0,nM,dissociation,0.0,300.0
synthetic-1,synthetic,synthetic-E1,curve-2,2,1,698.0,s,0.12332580785523435,nm,20.0,nM,dissociation,0.0,300.0
synthetic-1,synthetic,synthetic-E1,curve-2,2,1,700.0,s,0.12609486963649585,nm,20.0,nM,dissociation,0.0,300.0
synthetic-1,synthetic,synthetic-E1,curve-2,2,1,702.0,s,0.12762540561814611,nm,20.0,nM,dissociation,0.0,300.0
synthetic-1,synthetic,synthetic-E1,curve-2,2,1,704.0,s,0.12416084862274895,nm,20.0,nM,dissociation,0.0,300.0
synthetic-1,synthetic,synthetic-E1,curve-2,2,1,706.0,s,0.12492716952480433,nm,20.0,nM,dissociation,0.0,300.0
synthetic-1,synthetic,synthetic-E1,curve-2,2,1,708.0,s,0.1241673959817338,nm,20.0,nM,dissociation,0.0,300.0
synthetic-1,synthetic,synthetic-E1,curve-2,2,1,710.0,s,0.12135150198433911,nm,20.0,nM,dissociation,0.0,300.0
synthetic-1,synthetic,synthetic-E1,curve-2,2,1,712.0,s,0.12441011080373807,nm,20.0,nM,dissociation,0.0,300.0
synthetic-1,synthetic,synthetic-E1,curve-2,2,1,714.0,s,0.12442576115977458,nm,20.0,nM,dissociation,0.0,300.0
synthetic-1,synthetic,synthetic-E1,curve-2,2,1,716.0,s,0.12640640174638448,nm,20.0,nM,dissociation,0.0,300.0
synthetic-1,synthetic,synthetic-E1,curve-2,2,1,718.0,s,0.1278702108255223,nm,20.0,nM,dissociation,0.0,300.0
synthetic-1,synthetic,synthetic-E1,curve-2,2,1,720.0,s,0.11585754721057592,nm,20.0,nM,dissociation,0.0,300.0
synthetic-1,synthetic,synthetic-E1,curve-2,2,1,722.0,s,0.12459903273506347,nm,20.0,nM,dissociation,0.0,300.0
synthetic-1,synthetic,synthetic-E1,curve-2,2,1,724.0,s,0.11884444710960175,nm,20.0,nM,dissociation,0.0,300.0
synthetic-1,synthetic,synthetic-E1,curve-2,2,1,726.0,s,0.128324027326383,nm,20.0,nM,dissociation,0.0,300.0
synthetic-1,synthetic,synthetic-E1,curve-2,2,1,728.0,s,0.11744388565961453,nm,20.0,nM,dissociation,0.0,300.0
synthetic-1,synthetic,synthetic-E1,curve-2,2,1,730.0,s,0.11929961251270278,nm,20.0,nM,dissociation,0.0,300.0
synthetic-1,synthetic,synthetic-E1,curve-2,2,1,732.0,s,0.1183876399291705,nm,20.0,nM,dissociation,0.0,300.0
synthetic-1,synthetic,synthetic-E1,curve-2,2,1,734.0,s,0.12310049324496329,nm,20.0,nM,dissociation,0.0,300.0
synthetic-1,synthetic,synthetic-E1,curve-2,2,1,736.0,s,0.11595646277163585,nm,20.0,nM,dissociation,0.0,300.0
synthetic-1,synthetic,synthetic-E1,curve-2,2,1,738.0,s,0.12084705584061237,nm,20.0,nM,dissociation,0.0,300.0
synthetic-1,synthetic,synthetic-E1,curve-2,2,1,740.0,s,0.118512372278113,nm,20.0,nM,dissociation,0.0,300.0
synthetic-1,synthetic,synthetic-E1,curve-2,2,1,742.0,s,0.11172349325237797,nm,20.0,nM,dissociation,0.0,300.0
synthetic-1,synthetic,synthetic-E1,curve-2,2,1,744.0,s,0.11766904085363344,nm,20.0,nM,dissociation,0.0,300.0
synthetic-1,synthetic,synthetic-E1,curve-2,2,1,746.0,s,0.11965663011291726,nm,20.0,nM,dissociation,0.0,300.0
synthetic-1,synthetic,synthetic-E1,curve-2,2,1,748.0,s,0.11806713625416879,nm,20.0,nM,dissociation,0.0,300.0
synthetic-1,synthetic,synthetic-E1,curve-2,2,1,750.0,s,0.11327806804631549,nm,20.0,nM,dissociation,0.0,300.0
synthetic-1,synthetic,synthetic-E1,curve-2,2,1,752.0,s,0.10737180585097524,nm,20.0,nM,dissociation,0.0,300.0
synthetic-1,synthetic,synthetic-E1,curve-2,2,1,754.0,s,0.10847158474945956,nm,20.0,nM,dissociation,0.0,300.0
synthetic-1,synthetic,synthetic-E1,curve-2,2,1,756.0,s,0.11116734860755113,nm,20.0,nM,dissociation,0.0,300.0
synthetic-1,synthetic,synthetic-E1,curve-2,2,1,758.0,s,0.10901439423230797,nm,20.0,nM,dissociation,0.0,300.0
synthetic-1,synthetic,synthetic-E1,curve-2,2,1,760.0,s,0.10921577091110132,nm,20.0,nM,dissociation,0.0,300.0
synthetic-1,synthetic,synthetic-E1,curve-2,2,1,762.0,s,0.10983033026535047,nm,20.0,nM,dissociation,0.0,300.0
synthetic-1,synthetic,synthetic-E1,curve-2,2,1,764.0,s,0.11304219175169285,nm,20.0,nM,dissociation,0.0,300.0
synthetic-1,synthetic,synthetic-E1,curve-2,2,1,766.0,s,0.10576007571652424,nm,20.0,nM,dissociation,0.0,300.0
synthetic-1,synthetic,synthetic-E1,curve-2,2,1,768.0,s,0.11150962720915734,nm,20.0,nM,dissociation,0.0,300.0
synthetic-1,synthetic,synthetic-E1,curve-2,2,1,770.0,s,0.10825064366902362,nm,20.0,nM,dissociation,0.0,300.0
synthetic-1,synthetic,synthetic-E1,curve-2,2,1,772.0,s,0.11160822410715028,nm,20.0,nM,dissociation,0.0,300.0
synthetic-1,synthetic,synthetic-E1,curve-2,2,1,774.0,s,0.11026326657910358,nm,20.0,nM,dissociation,0.0,300.0
synthetic-1,synthetic,synthetic-E1,curve-2,2,1,776.0,s,0.10930732425123992,nm,20.0,nM,dissociation,0.0,300.0
synthetic-1,synthetic,synthetic-E1,curve-2,2,1,778.0,s,0.1151360350946431,nm,20.0,nM,dissociation,0.0,300.0
synthetic-1,synthetic,synthetic-E1,curve-2,2,1,780.0,s,0.10894053602655619,nm,20.0,nM,dissociation,0.0,300.0
synthetic-1,synthetic,synthetic-E1,curve-2,2,1,782.0,s,0.10733875006715848,nm,20.0,nM,dissociation,0.0,300.0
synthetic-1,synthetic,synthetic-E1,curve-2,2,1,784.0,s,0.10729444206785879,nm,20.0,nM,dissociation,0.0,300.0
synthetic-1,synthetic,synthetic-E1,curve-2,2,1,786.0,s,0.10640621654091778,nm,20.0,nM,dissociation,0.0,300.0
synthetic-1,synthetic,synthetic-E1,curve-2,2,1,788.0,s,0.11105498642518055,nm,20.0,nM,dissociation,0.0,300.0
synthetic-1,synthetic,synthetic-E1,curve-2,2,1,790.0,s,0.09885920751895463,nm,20.0,nM,dissociation,0.0,300.0
synthetic-1,synthetic,synthetic-E1,curve-2,2,1,792.0,s,0.10711207005884923,nm,20.0,nM,dissociation,0.0,300.0
synthetic-1,synthetic,synthetic-E1,curve-2,2,1,794.0,s,0.1028992762809896,nm,20.0,nM,dissociation,0.0,300.0
synthetic-1,synthetic,synthetic-E1,curve-2,2,1,796.0,s,0.09815886568035541,nm,20.0,nM,dissociation,0.0,300.0
synthetic-1,synthetic,synthetic-E1,curve-2,2,1,798.0,s,0.10414130917980069,nm,20.0,nM,dissociation,0.0,300.0
synthetic-1,synthetic,synthetic-E1,curve-2,2,1,800.0,s,0.10406047464893801,nm,20.0,nM,dissociation,0.0,300.0
synthetic-1,synthetic,synthetic-E1,curve-2,2,1,802.0,s,0.10411725396687442,nm,20.0,nM,dissociation,0.0,300.0
synthetic-1,synthetic,synthetic-E1,curve-2,2,1,804.0,s,0.10074087941848171,nm,20.0,nM,dissociation,0.0,300.0
synthetic-1,synthetic,synthetic-E1,curve-2,2,1,806.0,s,0.1028292222687503,nm,20.0,nM,dissociation,0.0,300.0
synthetic-1,synthetic,synthetic-E1,curve-2,2,1,808.0,s,0.10054013874651761,nm,20.0,nM,dissociation,0.0,300.0
synthetic-1,synthetic,synthetic-E1,curve-2,2,1,810.0,s,0.10059102572238973,nm,20.0,nM,dissociation,0.0,300.0
synthetic-1,synthetic,synthetic-E1,curve-2,2,1,812.0,s,0.1007616312174761,nm,20.0,nM,dissociation,0.0,300.0
synthetic-1,synthetic,synthetic-E1,curve-2,2,1,814.0,s,0.09942581300375707,nm,20.0,nM,dissociation,0.0,300.0
synthetic-1,synthetic,synthetic-E1,curve-2,2,1,816.0,s,0.09950683036950951,nm,20.0,nM,dissociation,0.0,300.0
synthetic-1,synthetic,synthetic-E1,curve-2,2,1,818.0,s,0.09749781156967463,nm,20.0,nM,dissociation,0.0,300.0
synthetic-1,synthetic,synthetic-E1,curve-2,2,1,820.0,s,0.0971890384177017,nm,20.0,nM,dissociation,0.0,300.0
synthetic-1,synthetic,synthetic-E1,curve-2,2,1,822.0,s,0.09664022152815291,nm,20.0,nM,dissociation,0.0,300.0
synthetic-1,synthetic,synthetic-E1,curve-2,2,1,824.0,s,0.09854268342500468,nm,20.0,nM,dissociation,0.0,300.0
synthetic-1,synthetic,synthetic-E1,curve-2,2,1,826.0,s,0.09447378469303629,nm,20.0,nM,dissociation,0.0,300.0
synthetic-1,synthetic,synthetic-E1,curve-2,2,1,828.0,s,0.09123622160158182,nm,20.0,nM,dissociation,0.0,300.0
synthetic-1,synthetic,synthetic-E1,curve-2,2,1,830.0,s,0.09742694216575677,nm,20.0,nM,dissociation,0.0,300.0
synthetic-1,synthetic,synthetic-E1,curve-2,2,1,832.0,s,0.0975326881692042,nm,20.0,nM,dissociation,0.0,300.0
synthetic-1,synthetic,synthetic-E1,curve-2,2,1,834.0,s,0.09601631429324783,nm,20.0,nM,dissociation,0.0,300.0
synthetic-1,synthetic,synthetic-E1,curve-2,2,1,836.0,s,0.09749821994551128,nm,20.0,nM,dissociation,0.0,300.0
synthetic-1,synthetic,synthetic-E1,curve-2,2,1,838.0,s,0.09210939761828554,nm,20.0,nM,dissociation,0.0,300.0
synthetic-1,synthetic,synthetic-E1,curve-2,2,1,840.0,s,0.09649193992061109,nm,20.0,nM,dissociation,0.0,300.0
synthetic-1,synthetic,synthetic-E1,curve-2,2,1,842.0,s,0.09331178782956581,nm,20.0,nM,dissociation,0.0,300.0
synthetic-1,synthetic,synthetic-E1,curve-2,2,1,844.0,s,0.09191028721078164,nm,20.0,nM,dissociation,0.0,300.0
synthetic-1,synthetic,synthetic-E1,curve-2,2,1,846.0,s,0.09426198399560674,nm,20.0,nM,dissociation,0.0,300.0
synthetic-1,synthetic,synthetic-E1,curve-2,2,1,848.0,s,0.09076810881601653,nm,20.0,nM,dissociation,0.0,300.0
synthetic-1,synthetic,synthetic-E1,curve-2,2,1,850.0,s,0.09738933921616773,nm,20.0,nM,dissociation,0.0,300.0
synthetic-1,synthetic,synthetic-E1,curve-2,2,1,852.0,s,0.09251006531159155,nm,20.0,nM,dissociation,0.0,300.0
synthetic-1,synthetic,synthetic-E1,curve-2,2,1,854.0,s,0.0914110884646623,nm,20.0,nM,dissociation,0.0,300.0
synthetic-1,synthetic,synthetic-E1,curve-2,2,1,856.0,s,0.09487508691030108,nm,20.0,nM,dissociation,0.0,300.0
synthetic-1,synthetic,synthetic-E1,curve-2,2,1,858.0,s,0.08960901293078932,nm,20.0,nM,dissociation,0.0,300.0
synthetic-1,synthetic,synthetic-E1,curve-2,2,1,860.0,s,0.0890088534036898,nm,20.0,nM,dissociation,0.0,300.0
synthetic-1,synthetic,synthetic-E1,curve-2,2,1,862.0,s,0.09113784652241726,nm,20.0,nM,dissociation,0.0,300.0
synthetic-1,synthetic,synthetic-E1,curve-2,2,1,864.0,s,0.08993813733063791,nm,20.0,nM,dissociation,0.0,300.0
synthetic-1,synthetic,synthetic-E1,curve-2,2,1,866.0,s,0.08969533381747696,nm,20.0,nM,dissociation,0.0,300.0
synthetic-1,synthetic,synthetic-E1,curve-2,2,1,868.0,s,0.08402683966989001,nm,20.0,nM,dissociation,0.0,300.0
synthetic-1,synthetic,synthetic-E1,curve-2,2,1,870.0,s,0.09421703709639405,nm,20.0,nM,dissociation,0.0,300.0
synthetic-1,synthetic,synthetic-E1,curve-2,2,1,872.0,s,0.0943064209421163,nm,20.0,nM,dissociation,0.0,300.0
synthetic-1,synthetic,synthetic-E1,curve-2,2,1,874.0,s,0.08651631517667359,nm,20.0,nM,dissociation,0.0,300.0
synthetic-1,synthetic,synthetic-E1,curve-2,2,1,876.0,s,0.08966042496287933,nm,20.0,nM,dissociation,0.0,300.0
synthetic-1,synthetic,synthetic-E1,curve-2,2,1,878.0,s,0.08678851605523824,nm,20.0,nM,dissociation,0.0,300.0
synthetic-1,synthetic,synthetic-E1,curve-2,2,1,880.0,s,0.08636789271259056,nm,20.0,nM,dissociation,0.0,300.0
synthetic-1,synthetic,synthetic-E1,curve-2,2,1,882.0,s,0.08721819034777999,nm,20.0,nM,dissociation,0.0,300.0
synthetic-1,synthetic,synthetic-E1,curve-2,2,1,884.0,s,0.08842250432915287,nm,20.0,nM,dissociation,0.0,300.0
synthetic-1,synthetic,synthetic-E1,curve-2,2,1,886.0,s,0.0892001748874938,nm,20.0,nM,dissociation,0.0,300.0
synthetic-1,synthetic,synthetic-E1,curve-2,2,1,888.0,s,0.08944631368773995,nm,20.0,nM,dissociation,0.0,300.0
synthetic-1,synthetic,synthetic-E1,curve-2,2,1,890.0,s,0.07912910060774594,nm,20.0,nM,dissociation,0.0,300.0
synthetic-1,synthetic,synthetic-E1,curve-2,2,1,892.0,s,0.08515541490304838,nm,20.0,nM,dissociation,0.0,300.0
synthetic-1,synthetic,synthetic-E1,curve-2,2,1,894.0,s,0.08294574257878337,nm,20.0,nM,dissociation,0.0,300.0
synthetic-1,synthetic,synthetic-E1,curve-2,2,1,896.0,s,0.08162658155080163,nm,20.0,nM,dissociation,0.0,300.0
synthetic-1,synthetic,synthetic-E1,curve-2,2,1,898.0,s,0.08601155078676884,nm,20.0,nM,dissociation,0.0,300.0
synthetic-1,synthetic,synthetic-E1,curve-2,2,1,900.0,s,0.083814450511105,nm,20.0,nM,dissociation,0.0,300.0
synthetic-1,synthetic,synthetic-E1,curve-3,3,1,0.0,s,0.0005397663888626359,nm,80.0,nM,association,0.0,300.0
synthetic-1,synthetic,synthetic-E1,curve-3,3,1,2.0,s,0.014438133866353462,nm,80.0,nM,association,0.0,300.0
synthetic-1,synthetic,synthetic-E1,curve-3,3,1,4.0,s,0.023828503266420286,nm,80.0,nM,association,0.0,300.0
synthetic-1,synthetic,synthetic-E1,curve-3,3,1,6.0,s,0.03937792633869704,nm,80.0,nM,association,0.0,300.0
synthetic-1,synthetic,synthetic-E1,curve-3,3,1,8.0,s,0.048473519934354524,nm,80.0,nM,association,0.0,300.0
synthetic-1,synthetic,synthetic-E1,curve-3,3,1,10.0,s,0.0722676229198021,nm,80.0,nM,association,0.0,300.0
synthetic-1,synthetic,synthetic-E1,curve-3,3,1,12.0,s,0.0762570593252563,nm,80.0,nM,association,0.0,300.0
synthetic-1,synthetic,synthetic-E1,curve-3,3,1,14.0,s,0.0857388598485178,nm,80.0,nM,association,0.0,300.0
synthetic-1,synthetic,synthetic-E1,curve-3,3,1,16.0,s,0.10282901098615124,nm,80.0,nM,association,0.0,300.0
synthetic-1,synthetic,synthetic-E1,curve-3,3,1,18.0,s,0.10816891348415932,nm,80.0,nM,association,0.0,300.0
synthetic-1,synthetic,synthetic-E1,curve-3,3,1,20.0,s,0.1184493692645744,nm,80.0,nM,association,0.0,300.0
synthetic-1,synthetic,synthetic-E1,curve-3,3,1,22.0,s,0.13519483954108777,nm,80.0,nM,association,0.0,300.0
synthetic-1,synthetic,synthetic-E1,curve-3,3,1,24.0,s,0.1395368260648882,nm,80.0,nM,association,0.0,300.0
synthetic-1,synthetic,synthetic-E1,curve-3,3,1,26.0,s,0.15773093655112683,nm,80.0,nM,association,0.0,300.0
synthetic-1,synthetic,synthetic-E1,curve-3,3,1,28.0,s,0.16922495335392143,nm,80.0,nM,association,0.0,300.0
synthetic-1,synthetic,synthetic-E1,curve-3,3,1,30.0,s,0.17227849177910903,nm,80.0,nM,association,0.0,300.0
synthetic-1,synthetic,synthetic-E1,curve-3,3,1,32.0,s,0.18653345380038175,nm,80.0,nM,association,0.0,300.0
synthetic-1,synthetic,synthetic-E1,curve-3,3,1,34.0,s,0.19596878494773726,nm,80.0,nM,association,0.0,300.0
synthetic-1,synthetic,synthetic-E1,curve-3,3,1,36.0,s,0.20809102744744323,nm,80.0,nM,association,0.0,300.0
synthetic-1,synthetic,synthetic-E1,curve-3,3,1,38.0,s,0.21591203161001388,nm,80.0,nM,association,0.0,300.0
synthetic-1,synthetic,synthetic-E1,curve-3,3,1,40.0,s,0.23323196649760997,nm,80.0,nM,association,0.0,300.0
synthetic-1,synthetic,synthetic-E1,curve-3,3,1,42.0,s,0.23653068715974887,nm,80.0,nM,association,0.0,300.0
synthetic-1,synthetic,synthetic-E1,curve-3,3,1,44.0,s,0.2466384821881353,nm,80.0,nM,association,0.0,300.0
synthetic-1,synthetic,synthetic-E1,curve-3,3,1,46.0,s,0.2530093730858753,nm,80.0,nM,association,0.0,300.0
synthetic-1,synthetic,synthetic-E1,curve-3,3,1,48.0,s,0.2615140919230952,nm,80.0,nM,association,0.0,300.0
synthetic-1,synthetic,synthetic-E1,curve-3,3,1,50.0,s,0.27686506071569233,nm,80.0,nM,association,0.0,300.0
synthetic-1,synthetic,synthetic-E1,curve-3,3,1,52.0,s,0.28212261221423884,nm,80.0,nM,association,0.0,300.0
synthetic-1,synthetic,synthetic-E1,curve-3,3,1,54.0,s,0.2858735853865641,nm,80.0,nM,association,0.0,300.0
synthetic-1,synthetic,synthetic-E1,curve-3,3,1,56.0,s,0.2950622542094242,nm,80.0,nM,association,0.0,300.0
synthetic-1,synthetic,synthetic-E1,curve-3,3,1,58.0,s,0.3000429220357891,nm,80.0,nM,association,0.0,300.0
synthetic-1,synthetic,synthetic-E1,curve-3,3,1,60.0,s,0.31742939959001565,nm,80.0,nM,association,0.0,300.0
synthetic-1,synthetic,synthetic-E1,curve-3,3,1,62.0,s,0.32028603810411377,nm,80.0,nM,association,0.0,300.0
synthetic-1,synthetic,synthetic-E1,curve-3,3,1,64.0,s,0.32965862734183143,nm,80.0,nM,association,0.0,300.0
synthetic-1,synthetic,synthetic-E1,curve-3,3,1,66.0,s,0.3418327855101803,nm,80.0,nM,association,0.0,300.0
synthetic-1,synthetic,synthetic-E1,curve-3,3,1,68.0,s,0.34382908335100776,nm,80.0,nM,association,0.0,300.0
synthetic-1,synthetic,synthetic-E1,curve-3,3,1,70.0,s,0.35261680122200706,nm,80.0,nM,association,0.0,300.0
synthetic-1,synthetic,synthetic-E1,curve-3,3,1,72.0,s,0.3526791572193685,nm,80.0,nM,association,0.0,300.0
synthetic-1,synthetic,synthetic-E1,curve-3,3,1,74.0,s,0.36630305956878834,nm,80.0,nM,association,0.0,300.0
synthetic-1,synthetic,synthetic-E1,curve-3,3,1,76.0,s,0.373380509606474,nm,80.0,nM,association,0.0,300.0
synthetic-1,synthetic,synthetic-E1,curve-3,3,1,78.0,s,0.3805982374281714,nm,80.0,nM,association,0.0,300.0
synthetic-1,synthetic,synthetic-E1,curve-3,3,1,80.0,s,0.39230299463895535,nm,80.0,nM,association,0.0,300.0
synthetic-1,synthetic,synthetic-E1,curve-3,3,1,82.0,s,0.394078301243412,nm,80.0,nM,association,0.0,300.0
synthetic-1,synthetic,synthetic-E1,curve-3,3,1,84.0,s,0.40441166488548186,nm,80.0,nM,association,0.0,300.0
synthetic-1,synthetic,synthetic-E1,curve-3,3,1,86.0,s,0.40726784012069156,nm,80.0,nM,association,0.0,300.0
synthetic-1,synthetic,synthetic-E1,curve-3,3,1,88.0,s,0.4127686180362578,nm,80.0,nM,association,0.0,300.0
synthetic-1,synthetic,synthetic-E1,curve-3,3,1,90.0,s,0.42351727009597384,nm,80.0,nM,association,0.0,300.0
synthetic-1,synthetic,synthetic-E1,curve-3,3,1,92.0,s,0.4311543316471246,nm,80.0,nM,association,0.0,300.0
synthetic-1,synthetic,synthetic-E1,curve-3,3,1,94.0,s,0.4356512899429484,nm,80.0,nM,association,0.0,300.0
synthetic-1,synthetic,synthetic-E1,curve-3,3,1,96.0,s,0.4364973375307325,nm,80.0,nM,association,0.0,300.0
synthetic-1,synthetic,synthetic-E1,curve-3,3,1,98.0,s,0.4431366511989904,nm,80.0,nM,association,0.0,300.0
synthetic-1,synthetic,synthetic-E1,curve-3,3,1,100.0,s,0.44697647575054944,nm,80.0,nM,association,0.0,300.0
synthetic-1,synthetic,synthetic-E1,curve-3,3,1,102.0,s,0.45907650504923336,nm,80.0,nM,association,0.0,300.0
synthetic-1,synthetic,synthetic-E1,curve-3,3,1,104.0,s,0.4604723282419541,nm,80.0,nM,association,0.0,300.0
synthetic-1,synthetic,synthetic-E1,curve-3,3,1,106.0,s,0.46860434749763524,nm,80.0,nM,association,0.0,300.0
synthetic-1,synthetic,synthetic-E1,curve-3,3,1,108.0,s,0.4732321714100015,nm,80.0,nM,association,0.0,300.0
synthetic-1,synthetic,synthetic-E1,curve-3,3,1,110.0,s,0.4770391557362866,nm,80.0,nM,association,0.0,300.0
synthetic-1,synthetic,synthetic-E1,curve-3,3,1,112.0,s,0.4859880541260955,nm,80.0,nM,association,0.0,300.0
synthetic-1,synthetic,synthetic-E1,curve-3,3,1,114.0,s,0.485604978697293,nm,80.0,nM,association,0.0,300.0
synthetic-1,synthetic,synthetic-E1,curve-3,3,1,116.0,s,0.4958478457763202,nm,80.0,nM,association,0.0,300.0
synthetic-1,synthetic,synthetic-E1,curve-3,3,1,118.0,s,0.497044356639589,nm,80.0,nM,association,0.0,300.0
synthetic-1,synthetic,synthetic-E1,curve-3,3,1,120.0,s,0.5008850044651001,nm,80.0,nM,association,0.0,300.0
synthetic-1,synthetic,synthetic-E1,curve-3,3,1,122.0,s,0.5127446767527643,nm,80.0,nM,association,0.0,300.0
synthetic-1,synthetic,synthetic-E1,curve-3,3,1,124.0,s,0.5096737843114584,nm,80.0,nM,association,0.0,300.0
synthetic-1,synthetic,synthetic-E1,curve-3,3,1,126.0,s,0.5216399029696451,nm,80.0,nM,association,0.0,300.0
synthetic-1,synthetic,synthetic-E1,curve-3,3,1,128.0,s,0.5263805145641474,nm,80.0,nM,association,0.0,300.0
synthetic-1,synthetic,synthetic-E1,curve-3,3,1,130.0,s,0.5310921939975042,nm,80.0,nM,association,0.0,300.0
synthetic-1,synthetic,synthetic-E1,curve-3,3,1,132.0,s,0.5238813320973377,nm,80.0,nM,association,0.0,300.0
synthetic-1,synthetic,synthetic-E1,curve-3,3,1,134.0,s,0.5340510549581396,nm,80.0,nM,association,0.0,300.0
synthetic-1,synthetic,synthetic-E1,curve-3,3,1,136.0,s,0.5342276231005504,nm,80.0,nM,association,0.0,300.0
synthetic-1,synthetic,synthetic-E1,curve-3,3,1,138.0,s,0.5457865065878191,nm,80.0,nM,association,0.0,300.0
synthetic-1,synthetic,synthetic-E1,curve-3,3,1,140.0,s,0.5458532611918395,nm,80.0,nM,association,0.0,300.0
synthetic-1,synthetic,synthetic-E1,curve-3,3,1,142.0,s,0.5529219299799337,nm,80.0,nM,association,0.0,300.0
synthetic-1,synthetic,synthetic-E1,curve-3,3,1,144.0,s,0.5575858533399966,nm,80.0,nM,association,0.0,300.0
synthetic-1,synthetic,synthetic-E1,curve-3,3,1,146.0,s,0.5557736776964022,nm,80.0,nM,association,0.0,300.0
synthetic-1,synthetic,synthetic-E1,curve-3,3,1,148.0,s,0.5623273997545071,nm,80.0,nM,association,0.0,300.0
synthetic-1,synthetic,synthetic-E1,curve-3,3,1,150.0,s,0.5685328600452244,nm,80.0,nM,association,0.0,300.0
synthetic-1,synthetic,synthetic-E1,curve-3,3,1,152.0,s,0.5725636619730209,nm,80.0,nM,association,0.0,300.0
synthetic-1,synthetic,synthetic-E1,curve-3,3,1,154.0,s,0.5758362508850918,nm,80.0,nM,association,0.0,300.0
synthetic-1,synthetic,synthetic-E1,curve-3,3,1,156.0,s,0.5825731585831105,nm,80.0,nM,association,0.0,300.0
synthetic-1,synthetic,synthetic-E1,curve-3,3,1,158.0,s,0.5851019231178313,nm,80.0,nM,association,0.0,300.0
synthetic-1,synthetic,synthetic-E1,curve-3,3,1,160.0,s,0.5880745060498107,nm,80.0,nM,association,0.0,300.0
synthetic-1,synthetic,synthetic-E1,curve-3,3,1,162.0,s,0.5910159946907417,nm,80.0,nM,association,0.0,300.0
synthetic-1,synthetic,synthetic-E1,curve-3,3,1,164.0,s,0.5955597252042182,nm,80.0,nM,association,0.0,300.0
synthetic-1,synthetic,synthetic-E1,curve-3,3,1,166.0,s,0.5897995832274134,nm,80.0,nM,association,0.0,300.0
synthetic-1,synthetic,synthetic-E1,curve-3,3,1,168.0,s,0.5989046172194555,nm,80.0,nM,association,0.0,300.0
synthetic-1,synthetic,synthetic-E1,curve-3,3,1,170.0,s,0.6030017972709186,nm,80.0,nM,association,0.0,300.0
synthetic-1,synthetic,synthetic-E1,curve-3,3,1,172.0,s,0.60778348849714,nm,80.0,nM,association,0.0,300.0
synthetic-1,synthetic,synthetic-E1,curve-3,3,1,174.0,s,0.6047871928160318,nm,80.0,nM,association,0.0,300.0
synthetic-1,synthetic,synthetic-E1,curve-3,3,1,176.0,s,0.6120695153067052,nm,80.0,nM,association,0.0,300.0
synthetic-1,synthetic,synthetic-E1,curve-3,3,1,178.0,s,0.6142334859891823,nm,80.0,nM,association,0.0,300.0
synthetic-1,synthetic,synthetic-E1,curve-3,3,1,180.0,s,0.6193812696067507,nm,80.0,nM,association,0.0,300.0
synthetic-1,synthetic,synthetic-E1,curve-3,3,1,182.0,s,0.615302545438358,nm,80.0,nM,association,0.0,300.0
synthetic-1,synthetic,synthetic-E1,curve-3,3,1,184.0,s,0.6193517661503636,nm,80.0,nM,association,0.0,300.0
synthetic-1,synthetic,synthetic-E1,curve-3,3,1,186.0,s,0.6257307781300485,nm,80.0,nM,association,0.0,300.0
synthetic-1,synthetic,synthetic-E1,curve-3,3,1,188.0,s,0.6322734018212027,nm,80.0,nM,association,0.0,300.0
synthetic-1,synthetic,synthetic-E1,curve-3,3,1,190.0,s,0.6270413342336124,nm,80.0,nM,association,0.0,300.0
synthetic-1,synthetic,synthetic-E1,curve-3,3,1,192.0,s,0.6345017323864287,nm,80.0,nM,association,0.0,300.0
synthetic-1,synthetic,synthetic-E1,curve-3,3,1,194.0,s,0.6334804424578201,nm,80.0,nM,association,0.0,300.0
synthetic-1,synthetic,synthetic-E1,curve-3,3,1,196.0,s,0.6440790309525061,nm,80.0,nM,association,0.0,300.0
synthetic-1,synthetic,synthetic-E1,curve-3,3,1,198.0,s,0.6399011801422697,nm,80.0,nM,association,0.0,300.0
synthetic-1,synthetic,synthetic-E1,curve-3,3,1,200.0,s,0.6505436250694034,nm,80.0,nM,association,0.0,300.0
synthetic-1,synthetic,synthetic-E1,curve-3,3,1,202.0,s,0.6505061554870983,nm,80.0,nM,association,0.0,300.0
synthetic-1,synthetic,synthetic-E1,curve-3,3,1,204.0,s,0.6538675118854042,nm,80.0,nM,association,0.0,300.0
synthetic-1,synthetic,synthetic-E1,curve-3,3,1,206.0,s,0.6526302561911782,nm,80.0,nM,association,0.0,300.0
synthetic-1,synthetic,synthetic-E1,curve-3,3,1,208.0,s,0.6529859670394874,nm,80.0,nM,association,0.0,300.0
synthetic-1,synthetic,synthetic-E1,curve-3,3,1,210.0,s,0.6563688918269973,nm,80.0,nM,association,0.0,300.0
synthetic-1,synthetic,synthetic-E1,curve-3,3,1,212.0,s,0.6643221100580241,nm,80.0,nM,association,0.0,300.0
synthetic-1,synthetic,synthetic-E1,curve-3,3,1,214.0,s,0.6589164820120212,nm,80.0,nM,association,0.0,300.0
synthetic-1,synthetic,synthetic-E1,curve-3,3,1,216.0,s,0.6657591546158851,nm,80.0,nM,association,0.0,300.0
synthetic-1,synthetic,synthetic-E1,curve-3,3,1,218.0,s,0.662939765924257,nm,80.0,nM,association,0.0,300.0
synthetic-1,synthetic,synthetic-E1,curve-3,3,1,220.0,s,0.6678607032283894,nm,80.0,nM,association,0.0,300.0
synthetic-1,synthetic,synthetic-E1,curve-3,3,1,222.0,s,0.6694819318459525,nm,80.0,nM,association,0.0,300.0
synthetic-1,synthetic,synthetic-E1,curve-3,3,1,224.0,s,0.6688317146788325,nm,80.0,nM,association,0.0,300.0
synthetic-1,synthetic,synthetic-E1,curve-3,3,1,226.0,s,0.6686212760616196,nm,80.0,nM,association,0.0,300.0
synthetic-1,synthetic,synthetic-E1,curve-3,3,1,228.0,s,0.6817230848353552,nm,80.0,nM,association,0.0,300.0
synthetic-1,synthetic,synthetic-E1,curve-3,3,1,230.0,s,0.6777201745519292,nm,80.0,nM,association,0.0,300.0
synthetic-1,synthetic,synthetic-E1,curve-3,3,1,232.0,s,0.678137487639047,nm,80.0,nM,association,0.0,300.0
synthetic-1,synthetic,synthetic-E1,curve-3,3,1,234.0,s,0.6816071066087591,nm,80.0,nM,association,0.0,300.0
synthetic-1,synthetic,synthetic-E1,curve-3,3,1,236.0,s,0.6852013359951115,nm,80.0,nM,association,0.0,300.0
synthetic-1,synthetic,synthetic-E1,curve-3,3,1,238.0,s,0.6903320671037118,nm,80.0,nM,association,0.0,300.0
synthetic-1,synthetic,synthetic-E1,curve-3,3,1,240.0,s,0.684556821392148,nm,80.0,nM,association,0.0,300.0
synthetic-1,synthetic,synthetic-E1,curve-3,3,1,242.0,s,0.6931837421395217,nm,80.0,nM,association,0.0,300.0
synthetic-1,synthetic,synthetic-E1,curve-3,3,1,244.0,s,0.683322500570997,nm,80.0,nM,association,0.0,300.0
synthetic-1,synthetic,synthetic-E1,curve-3,3,1,246.0,s,0.6933676840746218,nm,80.0,nM,association,0.0,300.0
synthetic-1,synthetic,synthetic-E1,curve-3,3,1,248.0,s,0.6926212177365765,nm,80.0,nM,association,0.0,300.0
synthetic-1,synthetic,synthetic-E1,curve-3,3,1,250.0,s,0.6965111660804928,nm,80.0,nM,association,0.0,300.0
synthetic-1,synthetic,synthetic-E1,curve-3,3,1,252.0,s,0.6948694299707247,nm,80.0,nM,association,0.0,300.0
synthetic-1,synthetic,synthetic-E1,curve-3,3,1,254.0,s,0.6974902722175016,nm,80.0,nM,association,0.0,300.0
synthetic-1,synthetic,synthetic-E1,curve-3,3,1,256.0,s,0.6981092338205157,nm,80.0,nM,association,0.0,300.0
synthetic-1,synthetic,synthetic-E1,curve-3,3,1,258.0,s,0.697503687666856,nm,80.0,nM,association,0.0,300.0
synthetic-1,synthetic,synthetic-E1,curve-3,3,1,260.0,s,0.7070935420493499,nm,80.0,nM,association,0.0,300.0
synthetic-1,synthetic,synthetic-E1,curve-3,3,1,262.0,s,0.706309813050574,nm,80.0,nM,association,0.0,300.0
synthetic-1,synthetic,synthetic-E1,curve-3,3,1,264.0,s,0.7030991752475207,nm,80.0,nM,association,0.0,300.0
synthetic-1,synthetic,synthetic-E1,curve-3,3,1,266.0,s,0.7062050971523366,nm,80.0,nM,association,0.0,300.0
synthetic-1,synthetic,synthetic-E1,curve-3,3,1,268.0,s,0.7071051774595598,nm,80.0,nM,association,0.0,300.0
synthetic-1,synthetic,synthetic-E1,curve-3,3,1,270.0,s,0.7101136701555657,nm,80.0,nM,association,0.0,300.0
synthetic-1,synthetic,synthetic-E1,curve-3,3,1,272.0,s,0.7136842212927282,nm,80.0,nM,association,0.0,300.0
synthetic-1,synthetic,synthetic-E1,curve-3,3,1,274.0,s,0.7101125419930632,nm,80.0,nM,association,0.0,300.0
synthetic-1,synthetic,synthetic-E1,curve-3,3,1,276.0,s,0.7115589309403713,nm,80.0,nM,association,0.0,300.0
synthetic-1,synthetic,synthetic-E1,curve-3,3,1,278.0,s,0.7109029764761373,nm,80.0,nM,association,0.0,300.0
synthetic-1,synthetic,synthetic-E1,curve-3,3,1,280.0,s,0.7198552701668454,nm,80.0,nM,association,0.0,300.0
synthetic-1,synthetic,synthetic-E1,curve-3,3,1,282.0,s,0.7178531731620684,nm,80.0,nM,association,0.0,300.0
synthetic-1,synthetic,synthetic-E1,curve-3,3,1,284.0,s,0.7167944583912091,nm,80.0,nM,association,0.0,300.0
synthetic-1,synthetic,synthetic-E1,curve-3,3,1,286.0,s,0.7181901086286375,nm,80.0,nM,association,0.0,300.0
synthetic-1,synthetic,synthetic-E1,curve-3,3,1,288.0,s,0.726597917822109,nm,80.0,nM,association,0.0,300.0
synthetic-1,synthetic,synthetic-E1,curve-3,3,1,290.0,s,0.7225626026466901,nm,80.0,nM,association,0.0,300.0
synthetic-1,synthetic,synthetic-E1,curve-3,3,1,292.0,s,0.723075432274455,nm,80.0,nM,association,0.0,300.0
synthetic-1,synthetic,synthetic-E1,curve-3,3,1,294.0,s,0.7240697262749596,nm,80.0,nM,association,0.0,300.0
synthetic-1,synthetic,synthetic-E1,curve-3,3,1,296.0,s,0.7227412781921032,nm,80.0,nM,association,0.0,300.0
synthetic-1,synthetic,synthetic-E1,curve-3,3,1,298.0,s,0.7253936699277819,nm,80.0,nM,association,0.0,300.0
synthetic-1,synthetic,synthetic-E1,curve-3,3,1,300.0,s,0.7329548086654263,nm,80.0,nM,dissociation,0.0,300.0
synthetic-1,synthetic,synthetic-E1,curve-3,3,1,302.0,s,0.7249045404511331,nm,80.0,nM,dissociation,0.0,300.0
synthetic-1,synthetic,synthetic-E1,curve-3,3,1,304.0,s,0.7202707646870049,nm,80.0,nM,dissociation,0.0,300.0
synthetic-1,synthetic,synthetic-E1,curve-3,3,1,306.0,s,0.7196426687190778,nm,80.0,nM,dissociation,0.0,300.0
synthetic-1,synthetic,synthetic-E1,curve-3,3,1,308.0,s,0.7138229903749072,nm,80.0,nM,dissociation,0.0,300.0
synthetic-1,synthetic,synthetic-E1,curve-3,3,1,310.0,s,0.7141272577211413,nm,80.0,nM,dissociation,0.0,300.0
synthetic-1,synthetic,synthetic-E1,curve-3,3,1,312.0,s,0.7111352124773688,nm,80.0,nM,dissociation,0.0,300.0
synthetic-1,synthetic,synthetic-E1,curve-3,3,1,314.0,s,0.716162811682313,nm,80.0,nM,dissociation,0.0,300.0
synthetic-1,synthetic,synthetic-E1,curve-3,3,1,316.0,s,0.7063641846662586,nm,80.0,nM,dissociation,0.0,300.0
synthetic-1,synthetic,synthetic-E1,curve-3,3,1,318.0,s,0.6975154606274864,nm,80.0,nM,dissociation,0.0,300.0
synthetic-1,synthetic,synthetic-E1,curve-3,3,1,320.0,s,0.7021083282413821,nm,80.0,nM,dissociation,0.0,300.0
synthetic-1,synthetic,synthetic-E1,curve-3,3,1,322.0,s,0.6970917934842947,nm,80.0,nM,dissociation,0.0,300.0
synthetic-1,synthetic,synthetic-E1,curve-3,3,1,324.0,s,0.6901049064374825,nm,80.0,nM,dissociation,0.0,300.0
synthetic-1,synthetic,synthetic-E1,curve-3,3,1,326.0,s,0.692569349914551,nm,80.0,nM,dissociation,0.0,300.0
synthetic-1,synthetic,synthetic-E1,curve-3,3,1,328.0,s,0.6819114982023308,nm,80.0,nM,dissociation,0.0,300.0
synthetic-1,synthetic,synthetic-E1,curve-3,3,1,330.0,s,0.6847168417109059,nm,80.0,nM,dissociation,0.0,300.0
synthetic-1,synthetic,synthetic-E1,curve-3,3,1,332.0,s,0.6800322478747942,nm,80.0,nM,dissociation,0.0,300.0
synthetic-1,synthetic,synthetic-E1,curve-3,3,1,334.0,s,0.6777363404098128,nm,80.0,nM,dissociation,0.0,300.0
synthetic-1,synthetic,synthetic-E1,curve-3,3,1,336.0,s,0.677270845716279,nm,80.0,nM,dissociation,0.0,300.0
synthetic-1,synthetic,synthetic-E1,curve-3,3,1,338.0,s,0.669857398068989,nm,80.0,nM,dissociation,0.0,300.0
synthetic-1,synthetic,synthetic-E1,curve-3,3,1,340.0,s,0.6716575263898248,nm,80.0,nM,dissociation,0.0,300.0
synthetic-1,synthetic,synthetic-E1,curve-3,3,1,342.0,s,0.6713457600934226,nm,80.0,nM,dissociation,0.0,300.0
synthetic-1,synthetic,synthetic-E1,curve-3,3,1,344.0,s,0.6663178957510744,nm,80.0,nM,dissociation,0.0,300.0
synthetic-1,synthetic,synthetic-E1,curve-3,3,1,346.0,s,0.6656455824789483,nm,80.0,nM,dissociation,0.0,300.0
synthetic-1,synthetic,synthetic-E1,curve-3,3,1,348.0,s,0.658632988130887,nm,80.0,nM,dissociation,0.0,300.0
synthetic-1,synthetic,synthetic-E1,curve-3,3,1,350.0,s,0.6567384871339786,nm,80.0,nM,dissociation,0.0,300.0
synthetic-1,synthetic,synthetic-E1,curve-3,3,1,352.0,s,0.6554693885546155,nm,80.0,nM,dissociation,0.0,300.0
synthetic-1,synthetic,synthetic-E1,curve-3,3,1,354.0,s,0.6519105476339007,nm,80.0,nM,dissociation,0.0,300.0
synthetic-1,synthetic,synthetic-E1,curve-3,3,1,356.0,s,0.6542685223231376,nm,80.0,nM,dissociation,0.0,300.0
synthetic-1,synthetic,synthetic-E1,curve-3,3,1,358.0,s,0.6576935382000726,nm,80.0,nM,dissociation,0.0,300.0
synthetic-1,synthetic,synthetic-E1,curve-3,3,1,360.0,s,0.6439797300556175,nm,80.0,nM,dissociation,0.0,300.0
synthetic-1,synthetic,synthetic-E1,curve-3,3,1,362.0,s,0.6350828681805445,nm,80.0,nM,dissociation,0.0,300.0
synthetic-1,synthetic,synthetic-E1,curve-3,3,1,364.0,s,0.6407459538766227,nm,80.0,nM,dissociation,0.0,300.0
synthetic-1,synthetic,synthetic-E1,curve-3,3,1,366.0,s,0.6423230072684036,nm,80.0,nM,dissociation,0.0,300.0
synthetic-1,synthetic,synthetic-E1,curve-3,3,1,368.0,s,0.633463103659068,nm,80.0,nM,dissociation,0.0,300.0
synthetic-1,synthetic,synthetic-E1,curve-3,3,1,370.0,s,0.63119295784747,nm,80.0,nM,dissociation,0.0,300.0
synthetic-1,synthetic,synthetic-E1,curve-3,3,1,372.0,s,0.6272977369570839,nm,80.0,nM,dissociation,0.0,300.0
synthetic-1,synthetic,synthetic-E1,curve-3,3,1,374.0,s,0.6227700343643631,nm,80.0,nM,dissociation,0.0,300.0
synthetic-1,synthetic,synthetic-E1,curve-3,3,1,376.0,s,0.6222949916657632,nm,80.0,nM,dissociation,0.0,300.0
synthetic-1,synthetic,synthetic-E1,curve-3,3,1,378.0,s,0.6242893729331895,nm,80.0,nM,dissociation,0.0,300.0
synthetic-1,synthetic,synthetic-E1,curve-3,3,1,380.0,s,0.6174692926475782,nm,80.0,nM,dissociation,0.0,300.0
synthetic-1,synthetic,synthetic-E1,curve-3,3,1,382.0,s,0.6131364136972435,nm,80.0,nM,dissociation,0.0,300.0
synthetic-1,synthetic,synthetic-E1,curve-3,3,1,384.0,s,0.6157326208531358,nm,80.0,nM,dissociation,0.0,300.0
synthetic-1,synthetic,synthetic-E1,curve-3,3,1,386.0,s,0.6126388387625641,nm,80.0,nM,dissociation,0.0,300.0
synthetic-1,synthetic,synthetic-E1,curve-3,3,1,388.0,s,0.609319330997801,nm,80.0,nM,dissociation,0.0,300.0
synthetic-1,synthetic,synthetic-E1,curve-3,3,1,390.0,s,0.6027967816256156,nm,80.0,nM,dissociation,0.0,300.0
synthetic-1,synthetic,synthetic-E1,curve-3,3,1,392.0,s,0.6069656156219801,nm,80.0,nM,dissociation,0.0,300.0
synthetic-1,synthetic,synthetic-E1,curve-3,3,1,394.0,s,0.6053777484222158,nm,80.0,nM,dissociation,0.0,300.0
synthetic-1,synthetic,synthetic-E1,curve-3,3,1,396.0,s,0.5991904796113862,nm,80.0,nM,dissociation,0.0,300.0
synthetic-1,synthetic,synthetic-E1,curve-3,3,1,398.0,s,0.5964145038170188,nm,80.0,nM,dissociation,0.0,300.0
synthetic-1,synthetic,synthetic-E1,curve-3,3,1,400.0,s,0.6011005342531935,nm,80.0,nM,dissociation,0.0,300.0
synthetic-1,synthetic,synthetic-E1,curve-3,3,1,402.0,s,0.5919086535311665,nm,80.0,nM,dissociation,0.0,300.0
synthetic-1,synthetic,synthetic-E1,curve-3,3,1,404.0,s,0.5961142670388244,nm,80.0,nM,dissociation,0.0,300.0
synthetic-1,synthetic,synthetic-E1,curve-3,3,1,406.0,s,0.5902005020481575,nm,80.0,nM,dissociation,0.0,300.0
synthetic-1,synthetic,synthetic-E1,curve-3,3,1,408.0,s,0.5857710993398796,nm,80.0,nM,dissociation,0.0,300.0
synthetic-1,synthetic,synthetic-E1,curve-3,3,1,410.0,s,0.5805986716568414,nm,80.0,nM,dissociation,0.0,300.0
synthetic-1,synthetic,synthetic-E1,curve-3,3,1,412.0,s,0.5772717892038028,nm,80.0,nM,dissociation,0.0,300.0
synthetic-1,synthetic,synthetic-E1,curve-3,3,1,414.0,s,0.5795544528533143,nm,80.0,nM,dissociation,0.0,300.0
synthetic-1,synthetic,synthetic-E1,curve-3,3,1,416.0,s,0.582196840510422,nm,80.0,nM,dissociation,0.0,300.0
synthetic-1,synthetic,synthetic-E1,curve-3,3,1,418.0,s,0.5703289488479386,nm,80.0,nM,dissociation,0.0,300.0
synthetic-1,synthetic,synthetic-E1,curve-3,3,1,420.0,s,0.5747728715066731,nm,80.0,nM,dissociation,0.0,300.0
synthetic-1,synthetic,synthetic-E1,curve-3,3,1,422.0,s,0.572725347686709,nm,80.0,nM,dissociation,0.0,300.0
synthetic-1,synthetic,synthetic-E1,curve-3,3,1,424.0,s,0.5723456015529369,nm,80.0,nM,dissociation,0.0,300.0
synthetic-1,synthetic,synthetic-E1,curve-3,3,1,426.0,s,0.5661183064775683,nm,80.0,nM,dissociation,0.0,300.0
synthetic-1,synthetic,synthetic-E1,curve-3,3,1,428.0,s,0.5656029038960686,nm,80.0,nM,dissociation,0.0,300.0
synthetic-1,synthetic,synthetic-E1,curve-3,3,1,430.0,s,0.5657088721559079,nm,80.0,nM,dissociation,0.0,300.0
synthetic-1,synthetic,synthetic-E1,curve-3,3,1,432.0,s,0.5671512020671363,nm,80.0,nM,dissociation,0.0,300.0
synthetic-1,synthetic,synthetic-E1,curve-3,3,1,434.0,s,0.5535034863261916,nm,80.0,nM,dissociation,0.0,300.0
synthetic-1,synthetic,synthetic-E1,curve-3,3,1,436.0,s,0.5516321945561747,nm,80.0,nM,dissociation,0.0,300.0
synthetic-1,synthetic,synthetic-E1,curve-3,3,1,438.0,s,0.5502783839950762,nm,80.0,nM,dissociation,0.0,300.0
synthetic-1,synthetic,synthetic-E1,curve-3,3,1,440.0,s,0.5519376613031333,nm,80.0,nM,dissociation,0.0,300.0
synthetic-1,synthetic,synthetic-E1,curve-3,3,1,442.0,s,0.5443984099023496,nm,80.0,nM,dissociation,0.0,300.0
synthetic-1,synthetic,synthetic-E1,curve-3,3,1,444.0,s,0.5376337733775338,nm,80.0,nM,dissociation,0.0,300.0
synthetic-1,synthetic,synthetic-E1,curve-3,3,1,446.0,s,0.5450280947728421,nm,80.0,nM,dissociation,0.0,300.0
synthetic-1,synthetic,synthetic-E1,curve-3,3,1,448.0,s,0.5392611537087687,nm,80.0,nM,dissociation,0.0,300.0
synthetic-1,synthetic,synthetic-E1,curve-3,3,1,450.0,s,0.5411958325376595,nm,80.0,nM,dissociation,0.0,300.0
synthetic-1,synthetic,synthetic-E1,curve-3,3,1,452.0,s,0.5356418874518647,nm,80.0,nM,dissociation,0.0,300.0
synthetic-1,synthetic,synthetic-E1,curve-3,3,1,454.0,s,0.5334300569887903,nm,80.0,nM,dissociation,0.0,300.0
synthetic-1,synthetic,synthetic-E1,curve-3,3,1,456.0,s,0.5331784203486462,nm,80.0,nM,dissociation,0.0,300.0
synthetic-1,synthetic,synthetic-E1,curve-3,3,1,458.0,s,0.5320588268246106,nm,80.0,nM,dissociation,0.0,300.0
synthetic-1,synthetic,synthetic-E1,curve-3,3,1,460.0,s,0.5315800304486267,nm,80.0,nM,dissociation,0.0,300.0
synthetic-1,synthetic,synthetic-E1,curve-3,3,1,462.0,s,0.5272698499029815,nm,80.0,nM,dissociation,0.0,300.0
synthetic-1,synthetic,synthetic-E1,curve-3,3,1,464.0,s,0.5246798495701267,nm,80.0,nM,dissociation,0.0,300.0
synthetic-1,synthetic,synthetic-E1,curve-3,3,1,466.0,s,0.5205324502077721,nm,80.0,nM,dissociation,0.0,300.0
synthetic-1,synthetic,synthetic-E1,curve-3,3,1,468.0,s,0.5183445840519892,nm,80.0,nM,dissociation,0.0,300.0
synthetic-1,synthetic,synthetic-E1,curve-3,3,1,470.0,s,0.5136343793736797,nm,80.0,nM,dissociation,0.0,300.0
synthetic-1,synthetic,synthetic-E1,curve-3,3,1,472.0,s,0.5137604941623237,nm,80.0,nM,dissociation,0.0,300.0
synthetic-1,synthetic,synthetic-E1,curve-3,3,1,474.0,s,0.5199393095755799,nm,80.0,nM,dissociation,0.0,300.0
synthetic-1,synthetic,synthetic-E1,curve-3,3,1,476.0,s,0.5107114180439826,nm,80.0,nM,dissociation,0.0,300.0
synthetic-1,synthetic,synthetic-E1,curve-3,3,1,478.0,s,0.5121654027064901,nm,80.0,nM,dissociation,0.0,300.0
synthetic-1,synthetic,synthetic-E1,curve-3,3,1,480.0,s,0.5145182512637172,nm,80.0,nM,dissociation,0.0,300.0
synthetic-1,synthetic,synthetic-E1,curve-3,3,1,482.0,s,0.509786320823511,nm,80.0,nM,dissociation,0.0,300.0
synthetic-1,synthetic,synthetic-E1,curve-3,3,1,484.0,s,0.5025495300347165,nm,80.0,nM,dissociation,0.0,300.0
synthetic-1,synthetic,synthetic-E1,curve-3,3,1,486.0,s,0.4955561927046072,nm,80.0,nM,dissociation,0.0,300.0
synthetic-1,synthetic,synthetic-E1,curve-3,3,1,488.0,s,0.49719058133738925,nm,80.0,nM,dissociation,0.0,300.0
synthetic-1,synthetic,synthetic-E1,curve-3,3,1,490.0,s,0.5001005688601797,nm,80.0,nM,dissociation,0.0,300.0
synthetic-1,synthetic,synthetic-E1,curve-3,3,1,492.0,s,0.49313865709908167,nm,80.0,nM,dissociation,0.0,300.0
synthetic-1,synthetic,synthetic-E1,curve-3,3,1,494.0,s,0.4899708907980444,nm,80.0,nM,dissociation,0.0,300.0
synthetic-1,synthetic,synthetic-E1,curve-3,3,1,496.0,s,0.4899023810505747,nm,80.0,nM,dissociation,0.0,300.0
synthetic-1,synthetic,synthetic-E1,curve-3,3,1,498.0,s,0.4921830803034222,nm,80.0,nM,dissociation,0.0,300.0
synthetic-1,synthetic,synthetic-E1,curve-3,3,1,500.0,s,0.4874390884982466,nm,80.0,nM,dissociation,0.0,300.0
synthetic-1,synthetic,synthetic-E1,curve-3,3,1,502.0,s,0.48407566925198653,nm,80.0,nM,dissociation,0.0,300.0
synthetic-1,synthetic,synthetic-E1,curve-3,3,1,504.0,s,0.48893627877597595,nm,80.0,nM,dissociation,0.0,300.0
synthetic-1,synthetic,synthetic-E1,curve-3,3,1,506.0,s,0.47526216821367373,nm,80.0,nM,dissociation,0.0,300.0
synthetic-1,synthetic,synthetic-E1,curve-3,3,1,508.0,s,0.475844049827943,nm,80.0,nM,dissociation,0.0,300.0
synthetic-1,synthetic,synthetic-E1,curve-3,3,1,510.0,s,0.4818238849413314,nm,80.0,nM,dissociation,0.0,300.0
synthetic-1,synthetic,synthetic-E1,curve-3,3,1,512.0,s,0.48037907723985307,nm,80.0,nM,dissociation,0.0,300.0
synthetic-1,synthetic,synthetic-E1,curve-3,3,1,514.0,s,0.47251886196215664,nm,80.0,nM,dissociation,0.0,300.0
synthetic-1,synthetic,synthetic-E1,curve-3,3,1,516.0,s,0.47458666854874343,nm,80.0,nM,dissociation,0.0,300.0
synthetic-1,synthetic,synthetic-E1,curve-3,3,1,518.0,s,0.47354129975821707,nm,80.0,nM,dissociation,0.0,300.0
synthetic-1,synthetic,synthetic-E1,curve-3,3,1,520.0,s,0.4682978588122886,nm,80.0,nM,dissociation,0.0,300.0
synthetic-1,synthetic,synthetic-E1,curve-3,3,1,522.0,s,0.46624868832783345,nm,80.0,nM,dissociation,0.0,300.0
synthetic-1,synthetic,synthetic-E1,curve-3,3,1,524.0,s,0.46869277562195477,nm,80.0,nM,dissociation,0.0,300.0
synthetic-1,synthetic,synthetic-E1,curve-3,3,1,526.0,s,0.4605455417046565,nm,80.0,nM,dissociation,0.0,300.0
synthetic-1,synthetic,synthetic-E1,curve-3,3,1,528.0,s,0.4653409317588893,nm,80.0,nM,dissociation,0.0,300.0
synthetic-1,synthetic,synthetic-E1,curve-3,3,1,530.0,s,0.4585318187847066,nm,80.0,nM,dissociation,0.0,300.0
synthetic-1,synthetic,synthetic-E1,curve-3,3,1,532.0,s,0.46104606301655005,nm,80.0,nM,dissociation,0.0,300.0
synthetic-1,synthetic,synthetic-E1,curve-3,3,1,534.0,s,0.4560248592408405,nm,80.0,nM,dissociation,0.0,300.0
synthetic-1,synthetic,synthetic-E1,curve-3,3,1,536.0,s,0.45599370076749374,nm,80.0,nM,dissociation,0.0,300.0
synthetic-1,synthetic,synthetic-E1,curve-3,3,1,538.0,s,0.4600210185517444,nm,80.0,nM,dissociation,0.0,300.0
synthetic-1,synthetic,synthetic-E1,curve-3,3,1,540.0,s,0.4535244612540335,nm,80.0,nM,dissociation,0.0,300.0
synthetic-1,synthetic,synthetic-E1,curve-3,3,1,542.0,s,0.4471498309339246,nm,80.0,nM,dissociation,0.0,300.0
synthetic-1,synthetic,synthetic-E1,curve-3,3,1,544.0,s,0.44278869132643256,nm,80.0,nM,dissociation,0.0,300.0
synthetic-1,synthetic,synthetic-E1,curve-3,3,1,546.0,s,0.44511029699350135,nm,80.0,nM,dissociation,0.0,300.0
synthetic-1,synthetic,synthetic-E1,curve-3,3,1,548.0,s,0.44917871680379207,nm,80.0,nM,dissociation,0.0,300.0
synthetic-1,synthetic,synthetic-E1,curve-3,3,1,550.0,s,0.4385167369976245,nm,80.0,nM,dissociation,0.0,300.0
synthetic-1,synthetic,synthetic-E1,curve-3,3,1,552.0,s,0.4421072012358365,nm,80.0,nM,dissociation,0.0,300.0
synthetic-1,synthetic,synthetic-E1,curve-3,3,1,554.0,s,0.4414234573108599,nm,80.0,nM,dissociation,0.0,300.0
synthetic-1,synthetic,synthetic-E1,curve-3,3,1,556.0,s,0.4392269957834871,nm,80.0,nM,dissociation,0.0,300.0
synthetic-1,synthetic,synthetic-E1,curve-3,3,1,558.0,s,0.4335395429681712,nm,80.0,nM,dissociation,0.0,300.0
synthetic-1,synthetic,synthetic-E1,curve-3,3,1,560.0,s,0.4359436800444558,nm,80.0,nM,dissociation,0.0,300.0
synthetic-1,synthetic,synthetic-E1,curve-3,3,1,562.0,s,0.428173184495568,nm,80.0,nM,dissociation,0.0,300.0
synthetic-1,synthetic,synthetic-E1,curve-3,3,1,564.0,s,0.42510460817448936,nm,80.0,nM,dissociation,0.0,300.0
synthetic-1,synthetic,synthetic-E1,curve-3,3,1,566.0,s,0.4251015921767158,nm,80.0,nM,dissociation,0.0,300.0
synthetic-1,synthetic,synthetic-E1,curve-3,3,1,568.0,s,0.4251144381143295,nm,80.0,nM,dissociation,0.0,300.0
synthetic-1,synthetic,synthetic-E1,curve-3,3,1,570.0,s,0.42667575789032647,nm,80.0,nM,dissociation,0.0,300.0
synthetic-1,synthetic,synthetic-E1,curve-3,3,1,572.0,s,0.4162259995131132,nm,80.0,nM,dissociation,0.0,300.0
synthetic-1,synthetic,synthetic-E1,curve-3,3,1,574.0,s,0.42333139348454407,nm,80.0,nM,dissociation,0.0,300.0
synthetic-1,synthetic,synthetic-E1,curve-3,3,1,576.0,s,0.42135640464309254,nm,80.0,nM,dissociation,0.0,300.0
synthetic-1,synthetic,synthetic-E1,curve-3,3,1,578.0,s,0.419012556719408,nm,80.0,nM,dissociation,0.0,300.0
synthetic-1,synthetic,synthetic-E1,curve-3,3,1,580.0,s,0.41771602444455624,nm,80.0,nM,dissociation,0.0,300.0
synthetic-1,synthetic,synthetic-E1,curve-3,3,1,582.0,s,0.4122302124831306,nm,80.0,nM,dissociation,0.0,300.0
synthetic-1,synthetic,synthetic-E1,curve-3,3,1,584.0,s,0.4119070296606782,nm,80.0,nM,dissociation,0.0,300.0
synthetic-1,synthetic,synthetic-E1,curve-3,3,1,586.0,s,0.413100711698621,nm,80.0,nM,dissociation,0.0,300.0
synthetic-1,synthetic,synthetic-E1,curve-3,3,1,588.0,s,0.4136608272299185,nm,80.0,nM,dissociation,0.0,300.0
synthetic-1,synthetic,synthetic-E1,curve-3,3,1,590.0,s,0.4087774686310261,nm,80.0,nM,dissociation,0.0,300.0
synthetic-1,synthetic,synthetic-E1,curve-3,3,1,592.0,s,0.4077140714863129,nm,80.0,nM,dissociation,0.0,300.0
synthetic-1,synthetic,synthetic-E1,curve-3,3,1,594.0,s,0.406777839892252,nm,80.0,nM,dissociation,0.0,300.0
synthetic-1,synthetic,synthetic-E1,curve-3,3,1,596.0,s,0.4013580432236411,nm,80.0,nM,dissociation,0.0,300.0
synthetic-1,synthetic,synthetic-E1,curve-3,3,1,598.0,s,0.41014139677407563,nm,80.0,nM,dissociation,0.0,300.0
synthetic-1,synthetic,synthetic-E1,curve-3,3,1,600.0,s,0.4000014630247569,nm,80.0,nM,dissociation,0.0,300.0
synthetic-1,synthetic,synthetic-E1,curve-3,3,1,602.0,s,0.4025138790028654,nm,80.0,nM,dissociation,0.0,300.0
synthetic-1,synthetic,synthetic-E1,curve-3,3,1,604.0,s,0.4008043378421386,nm,80.0,nM,dissociation,0.0,300.0
synthetic-1,synthetic,synthetic-E1,curve-3,3,1,606.0,s,0.3980547459053322,nm,80.0,nM,dissociation,0.0,300.0
synthetic-1,synthetic,synthetic-E1,curve-3,3,1,608.0,s,0.39502716039919306,nm,80.0,nM,dissociation,0.0,300.0
synthetic-1,synthetic,synthetic-E1,curve-3,3,1,610.0,s,0.3928905292031699,nm,80.0,nM,dissociation,0.0,300.0
synthetic-1,synthetic,synthetic-E1,curve-3,3,1,612.0,s,0.3959664347922138,nm,80.0,nM,dissociation,0.0,300.0
synthetic-1,synthetic,synthetic-E1,curve-3,3,1,614.0,s,0.384475087088717,nm,80.0,nM,dissociation,0.0,300.0
synthetic-1,synthetic,synthetic-E1,curve-3,3,1,616.0,s,0.3908320626223959,nm,80.0,nM,dissociation,0.0,300.0
synthetic-1,synthetic,synthetic-E1,curve-3,3,1,618.0,s,0.3846076977575533,nm,80.0,nM,dissociation,0.0,300.0
synthetic-1,synthetic,synthetic-E1,curve-3,3,1,620.0,s,0.38847183865406804,nm,80.0,nM,dissociation,0.0,300.0
synthetic-1,synthetic,synthetic-E1,curve-3,3,1,622.0,s,0.3786164874208632,nm,80.0,nM,dissociation,0.0,300.0
synthetic-1,synthetic,synthetic-E1,curve-3,3,1,624.0,s,0.3800060265143247,nm,80.0,nM,dissociation,0.0,300.0
synthetic-1,synthetic,synthetic-E1,curve-3,3,1,626.0,s,0.37897120798663103,nm,80.0,nM,dissociation,0.0,300.0
synthetic-1,synthetic,synthetic-E1,curve-3,3,1,628.0,s,0.3785567181468392,nm,80.0,nM,dissociation,0.0,300.0
synthetic-1,synthetic,synthetic-E1,curve-3,3,1,630.0,s,0.3736922824520749,nm,80.0,nM,dissociation,0.0,300.0
synthetic-1,synthetic,synthetic-E1,curve-3,3,1,632.0,s,0.37958136930911834,nm,80.0,nM,dissociation,0.0,300.0
synthetic-1,synthetic,synthetic-E1,curve-3,3,1,634.0,s,0.3714489582683258,nm,80.0,nM,dissociation,0.0,300.0
synthetic-1,synthetic,synthetic-E1,curve-3,3,1,636.0,s,0.373631630169031,nm,80.0,nM,dissociation,0.0,300.0
synthetic-1,synthetic,synthetic-E1,curve-3,3,1,638.0,s,0.3662526655892235,nm,80.0,nM,dissociation,0.0,300.0
synthetic-1,synthetic,synthetic-E1,curve-3,3,1,640.0,s,0.3701441413044006,nm,80.0,nM,dissociation,0.0,300.0
synthetic-1,synthetic,synthetic-E1,curve-3,3,1,642.0,s,0.36862371325892385,nm,80.0,nM,dissociation,0.0,300.0
synthetic-1,synthetic,synthetic-E1,curve-3,3,1,644.0,s,0.3676691000811163,nm,80.0,nM,dissociation,0.0,300.0
synthetic-1,synthetic,synthetic-E1,curve-3,3,1,646.0,s,0.36738251193386207,nm,80.0,nM,dissociation,0.0,300.0
synthetic-1,synthetic,synthetic-E1,curve-3,3,1,648.0,s,0.36064763120407567,nm,80.0,nM,dissociation,0.0,300.0
synthetic-1,synthetic,synthetic-E1,curve-3,3,1,650.0,s,0.36470895619289584,nm,80.0,nM,dissociation,0.0,300.0
synthetic-1,synthetic,synthetic-E1,curve-3,3,1,652.0,s,0.358062122949086,nm,80.0,nM,dissociation,0.0,300.0
synthetic-1,synthetic,synthetic-E1,curve-3,3,1,654.0,s,0.3579210465552138,nm,80.0,nM,dissociation,0.0,300.0
synthetic-1,synthetic,synthetic-E1,curve-3,3,1,656.0,s,0.3577603362773845,nm,80.0,nM,dissociation,0.0,300.0
synthetic-1,synthetic,synthetic-E1,curve-3,3,1,658.0,s,0.3500131597851442,nm,80.0,nM,dissociation,0.0,300.0
synthetic-1,synthetic,synthetic-E1,curve-3,3,1,660.0,s,0.3571378941946209,nm,80.0,nM,dissociation,0.0,300.0
synthetic-1,synthetic,synthetic-E1,curve-3,3,1,662.0,s,0.3516387969999001,nm,80.0,nM,dissociation,0.0,300.0
synthetic-1,synthetic,synthetic-E1,curve-3,3,1,664.0,s,0.35042311362097905,nm,80.0,nM,dissociation,0.0,300.0
synthetic-1,synthetic,synthetic-E1,curve-3,3,1,666.0,s,0.3449084562376926,nm,80.0,nM,dissociation,0.0,300.0
synthetic-1,synthetic,synthetic-E1,curve-3,3,1,668.0,s,0.3496253585162975,nm,80.0,nM,dissociation,0.0,300.0
synthetic-1,synthetic,synthetic-E1,curve-3,3,1,670.0,s,0.34606586482751,nm,80.0,nM,dissociation,0.0,300.0
synthetic-1,synthetic,synthetic-E1,curve-3,3,1,672.0,s,0.3445258197456094,nm,80.0,nM,dissociation,0.0,300.0
synthetic-1,synthetic,synthetic-E1,curve-3,3,1,674.0,s,0.34314485901263053,nm,80.0,nM,dissociation,0.0,300.0
synthetic-1,synthetic,synthetic-E1,curve-3,3,1,676.0,s,0.34221005896183443,nm,80.0,nM,dissociation,0.0,300.0
synthetic-1,synthetic,synthetic-E1,curve-3,3,1,678.0,s,0.33781324282593705,nm,80.0,nM,dissociation,0.0,300.0
synthetic-1,synthetic,synthetic-E1,curve-3,3,1,680.0,s,0.34116890301417296,nm,80.0,nM,dissociation,0.0,300.0
synthetic-1,synthetic,synthetic-E1,curve-3,3,1,682.0,s,0.3369349194892791,nm,80.0,nM,dissociation,0.0,300.0
synthetic-1,synthetic,synthetic-E1,curve-3,3,1,684.0,s,0.33708483472261175,nm,80.0,nM,dissociation,0.0,300.0
synthetic-1,synthetic,synthetic-E1,curve-3,3,1,686.0,s,0.33756384005112217,nm,80.0,nM,dissociation,0.0,300.0
synthetic-1,synthetic,synthetic-E1,curve-3,3,1,688.0,s,0.33604744174225176,nm,80.0,nM,dissociation,0.0,300.0
synthetic-1,synthetic,synthetic-E1,curve-3,3,1,690.0,s,0.3306385839355886,nm,80.0,nM,dissociation,0.0,300.0
synthetic-1,synthetic,synthetic-E1,curve-3,3,1,692.0,s,0.338048764771127,nm,80.0,nM,dissociation,0.0,300.0
synthetic-1,synthetic,synthetic-E1,curve-3,3,1,694.0,s,0.33565410592702044,nm,80.0,nM,dissociation,0.0,300.0
synthetic-1,synthetic,synthetic-E1,curve-3,3,1,696.0,s,0.3294500060962646,nm,80.0,nM,dissociation,0.0,300.0
synthetic-1,synthetic,synthetic-E1,curve-3,3,1,698.0,s,0.33154775760490923,nm,80.0,nM,dissociation,0.0,300.0
synthetic-1,synthetic,synthetic-E1,curve-3,3,1,700.0,s,0.3268363636923198,nm,80.0,nM,dissociation,0.0,300.0
synthetic-1,synthetic,synthetic-E1,curve-3,3,1,702.0,s,0.32859251230309067,nm,80.0,nM,dissociation,0.0,300.0
synthetic-1,synthetic,synthetic-E1,curve-3,3,1,704.0,s,0.32558171278280584,nm,80.0,nM,dissociation,0.0,300.0
synthetic-1,synthetic,synthetic-E1,curve-3,3,1,706.0,s,0.3226440687023962,nm,80.0,nM,dissociation,0.0,300.0
synthetic-1,synthetic,synthetic-E1,curve-3,3,1,708.0,s,0.3212017339635959,nm,80.0,nM,dissociation,0.0,300.0
synthetic-1,synthetic,synthetic-E1,curve-3,3,1,710.0,s,0.31946377414706584,nm,80.0,nM,dissociation,0.0,300.0
synthetic-1,synthetic,synthetic-E1,curve-3,3,1,712.0,s,0.3171692045347601,nm,80.0,nM,dissociation,0.0,300.0
synthetic-1,synthetic,synthetic-E1,curve-3,3,1,714.0,s,0.3186285798630417,nm,80.0,nM,dissociation,0.0,300.0
synthetic-1,synthetic,synthetic-E1,curve-3,3,1,716.0,s,0.3186089151308942,nm,80.0,nM,dissociation,0.0,300.0
synthetic-1,synthetic,synthetic-E1,curve-3,3,1,718.0,s,0.3172878252412744,nm,80.0,nM,dissociation,0.0,300.0
synthetic-1,synthetic,synthetic-E1,curve-3,3,1,720.0,s,0.31574196195214704,nm,80.0,nM,dissociation,0.0,300.0
synthetic-1,synthetic,synthetic-E1,curve-3,3,1,722.0,s,0.3157392636043847,nm,80.0,nM,dissociation,0.0,300.0
synthetic-1,synthetic,synthetic-E1,curve-3,3,1,724.0,s,0.3145681763499151,nm,80.0,nM,dissociation,0.0,300.0
synthetic-1,synthetic,synthetic-E1,curve-3,3,1,726.0,s,0.30851225862300113,nm,80.0,nM,dissociation,0.0,300.0
synthetic-1,synthetic,synthetic-E1,curve-3,3,1,728.0,s,0.31188200270722505,nm,80.0,nM,dissociation,0.0,300.0
synthetic-1,synthetic,synthetic-E1,curve-3,3,1,730.0,s,0.30025381494558134,nm,80.0,nM,dissociation,0.0,300.0
synthetic-1,synthetic,synthetic-E1,curve-3,3,1,732.0,s,0.30934130252528347,nm,80.0,nM,dissociation,0.0,300.0
synthetic-1,synthetic,synthetic-E1,curve-3,3,1,734.0,s,0.3075025854187573,nm,80.0,nM,dissociation,0.0,300.0
synthetic-1,synthetic,synthetic-E1,curve-3,3,1,736.0,s,0.30646813337154644,nm,80.0,nM,dissociation,0.0,300.0
synthetic-1,synthetic,synthetic-E1,curve-3,3,1,738.0,s,0.30457560660024396,nm,80.0,nM,dissociation,0.0,300.0
synthetic-1,synthetic,synthetic-E1,curve-3,3,1,740.0,s,0.3017005326821221,nm,80.0,nM,dissociation,0.0,300.0
synthetic-1,synthetic,synthetic-E1,curve-3,3,1,742.0,s,0.2965551328346861,nm,80.0,nM,dissociation,0.0,300.0
synthetic-1,synthetic,synthetic-E1,curve-3,3,1,744.0,s,0.29857561245804815,nm,80.0,nM,dissociation,0.0,300.0
synthetic-1,synthetic,synthetic-E1,curve-3,3,1,746.0,s,0.3018231244225386,nm,80.0,nM,dissociation,0.0,300.0
synthetic-1,synthetic,synthetic-E1,curve-3,3,1,748.0,s,0.29752095303921267,nm,80.0,nM,dissociation,0.0,300.0
synthetic-1,synthetic,synthetic-E1,curve-3,3,1,750.0,s,0.2975867315265197,nm,80.0,nM,dissociation,0.0,300.0
synthetic-1,synthetic,synthetic-E1,curve-3,3,1,752.0,s,0.29594485789652064,nm,80.0,nM,dissociation,0.0,300.0
synthetic-1,synthetic,synthetic-E1,curve-3,3,1,754.0,s,0.2938142223771234,nm,80.0,nM,dissociation,0.0,300.0
synthetic-1,synthetic,synthetic-E1,curve-3,3,1,756.0,s,0.2939100254133523,nm,80.0,nM,dissociation,0.0,300.0
synthetic-1,synthetic,synthetic-E1,curve-3,3,1,758.0,s,0.2939019719264141,nm,80.0,nM,dissociation,0.0,300.0
synthetic-1,synthetic,synthetic-E1,curve-3,3,1,760.0,s,0.28921067467655504,nm,80.0,nM,dissociation,0.0,300.0
synthetic-1,synthetic,synthetic-E1,curve-3,3,1,762.0,s,0.28376262459582485,nm,80.0,nM,dissociation,0.0,300.0
synthetic-1,synthetic,synthetic-E1,curve-3,3,1,764.0,s,0.28565758868380214,nm,80.0,nM,dissociation,0.0,300.0
synthetic-1,synthetic,synthetic-E1,curve-3,3,1,766.0,s,0.28500114953656697,nm,80.0,nM,dissociation,0.0,300.0
synthetic-1,synthetic,synthetic-E1,curve-3,3,1,768.0,s,0.2813871806593562,nm,80.0,nM,dissociation,0.0,300.0
synthetic-1,synthetic,synthetic-E1,curve-3,3,1,770.0,s,0.28245552169931903,nm,80.0,nM,dissociation,0.0,300.0
synthetic-1,synthetic,synthetic-E1,curve-3,3,1,772.0,s,0.28028636900158305,nm,80.0,nM,dissociation,0.0,300.0
synthetic-1,synthetic,synthetic-E1,curve-3,3,1,774.0,s,0.2822055303135266,nm,80.0,nM,dissociation,0.0,300.0
synthetic-1,synthetic,synthetic-E1,curve-3,3,1,776.0,s,0.2805295204697138,nm,80.0,nM,dissociation,0.0,300.0
synthetic-1,synthetic,synthetic-E1,curve-3,3,1,778.0,s,0.28106951156224397,nm,80.0,nM,dissociation,0.0,300.0
synthetic-1,synthetic,synthetic-E1,curve-3,3,1,780.0,s,0.27664574190672214,nm,80.0,nM,dissociation,0.0,300.0
synthetic-1,synthetic,synthetic-E1,curve-3,3,1,782.0,s,0.28157408934686373,nm,80.0,nM,dissociation,0.0,300.0
synthetic-1,synthetic,synthetic-E1,curve-3,3,1,784.0,s,0.2824642924954252,nm,80.0,nM,dissociation,0.0,300.0
synthetic-1,synthetic,synthetic-E1,curve-3,3,1,786.0,s,0.272190480334896,nm,80.0,nM,dissociation,0.0,300.0
synthetic-1,synthetic,synthetic-E1,curve-3,3,1,788.0,s,0.28070645914560804,nm,80.0,nM,dissociation,0.0,300.0
synthetic-1,synthetic,synthetic-E1,curve-3,3,1,790.0,s,0.2697787503378294,nm,80.0,nM,dissociation,0.0,300.0
synthetic-1,synthetic,synthetic-E1,curve-3,3,1,792.0,s,0.2717621097583074,nm,80.0,nM,dissociation,0.0,300.0
synthetic-1,synthetic,synthetic-E1,curve-3,3,1,794.0,s,0.2664018097599595,nm,80.0,nM,dissociation,0.0,300.0
synthetic-1,synthetic,synthetic-E1,curve-3,3,1,796.0,s,0.2660007715969509,nm,80.0,nM,dissociation,0.0,300.0
synthetic-1,synthetic,synthetic-E1,curve-3,3,1,798.0,s,0.26749717330199074,nm,80.0,nM,dissociation,0.0,300.0
synthetic-1,synthetic,synthetic-E1,curve-3,3,1,800.0,s,0.2590813187633488,nm,80.0,nM,dissociation,0.0,300.0
synthetic-1,synthetic,synthetic-E1,curve-3,3,1,802.0,s,0.2642949911745521,nm,80.0,nM,dissociation,0.0,300.0
synthetic-1,synthetic,synthetic-E1,curve-3,3,1,804.0,s,0.268892584914824,nm,80.0,nM,dissociation,0.0,300.0
synthetic-1,synthetic,synthetic-E1,curve-3,3,1,806.0,s,0.2618679603429915,nm,80.0,nM,dissociation,0.0,300.0
synthetic-1,synthetic,synthetic-E1,curve-3,3,1,808.0,s,0.26556688978707615,nm,80.0,nM,dissociation,0.0,300.0
synthetic-1,synthetic,synthetic-E1,curve-3,3,1,810.0,s,0.2659502734249262,nm,80.0,nM,dissociation,0.0,300.0
synthetic-1,synthetic,synthetic-E1,curve-3,3,1,812.0,s,0.2599860299587246,nm,80.0,nM,dissociation,0.0,300.0
synthetic-1,synthetic,synthetic-E1,curve-3,3,1,814.0,s,0.25797211203094916,nm,80.0,nM,dissociation,0.0,300.0
synthetic-1,synthetic,synthetic-E1,curve-3,3,1,816.0,s,0.2612038928183547,nm,80.0,nM,dissociation,0.0,300.0
synthetic-1,synthetic,synthetic-E1,curve-3,3,1,818.0,s,0.25928255046145393,nm,80.0,nM,dissociation,0.0,300.0
synthetic-1,synthetic,synthetic-E1,curve-3,3,1,820.0,s,0.2534449956401982,nm,80.0,nM,dissociation,0.0,300.0
synthetic-1,synthetic,synthetic-E1,curve-3,3,1,822.0,s,0.25584463968282717,nm,80.0,nM,dissociation,0.0,300.0
synthetic-1,synthetic,synthetic-E1,curve-3,3,1,824.0,s,0.25894115837835563,nm,80.0,nM,dissociation,0.0,300.0
synthetic-1,synthetic,synthetic-E1,curve-3,3,1,826.0,s,0.2581181565727626,nm,80.0,nM,dissociation,0.0,300.0
synthetic-1,synthetic,synthetic-E1,curve-3,3,1,828.0,s,0.24741003051639954,nm,80.0,nM,dissociation,0.0,300.0
synthetic-1,synthetic,synthetic-E1,curve-3,3,1,830.0,s,0.24828105653058702,nm,80.0,nM,dissociation,0.0,300.0
synthetic-1,synthetic,synthetic-E1,curve-3,3,1,832.0,s,0.25465820081524504,nm,80.0,nM,dissociation,0.0,300.0
synthetic-1,synthetic,synthetic-E1,curve-3,3,1,834.0,s,0.2490056034284866,nm,80.0,nM,dissociation,0.0,300.0
synthetic-1,synthetic,synthetic-E1,curve-3,3,1,836.0,s,0.24609516488583347,nm,80.0,nM,dissociation,0.0,300.0
synthetic-1,synthetic,synthetic-E1,curve-3,3,1,838.0,s,0.2513935627422286,nm,80.0,nM,dissociation,0.0,300.0
synthetic-1,synthetic,synthetic-E1,curve-3,3,1,840.0,s,0.24852511273627842,nm,80.0,nM,dissociation,0.0,300.0
synthetic-1,synthetic,synthetic-E1,curve-3,3,1,842.0,s,0.24445277257540654,nm,80.0,nM,dissociation,0.0,300.0
synthetic-1,synthetic,synthetic-E1,curve-3,3,1,844.0,s,0.24386998137999666,nm,80.0,nM,dissociation,0.0,300.0
synthetic-1,synthetic,synthetic-E1,curve-3,3,1,846.0,s,0.24633707459525722,nm,80.0,nM,dissociation,0.0,300.0
synthetic-1,synthetic,synthetic-E1,curve-3,3,1,848.0,s,0.243282040604362,nm,80.0,nM,dissociation,0.0,300.0
synthetic-1,synthetic,synthetic-E1,curve-3,3,1,850.0,s,0.2366903509432508,nm,80.0,nM,dissociation,0.0,300.0
synthetic-1,synthetic,synthetic-E1,curve-3,3,1,852.0,s,0.24155781711711743,nm,80.0,nM,dissociation,0.0,300.0
synthetic-1,synthetic,synthetic-E1,curve-3,3,1,854.0,s,0.23709917354674867,nm,80.0,nM,dissociation,0.0,300.0
synthetic-1,synthetic,synthetic-E1,curve-3,3,1,856.0,s,0.2444624170530566,nm,80.0,nM,dissociation,0.0,300.0
synthetic-1,synthetic,synthetic-E1,curve-3,3,1,858.0,s,0.24215478745152208,nm,80.0,nM,dissociation,0.0,300.0
synthetic-1,synthetic,synthetic-E1,curve-3,3,1,860.0,s,0.23876239476612585,nm,80.0,nM,dissociation,0.0,300.0
synthetic-1,synthetic,synthetic-E1,curve-3,3,1,862.0,s,0.23853378189786656,nm,80.0,nM,dissociation,0.0,300.0
synthetic-1,synthetic,synthetic-E1,curve-3,3,1,864.0,s,0.23670500087743473,nm,80.0,nM,dissociation,0.0,300.0
synthetic-1,synthetic,synthetic-E1,curve-3,3,1,866.0,s,0.23372017006477266,nm,80.0,nM,dissociation,0.0,300.0
synthetic-1,synthetic,synthetic-E1,curve-3,3,1,868.0,s,0.2327744456000733,nm,80.0,nM,dissociation,0.0,300.0
synthetic-1,synthetic,synthetic-E1,curve-3,3,1,870.0,s,0.22919508842926148,nm,80.0,nM,dissociation,0.0,300.0
synthetic-1,synthetic,synthetic-E1,curve-3,3,1,872.0,s,0.23048404115778418,nm,80.0,nM,dissociation,0.0,300.0
synthetic-1,synthetic,synthetic-E1,curve-3,3,1,874.0,s,0.23047199183369121,nm,80.0,nM,dissociation,0.0,300.0
synthetic-1,synthetic,synthetic-E1,curve-3,3,1,876.0,s,0.2241059262462602,nm,80.0,nM,dissociation,0.0,300.0
synthetic-1,synthetic,synthetic-E1,curve-3,3,1,878.0,s,0.2307775216191927,nm,80.0,nM,dissociation,0.0,300.0
synthetic-1,synthetic,synthetic-E1,curve-3,3,1,880.0,s,0.22991996142679158,nm,80.0,nM,dissociation,0.0,300.0
synthetic-1,synthetic,synthetic-E1,curve-3,3,1,882.0,s,0.2269855252980429,nm,80.0,nM,dissociation,0.0,300.0
synthetic-1,synthetic,synthetic-E1,curve-3,3,1,884.0,s,0.22817543362556253,nm,80.0,nM,dissociation,0.0,300.0
synthetic-1,synthetic,synthetic-E1,curve-3,3,1,886.0,s,0.22805585825229271,nm,80.0,nM,dissociation,0.0,300.0
synthetic-1,synthetic,synthetic-E1,curve-3,3,1,888.0,s,0.21988268265223748,nm,80.0,nM,dissociation,0.0,300.0
synthetic-1,synthetic,synthetic-E1,curve-3,3,1,890.0,s,0.22395558784388314,nm,80.0,nM,dissociation,0.0,300.0
synthetic-1,synthetic,synthetic-E1,curve-3,3,1,892.0,s,0.22177051767159123,nm,80.0,nM,dissociation,0.0,300.0
synthetic-1,synthetic,synthetic-E1,curve-3,3,1,894.0,s,0.22391946664903978,nm,80.0,nM,dissociation,0.0,300.0
synthetic-1,synthetic,synthetic-E1,curve-3,3,1,896.0,s,0.22349510527561497,nm,80.0,nM,dissociation,0.0,300.0
synthetic-1,synthetic,synthetic-E1,curve-3,3,1,898.0,s,0.2180675244338128,nm,80.0,nM,dissociation,0.0,300.0
synthetic-1,synthetic,synthetic-E1,curve-3,3,1,900.0,s,0.22085228615299698,nm,80.0,nM,dissociation,0.0,300.0
synthetic-1,synthetic,synthetic-E1,curve-4,4,1,0.0,s,0.005161797679204504,nm,320.0,nM,association,0.0,300.0
synthetic-1,synthetic,synthetic-E1,curve-4,4,1,2.0,s,0.05473418527982486,nm,320.0,nM,association,0.0,300.0
synthetic-1,synthetic,synthetic-E1,curve-4,4,1,4.0,s,0.1069598367032177,nm,320.0,nM,association,0.0,300.0
synthetic-1,synthetic,synthetic-E1,curve-4,4,1,6.0,s,0.15577036390419766,nm,320.0,nM,association,0.0,300.0
synthetic-1,synthetic,synthetic-E1,curve-4,4,1,8.0,s,0.2027686684067383,nm,320.0,nM,association,0.0,300.0
synthetic-1,synthetic,synthetic-E1,curve-4,4,1,10.0,s,0.2479707186299697,nm,320.0,nM,association,0.0,300.0
synthetic-1,synthetic,synthetic-E1,curve-4,4,1,12.0,s,0.2919909032550516,nm,320.0,nM,association,0.0,300.0
synthetic-1,synthetic,synthetic-E1,curve-4,4,1,14.0,s,0.33414268471813235,nm,320.0,nM,association,0.0,300.0
synthetic-1,synthetic,synthetic-E1,curve-4,4,1,16.0,s,0.36928191165692686,nm,320.0,nM,association,0.0,300.0
synthetic-1,synthetic,synthetic-E1,curve-4,4,1,18.0,s,0.40645530785208916,nm,320.0,nM,association,0.0,300.0
synthetic-1,synthetic,synthetic-E1,curve-4,4,1,20.0,s,0.44103441779403285,nm,320.0,nM,association,0.0,300.0
synthetic-1,synthetic,synthetic-E1,curve-4,4,1,22.0,s,0.47259118941936795,nm,320.0,nM,association,0.0,300.0
synthetic-1,synthetic,synthetic-E1,curve-4,4,1,24.0,s,0.49843632994056414,nm,320.0,nM,association,0.0,300.0
synthetic-1,synthetic,synthetic-E1,curve-4,4,1,26.0,s,0.5278664157696857,nm,320.0,nM,association,0.0,300.0
synthetic-1,synthetic,synthetic-E1,curve-4,4,1,28.0,s,0.5599074977217949,nm,320.0,nM,association,0.0,300.0
synthetic-1,synthetic,synthetic-E1,curve-4,4,1,30.0,s,0.5822335047539797,nm,320.0,nM,association,0.0,300.0
synthetic-1,synthetic,synthetic-E1,curve-4,4,1,32.0,s,0.6106137085658648,nm,320.0,nM,association,0.0,300.0
synthetic-1,synthetic,synthetic-E1,curve-4,4,1,34.0,s,0.6351971572499497,nm,320.0,nM,association,0.0,300.0
synthetic-1,synthetic,synthetic-E1,curve-4,4,1,36.0,s,0.6482793960534372,nm,320.0,nM,association,0.0,300.0
synthetic-1,synthetic,synthetic-E1,curve-4,4,1,38.0,s,0.6774381436359708,nm,320.0,nM,association,0.0,300.0
synthetic-1,synthetic,synthetic-E1,curve-4,4,1,40.0,s,0.6901769423494979,nm,320.0,nM,association,0.0,300.0
synthetic-1,synthetic,synthetic-E1,curve-4,4,1,42.0,s,0.7152682919938406,nm,320.0,nM,association,0.0,300.0
synthetic-1,synthetic,synthetic-E1,curve-4,4,1,44.0,s,0.729888690688689,nm,320.0,nM,association,0.0,300.0
synthetic-1,synthetic,synthetic-E1,curve-4,4,1,46.0,s,0.7431003874625791,nm,320.0,nM,association,0.0,300.0
synthetic-1,synthetic,synthetic-E1,curve-4,4,1,48.0,s,0.7599460869373761,nm,320.0,nM,association,0.0,300.0
synthetic-1,synthetic,synthetic-E1,curve-4,4,1,50.0,s,0.7785528269773561,nm,320.0,nM,association,0.0,300.0
synthetic-1,synthetic,synthetic-E1,curve-4,4,1,52.0,s,0.7953607012044044,nm,320.0,nM,association,0.0,300.0
synthetic-1,synthetic,synthetic-E1,curve-4,4,1,54.0,s,0.8022617988500621,nm,320.0,nM,association,0.0,300.0
synthetic-1,synthetic,synthetic-E1,curve-4,4,1,56.0,s,0.8158677195087221,nm,320.0,nM,association,0.0,300.0
synthetic-1,synthetic,synthetic-E1,curve-4,4,1,58.0,s,0.8292095651396596,nm,320.0,nM,association,0.0,300.0
synthetic-1,synthetic,synthetic-E1,curve-4,4,1,60.0,s,0.8396736074956193,nm,320.0,nM,association,0.0,300.0
synthetic-1,synthetic,synthetic-E1,curve-4,4,1,62.0,s,0.8479233902127867,nm,320.0,nM,association,0.0,300.0
synthetic-1,synthetic,synthetic-E1,curve-4,4,1,64.0,s,0.8580166917103622,nm,320.0,nM,association,0.0,300.0
synthetic-1,synthetic,synthetic-E1,curve-4,4,1,66.0,s,0.867445388275425,nm,320.0,nM,association,0.0,300.0
synthetic-1,synthetic,synthetic-E1,curve-4,4,1,68.0,s,0.8755517538841364,nm,320.0,nM,association,0.0,300.0
synthetic-1,synthetic,synthetic-E1,curve-4,4,1,70.0,s,0.8912518605413188,nm,320.0,nM,association,0.0,300.0
synthetic-1,synthetic,synthetic-E1,curve-4,4,1,72.0,s,0.8963090809052449,nm,320.0,nM,association,0.0,300.0
synthetic-1,synthetic,synthetic-E1,curve-4,4,1,74.0,s,0.9035558911583973,nm,320.0,nM,association,0.0,300.0
synthetic-1,synthetic,synthetic-E1,curve-4,4,1,76.0,s,0.9080108988848143,nm,320.0,nM,association,0.0,300.0
synthetic-1,synthetic,synthetic-E1,curve-4,4,1,78.0,s,0.917520536787414,nm,320.0,nM,association,0.0,300.0
synthetic-1,synthetic,synthetic-E1,curve-4,4,1,80.0,s,0.9247852744118307,nm,320.0,nM,association,0.0,300.0
synthetic-1,synthetic,synthetic-E1,curve-4,4,1,82.0,s,0.9329063208827523,nm,320.0,nM,association,0.0,300.0
synthetic-1,synthetic,synthetic-E1,curve-4,4,1,84.0,s,0.9359731298502889,nm,320.0,nM,association,0.0,300.0
synthetic-1,synthetic,synthetic-E1,curve-4,4,1,86.0,s,0.944706687976227,nm,320.0,nM,association,0.0,300.0
synthetic-1,synthetic,synthetic-E1,curve-4,4,1,88.0,s,0.9442554989250845,nm,320.0,nM,association,0.0,300.0
synthetic-1,synthetic,synthetic-E1,curve-4,4,1,90.0,s,0.949361691921833,nm,320.0,nM,association,0.0,300.0
synthetic-1,synthetic,synthetic-E1,curve-4,4,1,92.0,s,0.9634397656305551,nm,320.0,nM,association,0.0,300.0
synthetic-1,synthetic,synthetic-E1,curve-4,4,1,94.0,s,0.9612455560378793,nm,320.0,nM,association,0.0,300.0
synthetic-1,synthetic,synthetic-E1,curve-4,4,1,96.0,s,0.9602162857588284,nm,320.0,nM,association,0.0,300.0
synthetic-1,synthetic,synthetic-E1,curve-4,4,1,98.0,s,0.9690538590421193,nm,320.0,nM,association,0.0,300.0
synthetic-1,synthetic,synthetic-E1,curve-4,4,1,100.0,s,0.9729023405204545,nm,320.0,nM,association,0.0,300.0
synthetic-1,synthetic,synthetic-E1,curve-4,4,1,102.0,s,0.9753484740457392,nm,320.0,nM,association,0.0,300.0
synthetic-1,synthetic,synthetic-E1,curve-4,4,1,104.0,s,0.9810477138165171,nm,320.0,nM,association,0.0,300.0
synthetic-1,synthetic,synthetic-E1,curve-4,4,1,106.0,s,0.9854719051394795,nm,320.0,nM,association,0.0,300.0
synthetic-1,synthetic,synthetic-E1,curve-4,4,1,108.0,s,0.9859599769801264,nm,320.0,nM,association,0.0,300.0
synthetic-1,synthetic,synthetic-E1,curve-4,4,1,110.0,s,0.98705364398279,nm,320.0,nM,association,0.0,300.0
synthetic-1,synthetic,synthetic-E1,curve-4,4,1,112.0,s,0.990816980536854,nm,320.0,nM,association,0.0,300.0
synthetic-1,synthetic,synthetic-E1,curve-4,4,1,114.0,s,0.997718490452881,nm,320.0,nM,association,0.0,300.0
synthetic-1,synthetic,synthetic-E1,curve-4,4,1,116.0,s,0.9966583168995157,nm,320.0,nM,association,0.0,300.0
synthetic-1,synthetic,synthetic-E1,curve-4,4,1,118.0,s,1.0051006544632022,nm,320.0,nM,association,0.0,300.0
synthetic-1,synthetic,synthetic-E1,curve-4,4,1,120.0,s,1.003939085471097,nm,320.0,nM,association,0.0,300.0
synthetic-1,synthetic,synthetic-E1,curve-4,4,1,122.0,s,1.0027961761849553,nm,320.0,nM,association,0.0,300.0
synthetic-1,synthetic,synthetic-E1,curve-4,4,1,124.0,s,1.004771765752153,nm,320.0,nM,association,0.0,300.0
synthetic-1,synthetic,synthetic-E1,curve-4,4,1,126.0,s,1.0053666226843347,nm,320.0,nM,association,0.0,300.0
synthetic-1,synthetic,synthetic-E1,curve-4,4,1,128.0,s,1.0101865141928772,nm,320.0,nM,association,0.0,300.0
synthetic-1,synthetic,synthetic-E1,curve-4,4,1,130.0,s,1.0106247882769972,nm,320.0,nM,association,0.0,300.0
synthetic-1,synthetic,synthetic-E1,curve-4,4,1,132.0,s,1.0094633688382626,nm,320.0,nM,association,0.0,300.0
synthetic-1,synthetic,synthetic-E1,curve-4,4,1,134.0,s,1.0115141048635528,nm,320.0,nM,association,0.0,300.0
synthetic-1,synthetic,synthetic-E1,curve-4,4,1,136.0,s,1.0141523054935055,nm,320.0,nM,association,0.0,300.0
synthetic-1,synthetic,synthetic-E1,curve-4,4,1,138.0,s,1.0184865386446305,nm,320.0,nM,association,0.0,300.0
synthetic-1,synthetic,synthetic-E1,curve-4,4,1,140.0,s,1.021697658486478,nm,320.0,nM,association,0.0,300.0
synthetic-1,synthetic,synthetic-E1,curve-4,4,1,142.0,s,1.0156747700605069,nm,320.0,nM,association,0.0,300.0
synthetic-1,synthetic,synthetic-E1,curve-4,4,1,144.0,s,1.0224053410625356,nm,320.0,nM,association,0.0,300.0
synthetic-1,synthetic,synthetic-E1,curve-4,4,1,146.0,s,1.0182320339501316,nm,320.0,nM,association,0.0,300.0
synthetic-1,synthetic,synthetic-E1,curve-4,4,1,148.0,s,1.022883477437786,nm,320.0,nM,association,0.0,300.0
synthetic-1,synthetic,synthetic-E1,curve-4,4,1,150.0,s,1.0206791272932942,nm,320.0,nM,association,0.0,300.0
synthetic-1,synthetic,synthetic-E1,curve-4,4,1,152.0,s,1.0222261251555127,nm,320.0,nM,association,0.0,300.0
synthetic-1,synthetic,synthetic-E1,curve-4,4,1,154.0,s,1.0216811639174403,nm,320.0,nM,association,0.0,300.0
synthetic-1,synthetic,synthetic-E1,curve-4,4,1,156.0,s,1.0237090901164079,nm,320.0,nM,association,0.0,300.0
synthetic-1,synthetic,synthetic-E1,curve-4,4,1,158.0,s,1.028172493278028,nm,320.0,nM,association,0.0,300.0
synthetic-1,synthetic,synthetic-E1,curve-4,4,1,160.0,s,1.0266512860511359,nm,320.0,nM,association,0.0,300.0
synthetic-1,synthetic,synthetic-E1,curve-4,4,1,162.0,s,1.0255836346198892,nm,320.0,nM,association,0.0,300.0
synthetic-1,synthetic,synthetic-E1,curve-4,4,1,164.0,s,1.0277756953086488,nm,320.0,nM,association,0.0,300.0
synthetic-1,synthetic,synthetic-E1,curve-4,4,1,166.0,s,1.0340675094343166,nm,320.0,nM,association,0.0,300.0
synthetic-1,synthetic,synthetic-E1,curve-4,4,1,168.0,s,1.0309009429907454,nm,320.0,nM,association,0.0,300.0
synthetic-1,synthetic,synthetic-E1,curve-4,4,1,170.0,s,1.0346574569012197,nm,320.0,nM,association,0.0,300.0
synthetic-1,synthetic,synthetic-E1,curve-4,4,1,172.0,s,1.0286954606215248,nm,320.0,nM,association,0.0,300.0
synthetic-1,synthetic,synthetic-E1,curve-4,4,1,174.0,s,1.0327543647437896,nm,320.0,nM,association,0.0,300.0
synthetic-1,synthetic,synthetic-E1,curve-4,4,1,176.0,s,1.031099095947898,nm,320.0,nM,association,0.0,300.0
synthetic-1,synthetic,synthetic-E1,curve-4,4,1,178.0,s,1.0357642807806173,nm,320.0,nM,association,0.0,300.0
synthetic-1,synthetic,synthetic-E1,curve-4,4,1,180.0,s,1.030395417915263,nm,320.0,nM,association,0.0,300.0
synthetic-1,synthetic,synthetic-E1,curve-4,4,1,182.0,s,1.0294946325763576,nm,320.0,nM,association,0.0,300.0
synthetic-1,synthetic,synthetic-E1,curve-4,4,1,184.0,s,1.0343486142327554,nm,320.0,nM,association,0.0,300.0
synthetic-1,synthetic,synthetic-E1,curve-4,4,1,186.0,s,1.0355657756751806,nm,320.0,nM,association,0.0,300.0
synthetic-1,synthetic,synthetic-E1,curve-4,4,1,188.0,s,1.0388806219186797,nm,320.0,nM,association,0.0,300.0
synthetic-1,synthetic,synthetic-E1,curve-4,4,1,190.0,s,1.0339614305765383,nm,320.0,nM,association,0.0,300.0
synthetic-1,synthetic,synthetic-E1,curve-4,4,1,192.0,s,1.0281103361799635,nm,320.0,nM,association,0.0,300.0
synthetic-1,synthetic,synthetic-E1,curve-4,4,1,194.0,s,1.0308730556071284,nm,320.0,nM,association,0.0,300.0
synthetic-1,synthetic,synthetic-E1,curve-4,4,1,196.0,s,1.0350154134017204,nm,320.0,nM,association,0.0,300.0
synthetic-1,synthetic,synthetic-E1,curve-4,4,1,198.0,s,1.0351864034577019,nm,320.0,nM,association,0.0,300.0
synthetic-1,synthetic,synthetic-E1,curve-4,4,1,200.0,s,1.0382891723301244,nm,320.0,nM,association,0.0,300.0
synthetic-1,synthetic,synthetic-E1,curve-4,4,1,202.0,s,1.0366167167614302,nm,320.0,nM,association,0.0,300.0
synthetic-1,synthetic,synthetic-E1,curve-4,4,1,204.0,s,1.0359260481396566,nm,320.0,nM,association,0.0,300.0
synthetic-1,synthetic,synthetic-E1,curve-4,4,1,206.0,s,1.035864833131253,nm,320.0,nM,association,0.0,300.0
synthetic-1,synthetic,synthetic-E1,curve-4,4,1,208.0,s,1.0334423980128054,nm,320.0,nM,association,0.0,300.0
synthetic-1,synthetic,synthetic-E1,curve-4,4,1,210.0,s,1.0306632809036826,nm,320.0,nM,association,0.0,300.0
synthetic-1,synthetic,synthetic-E1,curve-4,4,1,212.0,s,1.0395319654439539,nm,320.0,nM,association,0.0,300.0
synthetic-1,synthetic,synthetic-E1,curve-4,4,1,214.0,s,1.0386509206011842,nm,320.0,nM,association,0.0,300.0
synthetic-1,synthetic,synthetic-E1,curve-4,4,1,216.0,s,1.0343106542551062,nm,320.0,nM,association,0.0,300.0
synthetic-1,synthetic,synthetic-E1,curve-4,4,1,218.0,s,1.0348066077194156,nm,320.0,nM,association,0.0,300.0
synthetic-1,synthetic,synthetic-E1,curve-4,4,1,220.0,s,1.034258527558269,nm,320.0,nM,association,0.0,300.0
synthetic-1,synthetic,synthetic-E1,curve-4,4,1,222.0,s,1.0403457701731684,nm,320.0,nM,association,0.0,300.0
synthetic-1,synthetic,synthetic-E1,curve-4,4,1,224.0,s,1.0340017087386628,nm,320.0,nM,association,0.0,300.0
synthetic-1,synthetic,synthetic-E1,curve-4,4,1,226.0,s,1.0329882179532863,nm,320.0,nM,association,0.0,300.0
synthetic-1,synthetic,synthetic-E1,curve-4,4,1,228.0,s,1.0394341252916248,nm,320.0,nM,association,0.0,300.0
synthetic-1,synthetic,synthetic-E1,curve-4,4,1,230.0,s,1.038173846236849,nm,320.0,nM,association,0.0,300.0
synthetic-1,synthetic,synthetic-E1,curve-4,4,1,232.0,s,1.0331811162892157,nm,320.0,nM,association,0.0,300.0
synthetic-1,synthetic,synthetic-E1,curve-4,4,1,234.0,s,1.0316075833949978,nm,320.0,nM,association,0.0,300.0
synthetic-1,synthetic,synthetic-E1,curve-4,4,1,236.0,s,1.0327493463525383,nm,320.0,nM,association,0.0,300.0
synthetic-1,synthetic,synthetic-E1,curve-4,4,1,238.0,s,1.0429233936177775,nm,320.0,nM,association,0.0,300.0
synthetic-1,synthetic,synthetic-E1,curve-4,4,1,240.0,s,1.0380445317259581,nm,320.0,nM,association,0.0,300.0
synthetic-1,synthetic,synthetic-E1,curve-4,4,1,242.0,s,1.032006246942882,nm,320.0,nM,association,0.0,300.0
synthetic-1,synthetic,synthetic-E1,curve-4,4,1,244.0,s,1.0371681778396749,nm,320.0,nM,association,0.0,300.0
synthetic-1,synthetic,synthetic-E1,curve-4,4,1,246.0,s,1.037767553065387,nm,320.0,nM,association,0.0,300.0
synthetic-1,synthetic,synthetic-E1,curve-4,4,1,248.0,s,1.0405367207875367,nm,320.0,nM,association,0.0,300.0
synthetic-1,synthetic,synthetic-E1,curve-4,4,1,250.0,s,1.0392248226563294,nm,320.0,nM,association,0.0,300.0
synthetic-1,synthetic,synthetic-E1,curve-4,4,1,252.0,s,1.0406079504677839,nm,320.0,nM,association,0.0,300.0
synthetic-1,synthetic,synthetic-E1,curve-4,4,1,254.0,s,1.0376202215507093,nm,320.0,nM,association,0.0,300.0
synthetic-1,synthetic,synthetic-E1,curve-4,4,1,256.0,s,1.0457300203749607,nm,320.0,nM,association,0.0,300.0
synthetic-1,synthetic,synthetic-E1,curve-4,4,1,258.0,s,1.0409327649083202,nm,320.0,nM,association,0.0,300.0
synthetic-1,synthetic,synthetic-E1,curve-4,4,1,260.0,s,1.0333630476987568,nm,320.0,nM,association,0.0,300.0
synthetic-1,synthetic,synthetic-E1,curve-4,4,1,262.0,s,1.036705724988274,nm,320.0,nM,association,0.0,300.0
synthetic-1,synthetic,synthetic-E1,curve-4,4,1,264.0,s,1.0404479468510657,nm,320.0,nM,association,0.0,300.0
synthetic-1,synthetic,synthetic-E1,curve-4,4,1,266.0,s,1.0404117418573404,nm,320.0,nM,association,0.0,300.0
synthetic-1,synthetic,synthetic-E1,curve-4,4,1,268.0,s,1.035439141388731,nm,320.0,nM,association,0.0,300.0
synthetic-1,synthetic,synthetic-E1,curve-4,4,1,270.0,s,1.0394634643847578,nm,320.0,nM,association,0.0,300.0
synthetic-1,synthetic,synthetic-E1,curve-4,4,1,272.0,s,1.0349558157254863,nm,320.0,nM,association,0.0,300.0
synthetic-1,synthetic,synthetic-E1,curve-4,4,1,274.0,s,1.0340483816627797,nm,320.0,nM,association,0.0,300.0
synthetic-1,synthetic,synthetic-E1,curve-4,4,1,276.0,s,1.0437643501759124,nm,320.0,nM,association,0.0,300.0
synthetic-1,synthetic,synthetic-E1,curve-4,4,1,278.0,s,1.0381090357654725,nm,320.0,nM,association,0.0,300.0
synthetic-1,synthetic,synthetic-E1,curve-4,4,1,280.0,s,1.036695284408784,nm,320.0,nM,association,0.0,300.0
synthetic-1,synthetic,synthetic-E1,curve-4,4,1,282.0,s,1.0409889935745444,nm,320.0,nM,association,0.0,300.0
synthetic-1,synthetic,synthetic-E1,curve-4,4,1,284.0,s,1.0362529099212217,nm,320.0,nM,association,0.0,300.0
synthetic-1,synthetic,synthetic-E1,curve-4,4,1,286.0,s,1.0374907413085552,nm,320.0,nM,association,0.0,300.0
synthetic-1,synthetic,synthetic-E1,curve-4,4,1,288.0,s,1.0409154915919205,nm,320.0,nM,association,0.0,300.0
synthetic-1,synthetic,synthetic-E1,curve-4,4,1,290.0,s,1.0385140339652583,nm,320.0,nM,association,0.0,300.0
synthetic-1,synthetic,synthetic-E1,curve-4,4,1,292.0,s,1.0340387588228905,nm,320.0,nM,association,0.0,300.0
synthetic-1,synthetic,synthetic-E1,curve-4,4,1,294.0,s,1.043205967500154,nm,320.0,nM,association,0.0,300.0
synthetic-1,synthetic,synthetic-E1,curve-4,4,1,296.0,s,1.0468035866892214,nm,320.0,nM,association,0.0,300.0
synthetic-1,synthetic,synthetic-E1,curve-4,4,1,298.0,s,1.0350973794373775,nm,320.0,nM,association,0.0,300.0
synthetic-1,synthetic,synthetic-E1,curve-4,4,1,300.0,s,1.036000318105004,nm,320.0,nM,dissociation,0.0,300.0
synthetic-1,synthetic,synthetic-E1,curve-4,4,1,302.0,s,1.0362534136351658,nm,320.0,nM,dissociation,0.0,300.0
synthetic-1,synthetic,synthetic-E1,curve-4,4,1,304.0,s,1.028318073427994,nm,320.0,nM,dissociation,0.0,300.0
synthetic-1,synthetic,synthetic-E1,curve-4,4,1,306.0,s,1.0281506727983647,nm,320.0,nM,dissociation,0.0,300.0
synthetic-1,synthetic,synthetic-E1,curve-4,4,1,308.0,s,1.0217645339167214,nm,320.0,nM,dissociation,0.0,300.0
synthetic-1,synthetic,synthetic-E1,curve-4,4,1,310.0,s,1.0120910157519012,nm,320.0,nM,dissociation,0.0,300.0
synthetic-1,synthetic,synthetic-E1,curve-4,4,1,312.0,s,1.0095720968155901,nm,320.0,nM,dissociation,0.0,300.0
synthetic-1,synthetic,synthetic-E1,curve-4,4,1,314.0,s,1.0142926011399114,nm,320.0,nM,dissociation,0.0,300.0
synthetic-1,synthetic,synthetic-E1,curve-4,4,1,316.0,s,1.0080731980216526,nm,320.0,nM,dissociation,0.0,300.0
synthetic-1,synthetic,synthetic-E1,curve-4,4,1,318.0,s,1.0057242410307692,nm,320.0,nM,dissociation,0.0,300.0
synthetic-1,synthetic,synthetic-E1,curve-4,4,1,320.0,s,1.0022222539759007,nm,320.0,nM,dissociation,0.0,300.0
synthetic-1,synthetic,synthetic-E1,curve-4,4,1,322.0,s,0.9927135971387268,nm,320.0,nM,dissociation,0.0,300.0
synthetic-1,synthetic,synthetic-E1,curve-4,4,1,324.0,s,0.986405498139865,nm,320.0,nM,dissociation,0.0,300.0
synthetic-1,synthetic,synthetic-E1,curve-4,4,1,326.0,s,0.9848302034503549,nm,320.0,nM,dissociation,0.0,300.0
synthetic-1,synthetic,synthetic-E1,curve-4,4,1,328.0,s,0.9770188590621957,nm,320.0,nM,dissociation,0.0,300.0
synthetic-1,synthetic,synthetic-E1,curve-4,4,1,330.0,s,0.983977060544,nm,320.0,nM,dissociation,0.0,300.0
synthetic-1,synthetic,synthetic-E1,curve-4,4,1,332.0,s,0.9712736525464549,nm,320.0,nM,dissociation,0.0,300.0
synthetic-1,synthetic,synthetic-E1,curve-4,4,1,334.0,s,0.9693478180516785,nm,320.0,nM,dissociation,0.0,300.0
synthetic-1,synthetic,synthetic-E1,curve-4,4,1,336.0,s,0.9693689441783603,nm,320.0,nM,dissociation,0.0,300.0
synthetic-1,synthetic,synthetic-E1,curve-4,4,1,338.0,s,0.9628292949250058,nm,320.0,nM,dissociation,0.0,300.0
synthetic-1,synthetic,synthetic-E1,curve-4,4,1,340.0,s,0.9559914602902344,nm,320.0,nM,dissociation,0.0,300.0
synthetic-1,synthetic,synthetic-E1,curve-4,4,1,342.0,s,0.9534840974477251,nm,320.0,nM,dissociation,0.0,300.0
synthetic-1,synthetic,synthetic-E1,curve-4,4,1,344.0,s,0.950724648852738,nm,320.0,nM,dissociation,0.0,300.0
synthetic-1,synthetic,synthetic-E1,curve-4,4,1,346.0,s,0.9480863657264222,nm,320.0,nM,dissociation,0.0,300.0
synthetic-1,synthetic,synthetic-E1,curve-4,4,1,348.0,s,0.9462595579245736,nm,320.0,nM,dissociation,0.0,300.0
synthetic-1,synthetic,synthetic-E1,curve-4,4,1,350.0,s,0.9388747933520598,nm,320.0,nM,dissociation,0.0,300.0
synthetic-1,synthetic,synthetic-E1,curve-4,4,1,352.0,s,0.9348184852353714,nm,320.0,nM,dissociation,0.0,300.0
synthetic-1,synthetic,synthetic-E1,curve-4,4,1,354.0,s,0.9336400179457475,nm,320.0,nM,dissociation,0.0,300.0
synthetic-1,synthetic,synthetic-E1,curve-4,4,1,356.0,s,0.9258922957530108,nm,320.0,nM,dissociation,0.0,300.0
synthetic-1,synthetic,synthetic-E1,curve-4,4,1,358.0,s,0.9235840700902737,nm,320.0,nM,dissociation,0.0,300.0
synthetic-1,synthetic,synthetic-E1,curve-4,4,1,360.0,s,0.9216164856204884,nm,320.0,nM,dissociation,0.0,300.0
synthetic-1,synthetic,synthetic-E1,curve-4,4,1,362.0,s,0.9164790715459521,nm,320.0,nM,dissociation,0.0,300.0
synthetic-1,synthetic,synthetic-E1,curve-4,4,1,364.0,s,0.9145250907730573,nm,320.0,nM,dissociation,0.0,300.0
synthetic-1,synthetic,synthetic-E1,curve-4,4,1,366.0,s,0.9084684588896903,nm,320.0,nM,dissociation,0.0,300.0
synthetic-1,synthetic,synthetic-E1,curve-4,4,1,368.0,s,0.9112502889721708,nm,320.0,nM,dissociation,0.0,300.0
synthetic-1,synthetic,synthetic-E1,curve-4,4,1,370.0,s,0.9069039424978217,nm,320.0,nM,dissociation,0.0,300.0
synthetic-1,synthetic,synthetic-E1,curve-4,4,1,372.0,s,0.894850814067649,nm,320.0,nM,dissociation,0.0,300.0
synthetic-1,synthetic,synthetic-E1,curve-4,4,1,374.0,s,0.8963523144705773,nm,320.0,nM,dissociation,0.0,300.0
synthetic-1,synthetic,synthetic-E1,curve-4,4,1,376.0,s,0.8919110971613013,nm,320.0,nM,dissociation,0.0,300.0
synthetic-1,synthetic,synthetic-E1,curve-4,4,1,378.0,s,0.8857501589137102,nm,320.0,nM,dissociation,0.0,300.0
synthetic-1,synthetic,synthetic-E1,curve-4,4,1,380.0,s,0.8857664931749047,nm,320.0,nM,dissociation,0.0,300.0
synthetic-1,synthetic,synthetic-E1,curve-4,4,1,382.0,s,0.8805590370863131,nm,320.0,nM,dissociation,0.0,300.0
synthetic-1,synthetic,synthetic-E1,curve-4,4,1,384.0,s,0.8745537825408509,nm,320.0,nM,dissociation,0.0,300.0
synthetic-1,synthetic,synthetic-E1,curve-4,4,1,386.0,s,0.8726996611783944,nm,320.0,nM,dissociation,0.0,300.0
synthetic-1,synthetic,synthetic-E1,curve-4,4,1,388.0,s,0.8720909643928074,nm,320.0,nM,dissociation,0.0,300.0
synthetic-1,synthetic,synthetic-E1,curve-4,4,1,390.0,s,0.8650126247729981,nm,320.0,nM,dissociation,0.0,300.0
synthetic-1,synthetic,synthetic-E1,curve-4,4,1,392.0,s,0.8650180005701296,nm,320.0,nM,dissociation,0.0,300.0
synthetic-1,synthetic,synthetic-E1,curve-4,4,1,394.0,s,0.8614295440959926,nm,320.0,nM,dissociation,0.0,300.0
synthetic-1,synthetic,synthetic-E1,curve-4,4,1,396.0,s,0.8602959240829481,nm,320.0,nM,dissociation,0.0,300.0
synthetic-1,synthetic,synthetic-E1,curve-4,4,1,398.0,s,0.8482708878540979,nm,320.0,nM,dissociation,0.0,300.0
synthetic-1,synthetic,synthetic-E1,curve-4,4,1,400.0,s,0.8527778499921868,nm,320.0,nM,dissociation,0.0,300.0
synthetic-1,synthetic,synthetic-E1,curve-4,4,1,402.0,s,0.8538019354169708,nm,320.0,nM,dissociation,0.0,300.0
synthetic-1,synthetic,synthetic-E1,curve-4,4,1,404.0,s,0.8421932678892053,nm,320.0,nM,dissociation,0.0,300.0
synthetic-1,synthetic,synthetic-E1,curve-4,4,1,406.0,s,0.8457285134205353,nm,320.0,nM,dissociation,0.0,300.0
synthetic-1,synthetic,synthetic-E1,curve-4,4,1,408.0,s,0.8340799360061851,nm,320.0,nM,dissociation,0.0,300.0
synthetic-1,synthetic,synthetic-E1,curve-4,4,1,410.0,s,0.8346726042919916,nm,320.0,nM,dissociation,0.0,300.0
synthetic-1,synthetic,synthetic-E1,curve-4,4,1,412.0,s,0.8307201667884326,nm,320.0,nM,dissociation,0.0,300.0
synthetic-1,synthetic,synthetic-E1,curve-4,4,1,414.0,s,0.8294068439300673,nm,320.0,nM,dissociation,0.0,300.0
synthetic-1,synthetic,synthetic-E1,curve-4,4,1,416.0,s,0.8258446169885254,nm,320.0,nM,dissociation,0.0,300.0
synthetic-1,synthetic,synthetic-E1,curve-4,4,1,418.0,s,0.8126699308060796,nm,320.0,nM,dissociation,0.0,300.0
synthetic-1,synthetic,synthetic-E1,curve-4,4,1,420.0,s,0.817357852598947,nm,320.0,nM,dissociation,0.0,300.0
synthetic-1,synthetic,synthetic-E1,curve-4,4,1,422.0,s,0.8115958804919899,nm,320.0,nM,dissociation,0.0,300.0
synthetic-1,synthetic,synthetic-E1,curve-4,4,1,424.0,s,0.8074395880779347,nm,320.0,nM,dissociation,0.0,300.0
synthetic-1,synthetic,synthetic-E1,curve-4,4,1,426.0,s,0.8039554611988563,nm,320.0,nM,dissociation,0.0,300.0
synthetic-1,synthetic,synthetic-E1,curve-4,4,1,428.0,s,0.8032975702094066,nm,320.0,nM,dissociation,0.0,300.0
synthetic-1,synthetic,synthetic-E1,curve-4,4,1,430.0,s,0.8000584270842933,nm,320.0,nM,dissociation,0.0,300.0
synthetic-1,synthetic,synthetic-E1,curve-4,4,1,432.0,s,0.79937664149813,nm,320.0,nM,dissociation,0.0,300.0
synthetic-1,synthetic,synthetic-E1,curve-4,4,1,434.0,s,0.7929938333461728,nm,320.0,nM,dissociation,0.0,300.0
synthetic-1,synthetic,synthetic-E1,curve-4,4,1,436.0,s,0.7867136059466678,nm,320.0,nM,dissociation,0.0,300.0
synthetic-1,synthetic,synthetic-E1,curve-4,4,1,438.0,s,0.7839635715139348,nm,320.0,nM,dissociation,0.0,300.0
synthetic-1,synthetic,synthetic-E1,curve-4,4,1,440.0,s,0.7774597501691266,nm,320.0,nM,dissociation,0.0,300.0
synthetic-1,synthetic,synthetic-E1,curve-4,4,1,442.0,s,0.7808883858113648,nm,320.0,nM,dissociation,0.0,300.0
synthetic-1,synthetic,synthetic-E1,curve-4,4,1,444.0,s,0.778185725852362,nm,320.0,nM,dissociation,0.0,300.0
synthetic-1,synthetic,synthetic-E1,curve-4,4,1,446.0,s,0.7762939681422336,nm,320.0,nM,dissociation,0.0,300.0
synthetic-1,synthetic,synthetic-E1,curve-4,4,1,448.0,s,0.775882792222586,nm,320.0,nM,dissociation,0.0,300.0
synthetic-1,synthetic,synthetic-E1,curve-4,4,1,450.0,s,0.7659936109527082,nm,320.0,nM,dissociation,0.0,300.0
synthetic-1,synthetic,synthetic-E1,curve-4,4,1,452.0,s,0.7648379065215505,nm,320.0,nM,dissociation,0.0,300.0
synthetic-1,synthetic,synthetic-E1,curve-4,4,1,454.0,s,0.7552670583433994,nm,320.0,nM,dissociation,0.0,300.0
synthetic-1,synthetic,synthetic-E1,curve-4,4,1,456.0,s,0.7586507882216035,nm,320.0,nM,dissociation,0.0,300.0
synthetic-1,synthetic,synthetic-E1,curve-4,4,1,458.0,s,0.7611714257810943,nm,320.0,nM,dissociation,0.0,300.0
synthetic-1,synthetic,synthetic-E1,curve-4,4,1,460.0,s,0.7557073973504812,nm,320.0,nM,dissociation,0.0,300.0
synthetic-1,synthetic,synthetic-E1,curve-4,4,1,462.0,s,0.7491118441309116,nm,320.0,nM,dissociation,0.0,300.0
synthetic-1,synthetic,synthetic-E1,curve-4,4,1,464.0,s,0.7499888706755073,nm,320.0,nM,dissociation,0.0,300.0
synthetic-1,synthetic,synthetic-E1,curve-4,4,1,466.0,s,0.7503102389087065,nm,320.0,nM,dissociation,0.0,300.0
synthetic-1,synthetic,synthetic-E1,curve-4,4,1,468.0,s,0.7419443618794176,nm,320.0,nM,dissociation,0.0,300.0
synthetic-1,synthetic,synthetic-E1,curve-4,4,1,470.0,s,0.741419285252389,nm,320.0,nM,dissociation,0.0,300.0
synthetic-1,synthetic,synthetic-E1,curve-4,4,1,472.0,s,0.7364035456904535,nm,320.0,nM,dissociation,0.0,300.0
synthetic-1,synthetic,synthetic-E1,curve-4,4,1,474.0,s,0.7305785627018571,nm,320.0,nM,dissociation,0.0,300.0
synthetic-1,synthetic,synthetic-E1,curve-4,4,1,476.0,s,0.7328080883520584,nm,320.0,nM,dissociation,0.0,300.0
synthetic-1,synthetic,synthetic-E1,curve-4,4,1,478.0,s,0.7243943616663368,nm,320.0,nM,dissociation,0.0,300.0
synthetic-1,synthetic,synthetic-E1,curve-4,4,1,480.0,s,0.7259405816343762,nm,320.0,nM,dissociation,0.0,300.0
synthetic-1,synthetic,synthetic-E1,curve-4,4,1,482.0,s,0.7188558477985197,nm,320.0,nM,dissociation,0.0,300.0
synthetic-1,synthetic,synthetic-E1,curve-4,4,1,484.0,s,0.7152422626302424,nm,320.0,nM,dissociation,0.0,300.0
synthetic-1,synthetic,synthetic-E1,curve-4,4,1,486.0,s,0.7155307930962068,nm,320.0,nM,dissociation,0.0,300.0
synthetic-1,synthetic,synthetic-E1,curve-4,4,1,488.0,s,0.7143971742043976,nm,320.0,nM,dissociation,0.0,300.0
synthetic-1,synthetic,synthetic-E1,curve-4,4,1,490.0,s,0.7045457212885302,nm,320.0,nM,dissociation,0.0,300.0
synthetic-1,synthetic,synthetic-E1,curve-4,4,1,492.0,s,0.7080502786645377,nm,320.0,nM,dissociation,0.0,300.0
synthetic-1,synthetic,synthetic-E1,curve-4,4,1,494.0,s,0.7039447403287962,nm,320.0,nM,dissociation,0.0,300.0
synthetic-1,synthetic,synthetic-E1,curve-4,4,1,496.0,s,0.7059565141587256,nm,320.0,nM,dissociation,0.0,300.0
synthetic-1,synthetic,synthetic-E1,curve-4,4,1,498.0,s,0.6953100939680127,nm,320.0,nM,dissociation,0.0,300.0
synthetic-1,synthetic,synthetic-E1,curve-4,4,1,500.0,s,0.6975553446082832,nm,320.0,nM,dissociation,0.0,300.0
synthetic-1,synthetic,synthetic-E1,curve-4,4,1,502.0,s,0.6971325681173394,nm,320.0,nM,dissociation,0.0,300.0
synthetic-1,synthetic,synthetic-E1,curve-4,4,1,504.0,s,0.6922342144624812,nm,320.0,nM,dissociation,0.0,300.0
synthetic-1,synthetic,synthetic-E1,curve-4,4,1,506.0,s,0.686403365370763,nm,320.0,nM,dissociation,0.0,300.0
synthetic-1,synthetic,synthetic-E1,curve-4,4,1,508.0,s,0.6816528053341512,nm,320.0,nM,dissociation,0.0,300.0
synthetic-1,synthetic,synthetic-E1,curve-4,4,1,510.0,s,0.6837704226681417,nm,320.0,nM,dissociation,0.0,300.0
synthetic-1,synthetic,synthetic-E1,curve-4,4,1,512.0,s,0.6806316947119948,nm,320.0,nM,dissociation,0.0,300.0
synthetic-1,synthetic,synthetic-E1,curve-4,4,1,514.0,s,0.6742583785321468,nm,320.0,nM,dissociation,0.0,300.0
synthetic-1,synthetic,synthetic-E1,curve-4,4,1,516.0,s,0.6788175855644392,nm,320.0,nM,dissociation,0.0,300.0
synthetic-1,synthetic,synthetic-E1,curve-4,4,1,518.0,s,0.6733898419414307,nm,320.0,nM,dissociation,0.0,300.0
synthetic-1,synthetic,synthetic-E1,curve-4,4,1,520.0,s,0.6695930984405759,nm,320.0,nM,dissociation,0.0,300.0
synthetic-1,synthetic,synthetic-E1,curve-4,4,1,522.0,s,0.6674320028034142,nm,320.0,nM,dissociation,0.0,300.0
synthetic-1,synthetic,synthetic-E1,curve-4,4,1,524.0,s,0.66097996538679,nm,320.0,nM,dissociation,0.0,300.0
synthetic-1,synthetic,synthetic-E1,curve-4,4,1,526.0,s,0.6667027298963606,nm,320.0,nM,dissociation,0.0,300.0
synthetic-1,synthetic,synthetic-E1,curve-4,4,1,528.0,s,0.6637146045419641,nm,320.0,nM,dissociation,0.0,300.0
synthetic-1,synthetic,synthetic-E1,curve-4,4,1,530.0,s,0.6552695799197404,nm,320.0,nM,dissociation,0.0,300.0
synthetic-1,synthetic,synthetic-E1,curve-4,4,1,532.0,s,0.6524029971643635,nm,320.0,nM,dissociation,0.0,300.0
synthetic-1,synthetic,synthetic-E1,curve-4,4,1,534.0,s,0.648972715332635,nm,320.0,nM,dissociation,0.0,300.0
synthetic-1,synthetic,synthetic-E1,curve-4,4,1,536.0,s,0.6489212015949021,nm,320.0,nM,dissociation,0.0,300.0
synthetic-1,synthetic,synthetic-E1,curve-4,4,1,538.0,s,0.641304494187629,nm,320.0,nM,dissociation,0.0,300.0
synthetic-1,synthetic,synthetic-E1,curve-4,4,1,540.0,s,0.6433220246367533,nm,320.0,nM,dissociation,0.0,300.0
synthetic-1,synthetic,synthetic-E1,curve-4,4,1,542.0,s,0.6389549547680053,nm,320.0,nM,dissociation,0.0,300.0
synthetic-1,synthetic,synthetic-E1,curve-4,4,1,544.0,s,0.6405516797300597,nm,320.0,nM,dissociation,0.0,300.0
synthetic-1,synthetic,synthetic-E1,curve-4,4,1,546.0,s,0.6367571984715653,nm,320.0,nM,dissociation,0.0,300.0
synthetic-1,synthetic,synthetic-E1,curve-4,4,1,548.0,s,0.6360545733232226,nm,320.0,nM,dissociation,0.0,300.0
synthetic-1,synthetic,synthetic-E1,curve-4,4,1,550.0,s,0.6317010170297883,nm,320.0,nM,dissociation,0.0,300.0
synthetic-1,synthetic,synthetic-E1,curve-4,4,1,552.0,s,0.6271774062812144,nm,320.0,nM,dissociation,0.0,300.0
synthetic-1,synthetic,synthetic-E1,curve-4,4,1,554.0,s,0.6192619948798496,nm,320.0,nM,dissociation,0.0,300.0
synthetic-1,synthetic,synthetic-E1,curve-4,4,1,556.0,s,0.6221555330982633,nm,320.0,nM,dissociation,0.0,300.0
synthetic-1,synthetic,synthetic-E1,curve-4,4,1,558.0,s,0.6173955193627694,nm,320.0,nM,dissociation,0.0,300.0
synthetic-1,synthetic,synthetic-E1,curve-4,4,1,560.0,s,0.6207449416539847,nm,320.0,nM,dissociation,0.0,300.0
synthetic-1,synthetic,synthetic-E1,curve-4,4,1,562.0,s,0.6124678593183169,nm,320.0,nM,dissociation,0.0,300.0
synthetic-1,synthetic,synthetic-E1,curve-4,4,1,564.0,s,0.6090201123129846,nm,320.0,nM,dissociation,0.0,300.0
synthetic-1,synthetic,synthetic-E1,curve-4,4,1,566.0,s,0.6111576924940151,nm,320.0,nM,dissociation,0.0,300.0
synthetic-1,synthetic,synthetic-E1,curve-4,4,1,568.0,s,0.6059617885883548,nm,320.0,nM,dissociation,0.0,300.0
synthetic-1,synthetic,synthetic-E1,curve-4,4,1,570.0,s,0.6031014683292889,nm,320.0,nM,dissociation,0.0,300.0
synthetic-1,synthetic,synthetic-E1,curve-4,4,1,572.0,s,0.6000425074484147,nm,320.0,nM,dissociation,0.0,300.0
synthetic-1,synthetic,synthetic-E1,curve-4,4,1,574.0,s,0.5990377185453644,nm,320.0,nM,dissociation,0.0,300.0
synthetic-1,synthetic,synthetic-E1,curve-4,4,1,576.0,s,0.5971156443953349,nm,320.0,nM,dissociation,0.0,300.0
synthetic-1,synthetic,synthetic-E1,curve-4,4,1,578.0,s,0.5941299954059209,nm,320.0,nM,dissociation,0.0,300.0
synthetic-1,synthetic,synthetic-E1,curve-4,4,1,580.0,s,0.5914379539525604,nm,320.0,nM,dissociation,0.0,300.0
synthetic-1,synthetic,synthetic-E1,curve-4,4,1,582.0,s,0.5903375107641365,nm,320.0,nM,dissociation,0.0,300.0
synthetic-1,synthetic,synthetic-E1,curve-4,4,1,584.0,s,0.5919663082284609,nm,320.0,nM,dissociation,0.0,300.0
synthetic-1,synthetic,synthetic-E1,curve-4,4,1,586.0,s,0.5780330460858568,nm,320.0,nM,dissociation,0.0,300.0
synthetic-1,synthetic,synthetic-E1,curve-4,4,1,588.0,s,0.585510215191014,nm,320.0,nM,dissociation,0.0,300.0
synthetic-1,synthetic,synthetic-E1,curve-4,4,1,590.0,s,0.5786898072947434,nm,320.0,nM,dissociation,0.0,300.0
synthetic-1,synthetic,synthetic-E1,curve-4,4,1,592.0,s,0.5794861257431965,nm,320.0,nM,dissociation,0.0,300.0
synthetic-1,synthetic,synthetic-E1,curve-4,4,1,594.0,s,0.5797110819226425,nm,320.0,nM,dissociation,0.0,300.0
synthetic-1,synthetic,synthetic-E1,curve-4,4,1,596.0,s,0.5720152563396498,nm,320.0,nM,dissociation,0.0,300.0
synthetic-1,synthetic,synthetic-E1,curve-4,4,1,598.0,s,0.5735608991948343,nm,320.0,nM,dissociation,0.0,300.0
synthetic-1,synthetic,synthetic-E1,curve-4,4,1,600.0,s,0.5731971509267183,nm,320.0,nM,dissociation,0.0,300.0
synthetic-1,synthetic,synthetic-E1,curve-4,4,1,602.0,s,0.5722463407851233,nm,320.0,nM,dissociation,0.0,300.0
synthetic-1,synthetic,synthetic-E1,curve-4,4,1,604.0,s,0.5677142654297079,nm,320.0,nM,dissociation,0.0,300.0
synthetic-1,synthetic,synthetic-E1,curve-4,4,1,606.0,s,0.5640928735300744,nm,320.0,nM,dissociation,0.0,300.0
synthetic-1,synthetic,synthetic-E1,curve-4,4,1,608.0,s,0.5647546825897589,nm,320.0,nM,dissociation,0.0,300.0
synthetic-1,synthetic,synthetic-E1,curve-4,4,1,610.0,s,0.5611692632130968,nm,320.0,nM,dissociation,0.0,300.0
synthetic-1,synthetic,synthetic-E1,curve-4,4,1,612.0,s,0.5547185990494934,nm,320.0,nM,dissociation,0.0,300.0
synthetic-1,synthetic,synthetic-E1,curve-4,4,1,614.0,s,0.5589215485549665,nm,320.0,nM,dissociation,0.0,300.0
synthetic-1,synthetic,synthetic-E1,curve-4,4,1,616.0,s,0.5569332084360755,nm,320.0,nM,dissociation,0.0,300.0
synthetic-1,synthetic,synthetic-E1,curve-4,4,1,618.0,s,0.5496666770700985,nm,320.0,nM,dissociation,0.0,300.0
synthetic-1,synthetic,synthetic-E1,curve-4,4,1,620.0,s,0.5461305000707574,nm,320.0,nM,dissociation,0.0,300.0
synthetic-1,synthetic,synthetic-E1,curve-4,4,1,622.0,s,0.5462917148255508,nm,320.0,nM,dissociation,0.0,300.0
synthetic-1,synthetic,synthetic-E1,curve-4,4,1,624.0,s,0.5423467180385665,nm,320.0,nM,dissociation,0.0,300.0
synthetic-1,synthetic,synthetic-E1,curve-4,4,1,626.0,s,0.5469099927580332,nm,320.0,nM,dissociation,0.0,300.0
synthetic-1,synthetic,synthetic-E1,curve-4,4,1,628.0,s,0.5394467406191588,nm,320.0,nM,dissociation,0.0,300.0
synthetic-1,synthetic,synthetic-E1,curve-4,4,1,630.0,s,0.5372258135156682,nm,320.0,nM,dissociation,0.0,300.0
synthetic-1,synthetic,synthetic-E1,curve-4,4,1,632.0,s,0.532252310366941,nm,320.0,nM,dissociation,0.0,300.0
synthetic-1,synthetic,synthetic-E1,curve-4,4,1,634.0,s,0.536569589759996,nm,320.0,nM,dissociation,0.0,300.0
synthetic-1,synthetic,synthetic-E1,curve-4,4,1,636.0,s,0.5271429305951537,nm,320.0,nM,dissociation,0.0,300.0
synthetic-1,synthetic,synthetic-E1,curve-4,4,1,638.0,s,0.5260069238233143,nm,320.0,nM,dissociation,0.0,300.0
synthetic-1,synthetic,synthetic-E1,curve-4,4,1,640.0,s,0.5245492929713614,nm,320.0,nM,dissociation,0.0,300.0
synthetic-1,synthetic,synthetic-E1,curve-4,4,1,642.0,s,0.5273395943776273,nm,320.0,nM,dissociation,0.0,300.0
synthetic-1,synthetic,synthetic-E1,curve-4,4,1,644.0,s,0.5206713324078132,nm,320.0,nM,dissociation,0.0,300.0
synthetic-1,synthetic,synthetic-E1,curve-4,4,1,646.0,s,0.5204381417817768,nm,320.0,nM,dissociation,0.0,300.0
synthetic-1,synthetic,synthetic-E1,curve-4,4,1,648.0,s,0.5206695889211178,nm,320.0,nM,dissociation,0.0,300.0
synthetic-1,synthetic,synthetic-E1,curve-4,4,1,650.0,s,0.5166511335538981,nm,320.0,nM,dissociation,0.0,300.0
synthetic-1,synthetic,synthetic-E1,curve-4,4,1,652.0,s,0.5132190050616208,nm,320.0,nM,dissociation,0.0,300.0
synthetic-1,synthetic,synthetic-E1,curve-4,4,1,654.0,s,0.5077634170220052,nm,320.0,nM,dissociation,0.0,300.0
synthetic-1,synthetic,synthetic-E1,curve-4,4,1,656.0,s,0.5066693698444714,nm,320.0,nM,dissociation,0.0,300.0
synthetic-1,synthetic,synthetic-E1,curve-4,4,1,658.0,s,0.5061233764007322,nm,320.0,nM,dissociation,0.0,300.0
synthetic-1,synthetic,synthetic-E1,curve-4,4,1,660.0,s,0.5047606139711118,nm,320.0,nM,dissociation,0.0,300.0
synthetic-1,synthetic,synthetic-E1,curve-4,4,1,662.0,s,0.5025973541156564,nm,320.0,nM,dissociation,0.0,300.0
synthetic-1,synthetic,synthetic-E1,curve-4,4,1,664.0,s,0.5032597428690679,nm,320.0,nM,dissociation,0.0,300.0
synthetic-1,synthetic,synthetic-E1,curve-4,4,1,666.0,s,0.5041815304877957,nm,320.0,nM,dissociation,0.0,300.0
synthetic-1,synthetic,synthetic-E1,curve-4,4,1,668.0,s,0.4932815747997808,nm,320.0,nM,dissociation,0.0,300.0
synthetic-1,synthetic,synthetic-E1,curve-4,4,1,670.0,s,0.49818058646676533,nm,320.0,nM,dissociation,0.0,300.0
synthetic-1,synthetic,synthetic-E1,curve-4,4,1,672.0,s,0.49609120254467637,nm,320.0,nM,dissociation,0.0,300.0
synthetic-1,synthetic,synthetic-E1,curve-4,4,1,674.0,s,0.4953385719045681,nm,320.0,nM,dissociation,0.0,300.0
synthetic-1,synthetic,synthetic-E1,curve-4,4,1,676.0,s,0.4837995777939498,nm,320.0,nM,dissociation,0.0,300.0
synthetic-1,synthetic,synthetic-E1,curve-4,4,1,678.0,s,0.4889573686487963,nm,320.0,nM,dissociation,0.0,300.0
synthetic-1,synthetic,synthetic-E1,curve-4,4,1,680.0,s,0.49008672727232283,nm,320.0,nM,dissociation,0.0,300.0
synthetic-1,synthetic,synthetic-E1,curve-4,4,1,682.0,s,0.4800868977879205,nm,320.0,nM,dissociation,0.0,300.0
synthetic-1,synthetic,synthetic-E1,curve-4,4,1,684.0,s,0.4809329571915892,nm,320.0,nM,dissociation,0.0,300.0
synthetic-1,synthetic,synthetic-E1,curve-4,4,1,686.0,s,0.48381031626291326,nm,320.0,nM,dissociation,0.0,300.0
synthetic-1,synthetic,synthetic-E1,curve-4,4,1,688.0,s,0.477058505903038,nm,320.0,nM,dissociation,0.0,300.0
synthetic-1,synthetic,synthetic-E1,curve-4,4,1,690.0,s,0.47444740248272516,nm,320.0,nM,dissociation,0.0,300.0
synthetic-1,synthetic,synthetic-E1,curve-4,4,1,692.0,s,0.4729586303164149,nm,320.0,nM,dissociation,0.0,300.0
synthetic-1,synthetic,synthetic-E1,curve-4,4,1,694.0,s,0.4747730744468538,nm,320.0,nM,dissociation,0.0,300.0
synthetic-1,synthetic,synthetic-E1,curve-4,4,1,696.0,s,0.4703182909442754,nm,320.0,nM,dissociation,0.0,300.0
synthetic-1,synthetic,synthetic-E1,curve-4,4,1,698.0,s,0.4679893888908233,nm,320.0,nM,dissociation,0.0,300.0
synthetic-1,synthetic,synthetic-E1,curve-4,4,1,700.0,s,0.46341288273071063,nm,320.0,nM,dissociation,0.0,300.0
synthetic-1,synthetic,synthetic-E1,curve-4,4,1,702.0,s,0.4639357339053349,nm,320.0,nM,dissociation,0.0,300.0
synthetic-1,synthetic,synthetic-E1,curve-4,4,1,704.0,s,0.46568214136753583,nm,320.0,nM,dissociation,0.0,300.0
synthetic-1,synthetic,synthetic-E1,curve-4,4,1,706.0,s,0.45821719464885374,nm,320.0,nM,dissociation,0.0,300.0
synthetic-1,synthetic,synthetic-E1,curve-4,4,1,708.0,s,0.46137272019384296,nm,320.0,nM,dissociation,0.0,300.0
synthetic-1,synthetic,synthetic-E1,curve-4,4,1,710.0,s,0.4572832007793439,nm,320.0,nM,dissociation,0.0,300.0
synthetic-1,synthetic,synthetic-E1,curve-4,4,1,712.0,s,0.45333303388103036,nm,320.0,nM,dissociation,0.0,300.0
synthetic-1,synthetic,synthetic-E1,curve-4,4,1,714.0,s,0.45003354744104557,nm,320.0,nM,dissociation,0.0,300.0
synthetic-1,synthetic,synthetic-E1,curve-4,4,1,716.0,s,0.45377517287878705,nm,320.0,nM,dissociation,0.0,300.0
synthetic-1,synthetic,synthetic-E1,curve-4,4,1,718.0,s,0.44721558119412,nm,320.0,nM,dissociation,0.0,300.0
synthetic-1,synthetic,synthetic-E1,curve-4,4,1,720.0,s,0.4481011103837359,nm,320.0,nM,dissociation,0.0,300.0
synthetic-1,synthetic,synthetic-E1,curve-4,4,1,722.0,s,0.4444587597871206,nm,320.0,nM,dissociation,0.0,300.0
synthetic-1,synthetic,synthetic-E1,curve-4,4,1,724.0,s,0.45041916046066405,nm,320.0,nM,dissociation,0.0,300.0
synthetic-1,synthetic,synthetic-E1,curve-4,4,1,726.0,s,0.44198680624651465,nm,320.0,nM,dissociation,0.0,300.0
synthetic-1,synthetic,synthetic-E1,curve-4,4,1,728.0,s,0.4433756921193495,nm,320.0,nM,dissociation,0.0,300.0
synthetic-1,synthetic,synthetic-E1,curve-4,4,1,730.0,s,0.4409682743930836,nm,320.0,nM,dissociation,0.0,300.0
synthetic-1,synthetic,synthetic-E1,curve-4,4,1,732.0,s,0.4368704178092845,nm,320.0,nM,dissociation,0.0,300.0
synthetic-1,synthetic,synthetic-E1,curve-4,4,1,734.0,s,0.4346686470381067,nm,320.0,nM,dissociation,0.0,300.0
synthetic-1,synthetic,synthetic-E1,curve-4,4,1,736.0,s,0.4344348302545491,nm,320.0,nM,dissociation,0.0,300.0
synthetic-1,synthetic,synthetic-E1,curve-4,4,1,738.0,s,0.43619974047785554,nm,320.0,nM,dissociation,0.0,300.0
synthetic-1,synthetic,synthetic-E1,curve-4,4,1,740.0,s,0.4295997928730725,nm,320.0,nM,dissociation,0.0,300.0
synthetic-1,synthetic,synthetic-E1,curve-4,4,1,742.0,s,0.42859963245752986,nm,320.0,nM,dissociation,0.0,300.0
synthetic-1,synthetic,synthetic-E1,curve-4,4,1,744.0,s,0.4270914107182273,nm,320.0,nM,dissociation,0.0,300.0
synthetic-1,synthetic,synthetic-E1,curve-4,4,1,746.0,s,0.4255342426220943,nm,320.0,nM,dissociation,0.0,300.0
synthetic-1,synthetic,synthetic-E1,curve-4,4,1,748.0,s,0.427532012414778,nm,320.0,nM,dissociation,0.0,300.0
synthetic-1,synthetic,synthetic-E1,curve-4,4,1,750.0,s,0.4214076050134563,nm,320.0,nM,dissociation,0.0,300.0
synthetic-1,synthetic,synthetic-E1,curve-4,4,1,752.0,s,0.422646731328061,nm,320.0,nM,dissociation,0.0,300.0
synthetic-1,synthetic,synthetic-E1,curve-4,4,1,754.0,s,0.4218856465977241,nm,320.0,nM,dissociation,0.0,300.0
synthetic-1,synthetic,synthetic-E1,curve-4,4,1,756.0,s,0.41654226400086997,nm,320.0,nM,dissociation,0.0,300.0
synthetic-1,synthetic,synthetic-E1,curve-4,4,1,758.0,s,0.4166458502533482,nm,320.0,nM,dissociation,0.0,300.0
synthetic-1,synthetic,synthetic-E1,curve-4,4,1,760.0,s,0.4159794636826068,nm,320.0,nM,dissociation,0.0,300.0
synthetic-1,synthetic,synthetic-E1,curve-4,4,1,762.0,s,0.4131038784541306,nm,320.0,nM,dissociation,0.0,300.0
synthetic-1,synthetic,synthetic-E1,curve-4,4,1,764.0,s,0.4112901504197276,nm,320.0,nM,dissociation,0.0,300.0
synthetic-1,synthetic,synthetic-E1,curve-4,4,1,766.0,s,0.4082780225304162,nm,320.0,nM,dissociation,0.0,300.0
synthetic-1,synthetic,synthetic-E1,curve-4,4,1,768.0,s,0.4067391288329675,nm,320.0,nM,dissociation,0.0,300.0
synthetic-1,synthetic,synthetic-E1,curve-4,4,1,770.0,s,0.41240784764219257,nm,320.0,nM,dissociation,0.0,300.0
synthetic-1,synthetic,synthetic-E1,curve-4,4,1,772.0,s,0.40168294617418815,nm,320.0,nM,dissociation,0.0,300.0
synthetic-1,synthetic,synthetic-E1,curve-4,4,1,774.0,s,0.40367126339719034,nm,320.0,nM,dissociation,0.0,300.0
synthetic-1,synthetic,synthetic-E1,curve-4,4,1,776.0,s,0.39587472743300667,nm,320.0,nM,dissociation,0.0,300.0
synthetic-1,synthetic,synthetic-E1,curve-4,4,1,778.0,s,0.4017632161957666,nm,320.0,nM,dissociation,0.0,300.0
synthetic-1,synthetic,synthetic-E1,curve-4,4,1,780.0,s,0.39597550628913103,nm,320.0,nM,dissociation,0.0,300.0
synthetic-1,synthetic,synthetic-E1,curve-4,4,1,782.0,s,0.3997706241138751,nm,320.0,nM,dissociation,0.0,300.0
synthetic-1,synthetic,synthetic-E1,curve-4,4,1,784.0,s,0.3917709470163292,nm,320.0,nM,dissociation,0.0,300.0
synthetic-1,synthetic,synthetic-E1,curve-4,4,1,786.0,s,0.38933045135910627,nm,320.0,nM,dissociation,0.0,300.0
synthetic-1,synthetic,synthetic-E1,curve-4,4,1,788.0,s,0.39001179549858256,nm,320.0,nM,dissociation,0.0,300.0
synthetic-1,synthetic,synthetic-E1,curve-4,4,1,790.0,s,0.3887340043027763,nm,320.0,nM,dissociation,0.0,300.0
synthetic-1,synthetic,synthetic-E1,curve-4,4,1,792.0,s,0.38911514542154285,nm,320.0,nM,dissociation,0.0,300.0
synthetic-1,synthetic,synthetic-E1,curve-4,4,1,794.0,s,0.3855100229486185,nm,320.0,nM,dissociation,0.0,300.0
synthetic-1,synthetic,synthetic-E1,curve-4,4,1,796.0,s,0.3861706706258682,nm,320.0,nM,dissociation,0.0,300.0
synthetic-1,synthetic,synthetic-E1,curve-4,4,1,798.0,s,0.3846789866662614,nm,320.0,nM,dissociation,0.0,300.0
synthetic-1,synthetic,synthetic-E1,curve-4,4,1,800.0,s,0.3846731245951853,nm,320.0,nM,dissociation,0.0,300.0
synthetic-1,synthetic,synthetic-E1,curve-4,4,1,802.0,s,0.38143619146564567,nm,320.0,nM,dissociation,0.0,300.0
synthetic-1,synthetic,synthetic-E1,curve-4,4,1,804.0,s,0.3826332491878651,nm,320.0,nM,dissociation,0.0,300.0
synthetic-1,synthetic,synthetic-E1,curve-4,4,1,806.0,s,0.37705562075674,nm,320.0,nM,dissociation,0.0,300.0
synthetic-1,synthetic,synthetic-E1,curve-4,4,1,808.0,s,0.3699748894486235,nm,320.0,nM,dissociation,0.0,300.0
synthetic-1,synthetic,synthetic-E1,curve-4,4,1,810.0,s,0.37541042126844215,nm,320.0,nM,dissociation,0.0,300.0
synthetic-1,synthetic,synthetic-E1,curve-4,4,1,812.0,s,0.37651897603718626,nm,320.0,nM,dissociation,0.0,300.0
synthetic-1,synthetic,synthetic-E1,curve-4,4,1,814.0,s,0.3713415274229002,nm,320.0,nM,dissociation,0.0,300.0
synthetic-1,synthetic,synthetic-E1,curve-4,4,1,816.0,s,0.3699058977374666,nm,320.0,nM,dissociation,0.0,300.0
synthetic-1,synthetic,synthetic-E1,curve-4,4,1,818.0,s,0.36287143167733416,nm,320.0,nM,dissociation,0.0,300.0
synthetic-1,synthetic,synthetic-E1,curve-4,4,1,820.0,s,0.37164019528226416,nm,320.0,nM,dissociation,0.0,300.0
synthetic-1,synthetic,synthetic-E1,curve-4,4,1,822.0,s,0.3659618711975101,nm,320.0,nM,dissociation,0.0,300.0
synthetic-1,synthetic,synthetic-E1,curve-4,4,1,824.0,s,0.3635364050546461,nm,320.0,nM,dissociation,0.0,300.0
synthetic-1,synthetic,synthetic-E1,curve-4,4,1,826.0,s,0.363536755247975,nm,320.0,nM,dissociation,0.0,300.0
synthetic-1,synthetic,synthetic-E1,curve-4,4,1,828.0,s,0.3598635972343159,nm,320.0,nM,dissociation,0.0,300.0
synthetic-1,synthetic,synthetic-E1,curve-4,4,1,830.0,s,0.35702653667849454,nm,320.0,nM,dissociation,0.0,300.0
synthetic-1,synthetic,synthetic-E1,curve-4,4,1,832.0,s,0.35861522042304117,nm,320.0,nM,dissociation,0.0,300.0
synthetic-1,synthetic,synthetic-E1,curve-4,4,1,834.0,s,0.3583516644416526,nm,320.0,nM,dissociation,0.0,300.0
synthetic-1,synthetic,synthetic-E1,curve-4,4,1,836.0,s,0.350305068509834,nm,320.0,nM,dissociation,0.0,300.0
synthetic-1,synthetic,synthetic-E1,curve-4,4,1,838.0,s,0.3530117548782402,nm,320.0,nM,dissociation,0.0,300.0
synthetic-1,synthetic,synthetic-E1,curve-4,4,1,840.0,s,0.35574073215433083,nm,320.0,nM,dissociation,0.0,300.0
synthetic-1,synthetic,synthetic-E1,curve-4,4,1,842.0,s,0.34929519761288175,nm,320.0,nM,dissociation,0.0,300.0
synthetic-1,synthetic,synthetic-E1,curve-4,4,1,844.0,s,0.3421747487935829,nm,320.0,nM,dissociation,0.0,300.0
synthetic-1,synthetic,synthetic-E1,curve-4,4,1,846.0,s,0.3486381816427816,nm,320.0,nM,dissociation,0.0,300.0
synthetic-1,synthetic,synthetic-E1,curve-4,4,1,848.0,s,0.3467993959670048,nm,320.0,nM,dissociation,0.0,300.0
synthetic-1,synthetic,synthetic-E1,curve-4,4,1,850.0,s,0.34365635555418267,nm,320.0,nM,dissociation,0.0,300.0
synthetic-1,synthetic,synthetic-E1,curve-4,4,1,852.0,s,0.3431489087862974,nm,320.0,nM,dissociation,0.0,300.0
synthetic-1,synthetic,synthetic-E1,curve-4,4,1,854.0,s,0.3466016122342819,nm,320.0,nM,dissociation,0.0,300.0
synthetic-1,synthetic,synthetic-E1,curve-4,4,1,856.0,s,0.3348302332680155,nm,320.0,nM,dissociation,0.0,300.0
synthetic-1,synthetic,synthetic-E1,curve-4,4,1,858.0,s,0.33975522877145536,nm,320.0,nM,dissociation,0.0,300.0
synthetic-1,synthetic,synthetic-E1,curve-4,4,1,860.0,s,0.3395536604866888,nm,320.0,nM,dissociation,0.0,300.0
synthetic-1,synthetic,synthetic-E1,curve-4,4,1,862.0,s,0.33908807182198514,nm,320.0,nM,dissociation,0.0,300.0
synthetic-1,synthetic,synthetic-E1,curve-4,4,1,864.0,s,0.33846426758959963,nm,320.0,nM,dissociation,0.0,300.0
synthetic-1,synthetic,synthetic-E1,curve-4,4,1,866.0,s,0.33909107579255804,nm,320.0,nM,dissociation,0.0,300.0
synthetic-1,synthetic,synthetic-E1,curve-4,4,1,868.0,s,0.33568746212183703,nm,320.0,nM,dissociation,0.0,300.0
synthetic-1,synthetic,synthetic-E1,curve-4,4,1,870.0,s,0.330772777771823,nm,320.0,nM,dissociation,0.0,300.0
synthetic-1,synthetic,synthetic-E1,curve-4,4,1,872.0,s,0.32696156850546265,nm,320.0,nM,dissociation,0.0,300.0
synthetic-1,synthetic,synthetic-E1,curve-4,4,1,874.0,s,0.32464092333826444,nm,320.0,nM,dissociation,0.0,300.0
synthetic-1,synthetic,synthetic-E1,curve-4,4,1,876.0,s,0.329044874410467,nm,320.0,nM,dissociation,0.0,300.0
synthetic-1,synthetic,synthetic-E1,curve-4,4,1,878.0,s,0.32976179430828556,nm,320.0,nM,dissociation,0.0,300.0
synthetic-1,synthetic,synthetic-E1,curve-4,4,1,880.0,s,0.332938118834826,nm,320.0,nM,dissociation,0.0,300.0
synthetic-1,synthetic,synthetic-E1,curve-4,4,1,882.0,s,0.322972684366742,nm,320.0,nM,dissociation,0.0,300.0
synthetic-1,synthetic,synthetic-E1,curve-4,4,1,884.0,s,0.3223886850502839,nm,320.0,nM,dissociation,0.0,300.0
synthetic-1,synthetic,synthetic-E1,curve-4,4,1,886.0,s,0.3176431622283635,nm,320.0,nM,dissociation,0.0,300.0
synthetic-1,synthetic,synthetic-E1,curve-4,4,1,888.0,s,0.3218147560720963,nm,320.0,nM,dissociation,0.0,300.0
synthetic-1,synthetic,synthetic-E1,curve-4,4,1,890.0,s,0.3125862097210604,nm,320.0,nM,dissociation,0.0,300.0
synthetic-1,synthetic,synthetic-E1,curve-4,4,1,892.0,s,0.3231086873247754,nm,320.0,nM,dissociation,0.0,300.0
synthetic-1,synthetic,synthetic-E1,curve-4,4,1,894.0,s,0.3181415744285725,nm,320.0,nM,dissociation,0.0,300.0
synthetic-1,synthetic,synthetic-E1,curve-4,4,1,896.0,s,0.31783758659823425,nm,320.0,nM,dissociation,0.0,300.0
synthetic-1,synthetic,synthetic-E1,curve-4,4,1,898.0,s,0.3140775084734465,nm,320.0,nM,dissociation,0.0,300.0
synthetic-1,synthetic,synthetic-E1,curve-4,4,1,900.0,s,0.3095562434775201,nm,320.0,nM,dissociation,0.0,300.0
