observation_id,subject_id,run_id,replicate_id,signal,nc_signal,inhibited_signal,lot,population,treatment_status,exclude,exclusion_reason
S0-R0-W0,S000,R0,0,67.14858423403923,54.598150033144236,59.276295881587885,L1,synthetic_negative,drug_naive,false,
S0-R0-W1,S000,R0,1,65.7975349182739,54.598150033144236,58.832242277414736,L1,synthetic_negative,drug_naive,false,
S0-R1-W0,S000,R1,0,68.12253460123718,54.598150033144236,60.53096140798328,L1,synthetic_negative,drug_naive,false,
S0-R1-W1,S000,R1,1,67.22585002863369,54.598150033144236,59.951454410339394,L1,synthetic_negative,drug_naive,false,
S0-R2-W0,S000,R2,0,53.185613185536404,54.598150033144236,47.1540952236269,L1,synthetic_negative,drug_naive,false,
S0-R2-W1,S000,R2,1,52.43589232846971,54.598150033144236,45.76362741108136,L1,synthetic_negative,drug_naive,false,
S0-R3-W0,S000,R3,0,59.007759850739994,54.598150033144236,52.871928691169614,L1,synthetic_negative,drug_naive,false,
S0-R3-W1,S000,R3,1,60.43684351137409,54.598150033144236,53.768895890307164,L1,synthetic_negative,drug_naive,false,
S0-R4-W0,S000,R4,0,62.88763679612908,54.598150033144236,55.57038820030687,L1,synthetic_negative,drug_naive,false,
S0-R4-W1,S000,R4,1,64.22264172073194,54.598150033144236,57.36624567392897,L1,synthetic_negative,drug_naive,false,
S0-R5-W0,S000,R5,0,70.68519915566256,54.598150033144236,62.07396742946242,L1,synthetic_negative,drug_naive,false,
S0-R5-W1,S000,R5,1,71.63494767278343,54.598150033144236,63.09754779163689,L1,synthetic_negative,drug_naive,false,
S1-R0-W0,S001,R0,0,58.73940693344747,54.598150033144236,52.33496610216464,L1,synthetic_negative,drug_naive,false,
S1-R0-W1,S001,R0,1,60.866250275989174,54.598150033144236,54.093469347771936,L1,synthetic_negative,drug_naive,false,
S1-R1-W0,S001,R1,0,59.399453816646954,54.598150033144236,53.48117485003332,L1,synthetic_negative,drug_naive,false,
S1-R1-W1,S001,R1,1,59.62240368041762,54.598150033144236,53.310699850270275,L1,synthetic_negative,drug_naive,false,
S1-R2-W0,S001,R2,0,59.313564032798695,54.598150033144236,53.215000566346845,L1,synthetic_negative,drug_naive,false,
S1-R2-W1,S001,R2,1,58.93413232756526,54.598150033144236,52.32209679778097,L1,synthetic_negative,drug_naive,false,
S1-R3-W0,S001,R3,0,59.21629146152267,54.598150033144236,53.367089844963445,L1,synthetic_negative,drug_naive,false,
S1-R3-W1,S001,R3,1,58.75216160474401,54.598150033144236,52.12855949196812,L1,synthetic_negative,drug_naive,false,
S1-R4-W0,S001,R4,0,56.32060872364406,54.598150033144236,50.26659218072361,L1,synthetic_negative,drug_naive,false,
S1-R4-W1,S001,R4,1,56.622741143235096,54.598150033144236,50.286682545787954,L1,synthetic_negative,drug_naive,false,
S1-R5-W0,S001,R5,0,58.91610477341701,54.598150033144236,51.96082682078129,L1,synthetic_negative,drug_naive,false,
S1-R5-W1,S001,R5,1,59.06988209370492,54.598150033144236,52.64330293578932,L1,synthetic_negative,drug_naive,false,
S2-R0-W0,S002,R0,0,46.39255449812612,54.598150033144236,42.37320026591264,L1,synthetic_negative,drug_naive,false,
S2-R0-W1,S002,R0,1,46.80955536297039,54.598150033144236,42.85180636665248,L1,synthetic_negative,drug_naive,false,
S2-R1-W0,S002,R1,0,53.6037743605268,54.598150033144236,49.61594058800773,L1,synthetic_negative,drug_naive,false,
S2-R1-W1,S002,R1,1,54.07105769997209,54.598150033144236,49.67829205216615,L1,synthetic_negative,drug_naive,false,
S2-R2-W0,S002,R2,0,43.03806939664607,54.598150033144236,39.91379363916584,L1,synthetic_negative,drug_naive,false,
S2-R2-W1,S002,R2,1,43.27513226990763,54.598150033144236,40.22362236622876,L1,synthetic_negative,drug_naive,false,
S2-R3-W0,S002,R3,0,40.728236743048875,54.598150033144236,37.18972257970957,L1,synthetic_negative,drug_naive,false,
S2-R3-W1,S002,R3,1,40.708040150556336,54.598150033144236,37.6215553755343,L1,synthetic_negative,drug_naive,false,
S2-R4-W0,S002,R4,0,41.17708383542832,54.598150033144236,38.15192868065304,L1,synthetic_negative,drug_naive,false,
S2-R4-W1,S002,R4,1,40.2087568811741,54.598150033144236,36.92459104410387,L1,synthetic_negative,drug_naive,false,
S2-R5-W0,S002,R5,0,38.12168590216382,54.598150033144236,35.10119790875258,L1,synthetic_negative,drug_naive,false,
S2-R5-W1,S002,R5,1,37.2578527745345,54.598150033144236,34.23792036848879,L1,synthetic_negative,drug_naive,false,
S3-R0-W0,S003,R0,0,49.454165146417004,54.598150033144236,45.39255099302061,L1,synthetic_negative,drug_naive,false,
S3-R0-W1,S003,R0,1,49.48227816808358,54.598150033144236,45.47785187888403,L1,synthetic_negative,drug_naive,false,
S3-R1-W0,S003,R1,0,51.868575939516646,54.598150033144236,47.608743859202114,L1,synthetic_negative,drug_naive,false,
S3-R1-W1,S003,R1,1,52.09110038473861,54.598150033144236,48.10592424433577,L1,synthetic_negative,drug_naive,false,
S3-R2-W0,S003,R2,0,34.96893592644397,54.598150033144236,32.36888629135768,L1,synthetic_negative,drug_naive,false,
S3-R2-W1,S003,R2,1,35.674031090084874,54.598150033144236,32.86495866750375,L1,synthetic_negative,drug_naive,false,
S3-R3-W0,S003,R3,0,46.75140158668793,54.598150033144236,43.18160872633683,L1,synthetic_negative,drug_naive,false,
S3-R3-W1,S003,R3,1,48.517315131605706,54.598150033144236,44.52778970294522,L1,synthetic_negative,drug_naive,false,
S3-R4-W0,S003,R4,0,38.267282268369996,54.598150033144236,35.27833253022499,L1,synthetic_negative,drug_naive,false,
S3-R4-W1,S003,R4,1,37.979932814281966,54.598150033144236,35.00961149741081,L1,synthetic_negative,drug_naive,false,
S3-R5-W0,S003,R5,0,48.538319051503215,54.598150033144236,44.876475109238406,L1,synthetic_negative,drug_naive,false,
S3-R5-W1,S003,R5,1,48.35171888297388,54.598150033144236,44.83769267790493,L1,synthetic_negative,drug_naive,false,
S4-R0-W0,S004,R0,0,47.108191781527594,54.598150033144236,42.28809513719761,L1,synthetic_negative,drug_naive,false,
S4-R0-W1,S004,R0,1,47.53389307457375,54.598150033144236,43.32758303526523,L1,synthetic_negative,drug_naive,false,
S4-R1-W0,S004,R1,0,50.35455231062465,54.598150033144236,45.75132866661439,L1,synthetic_negative,drug_naive,false,
S4-R1-W1,S004,R1,1,50.939708377964436,54.598150033144236,46.64454461498228,L1,synthetic_negative,drug_naive,false,
S4-R2-W0,S004,R2,0,48.49490022620596,54.598150033144236,44.14549702044821,L1,synthetic_negative,drug_naive,false,
S4-R2-W1,S004,R2,1,47.146372244733634,54.598150033144236,42.24889499721331,L1,synthetic_negative,drug_naive,false,
S4-R3-W0,S004,R3,0,49.218575243656566,54.598150033144236,44.71406277258272,L1,synthetic_negative,drug_naive,false,
S4-R3-W1,S004,R3,1,50.18511492303219,54.598150033144236,45.28825183898217,L1,synthetic_negative,drug_naive,false,
S4-R4-W0,S004,R4,0,44.562314149285584,54.598150033144236,40.588450333956686,L1,synthetic_negative,drug_naive,false,
S4-R4-W1,S004,R4,1,43.24191473627507,54.598150033144236,39.048752471875844,L1,synthetic_negative,drug_naive,false,
S4-R5-W0,S004,R5,0,41.72944781269344,54.598150033144236,38.04104033652854,L1,synthetic_negative,drug_naive,false,
S4-R5-W1,S004,R5,1,40.985246609587506,54.598150033144236,37.16293086706206,L1,synthetic_negative,drug_naive,false,
S5-R0-W0,S005,R0,0,53.70590598518833,54.598150033144236,47.787658660963146,L1,synthetic_negative,drug_naive,false,
S5-R0-W1,S005,R0,1,54.052226795029114,54.598150033144236,47.841511455914386,L1,synthetic_negative,drug_naive,false,
S5-R1-W0,S005,R1,0,60.66269515239139,54.598150033144236,54.020833345540495,L1,synthetic_negative,drug_naive,false,
S5-R1-W1,S005,R1,1,60.964900843873195,54.598150033144236,53.28123347401327,L1,synthetic_negative,drug_naive,false,
S5-R2-W0,S005,R2,0,72.95231663370485,54.598150033144236,63.99287378002665,L1,synthetic_negative,drug_naive,false,
S5-R2-W1,S005,R2,1,72.30260949458614,54.598150033144236,64.13491552231702,L1,synthetic_negative,drug_naive,false,
S5-R3-W0,S005,R3,0,73.400582001474,54.598150033144236,65.90454543448084,L1,synthetic_negative,drug_naive,false,
S5-R3-W1,S005,R3,1,73.83995533678483,54.598150033144236,65.77389230127471,L1,synthetic_negative,drug_naive,false,
S5-R4-W0,S005,R4,0,61.453173610975306,54.598150033144236,53.9404700494136,L1,synthetic_negative,drug_naive,false,
S5-R4-W1,S005,R4,1,61.864906215792736,54.598150033144236,54.90258155776284,L1,synthetic_negative,drug_naive,false,
S5-R5-W0,S005,R5,0,59.979404018701025,54.598150033144236,53.382980830821545,L1,synthetic_negative,drug_naive,false,
S5-R5-W1,S005,R5,1,59.881062825918356,54.598150033144236,53.32543921275933,L1,synthetic_negative,drug_naive,false,
S6-R0-W0,S006,R0,0,59.57992155704547,54.598150033144236,51.91157712007916,L1,synthetic_negative,drug_naive,false,
S6-R0-W1,S006,R0,1,60.27679119662815,54.598150033144236,52.300345362404414,L1,synthetic_negative,drug_naive,false,
S6-R1-W0,S006,R1,0,68.25276248087108,54.598150033144236,60.400357439783214,L1,synthetic_negative,drug_naive,false,
S6-R1-W1,S006,R1,1,68.88845813470166,54.598150033144236,59.77421911376924,L1,synthetic_negative,drug_naive,false,
S6-R2-W0,S006,R2,0,78.07927999519033,54.598150033144236,67.55964206142018,L1,synthetic_negative,drug_naive,false,
S6-R2-W1,S006,R2,1,79.47895728143875,54.598150033144236,69.07228735959521,L1,synthetic_negative,drug_naive,false,
S6-R3-W0,S006,R3,0,74.93173202604375,54.598150033144236,65.56219181432114,L1,synthetic_negative,drug_naive,false,
S6-R3-W1,S006,R3,1,77.14804159871312,54.598150033144236,67.5818281878893,L1,synthetic_negative,drug_naive,false,
S6-R4-W0,S006,R4,0,67.64810270918099,54.598150033144236,58.298399401111446,L1,synthetic_negative,drug_naive,false,
S6-R4-W1,S006,R4,1,65.88837095990961,54.598150033144236,57.16787229914206,L1,synthetic_negative,drug_naive,false,
S6-R5-W0,S006,R5,0,70.18959095562833,54.598150033144236,61.276341359305,L1,synthetic_negative,drug_naive,false,
S6-R5-W1,S006,R5,1,70.4719076007563,54.598150033144236,61.46306008290412,L1,synthetic_negative,drug_naive,false,
S7-R0-W0,S007,R0,0,59.592560790097345,54.598150033144236,52.98808249444131,L1,synthetic_negative,drug_naive,false,
S7-R0-W1,S007,R0,1,60.342561313112114,54.598150033144236,53.50731851028894,L1,synthetic_negative,drug_naive,false,
S7-R1-W0,S007,R1,0,57.261306853143644,54.598150033144236,50.57994361652357,L1,synthetic_negative,drug_naive,false,
S7-R1-W1,S007,R1,1,57.311980862755014,54.598150033144236,50.1719346758423,L1,synthetic_negative,drug_naive,false,
S7-R2-W0,S007,R2,0,77.6523439543911,54.598150033144236,68.67577211480116,L1,synthetic_negative,drug_naive,false,
S7-R2-W1,S007,R2,1,79.02537510897238,54.598150033144236,69.44368180830509,L1,synthetic_negative,drug_naive,false,
S7-R3-W0,S007,R3,0,61.44011604356013,54.598150033144236,54.484039190501896,L1,synthetic_negative,drug_naive,false,
S7-R3-W1,S007,R3,1,64.32373248397607,54.598150033144236,57.810600357482556,L1,synthetic_negative,drug_naive,false,
S7-R4-W0,S007,R4,0,70.55903724364487,54.598150033144236,62.06697892500349,L1,synthetic_negative,drug_naive,false,
S7-R4-W1,S007,R4,1,68.4458027734572,54.598150033144236,60.50297945374058,L1,synthetic_negative,drug_naive,false,
S7-R5-W0,S007,R5,0,74.5786570488352,54.598150033144236,65.86292549701358,L1,synthetic_negative,drug_naive,false,
S7-R5-W1,S007,R5,1,72.96313016512613,54.598150033144236,65.95500377615507,L1,synthetic_negative,drug_naive,false,
S8-R0-W0,S008,R0,0,68.33068180545611,54.598150033144236,59.884064696198124,L1,synthetic_negative,drug_naive,false,
S8-R0-W1,S008,R0,1,67.97157563560287,54.598150033144236,59.912565337389836,L1,synthetic_negative,drug_naive,false,
S8-R1-W0,S008,R1,0,52.676479595872216,54.598150033144236,46.38286815317828,L1,synthetic_negative,drug_naive,false,
S8-R1-W1,S008,R1,1,52.87250956528049,54.598150033144236,46.78302325263398,L1,synthetic_negative,drug_naive,false,
S8-R2-W0,S008,R2,0,71.21893765372485,54.598150033144236,63.218394444788245,L1,synthetic_negative,drug_naive,false,
S8-R2-W1,S008,R2,1,70.75337101135852,54.598150033144236,62.66794165471058,L1,synthetic_negative,drug_naive,false,
S8-R3-W0,S008,R3,0,63.029386043529435,54.598150033144236,55.97655610975886,L1,synthetic_negative,drug_naive,false,
S8-R3-W1,S008,R3,1,63.344928690106855,54.598150033144236,55.52316307126694,L1,synthetic_negative,drug_naive,false,
S8-R4-W0,S008,R4,0,70.23038680981506,54.598150033144236,62.020993677491,L1,synthetic_negative,drug_naive,false,
S8-R4-W1,S008,R4,1,69.64500715332468,54.598150033144236,60.84272385145859,L1,synthetic_negative,drug_naive,false,
S8-R5-W0,S008,R5,0,67.0899046646551,54.598150033144236,59.94905864396798,L1,synthetic_negative,drug_naive,false,
S8-R5-W1,S008,R5,1,66.41976483565823,54.598150033144236,58.93860401785585,L1,synthetic_negative,drug_naive,false,
S9-R0-W0,S009,R0,0,49.64164744116163,54.598150033144236,45.265424713974056,L1,synthetic_negative,drug_naive,false,
S9-R0-W1,S009,R0,1,50.989220183527856,54.598150033144236,46.5720723978044,L1,synthetic_negative,drug_naive,false,
S9-R1-W0,S009,R1,0,44.872539226116956,54.598150033144236,41.89220940399864,L1,synthetic_negative,drug_naive,false,
S9-R1-W1,S009,R1,1,47.95426502325019,54.598150033144236,44.37190827183545,L1,synthetic_negative,drug_naive,false,
S9-R2-W0,S009,R2,0,52.79082250588286,54.598150033144236,48.83717594833661,L1,synthetic_negative,drug_naive,false,
S9-R2-W1,S009,R2,1,53.71367502846693,54.598150033144236,49.132695687291346,L1,synthetic_negative,drug_naive,false,
S9-R3-W0,S009,R3,0,50.79273116634886,54.598150033144236,46.58632094832463,L1,synthetic_negative,drug_naive,false,
S9-R3-W1,S009,R3,1,49.7050401417596,54.598150033144236,45.66148255143054,L1,synthetic_negative,drug_naive,false,
S9-R4-W0,S009,R4,0,44.66106729677998,54.598150033144236,41.528385958148945,L1,synthetic_negative,drug_naive,false,
S9-R4-W1,S009,R4,1,45.463474958744534,54.598150033144236,41.58338031328399,L1,synthetic_negative,drug_naive,false,
S9-R5-W0,S009,R5,0,52.51796980605057,54.598150033144236,48.12340257147588,L1,synthetic_negative,drug_naive,false,
S9-R5-W1,S009,R5,1,54.00771745135218,54.598150033144236,49.34430232034782,L1,synthetic_negative,drug_naive,false,
S10-R0-W0,S010,R0,0,51.95876637730363,54.598150033144236,46.50658279916436,L1,synthetic_negative,drug_naive,false,
S10-R0-W1,S010,R0,1,52.83031029154023,54.598150033144236,47.05215159671756,L1,synthetic_negative,drug_naive,false,
S10-R1-W0,S010,R1,0,51.19249500922597,54.598150033144236,45.61504674426098,L1,synthetic_negative,drug_naive,false,
S10-R1-W1,S010,R1,1,51.65260882021719,54.598150033144236,46.0218640495633,L1,synthetic_negative,drug_naive,false,
S10-R2-W0,S010,R2,0,60.87426530173771,54.598150033144236,54.13424451748965,L1,synthetic_negative,drug_naive,false,
S10-R2-W1,S010,R2,1,60.199958934504444,54.598150033144236,53.606104755524115,L1,synthetic_negative,drug_naive,false,
S10-R3-W0,S010,R3,0,57.36689186524907,54.598150033144236,51.073084541585416,L1,synthetic_negative,drug_naive,false,
S10-R3-W1,S010,R3,1,56.33646275790415,54.598150033144236,50.10381807145714,L1,synthetic_negative,drug_naive,false,
S10-R4-W0,S010,R4,0,54.73244710668103,54.598150033144236,49.14977886183337,L1,synthetic_negative,drug_naive,false,
S10-R4-W1,S010,R4,1,56.281806234902945,54.598150033144236,50.08513261816996,L1,synthetic_negative,drug_naive,false,
S10-R5-W0,S010,R5,0,66.06066559491931,54.598150033144236,58.31238807136216,L1,synthetic_negative,drug_naive,false,
S10-R5-W1,S010,R5,1,65.89233388100843,54.598150033144236,59.05389581014898,L1,synthetic_negative,drug_naive,false,
S11-R0-W0,S011,R0,0,78.7288876114457,54.598150033144236,68.32606558131246,L1,synthetic_negative,drug_naive,false,
S11-R0-W1,S011,R0,1,79.25386746558682,54.598150033144236,70.1123372871412,L1,synthetic_negative,drug_naive,false,
S11-R1-W0,S011,R1,0,61.99759189379876,54.598150033144236,55.10603278269497,L1,synthetic_negative,drug_naive,false,
S11-R1-W1,S011,R1,1,59.75146046438534,54.598150033144236,52.516773574866846,L1,synthetic_negative,drug_naive,false,
S11-R2-W0,S011,R2,0,58.64900398853771,54.598150033144236,51.744059730902066,L1,synthetic_negative,drug_naive,false,
S11-R2-W1,S011,R2,1,57.829535126855426,54.598150033144236,51.2338363830605,L1,synthetic_negative,drug_naive,false,
S11-R3-W0,S011,R3,0,65.63144715286033,54.598150033144236,58.21493615842003,L1,synthetic_negative,drug_naive,false,
S11-R3-W1,S011,R3,1,66.56894742578844,54.598150033144236,58.988433697592974,L1,synthetic_negative,drug_naive,false,
S11-R4-W0,S011,R4,0,63.531828725887586,54.598150033144236,55.73791149067775,L1,synthetic_negative,drug_naive,false,
S11-R4-W1,S011,R4,1,64.8903459384591,54.598150033144236,57.869087160150826,L1,synthetic_negative,drug_naive,false,
S11-R5-W0,S011,R5,0,68.740092998143,54.598150033144236,61.03450923033932,L1,synthetic_negative,drug_naive,false,
S11-R5-W1,S011,R5,1,68.21111344132972,54.598150033144236,60.93337267825822,L1,synthetic_negative,drug_naive,false,
S12-R0-W0,S012,R0,0,52.30764645815868,54.598150033144236,46.4246735746101,L1,synthetic_negative,drug_naive,false,
S12-R0-W1,S012,R0,1,53.47956637803989,54.598150033144236,48.05288037319511,L1,synthetic_negative,drug_naive,false,
S12-R1-W0,S012,R1,0,46.76527262501889,54.598150033144236,42.61513547103482,L1,synthetic_negative,drug_naive,false,
S12-R1-W1,S012,R1,1,47.240380615440365,54.598150033144236,42.569018721360564,L1,synthetic_negative,drug_naive,false,
S12-R2-W0,S012,R2,0,40.525470605347365,54.598150033144236,36.69615099672423,L1,synthetic_negative,drug_naive,false,
S12-R2-W1,S012,R2,1,39.201082675247015,54.598150033144236,35.57263593691584,L1,synthetic_negative,drug_naive,false,
S12-R3-W0,S012,R3,0,44.72148549772543,54.598150033144236,41.16256360801026,L1,synthetic_negative,drug_naive,false,
S12-R3-W1,S012,R3,1,44.86627851702899,54.598150033144236,40.759467462223554,L1,synthetic_negative,drug_naive,false,
S12-R4-W0,S012,R4,0,54.29254202172793,54.598150033144236,49.363422715343894,L1,synthetic_negative,drug_naive,false,
S12-R4-W1,S012,R4,1,56.92268286586154,54.598150033144236,51.35185392090402,L1,synthetic_negative,drug_naive,false,
S12-R5-W0,S012,R5,0,60.35804088214622,54.598150033144236,54.16563541446859,L1,synthetic_negative,drug_naive,false,
S12-R5-W1,S012,R5,1,59.69274237842774,54.598150033144236,54.70550658256091,L1,synthetic_negative,drug_naive,false,
S13-R0-W0,S013,R0,0,57.023115419940716,54.598150033144236,51.32865634015077,L1,synthetic_negative,drug_naive,false,
S13-R0-W1,S013,R0,1,55.97369746553272,54.598150033144236,50.193652090752565,L1,synthetic_negative,drug_naive,false,
S13-R1-W0,S013,R1,0,62.44400071076295,54.598150033144236,55.48244055301136,L1,synthetic_negative,drug_naive,false,
S13-R1-W1,S013,R1,1,62.80637602446704,54.598150033144236,55.9871083160689,L1,synthetic_negative,drug_naive,false,
S13-R2-W0,S013,R2,0,67.65658141262398,54.598150033144236,60.87721288539708,L1,synthetic_negative,drug_naive,false,
S13-R2-W1,S013,R2,1,68.22441902211288,54.598150033144236,60.877264314946515,L1,synthetic_negative,drug_naive,false,
S13-R3-W0,S013,R3,0,52.29406851104074,54.598150033144236,46.45647292993792,L1,synthetic_negative,drug_naive,false,
S13-R3-W1,S013,R3,1,52.79450281445519,54.598150033144236,46.85220076041131,L1,synthetic_negative,drug_naive,false,
S13-R4-W0,S013,R4,0,55.8444154893606,54.598150033144236,50.04618320483409,L1,synthetic_negative,drug_naive,false,
S13-R4-W1,S013,R4,1,56.73176616783429,54.598150033144236,50.85273826389166,L1,synthetic_negative,drug_naive,false,
S13-R5-W0,S013,R5,0,58.22216754266399,54.598150033144236,52.61971238888216,L1,synthetic_negative,drug_naive,false,
S13-R5-W1,S013,R5,1,57.72688421713643,54.598150033144236,51.3150842313572,L1,synthetic_negative,drug_naive,false,
S14-R0-W0,S014,R0,0,77.31292835153526,54.598150033144236,67.14148909426567,L1,synthetic_negative,drug_naive,false,
S14-R0-W1,S014,R0,1,79.35411712070436,54.598150033144236,69.13092065822316,L1,synthetic_negative,drug_naive,false,
S14-R1-W0,S014,R1,0,68.99179131581165,54.598150033144236,59.79520542693282,L1,synthetic_negative,drug_naive,false,
S14-R1-W1,S014,R1,1,71.04373431546712,54.598150033144236,61.79665701906363,L1,synthetic_negative,drug_naive,false,
S14-R2-W0,S014,R2,0,68.22531061981687,54.598150033144236,58.88690257597842,L1,synthetic_negative,drug_naive,false,
S14-R2-W1,S014,R2,1,67.70354201800664,54.598150033144236,58.83598836080819,L1,synthetic_negative,drug_naive,false,
S14-R3-W0,S014,R3,0,92.65956429361194,54.598150033144236,81.08941133630084,L1,synthetic_negative,drug_naive,false,
S14-R3-W1,S014,R3,1,92.41712067694054,54.598150033144236,79.43667547707123,L1,synthetic_negative,drug_naive,false,
S14-R4-W0,S014,R4,0,88.74477684103171,54.598150033144236,76.46719315523535,L1,synthetic_negative,drug_naive,false,
S14-R4-W1,S014,R4,1,87.78581594553042,54.598150033144236,77.13020634655577,L1,synthetic_negative,drug_naive,false,
S14-R5-W0,S014,R5,0,72.76586141370774,54.598150033144236,63.117035335126864,L1,synthetic_negative,drug_naive,false,
S14-R5-W1,S014,R5,1,72.43584168397604,54.598150033144236,63.33363745012193,L1,synthetic_negative,drug_naive,false,
S15-R0-W0,S015,R0,0,63.45296209372799,54.598150033144236,55.437511550057394,L1,synthetic_negative,drug_naive,false,
S15-R0-W1,S015,R0,1,64.40551146656202,54.598150033144236,57.08365414109705,L1,synthetic_negative,drug_naive,false,
S15-R1-W0,S015,R1,0,58.5813118414809,54.598150033144236,50.89737544329719,L1,synthetic_negative,drug_naive,false,
S15-R1-W1,S015,R1,1,57.50948668571273,54.598150033144236,50.748723267443964,L1,synthetic_negative,drug_naive,false,
S15-R2-W0,S015,R2,0,62.521395208513866,54.598150033144236,54.5813399811878,L1,synthetic_negative,drug_naive,false,
S15-R2-W1,S015,R2,1,62.33558633328361,54.598150033144236,54.602284607043636,L1,synthetic_negative,drug_naive,false,
S15-R3-W0,S015,R3,0,70.88519552058482,54.598150033144236,61.80636663018956,L1,synthetic_negative,drug_naive,false,
S15-R3-W1,S015,R3,1,70.01519406515207,54.598150033144236,61.25339332793746,L1,synthetic_negative,drug_naive,false,
S15-R4-W0,S015,R4,0,77.30006032119985,54.598150033144236,67.7295269225813,L1,synthetic_negative,drug_naive,false,
S15-R4-W1,S015,R4,1,76.89010419414856,54.598150033144236,66.81594862734943,L1,synthetic_negative,drug_naive,false,
S15-R5-W0,S015,R5,0,71.61451876246576,54.598150033144236,62.804753934072835,L1,synthetic_negative,drug_naive,false,
S15-R5-W1,S015,R5,1,70.76406330171366,54.598150033144236,62.61073413967231,L1,synthetic_negative,drug_naive,false,
S16-R0-W0,S016,R0,0,73.59348791882692,54.598150033144236,64.1395086552522,L1,synthetic_negative,drug_naive,false,
S16-R0-W1,S016,R0,1,77.53242585284299,54.598150033144236,67.71709284291671,L1,synthetic_negative,drug_naive,false,
S16-R1-W0,S016,R1,0,69.36051592763475,54.598150033144236,60.8192206965517,L1,synthetic_negative,drug_naive,false,
S16-R1-W1,S016,R1,1,69.99397906163172,54.598150033144236,61.56821843405214,L1,synthetic_negative,drug_naive,false,
S16-R2-W0,S016,R2,0,76.05928639556383,54.598150033144236,66.60191276350307,L1,synthetic_negative,drug_naive,false,
S16-R2-W1,S016,R2,1,76.8911859445375,54.598150033144236,67.26664009895302,L1,synthetic_negative,drug_naive,false,
S16-R3-W0,S016,R3,0,83.41829269574518,54.598150033144236,72.85380774897209,L1,synthetic_negative,drug_naive,false,
S16-R3-W1,S016,R3,1,82.39553125921518,54.598150033144236,71.94699477415759,L1,synthetic_negative,drug_naive,false,
S16-R4-W0,S016,R4,0,83.63636255207216,54.598150033144236,72.18364394336814,L1,synthetic_negative,drug_naive,false,
S16-R4-W1,S016,R4,1,81.73366901657964,54.598150033144236,71.84453097793792,L1,synthetic_negative,drug_naive,false,
S16-R5-W0,S016,R5,0,73.68990626260563,54.598150033144236,65.59362046277272,L1,synthetic_negative,drug_naive,false,
S16-R5-W1,S016,R5,1,70.75094317436943,54.598150033144236,61.39116720141971,L1,synthetic_negative,drug_naive,false,
S17-R0-W0,S017,R0,0,79.03202325442182,54.598150033144236,69.22540728222236,L1,synthetic_negative,drug_naive,false,
S17-R0-W1,S017,R0,1,80.14911880847292,54.598150033144236,70.38470112581918,L1,synthetic_negative,drug_naive,false,
S17-R1-W0,S017,R1,0,59.295552431681244,54.598150033144236,52.837844912305584,L1,synthetic_negative,drug_naive,false,
S17-R1-W1,S017,R1,1,59.91887571549162,54.598150033144236,52.84522168654176,L1,synthetic_negative,drug_naive,false,
S17-R2-W0,S017,R2,0,61.528075333117435,54.598150033144236,54.21424793049709,L1,synthetic_negative,drug_naive,false,
S17-R2-W1,S017,R2,1,60.76748506623485,54.598150033144236,52.76332337220639,L1,synthetic_negative,drug_naive,false,
S17-R3-W0,S017,R3,0,64.9436852715772,54.598150033144236,57.69610218344732,L1,synthetic_negative,drug_naive,false,
S17-R3-W1,S017,R3,1,66.71341922673923,54.598150033144236,58.675359407336565,L1,synthetic_negative,drug_naive,false,
S17-R4-W0,S017,R4,0,61.73098896160414,54.598150033144236,54.08271102849237,L1,synthetic_negative,drug_naive,false,
S17-R4-W1,S017,R4,1,60.600587432445444,54.598150033144236,53.255044120148916,L1,synthetic_negative,drug_naive,false,
S17-R5-W0,S017,R5,0,75.32292834768145,54.598150033144236,66.47391078779788,L1,synthetic_negative,drug_naive,false,
S17-R5-W1,S017,R5,1,75.21340843108968,54.598150033144236,66.5240419554973,L1,synthetic_negative,drug_naive,false,
S18-R0-W0,S018,R0,0,53.28021804332039,54.598150033144236,47.8068400865574,L1,synthetic_negative,drug_naive,false,
S18-R0-W1,S018,R0,1,52.72020929473284,54.598150033144236,48.37365507882956,L1,synthetic_negative,drug_naive,false,
S18-R1-W0,S018,R1,0,50.62899973646046,54.598150033144236,45.93998007445907,L1,synthetic_negative,drug_naive,false,
S18-R1-W1,S018,R1,1,51.44313976608408,54.598150033144236,46.94764486281908,L1,synthetic_negative,drug_naive,false,
S18-R2-W0,S018,R2,0,60.284210535114255,54.598150033144236,54.44234152395458,L1,synthetic_negative,drug_naive,false,
S18-R2-W1,S018,R2,1,57.341851306284724,54.598150033144236,52.541440737078,L1,synthetic_negative,drug_naive,false,
S18-R3-W0,S018,R3,0,50.441998043911795,54.598150033144236,46.48059758789353,L1,synthetic_negative,drug_naive,false,
S18-R3-W1,S018,R3,1,49.53380010077128,54.598150033144236,45.16957645275017,L1,synthetic_negative,drug_naive,false,
S18-R4-W0,S018,R4,0,55.051626845826284,54.598150033144236,50.23867079814824,L1,synthetic_negative,drug_naive,false,
S18-R4-W1,S018,R4,1,54.516462836784996,54.598150033144236,49.06297429785061,L1,synthetic_negative,drug_naive,false,
S18-R5-W0,S018,R5,0,50.55044829023491,54.598150033144236,46.01193750128677,L1,synthetic_negative,drug_naive,false,
S18-R5-W1,S018,R5,1,51.410243147640095,54.598150033144236,46.68336014469578,L1,synthetic_negative,drug_naive,false,
S19-R0-W0,S019,R0,0,40.94287043405658,54.598150033144236,37.27677818878314,L1,synthetic_negative,drug_naive,false,
S19-R0-W1,S019,R0,1,41.26374800230182,54.598150033144236,37.459534670854644,L1,synthetic_negative,drug_naive,false,
S19-R1-W0,S019,R1,0,51.06065594103398,54.598150033144236,46.235033316819596,L1,synthetic_negative,drug_naive,false,
S19-R1-W1,S019,R1,1,50.94657054256298,54.598150033144236,46.397785915722714,L1,synthetic_negative,drug_naive,false,
S19-R2-W0,S019,R2,0,42.46266173675331,54.598150033144236,38.78619375250109,L1,synthetic_negative,drug_naive,false,
S19-R2-W1,S019,R2,1,41.948269388529866,54.598150033144236,37.686822038618864,L1,synthetic_negative,drug_naive,false,
S19-R3-W0,S019,R3,0,46.92709603559182,54.598150033144236,42.99833024455876,L1,synthetic_negative,drug_naive,false,
S19-R3-W1,S019,R3,1,48.88271902068122,54.598150033144236,44.386318076796805,L1,synthetic_negative,drug_naive,false,
S19-R4-W0,S019,R4,0,52.64676290309166,54.598150033144236,47.755698213906555,L1,synthetic_negative,drug_naive,false,
S19-R4-W1,S019,R4,1,53.53672307292645,54.598150033144236,48.501564352207446,L1,synthetic_negative,drug_naive,false,
S19-R5-W0,S019,R5,0,46.335028032886136,54.598150033144236,42.0074856654206,L1,synthetic_negative,drug_naive,false,
S19-R5-W1,S019,R5,1,46.39111455921633,54.598150033144236,42.170381195505634,L1,synthetic_negative,drug_naive,false,
S20-R0-W0,S020,R0,0,55.37012962224634,54.598150033144236,50.9572758064846,L1,synthetic_negative,drug_naive,false,
S20-R0-W1,S020,R0,1,54.371473652447094,54.598150033144236,50.080132959621494,L1,synthetic_negative,drug_naive,false,
S20-R1-W0,S020,R1,0,52.387312480656675,54.598150033144236,48.267696266445526,L1,synthetic_negative,drug_naive,false,
S20-R1-W1,S020,R1,1,52.67031448660862,54.598150033144236,48.55238638875693,L1,synthetic_negative,drug_naive,false,
S20-R2-W0,S020,R2,0,47.224273438988604,54.598150033144236,43.34817160837495,L1,synthetic_negative,drug_naive,false,
S20-R2-W1,S020,R2,1,46.82187963320644,54.598150033144236,42.713206121012696,L1,synthetic_negative,drug_naive,false,
S20-R3-W0,S020,R3,0,51.00669045043507,54.598150033144236,47.23496643663464,L1,synthetic_negative,drug_naive,false,
S20-R3-W1,S020,R3,1,51.70770087146616,54.598150033144236,47.33578775092003,L1,synthetic_negative,drug_naive,false,
S20-R4-W0,S020,R4,0,49.438467637010405,54.598150033144236,45.412309941916774,L1,synthetic_negative,drug_naive,false,
S20-R4-W1,S020,R4,1,47.90536633302095,54.598150033144236,43.87487665814543,L1,synthetic_negative,drug_naive,false,
S20-R5-W0,S020,R5,0,47.11032653090348,54.598150033144236,43.26635119739547,L1,synthetic_negative,drug_naive,false,
S20-R5-W1,S020,R5,1,45.72617291851165,54.598150033144236,41.52079255753558,L1,synthetic_negative,drug_naive,false,
S21-R0-W0,S021,R0,0,43.54004884438412,54.598150033144236,39.67414807667642,L1,synthetic_negative,drug_naive,false,
S21-R0-W1,S021,R0,1,41.776398885712474,54.598150033144236,38.459327693392524,L1,synthetic_negative,drug_naive,false,
S21-R1-W0,S021,R1,0,46.56394698988563,54.598150033144236,42.92082335577172,L1,synthetic_negative,drug_naive,false,
S21-R1-W1,S021,R1,1,45.13925175029494,54.598150033144236,41.27268924283946,L1,synthetic_negative,drug_naive,false,
S21-R2-W0,S021,R2,0,52.16286533404949,54.598150033144236,47.36485941313006,L1,synthetic_negative,drug_naive,false,
S21-R2-W1,S021,R2,1,51.900243859691635,54.598150033144236,47.52444123011116,L1,synthetic_negative,drug_naive,false,
S21-R3-W0,S021,R3,0,56.88167559111245,54.598150033144236,50.68356680685981,L1,synthetic_negative,drug_naive,false,
S21-R3-W1,S021,R3,1,57.055823833702064,54.598150033144236,52.09218256762273,L1,synthetic_negative,drug_naive,false,
S21-R4-W0,S021,R4,0,47.08624003642084,54.598150033144236,42.45226270377688,L1,synthetic_negative,drug_naive,false,
S21-R4-W1,S021,R4,1,47.749639198323756,54.598150033144236,43.20973924662877,L1,synthetic_negative,drug_naive,false,
S21-R5-W0,S021,R5,0,48.24497734254913,54.598150033144236,43.48458593158598,L1,synthetic_negative,drug_naive,false,
S21-R5-W1,S021,R5,1,47.26862486537593,54.598150033144236,42.665361739154335,L1,synthetic_negative,drug_naive,false,
S22-R0-W0,S022,R0,0,58.544836193429624,54.598150033144236,52.13577135787801,L1,synthetic_negative,drug_naive,false,
S22-R0-W1,S022,R0,1,60.24832022055678,54.598150033144236,53.44674921580719,L1,synthetic_negative,drug_naive,false,
S22-R1-W0,S022,R1,0,61.78239256884839,54.598150033144236,53.894591706274525,L1,synthetic_negative,drug_naive,false,
S22-R1-W1,S022,R1,1,62.20047712634115,54.598150033144236,55.22899436052696,L1,synthetic_negative,drug_naive,false,
S22-R2-W0,S022,R2,0,62.31826157452658,54.598150033144236,55.494672107571304,L1,synthetic_negative,drug_naive,false,
S22-R2-W1,S022,R2,1,62.76674553177384,54.598150033144236,55.49219002054133,L1,synthetic_negative,drug_naive,false,
S22-R3-W0,S022,R3,0,71.10328541724422,54.598150033144236,63.978301409004445,L1,synthetic_negative,drug_naive,false,
S22-R3-W1,S022,R3,1,72.20052568843498,54.598150033144236,63.76895322324451,L1,synthetic_negative,drug_naive,false,
S22-R4-W0,S022,R4,0,59.8874460467803,54.598150033144236,52.97755136463481,L1,synthetic_negative,drug_naive,false,
S22-R4-W1,S022,R4,1,59.01906725752422,54.598150033144236,52.23271697260022,L1,synthetic_negative,drug_naive,false,
S22-R5-W0,S022,R5,0,68.50976606953495,54.598150033144236,60.51252821446552,L1,synthetic_negative,drug_naive,false,
S22-R5-W1,S022,R5,1,68.58490739758362,54.598150033144236,60.46539092555298,L1,synthetic_negative,drug_naive,false,
S23-R0-W0,S023,R0,0,68.61749620545635,54.598150033144236,60.99642497797834,L1,synthetic_negative,drug_naive,false,
S23-R0-W1,S023,R0,1,69.04527178833608,54.598150033144236,61.12204377934276,L1,synthetic_negative,drug_naive,false,
S23-R1-W0,S023,R1,0,66.15624078416002,54.598150033144236,58.755941645040345,L1,synthetic_negative,drug_naive,false,
S23-R1-W1,S023,R1,1,66.52766483824442,54.598150033144236,59.02269945631244,L1,synthetic_negative,drug_naive,false,
S23-R2-W0,S023,R2,0,57.278085276889385,54.598150033144236,50.98924834162558,L1,synthetic_negative,drug_naive,false,
S23-R2-W1,S023,R2,1,58.0773506383509,54.598150033144236,51.17948202435407,L1,synthetic_negative,drug_naive,false,
S23-R3-W0,S023,R3,0,58.26201946517018,54.598150033144236,51.48176810083305,L1,synthetic_negative,drug_naive,false,
S23-R3-W1,S023,R3,1,58.88797975816206,54.598150033144236,52.65560899852296,L1,synthetic_negative,drug_naive,false,
S23-R4-W0,S023,R4,0,60.1489482824437,54.598150033144236,53.377173538661594,L1,synthetic_negative,drug_naive,false,
S23-R4-W1,S023,R4,1,60.23529831539062,54.598150033144236,54.24087578325514,L1,synthetic_negative,drug_naive,false,
S23-R5-W0,S023,R5,0,68.89666657784845,54.598150033144236,61.30730374769552,L1,synthetic_negative,drug_naive,false,
S23-R5-W1,S023,R5,1,67.83550530098674,54.598150033144236,60.37946299356209,L1,synthetic_negative,drug_naive,false,
S24-R0-W0,S024,R0,0,65.46207075748828,54.598150033144236,59.88512183450803,L1,synthetic_negative,drug_naive,false,
S24-R0-W1,S024,R0,1,65.86301359967219,54.598150033144236,59.59155576447216,L1,synthetic_negative,drug_naive,false,
S24-R1-W0,S024,R1,0,51.68332295082641,54.598150033144236,46.9056109112264,L1,synthetic_negative,drug_naive,false,
S24-R1-W1,S024,R1,1,52.18387673406558,54.598150033144236,47.01023299225004,L1,synthetic_negative,drug_naive,false,
S24-R2-W0,S024,R2,0,52.86531617974307,54.598150033144236,48.00325611930406,L1,synthetic_negative,drug_naive,false,
S24-R2-W1,S024,R2,1,52.27584317431991,54.598150033144236,47.3713365468919,L1,synthetic_negative,drug_naive,false,
S24-R3-W0,S024,R3,0,48.46746170326804,54.598150033144236,44.05174943170917,L1,synthetic_negative,drug_naive,false,
S24-R3-W1,S024,R3,1,47.949763215097484,54.598150033144236,43.573351695943956,L1,synthetic_negative,drug_naive,false,
S24-R4-W0,S024,R4,0,58.397031058260836,54.598150033144236,53.00880717428469,L1,synthetic_negative,drug_naive,false,
S24-R4-W1,S024,R4,1,58.041614390760714,54.598150033144236,52.679255662939525,L1,synthetic_negative,drug_naive,false,
S24-R5-W0,S024,R5,0,51.999232177236756,54.598150033144236,47.681814862042486,L1,synthetic_negative,drug_naive,false,
S24-R5-W1,S024,R5,1,50.52862954007267,54.598150033144236,45.90884883627409,L1,synthetic_negative,drug_naive,false,
S25-R0-W0,S025,R0,0,57.3719073831185,54.598150033144236,52.03675610999201,L1,synthetic_negative,drug_naive,false,
S25-R0-W1,S025,R0,1,56.705451010997656,54.598150033144236,51.170868790262865,L1,synthetic_negative,drug_naive,false,
S25-R1-W0,S025,R1,0,54.687793529839105,54.598150033144236,49.12530941105902,L1,synthetic_negative,drug_naive,false,
S25-R1-W1,S025,R1,1,56.95711906084648,54.598150033144236,51.24731464873107,L1,synthetic_negative,drug_naive,false,
S25-R2-W0,S025,R2,0,61.974748930037386,54.598150033144236,55.665463611526285,L1,synthetic_negative,drug_naive,false,
S25-R2-W1,S025,R2,1,61.146132359559864,54.598150033144236,54.867492256195334,L1,synthetic_negative,drug_naive,false,
S25-R3-W0,S025,R3,0,63.38033582917411,54.598150033144236,56.97517683657163,L1,synthetic_negative,drug_naive,false,
S25-R3-W1,S025,R3,1,63.73506227807686,54.598150033144236,57.25759238461998,L1,synthetic_negative,drug_naive,false,
S25-R4-W0,S025,R4,0,43.79111486757327,54.598150033144236,39.239140293309084,L1,synthetic_negative,drug_naive,false,
S25-R4-W1,S025,R4,1,44.39485517008375,54.598150033144236,40.59420582374451,L1,synthetic_negative,drug_naive,false,
S25-R5-W0,S025,R5,0,72.48731002843087,54.598150033144236,65.41868398963796,L1,synthetic_negative,drug_naive,false,
S25-R5-W1,S025,R5,1,74.23161438476222,54.598150033144236,66.96092075076777,L1,synthetic_negative,drug_naive,false,
S26-R0-W0,S026,R0,0,63.7233518602095,54.598150033144236,57.068471065551236,L1,synthetic_negative,drug_naive,false,
S26-R0-W1,S026,R0,1,62.79792877233347,54.598150033144236,55.451906247525685,L1,synthetic_negative,drug_naive,false,
S26-R1-W0,S026,R1,0,68.4760473164086,54.598150033144236,61.114240638864366,L1,synthetic_negative,drug_naive,false,
S26-R1-W1,S026,R1,1,66.79588076557567,54.598150033144236,59.23709205397147,L1,synthetic_negative,drug_naive,false,
S26-R2-W0,S026,R2,0,62.89352944245796,54.598150033144236,55.878020446365426,L1,synthetic_negative,drug_naive,false,
S26-R2-W1,S026,R2,1,63.11151876779483,54.598150033144236,55.44863161487611,L1,synthetic_negative,drug_naive,false,
S26-R3-W0,S026,R3,0,60.26296415037001,54.598150033144236,54.09032030414869,L1,synthetic_negative,drug_naive,false,
S26-R3-W1,S026,R3,1,59.979728410804086,54.598150033144236,53.328606142491005,L1,synthetic_negative,drug_naive,false,
S26-R4-W0,S026,R4,0,54.1043318546462,54.598150033144236,48.14289999454927,L1,synthetic_negative,drug_naive,false,
S26-R4-W1,S026,R4,1,52.82416461192473,54.598150033144236,47.21607679014892,L1,synthetic_negative,drug_naive,false,
S26-R5-W0,S026,R5,0,65.05653127624937,54.598150033144236,57.72945874449087,L1,synthetic_negative,drug_naive,false,
S26-R5-W1,S026,R5,1,62.94276350414593,54.598150033144236,56.27420534924301,L1,synthetic_negative,drug_naive,false,
S27-R0-W0,S027,R0,0,56.1685651768377,54.598150033144236,50.810179486892714,L1,synthetic_negative,drug_naive,false,
S27-R0-W1,S027,R0,1,55.88167904052545,54.598150033144236,49.52390268989223,L1,synthetic_negative,drug_naive,false,
S27-R1-W0,S027,R1,0,76.30464502645015,54.598150033144236,67.49021764901657,L1,synthetic_negative,drug_naive,false,
S27-R1-W1,S027,R1,1,80.26085035536492,54.598150033144236,72.41567059205653,L1,synthetic_negative,drug_naive,false,
S27-R2-W0,S027,R2,0,68.24040940743517,54.598150033144236,60.83847036289363,L1,synthetic_negative,drug_naive,false,
S27-R2-W1,S027,R2,1,65.82803844094856,54.598150033144236,58.64698213794154,L1,synthetic_negative,drug_naive,false,
S27-R3-W0,S027,R3,0,62.61222011648989,54.598150033144236,56.013897415026356,L1,synthetic_negative,drug_naive,false,
S27-R3-W1,S027,R3,1,62.48105159617081,54.598150033144236,55.10786453338838,L1,synthetic_negative,drug_naive,false,
S27-R4-W0,S027,R4,0,53.65130568318277,54.598150033144236,47.56712567453323,L1,synthetic_negative,drug_naive,false,
S27-R4-W1,S027,R4,1,56.33073751577426,54.598150033144236,49.69305629022549,L1,synthetic_negative,drug_naive,false,
S27-R5-W0,S027,R5,0,54.86277919894965,54.598150033144236,48.40955204961469,L1,synthetic_negative,drug_naive,false,
S27-R5-W1,S027,R5,1,56.603788681224046,54.598150033144236,50.21075673653002,L1,synthetic_negative,drug_naive,false,
S28-R0-W0,S028,R0,0,58.53210446680852,54.598150033144236,52.62797375319447,L1,synthetic_negative,drug_naive,false,
S28-R0-W1,S028,R0,1,58.02232554344858,54.598150033144236,51.81267567701524,L1,synthetic_negative,drug_naive,false,
S28-R1-W0,S028,R1,0,51.947915437793085,54.598150033144236,46.83814568467279,L1,synthetic_negative,drug_naive,false,
S28-R1-W1,S028,R1,1,51.582075607330054,54.598150033144236,46.307061649427006,L1,synthetic_negative,drug_naive,false,
S28-R2-W0,S028,R2,0,54.67862141336176,54.598150033144236,48.891084509103976,L1,synthetic_negative,drug_naive,false,
S28-R2-W1,S028,R2,1,54.171153229527064,54.598150033144236,49.06192487594156,L1,synthetic_negative,drug_naive,false,
S28-R3-W0,S028,R3,0,51.39105090412011,54.598150033144236,46.44889227520128,L1,synthetic_negative,drug_naive,false,
S28-R3-W1,S028,R3,1,51.15641674307765,54.598150033144236,46.18670975803423,L1,synthetic_negative,drug_naive,false,
S28-R4-W0,S028,R4,0,41.69551966412734,54.598150033144236,37.851177850539145,L1,synthetic_negative,drug_naive,false,
S28-R4-W1,S028,R4,1,41.27674441429789,54.598150033144236,37.507861398574306,L1,synthetic_negative,drug_naive,false,
S28-R5-W0,S028,R5,0,61.01220693258006,54.598150033144236,54.833324751791906,L1,synthetic_negative,drug_naive,false,
S28-R5-W1,S028,R5,1,60.79536985834233,54.598150033144236,54.76992142042678,L1,synthetic_negative,drug_naive,false,
S29-R0-W0,S029,R0,0,53.77752647411958,54.598150033144236,49.15525191125412,L1,synthetic_negative,drug_naive,false,
S29-R0-W1,S029,R0,1,52.53691611018022,54.598150033144236,48.095514400420214,L1,synthetic_negative,drug_naive,false,
S29-R1-W0,S029,R1,0,48.12167338623768,54.598150033144236,44.184717597797906,L1,synthetic_negative,drug_naive,false,
S29-R1-W1,S029,R1,1,45.812830443275196,54.598150033144236,41.718495106100406,L1,synthetic_negative,drug_naive,false,
S29-R2-W0,S029,R2,0,49.03814514828943,54.598150033144236,44.90273582178257,L1,synthetic_negative,drug_naive,false,
S29-R2-W1,S029,R2,1,51.33922133687967,54.598150033144236,46.9021644374846,L1,synthetic_negative,drug_naive,false,
S29-R3-W0,S029,R3,0,46.06775440994677,54.598150033144236,41.28720096340683,L1,synthetic_negative,drug_naive,false,
S29-R3-W1,S029,R3,1,46.97464311863991,54.598150033144236,42.357462799067065,L1,synthetic_negative,drug_naive,false,
S29-R4-W0,S029,R4,0,49.68244352197293,54.598150033144236,45.17937000622613,L1,synthetic_negative,drug_naive,false,
S29-R4-W1,S029,R4,1,50.361549299087535,54.598150033144236,45.54733353350226,L1,synthetic_negative,drug_naive,false,
S29-R5-W0,S029,R5,0,45.502132173582524,54.598150033144236,41.14345588422293,L1,synthetic_negative,drug_naive,false,
S29-R5-W1,S029,R5,1,44.814668023508894,54.598150033144236,40.60336221941118,L1,synthetic_negative,drug_naive,false,
S30-R0-W0,S030,R0,0,69.07151331477046,54.598150033144236,61.9348483972138,L1,synthetic_negative,drug_naive,false,
S30-R0-W1,S030,R0,1,70.64241438716115,54.598150033144236,62.54498726547639,L1,synthetic_negative,drug_naive,false,
S30-R1-W0,S030,R1,0,59.256569065174986,54.598150033144236,53.18273209780533,L1,synthetic_negative,drug_naive,false,
S30-R1-W1,S030,R1,1,58.23911061650974,54.598150033144236,51.6031945994925,L1,synthetic_negative,drug_naive,false,
S30-R2-W0,S030,R2,0,64.32649251299986,54.598150033144236,57.046092438414,L1,synthetic_negative,drug_naive,false,
S30-R2-W1,S030,R2,1,63.49685940315455,54.598150033144236,56.31679484749532,L1,synthetic_negative,drug_naive,false,
S30-R3-W0,S030,R3,0,59.2225039871302,54.598150033144236,52.34938848763022,L1,synthetic_negative,drug_naive,false,
S30-R3-W1,S030,R3,1,60.04872010013508,54.598150033144236,53.151831391340345,L1,synthetic_negative,drug_naive,false,
S30-R4-W0,S030,R4,0,56.53604561653782,54.598150033144236,49.548110224326116,L1,synthetic_negative,drug_naive,false,
S30-R4-W1,S030,R4,1,58.014338098745256,54.598150033144236,52.304693772222144,L1,synthetic_negative,drug_naive,false,
S30-R5-W0,S030,R5,0,60.08695095478453,54.598150033144236,52.69447977241125,L1,synthetic_negative,drug_naive,false,
S30-R5-W1,S030,R5,1,60.50462437271628,54.598150033144236,53.791939556290096,L1,synthetic_negative,drug_naive,false,
S31-R0-W0,S031,R0,0,59.5142193087731,54.598150033144236,54.19524105081217,L1,synthetic_negative,drug_naive,false,
S31-R0-W1,S031,R0,1,61.02824367333123,54.598150033144236,55.447633871387964,L1,synthetic_negative,drug_naive,false,
S31-R1-W0,S031,R1,0,42.7168901343306,54.598150033144236,38.90544126831687,L1,synthetic_negative,drug_naive,false,
S31-R1-W1,S031,R1,1,43.152640137071536,54.598150033144236,39.37133956511321,L1,synthetic_negative,drug_naive,false,
S31-R2-W0,S031,R2,0,45.25238114103365,54.598150033144236,41.20947646823143,L1,synthetic_negative,drug_naive,false,
S31-R2-W1,S031,R2,1,44.31030695925196,54.598150033144236,40.788337547128684,L1,synthetic_negative,drug_naive,false,
S31-R3-W0,S031,R3,0,45.71404048676506,54.598150033144236,41.847308637310924,L1,synthetic_negative,drug_naive,false,
S31-R3-W1,S031,R3,1,47.280751898882976,54.598150033144236,43.18225530350715,L1,synthetic_negative,drug_naive,false,
S31-R4-W0,S031,R4,0,51.644540357424724,54.598150033144236,47.65847520319279,L1,synthetic_negative,drug_naive,false,
S31-R4-W1,S031,R4,1,51.00788547684226,54.598150033144236,47.03336424701376,L1,synthetic_negative,drug_naive,false,
S31-R5-W0,S031,R5,0,48.025921258593016,54.598150033144236,43.976393019421266,L1,synthetic_negative,drug_naive,false,
S31-R5-W1,S031,R5,1,48.33032840931729,54.598150033144236,43.963509649556016,L1,synthetic_negative,drug_naive,false,
S32-R0-W0,S032,R0,0,47.34634765968847,54.598150033144236,42.82259229473266,L1,synthetic_negative,drug_naive,false,
S32-R0-W1,S032,R0,1,48.02024216706147,54.598150033144236,43.67953133456393,L1,synthetic_negative,drug_naive,false,
S32-R1-W0,S032,R1,0,56.09974534931259,54.598150033144236,50.94184139220698,L1,synthetic_negative,drug_naive,false,
S32-R1-W1,S032,R1,1,55.74778770646415,54.598150033144236,49.910094185332945,L1,synthetic_negative,drug_naive,false,
S32-R2-W0,S032,R2,0,51.93830997846989,54.598150033144236,46.97435434736566,L1,synthetic_negative,drug_naive,false,
S32-R2-W1,S032,R2,1,50.709922892083505,54.598150033144236,45.60756116297463,L1,synthetic_negative,drug_naive,false,
S32-R3-W0,S032,R3,0,47.43101618136024,54.598150033144236,42.75728299982289,L1,synthetic_negative,drug_naive,false,
S32-R3-W1,S032,R3,1,46.19735402728192,54.598150033144236,41.068452002241344,L1,synthetic_negative,drug_naive,false,
S32-R4-W0,S032,R4,0,47.692669334736905,54.598150033144236,43.01145956107117,L1,synthetic_negative,drug_naive,false,
S32-R4-W1,S032,R4,1,48.829101604854,54.598150033144236,44.37177770659132,L1,synthetic_negative,drug_naive,false,
S32-R5-W0,S032,R5,0,50.722958709791115,54.598150033144236,46.11036937202545,L1,synthetic_negative,drug_naive,false,
S32-R5-W1,S032,R5,1,49.4623415423619,54.598150033144236,45.11269367806179,L1,synthetic_negative,drug_naive,false,
S33-R0-W0,S033,R0,0,60.82695216615652,54.598150033144236,53.55680673271513,L1,synthetic_negative,drug_naive,false,
S33-R0-W1,S033,R0,1,60.55986630744114,54.598150033144236,53.95135385881164,L1,synthetic_negative,drug_naive,false,
S33-R1-W0,S033,R1,0,59.04469361840339,54.598150033144236,52.81774540019605,L1,synthetic_negative,drug_naive,false,
S33-R1-W1,S033,R1,1,56.657870253006614,54.598150033144236,50.10283968089848,L1,synthetic_negative,drug_naive,false,
S33-R2-W0,S033,R2,0,57.80589123067858,54.598150033144236,51.34853582841607,L1,synthetic_negative,drug_naive,false,
S33-R2-W1,S033,R2,1,57.36337451662554,54.598150033144236,50.854178321,L1,synthetic_negative,drug_naive,false,
S33-R3-W0,S033,R3,0,62.6684448348761,54.598150033144236,56.61825180274964,L1,synthetic_negative,drug_naive,false,
S33-R3-W1,S033,R3,1,63.21271035677895,54.598150033144236,56.22635369514689,L1,synthetic_negative,drug_naive,false,
S33-R4-W0,S033,R4,0,59.993739554765845,54.598150033144236,52.66319616009766,L1,synthetic_negative,drug_naive,false,
S33-R4-W1,S033,R4,1,59.61312076432776,54.598150033144236,53.36881810444464,L1,synthetic_negative,drug_naive,false,
S33-R5-W0,S033,R5,0,54.31344691422682,54.598150033144236,48.298820512026424,L1,synthetic_negative,drug_naive,false,
S33-R5-W1,S033,R5,1,54.44582703027007,54.598150033144236,48.08088765864447,L1,synthetic_negative,drug_naive,false,
S34-R0-W0,S034,R0,0,70.37740538555188,54.598150033144236,62.95548823763841,L1,synthetic_negative,drug_naive,false,
S34-R0-W1,S034,R0,1,69.44410449046477,54.598150033144236,61.09048203209604,L1,synthetic_negative,drug_naive,false,
S34-R1-W0,S034,R1,0,57.930015994045824,54.598150033144236,51.04259271173026,L1,synthetic_negative,drug_naive,false,
S34-R1-W1,S034,R1,1,58.99778296817171,54.598150033144236,52.00144217637434,L1,synthetic_negative,drug_naive,false,
S34-R2-W0,S034,R2,0,61.593053728441326,54.598150033144236,55.39477606608085,L1,synthetic_negative,drug_naive,false,
S34-R2-W1,S034,R2,1,62.122709654789396,54.598150033144236,54.943390524972784,L1,synthetic_negative,drug_naive,false,
S34-R3-W0,S034,R3,0,70.52485882952631,54.598150033144236,62.48189838517845,L1,synthetic_negative,drug_naive,false,
S34-R3-W1,S034,R3,1,70.61725644954194,54.598150033144236,62.0784385990044,L1,synthetic_negative,drug_naive,false,
S34-R4-W0,S034,R4,0,65.0376472300364,54.598150033144236,57.46075309194575,L1,synthetic_negative,drug_naive,false,
S34-R4-W1,S034,R4,1,64.3342798961375,54.598150033144236,56.45960062178146,L1,synthetic_negative,drug_naive,false,
S34-R5-W0,S034,R5,0,56.404353576913344,54.598150033144236,49.552631429634346,L1,synthetic_negative,drug_naive,false,
S34-R5-W1,S034,R5,1,57.985108823621225,54.598150033144236,50.87743098370079,L1,synthetic_negative,drug_naive,false,
S35-R0-W0,S035,R0,0,55.24110059949143,54.598150033144236,49.648571177993134,L1,synthetic_negative,drug_naive,false,
S35-R0-W1,S035,R0,1,56.55714031703898,54.598150033144236,51.2538295240435,L1,synthetic_negative,drug_naive,false,
S35-R1-W0,S035,R1,0,61.55354286992761,54.598150033144236,55.16163124077734,L1,synthetic_negative,drug_naive,false,
S35-R1-W1,S035,R1,1,61.99968188198453,54.598150033144236,56.91393393051095,L1,synthetic_negative,drug_naive,false,
S35-R2-W0,S035,R2,0,49.892316157822734,54.598150033144236,45.087387125388865,L1,synthetic_negative,drug_naive,false,
S35-R2-W1,S035,R2,1,48.855112100347974,54.598150033144236,44.03842759270764,L1,synthetic_negative,drug_naive,false,
S35-R3-W0,S035,R3,0,49.98228340680458,54.598150033144236,44.554933516559274,L1,synthetic_negative,drug_naive,false,
S35-R3-W1,S035,R3,1,48.05775466635606,54.598150033144236,43.44440392296817,L1,synthetic_negative,drug_naive,false,
S35-R4-W0,S035,R4,0,44.17455706414848,54.598150033144236,39.86538331437512,L1,synthetic_negative,drug_naive,false,
S35-R4-W1,S035,R4,1,44.49098774866096,54.598150033144236,40.24150443642406,L1,synthetic_negative,drug_naive,false,
S35-R5-W0,S035,R5,0,53.030114145953824,54.598150033144236,48.51634542826568,L1,synthetic_negative,drug_naive,false,
S35-R5-W1,S035,R5,1,52.429504501525024,54.598150033144236,47.78410340348636,L1,synthetic_negative,drug_naive,false,
S36-R0-W0,S036,R0,0,52.8598121245738,54.598150033144236,46.506232255906546,L1,synthetic_negative,drug_naive,false,
S36-R0-W1,S036,R0,1,53.37687923943482,54.598150033144236,46.19396189859642,L1,synthetic_negative,drug_naive,false,
S36-R1-W0,S036,R1,0,60.857172021284484,54.598150033144236,54.13910907416775,L1,synthetic_negative,drug_naive,false,
S36-R1-W1,S036,R1,1,61.45067584079688,54.598150033144236,54.35201756081549,L1,synthetic_negative,drug_naive,false,
S36-R2-W0,S036,R2,0,63.8245238676316,54.598150033144236,56.546677467812245,L1,synthetic_negative,drug_naive,false,
S36-R2-W1,S036,R2,1,65.40156980152443,54.598150033144236,58.15660457302052,L1,synthetic_negative,drug_naive,false,
S36-R3-W0,S036,R3,0,50.05010458607524,54.598150033144236,44.25050110076566,L1,synthetic_negative,drug_naive,false,
S36-R3-W1,S036,R3,1,49.67201230790962,54.598150033144236,43.570546237747585,L1,synthetic_negative,drug_naive,false,
S36-R4-W0,S036,R4,0,59.508502810919786,54.598150033144236,52.38115821792745,L1,synthetic_negative,drug_naive,false,
S36-R4-W1,S036,R4,1,61.1954617183387,54.598150033144236,54.13955036217343,L1,synthetic_negative,drug_naive,false,
S36-R5-W0,S036,R5,0,80.60644683234378,54.598150033144236,70.90279831637676,L1,synthetic_negative,drug_naive,false,
S36-R5-W1,S036,R5,1,79.71309743577947,54.598150033144236,69.8596812724402,L1,synthetic_negative,drug_naive,false,
S37-R0-W0,S037,R0,0,46.89008248900671,54.598150033144236,42.245961502750475,L1,synthetic_negative,drug_naive,false,
S37-R0-W1,S037,R0,1,47.57015402709149,54.598150033144236,43.14204017891838,L1,synthetic_negative,drug_naive,false,
S37-R1-W0,S037,R1,0,46.10822873468666,54.598150033144236,41.795991014745944,L1,synthetic_negative,drug_naive,false,
S37-R1-W1,S037,R1,1,46.62440106250358,54.598150033144236,42.60514166621478,L1,synthetic_negative,drug_naive,false,
S37-R2-W0,S037,R2,0,61.6343454722991,54.598150033144236,55.70144079340834,L1,synthetic_negative,drug_naive,false,
S37-R2-W1,S037,R2,1,62.393877313146966,54.598150033144236,56.06650647029027,L1,synthetic_negative,drug_naive,false,
S37-R3-W0,S037,R3,0,48.5290145729455,54.598150033144236,44.11420890752758,L1,synthetic_negative,drug_naive,false,
S37-R3-W1,S037,R3,1,49.261934508138324,54.598150033144236,44.31906855352852,L1,synthetic_negative,drug_naive,false,
S37-R4-W0,S037,R4,0,49.69371703973388,54.598150033144236,45.18353433095611,L1,synthetic_negative,drug_naive,false,
S37-R4-W1,S037,R4,1,49.1689219561614,54.598150033144236,44.22411902343015,L1,synthetic_negative,drug_naive,false,
S37-R5-W0,S037,R5,0,54.503581324624285,54.598150033144236,49.72757153614247,L1,synthetic_negative,drug_naive,false,
S37-R5-W1,S037,R5,1,54.82650474708637,54.598150033144236,49.231575048134566,L1,synthetic_negative,drug_naive,false,
S38-R0-W0,S038,R0,0,45.31400851243615,54.598150033144236,41.54316662945961,L1,synthetic_negative,drug_naive,false,
S38-R0-W1,S038,R0,1,44.23994051802024,54.598150033144236,40.353179531527715,L1,synthetic_negative,drug_naive,false,
S38-R1-W0,S038,R1,0,43.03392630854849,54.598150033144236,38.999384585916324,L1,synthetic_negative,drug_naive,false,
S38-R1-W1,S038,R1,1,41.76017990735891,54.598150033144236,38.4127550641074,L1,synthetic_negative,drug_naive,false,
S38-R2-W0,S038,R2,0,53.59082516437847,54.598150033144236,48.798013922910776,L1,synthetic_negative,drug_naive,false,
S38-R2-W1,S038,R2,1,52.597894257784894,54.598150033144236,48.260175067557135,L1,synthetic_negative,drug_naive,false,
S38-R3-W0,S038,R3,0,49.0983233229217,54.598150033144236,44.19721631718906,L1,synthetic_negative,drug_naive,false,
S38-R3-W1,S038,R3,1,49.51047453803323,54.598150033144236,44.610374655121596,L1,synthetic_negative,drug_naive,false,
S38-R4-W0,S038,R4,0,45.903905224541454,54.598150033144236,41.844812310838925,L1,synthetic_negative,drug_naive,false,
S38-R4-W1,S038,R4,1,45.7139729847907,54.598150033144236,41.6191875663655,L1,synthetic_negative,drug_naive,false,
S38-R5-W0,S038,R5,0,45.66902102544274,54.598150033144236,41.323603371745214,L1,synthetic_negative,drug_naive,false,
S38-R5-W1,S038,R5,1,45.80206013346661,54.598150033144236,41.36998607148123,L1,synthetic_negative,drug_naive,false,
S39-R0-W0,S039,R0,0,78.26872215151245,54.598150033144236,68.84562592651193,L1,synthetic_negative,drug_naive,false,
S39-R0-W1,S039,R0,1,75.43180163170273,54.598150033144236,66.07769041003627,L1,synthetic_negative,drug_naive,false,
S39-R1-W0,S039,R1,0,58.54386736463501,54.598150033144236,51.33516949449245,L1,synthetic_negative,drug_naive,false,
S39-R1-W1,S039,R1,1,60.40079509420354,54.598150033144236,53.37652419052497,L1,synthetic_negative,drug_naive,false,
S39-R2-W0,S039,R2,0,58.97068265841205,54.598150033144236,52.24475638305764,L1,synthetic_negative,drug_naive,false,
S39-R2-W1,S039,R2,1,57.85980296785482,54.598150033144236,51.35224798894618,L1,synthetic_negative,drug_naive,false,
S39-R3-W0,S039,R3,0,77.1179163868203,54.598150033144236,68.29772840281932,L1,synthetic_negative,drug_naive,false,
S39-R3-W1,S039,R3,1,74.92329312095629,54.598150033144236,65.39515153107756,L1,synthetic_negative,drug_naive,false,
S39-R4-W0,S039,R4,0,66.33744316302703,54.598150033144236,57.85137401491361,L1,synthetic_negative,drug_naive,false,
S39-R4-W1,S039,R4,1,66.71498219372164,54.598150033144236,58.1981152706744,L1,synthetic_negative,drug_naive,false,
S39-R5-W0,S039,R5,0,71.71956629110204,54.598150033144236,63.064772987204584,L1,synthetic_negative,drug_naive,false,
S39-R5-W1,S039,R5,1,72.52055723993982,54.598150033144236,63.98565387650666,L1,synthetic_negative,drug_naive,false,
S40-R0-W0,S040,R0,0,49.68778782883473,54.598150033144236,44.64999876609314,L1,synthetic_negative,drug_naive,false,
S40-R0-W1,S040,R0,1,48.492913137809495,54.598150033144236,43.79843423207831,L1,synthetic_negative,drug_naive,false,
S40-R1-W0,S040,R1,0,56.74733558449334,54.598150033144236,51.435387853685945,L1,synthetic_negative,drug_naive,false,
S40-R1-W1,S040,R1,1,55.14936775230003,54.598150033144236,50.4156147312316,L1,synthetic_negative,drug_naive,false,
S40-R2-W0,S040,R2,0,47.97719195988185,54.598150033144236,43.04776333032476,L1,synthetic_negative,drug_naive,false,
S40-R2-W1,S040,R2,1,47.46937350671157,54.598150033144236,42.8487933396779,L1,synthetic_negative,drug_naive,false,
S40-R3-W0,S040,R3,0,51.82555640959964,54.598150033144236,46.62211995504491,L1,synthetic_negative,drug_naive,false,
S40-R3-W1,S040,R3,1,52.24569285432418,54.598150033144236,47.08812126580583,L1,synthetic_negative,drug_naive,false,
S40-R4-W0,S040,R4,0,57.450659185937276,54.598150033144236,51.59554905019198,L1,synthetic_negative,drug_naive,false,
S40-R4-W1,S040,R4,1,59.04135757978805,54.598150033144236,53.217442823528856,L1,synthetic_negative,drug_naive,false,
S40-R5-W0,S040,R5,0,65.17675959635699,54.598150033144236,59.066960205445746,L1,synthetic_negative,drug_naive,false,
S40-R5-W1,S040,R5,1,66.06158521879738,54.598150033144236,59.223823096029236,L1,synthetic_negative,drug_naive,false,
S41-R0-W0,S041,R0,0,67.8867021079027,54.598150033144236,60.38752353615206,L1,synthetic_negative,drug_naive,false,
S41-R0-W1,S041,R0,1,67.18065809910996,54.598150033144236,59.5315832294225,L1,synthetic_negative,drug_naive,false,
S41-R1-W0,S041,R1,0,63.73504432016805,54.598150033144236,57.3800270955237,L1,synthetic_negative,drug_naive,false,
S41-R1-W1,S041,R1,1,64.65947382260357,54.598150033144236,57.48080412509525,L1,synthetic_negative,drug_naive,false,
S41-R2-W0,S041,R2,0,65.40558777124073,54.598150033144236,57.893752392880266,L1,synthetic_negative,drug_naive,false,
S41-R2-W1,S041,R2,1,64.09971269760563,54.598150033144236,56.21145156331677,L1,synthetic_negative,drug_naive,false,
S41-R3-W0,S041,R3,0,63.67852790225127,54.598150033144236,55.89222232643692,L1,synthetic_negative,drug_naive,false,
S41-R3-W1,S041,R3,1,65.76168588027306,54.598150033144236,58.74105345192693,L1,synthetic_negative,drug_naive,false,
S41-R4-W0,S041,R4,0,68.86608233430435,54.598150033144236,60.652869358849756,L1,synthetic_negative,drug_naive,false,
S41-R4-W1,S041,R4,1,68.26295896120023,54.598150033144236,60.90193877027934,L1,synthetic_negative,drug_naive,false,
S41-R5-W0,S041,R5,0,71.73743261890849,54.598150033144236,64.02027551753356,L1,synthetic_negative,drug_naive,false,
S41-R5-W1,S041,R5,1,74.25439662593323,54.598150033144236,65.83146279458668,L1,synthetic_negative,drug_naive,false,
S42-R0-W0,S042,R0,0,33.57855440366727,54.598150033144236,31.866956427408873,L1,synthetic_negative,drug_naive,false,
S42-R0-W1,S042,R0,1,34.36495126660255,54.598150033144236,32.81241983265216,L1,synthetic_negative,drug_naive,false,
S42-R1-W0,S042,R1,0,37.18225996022229,54.598150033144236,35.22036298004226,L1,synthetic_negative,drug_naive,false,
S42-R1-W1,S042,R1,1,38.40792468544763,54.598150033144236,36.34286141240492,L1,synthetic_negative,drug_naive,false,
S42-R2-W0,S042,R2,0,34.28413499725362,54.598150033144236,32.388585889198396,L1,synthetic_negative,drug_naive,false,
S42-R2-W1,S042,R2,1,33.613120601385404,54.598150033144236,31.453229392586458,L1,synthetic_negative,drug_naive,false,
S42-R3-W0,S042,R3,0,33.522639112362825,54.598150033144236,31.671829936316737,L1,synthetic_negative,drug_naive,false,
S42-R3-W1,S042,R3,1,33.68823418599097,54.598150033144236,31.627447750822476,L1,synthetic_negative,drug_naive,false,
S42-R4-W0,S042,R4,0,31.925817708211095,54.598150033144236,30.180628930504,L1,synthetic_negative,drug_naive,false,
S42-R4-W1,S042,R4,1,33.17751124816427,54.598150033144236,31.196493477180017,L1,synthetic_negative,drug_naive,false,
S42-R5-W0,S042,R5,0,34.820625461697865,54.598150033144236,32.8070240493842,L1,synthetic_negative,drug_naive,false,
S42-R5-W1,S042,R5,1,34.58606143629974,54.598150033144236,32.21876980075643,L1,synthetic_negative,drug_naive,false,
S43-R0-W0,S043,R0,0,47.392746201091725,54.598150033144236,43.14585450574781,L1,synthetic_negative,drug_naive,false,
S43-R0-W1,S043,R0,1,47.03424803719497,54.598150033144236,42.80081307590448,L1,synthetic_negative,drug_naive,false,
S43-R1-W0,S043,R1,0,51.834092701978406,54.598150033144236,47.83061688397238,L1,synthetic_negative,drug_naive,false,
S43-R1-W1,S043,R1,1,51.64825408121584,54.598150033144236,47.1868742851004,L1,synthetic_negative,drug_naive,false,
S43-R2-W0,S043,R2,0,47.98983548265025,54.598150033144236,44.33595203100215,L1,synthetic_negative,drug_naive,false,
S43-R2-W1,S043,R2,1,47.01073646397114,54.598150033144236,42.95907970913773,L1,synthetic_negative,drug_naive,false,
S43-R3-W0,S043,R3,0,45.46970388696136,54.598150033144236,42.02695510521715,L1,synthetic_negative,drug_naive,false,
S43-R3-W1,S043,R3,1,45.61936619846191,54.598150033144236,41.42450278110519,L1,synthetic_negative,drug_naive,false,
S43-R4-W0,S043,R4,0,55.825641660969026,54.598150033144236,50.40501405950331,L1,synthetic_negative,drug_naive,false,
S43-R4-W1,S043,R4,1,55.511056368806294,54.598150033144236,51.24750768231571,L1,synthetic_negative,drug_naive,false,
S43-R5-W0,S043,R5,0,49.290022766528274,54.598150033144236,45.57401873395589,L1,synthetic_negative,drug_naive,false,
S43-R5-W1,S043,R5,1,48.37771471497178,54.598150033144236,44.30053349768801,L1,synthetic_negative,drug_naive,false,
S44-R0-W0,S044,R0,0,41.2258833371271,54.598150033144236,37.78985657704523,L1,synthetic_negative,drug_naive,false,
S44-R0-W1,S044,R0,1,39.88633608762563,54.598150033144236,36.91661043925093,L1,synthetic_negative,drug_naive,false,
S44-R1-W0,S044,R1,0,39.79012268071529,54.598150033144236,36.63300845021538,L1,synthetic_negative,drug_naive,false,
S44-R1-W1,S044,R1,1,40.52579142190718,54.598150033144236,37.32351138583614,L1,synthetic_negative,drug_naive,false,
S44-R2-W0,S044,R2,0,49.11867278049652,54.598150033144236,45.596456656929256,L1,synthetic_negative,drug_naive,false,
S44-R2-W1,S044,R2,1,48.34494425915836,54.598150033144236,44.82567989724887,L1,synthetic_negative,drug_naive,false,
S44-R3-W0,S044,R3,0,43.73199310441657,54.598150033144236,40.88225712644784,L1,synthetic_negative,drug_naive,false,
S44-R3-W1,S044,R3,1,43.66413384464384,54.598150033144236,40.113222016535175,L1,synthetic_negative,drug_naive,false,
S44-R4-W0,S044,R4,0,42.78490512357292,54.598150033144236,39.32568949851179,L1,synthetic_negative,drug_naive,false,
S44-R4-W1,S044,R4,1,40.892316695279774,54.598150033144236,37.73660878319886,L1,synthetic_negative,drug_naive,false,
S44-R5-W0,S044,R5,0,46.07235223386626,54.598150033144236,42.648442374248276,L1,synthetic_negative,drug_naive,false,
S44-R5-W1,S044,R5,1,47.51005329588121,54.598150033144236,43.50263323496072,L1,synthetic_negative,drug_naive,false,
S45-R0-W0,S045,R0,0,49.10474411159869,54.598150033144236,44.73038401204596,L1,synthetic_negative,drug_naive,false,
S45-R0-W1,S045,R0,1,48.7812252742468,54.598150033144236,44.80868875948755,L1,synthetic_negative,drug_naive,false,
S45-R1-W0,S045,R1,0,48.543072706339785,54.598150033144236,44.045765732216665,L1,synthetic_negative,drug_naive,false,
S45-R1-W1,S045,R1,1,48.8483396103089,54.598150033144236,44.01387365154781,L1,synthetic_negative,drug_naive,false,
S45-R2-W0,S045,R2,0,53.50938193940577,54.598150033144236,48.239510833564985,L1,synthetic_negative,drug_naive,false,
S45-R2-W1,S045,R2,1,53.0286996360551,54.598150033144236,47.72739914842353,L1,synthetic_negative,drug_naive,false,
S45-R3-W0,S045,R3,0,50.871367794351954,54.598150033144236,46.35196030202647,L1,synthetic_negative,drug_naive,false,
S45-R3-W1,S045,R3,1,51.81654998472288,54.598150033144236,46.817617829094196,L1,synthetic_negative,drug_naive,false,
S45-R4-W0,S045,R4,0,48.491659267979784,54.598150033144236,43.99397965820611,L1,synthetic_negative,drug_naive,false,
S45-R4-W1,S045,R4,1,49.5332514195941,54.598150033144236,44.37046373976225,L1,synthetic_negative,drug_naive,false,
S45-R5-W0,S045,R5,0,54.40466864559091,54.598150033144236,49.52085854815365,L1,synthetic_negative,drug_naive,false,
S45-R5-W1,S045,R5,1,55.45697375345236,54.598150033144236,50.60471134800874,L1,synthetic_negative,drug_naive,false,
S46-R0-W0,S046,R0,0,41.59359307450061,54.598150033144236,38.368671681604084,L1,synthetic_negative,drug_naive,false,
S46-R0-W1,S046,R0,1,42.25383833859071,54.598150033144236,38.883471567059345,L1,synthetic_negative,drug_naive,false,
S46-R1-W0,S046,R1,0,42.87393807421688,54.598150033144236,39.12161033030756,L1,synthetic_negative,drug_naive,false,
S46-R1-W1,S046,R1,1,42.81703601561069,54.598150033144236,39.2696589975065,L1,synthetic_negative,drug_naive,false,
S46-R2-W0,S046,R2,0,44.6602913689149,54.598150033144236,40.93477357815064,L1,synthetic_negative,drug_naive,false,
S46-R2-W1,S046,R2,1,43.515164506237255,54.598150033144236,39.872675440766756,L1,synthetic_negative,drug_naive,false,
S46-R3-W0,S046,R3,0,46.399413493600676,54.598150033144236,42.440877519941594,L1,synthetic_negative,drug_naive,false,
S46-R3-W1,S046,R3,1,46.72940821881073,54.598150033144236,42.751736403919075,L1,synthetic_negative,drug_naive,false,
S46-R4-W0,S046,R4,0,49.74396176930418,54.598150033144236,46.14946331537891,L1,synthetic_negative,drug_naive,false,
S46-R4-W1,S046,R4,1,49.75480154117494,54.598150033144236,46.075751902206804,L1,synthetic_negative,drug_naive,false,
S46-R5-W0,S046,R5,0,39.775596755866786,54.598150033144236,36.39162524362539,L1,synthetic_negative,drug_naive,false,
S46-R5-W1,S046,R5,1,40.270980945559415,54.598150033144236,36.97539323041171,L1,synthetic_negative,drug_naive,false,
S47-R0-W0,S047,R0,0,67.09291201266677,54.598150033144236,59.57710100343979,L1,synthetic_negative,drug_naive,false,
S47-R0-W1,S047,R0,1,68.64296585967793,54.598150033144236,60.06839765594351,L1,synthetic_negative,drug_naive,false,
S47-R1-W0,S047,R1,0,64.38489183580558,54.598150033144236,56.807654363643394,L1,synthetic_negative,drug_naive,false,
S47-R1-W1,S047,R1,1,64.5173705728958,54.598150033144236,57.25008828848272,L1,synthetic_negative,drug_naive,false,
S47-R2-W0,S047,R2,0,64.33164349413067,54.598150033144236,56.17024526015735,L1,synthetic_negative,drug_naive,false,
S47-R2-W1,S047,R2,1,63.66968384270715,54.598150033144236,55.46078001640809,L1,synthetic_negative,drug_naive,false,
S47-R3-W0,S047,R3,0,69.13643531187147,54.598150033144236,61.63893479684802,L1,synthetic_negative,drug_naive,false,
S47-R3-W1,S047,R3,1,69.85635464603668,54.598150033144236,62.27240192438662,L1,synthetic_negative,drug_naive,false,
S47-R4-W0,S047,R4,0,66.41599145964086,54.598150033144236,59.36539658952169,L1,synthetic_negative,drug_naive,false,
S47-R4-W1,S047,R4,1,66.05906510083474,54.598150033144236,58.88712356523218,L1,synthetic_negative,drug_naive,false,
S47-R5-W0,S047,R5,0,52.51592316902132,54.598150033144236,47.02311800590479,L1,synthetic_negative,drug_naive,false,
S47-R5-W1,S047,R5,1,55.442594996980226,54.598150033144236,49.048361500674126,L1,synthetic_negative,drug_naive,false,
S48-R0-W0,S048,R0,0,51.528681652352205,54.598150033144236,46.91134955041219,L1,synthetic_negative,drug_naive,false,
S48-R0-W1,S048,R0,1,51.872919182414535,54.598150033144236,47.108995647180244,L1,synthetic_negative,drug_naive,false,
S48-R1-W0,S048,R1,0,53.77576247978451,54.598150033144236,49.05367331158719,L1,synthetic_negative,drug_naive,false,
S48-R1-W1,S048,R1,1,53.74326885313552,54.598150033144236,48.51432496765181,L1,synthetic_negative,drug_naive,false,
S48-R2-W0,S048,R2,0,41.50732414653466,54.598150033144236,37.915640600248565,L1,synthetic_negative,drug_naive,false,
S48-R2-W1,S048,R2,1,42.00359980103848,54.598150033144236,38.51790471401785,L1,synthetic_negative,drug_naive,false,
S48-R3-W0,S048,R3,0,50.748728187780614,54.598150033144236,46.64395546174539,L1,synthetic_negative,drug_naive,false,
S48-R3-W1,S048,R3,1,52.14154338258306,54.598150033144236,47.398734952779485,L1,synthetic_negative,drug_naive,false,
S48-R4-W0,S048,R4,0,47.66736888900918,54.598150033144236,43.55783423361515,L1,synthetic_negative,drug_naive,false,
S48-R4-W1,S048,R4,1,49.93591089883786,54.598150033144236,45.89034799022196,L1,synthetic_negative,drug_naive,false,
S48-R5-W0,S048,R5,0,55.04417188505304,54.598150033144236,49.86873003463761,L1,synthetic_negative,drug_naive,false,
S48-R5-W1,S048,R5,1,54.40243920426338,54.598150033144236,49.906447767894335,L1,synthetic_negative,drug_naive,false,
S49-R0-W0,S049,R0,0,47.36576911280244,54.598150033144236,43.838659907105594,L1,synthetic_negative,drug_naive,false,
S49-R0-W1,S049,R0,1,47.312747866419485,54.598150033144236,43.588090632301515,L1,synthetic_negative,drug_naive,false,
S49-R1-W0,S049,R1,0,44.395524571654654,54.598150033144236,40.987505256803225,L1,synthetic_negative,drug_naive,false,
S49-R1-W1,S049,R1,1,44.763649042265136,54.598150033144236,40.86538350570327,L1,synthetic_negative,drug_naive,false,
S49-R2-W0,S049,R2,0,45.72909393985343,54.598150033144236,41.989555719290365,L1,synthetic_negative,drug_naive,false,
S49-R2-W1,S049,R2,1,45.59343295921117,54.598150033144236,41.27275481026742,L1,synthetic_negative,drug_naive,false,
S49-R3-W0,S049,R3,0,44.91759399085014,54.598150033144236,41.16231531794045,L1,synthetic_negative,drug_naive,false,
S49-R3-W1,S049,R3,1,45.40010705958734,54.598150033144236,41.346115511364204,L1,synthetic_negative,drug_naive,false,
S49-R4-W0,S049,R4,0,52.55235321543403,54.598150033144236,47.60542132380638,L1,synthetic_negative,drug_naive,false,
S49-R4-W1,S049,R4,1,51.62792368921981,54.598150033144236,47.30887738167149,L1,synthetic_negative,drug_naive,false,
S49-R5-W0,S049,R5,0,47.691992851562425,54.598150033144236,43.308299834019046,L1,synthetic_negative,drug_naive,false,
S49-R5-W1,S049,R5,1,47.602597150076875,54.598150033144236,43.54731249213468,L1,synthetic_negative,drug_naive,false,
S50-R0-W0,S050,R0,0,48.27835761704522,54.598150033144236,43.33112051732762,L1,synthetic_negative,drug_naive,false,
S50-R0-W1,S050,R0,1,48.237277652855816,54.598150033144236,44.10091188054912,L1,synthetic_negative,drug_naive,false,
S50-R1-W0,S050,R1,0,47.1537950752998,54.598150033144236,42.50150675485397,L1,synthetic_negative,drug_naive,false,
S50-R1-W1,S050,R1,1,47.12522122965176,54.598150033144236,42.527379053545616,L1,synthetic_negative,drug_naive,false,
S50-R2-W0,S050,R2,0,53.3549542145243,54.598150033144236,48.1304810819249,L1,synthetic_negative,drug_naive,false,
S50-R2-W1,S050,R2,1,53.12881002445309,54.598150033144236,48.348583614713306,L1,synthetic_negative,drug_naive,false,
S50-R3-W0,S050,R3,0,55.9327202533443,54.598150033144236,50.42372106039983,L1,synthetic_negative,drug_naive,false,
S50-R3-W1,S050,R3,1,56.70506910836143,54.598150033144236,51.65162054422158,L1,synthetic_negative,drug_naive,false,
S50-R4-W0,S050,R4,0,46.870686457171594,54.598150033144236,42.50723069410245,L1,synthetic_negative,drug_naive,false,
S50-R4-W1,S050,R4,1,45.92797000191614,54.598150033144236,41.804927619060756,L1,synthetic_negative,drug_naive,false,
S50-R5-W0,S050,R5,0,50.44045751890058,54.598150033144236,45.876088255945234,L1,synthetic_negative,drug_naive,false,
S50-R5-W1,S050,R5,1,49.97160187129502,54.598150033144236,45.219347665700724,L1,synthetic_negative,drug_naive,false,
S51-R0-W0,S051,R0,0,53.11161705047045,54.598150033144236,47.8814732872362,L1,synthetic_negative,drug_naive,false,
S51-R0-W1,S051,R0,1,54.512899524836556,54.598150033144236,49.74622028948645,L1,synthetic_negative,drug_naive,false,
S51-R1-W0,S051,R1,0,56.67750534388273,54.598150033144236,50.556766910102624,L1,synthetic_negative,drug_naive,false,
S51-R1-W1,S051,R1,1,57.597314161572946,54.598150033144236,52.224438105117486,L1,synthetic_negative,drug_naive,false,
S51-R2-W0,S051,R2,0,50.95793571963825,54.598150033144236,46.32469933075936,L1,synthetic_negative,drug_naive,false,
S51-R2-W1,S051,R2,1,49.557728807108454,54.598150033144236,44.960208409583736,L1,synthetic_negative,drug_naive,false,
S51-R3-W0,S051,R3,0,45.80965796085973,54.598150033144236,41.309422130774784,L1,synthetic_negative,drug_naive,false,
S51-R3-W1,S051,R3,1,46.6463501885648,54.598150033144236,42.15844249381734,L1,synthetic_negative,drug_naive,false,
S51-R4-W0,S051,R4,0,53.13144200621197,54.598150033144236,48.07202037020851,L1,synthetic_negative,drug_naive,false,
S51-R4-W1,S051,R4,1,53.558900991539645,54.598150033144236,48.352866284999294,L1,synthetic_negative,drug_naive,false,
S51-R5-W0,S051,R5,0,48.461923791299114,54.598150033144236,44.325802150720385,L1,synthetic_negative,drug_naive,false,
S51-R5-W1,S051,R5,1,49.631121465411844,54.598150033144236,44.88023434990279,L1,synthetic_negative,drug_naive,false,
S52-R0-W0,S052,R0,0,43.970574621817796,54.598150033144236,40.46178327921676,L1,synthetic_negative,drug_naive,false,
S52-R0-W1,S052,R0,1,44.302615526248964,54.598150033144236,40.6485922718046,L1,synthetic_negative,drug_naive,false,
S52-R1-W0,S052,R1,0,37.56398761473129,54.598150033144236,34.72111996280542,L1,synthetic_negative,drug_naive,false,
S52-R1-W1,S052,R1,1,37.803938471967136,54.598150033144236,34.742688163941665,L1,synthetic_negative,drug_naive,false,
S52-R2-W0,S052,R2,0,49.07069656271017,54.598150033144236,45.59859939216554,L1,synthetic_negative,drug_naive,false,
S52-R2-W1,S052,R2,1,48.03668244460122,54.598150033144236,43.6142312394275,L1,synthetic_negative,drug_naive,false,
S52-R3-W0,S052,R3,0,47.37265091283764,54.598150033144236,43.60320181203919,L1,synthetic_negative,drug_naive,false,
S52-R3-W1,S052,R3,1,47.95941746082559,54.598150033144236,43.73362564338465,L1,synthetic_negative,drug_naive,false,
S52-R4-W0,S052,R4,0,44.06014599617625,54.598150033144236,39.840474110051375,L1,synthetic_negative,drug_naive,false,
S52-R4-W1,S052,R4,1,43.07213320466956,54.598150033144236,39.343642245820206,L1,synthetic_negative,drug_naive,false,
S52-R5-W0,S052,R5,0,40.24448001039061,54.598150033144236,36.790182539421224,L1,synthetic_negative,drug_naive,false,
S52-R5-W1,S052,R5,1,41.74697646018407,54.598150033144236,37.95560880912395,L1,synthetic_negative,drug_naive,false,
S53-R0-W0,S053,R0,0,53.745980503059975,54.598150033144236,47.97275889117076,L1,synthetic_negative,drug_naive,false,
S53-R0-W1,S053,R0,1,51.270414435770796,54.598150033144236,45.756328515476206,L1,synthetic_negative,drug_naive,false,
S53-R1-W0,S053,R1,0,61.43665233601761,54.598150033144236,55.040379657729765,L1,synthetic_negative,drug_naive,false,
S53-R1-W1,S053,R1,1,59.82808563033216,54.598150033144236,53.96874209009522,L1,synthetic_negative,drug_naive,false,
S53-R2-W0,S053,R2,0,58.37708518810346,54.598150033144236,51.582801030899454,L1,synthetic_negative,drug_naive,false,
S53-R2-W1,S053,R2,1,58.84615108860517,54.598150033144236,52.299075977611416,L1,synthetic_negative,drug_naive,false,
S53-R3-W0,S053,R3,0,58.055590878946944,54.598150033144236,52.164482652620364,L1,synthetic_negative,drug_naive,false,
S53-R3-W1,S053,R3,1,60.011610935912664,54.598150033144236,54.11401342237809,L1,synthetic_negative,drug_naive,false,
S53-R4-W0,S053,R4,0,52.51322844525931,54.598150033144236,46.70696963019859,L1,synthetic_negative,drug_naive,false,
S53-R4-W1,S053,R4,1,52.7330475203947,54.598150033144236,47.53213478833831,L1,synthetic_negative,drug_naive,false,
S53-R5-W0,S053,R5,0,48.61121826962711,54.598150033144236,44.40975736254093,L1,synthetic_negative,drug_naive,false,
S53-R5-W1,S053,R5,1,47.81571139447431,54.598150033144236,43.494977448404185,L1,synthetic_negative,drug_naive,false,
S54-R0-W0,S054,R0,0,68.33760900846005,54.598150033144236,61.37955491567149,L1,synthetic_negative,drug_naive,false,
S54-R0-W1,S054,R0,1,69.50135879213613,54.598150033144236,62.99835198474826,L1,synthetic_negative,drug_naive,false,
S54-R1-W0,S054,R1,0,53.120828057893185,54.598150033144236,47.31300068921272,L1,synthetic_negative,drug_naive,false,
S54-R1-W1,S054,R1,1,53.66010053246416,54.598150033144236,47.14833089015124,L1,synthetic_negative,drug_naive,false,
S54-R2-W0,S054,R2,0,55.89179121208095,54.598150033144236,49.600713656098584,L1,synthetic_negative,drug_naive,false,
S54-R2-W1,S054,R2,1,56.65493262763914,54.598150033144236,49.79945238140245,L1,synthetic_negative,drug_naive,false,
S54-R3-W0,S054,R3,0,54.48893361527604,54.598150033144236,48.933472317156856,L1,synthetic_negative,drug_naive,false,
S54-R3-W1,S054,R3,1,55.36888516090467,54.598150033144236,49.86046118668008,L1,synthetic_negative,drug_naive,false,
S54-R4-W0,S054,R4,0,63.48282631187338,54.598150033144236,56.23741228747287,L1,synthetic_negative,drug_naive,false,
S54-R4-W1,S054,R4,1,63.71618822859177,54.598150033144236,56.61961259126244,L1,synthetic_negative,drug_naive,false,
S54-R5-W0,S054,R5,0,59.713820183754365,54.598150033144236,53.02829302849883,L1,synthetic_negative,drug_naive,false,
S54-R5-W1,S054,R5,1,59.16552382631866,54.598150033144236,53.28066666926279,L1,synthetic_negative,drug_naive,false,
S55-R0-W0,S055,R0,0,52.47513448494112,54.598150033144236,47.23140528632084,L1,synthetic_negative,drug_naive,false,
S55-R0-W1,S055,R0,1,51.52833622071056,54.598150033144236,46.71124531065133,L1,synthetic_negative,drug_naive,false,
S55-R1-W0,S055,R1,0,49.819583353745,54.598150033144236,45.90294072025352,L1,synthetic_negative,drug_naive,false,
S55-R1-W1,S055,R1,1,51.43761636888953,54.598150033144236,46.258920416926046,L1,synthetic_negative,drug_naive,false,
S55-R2-W0,S055,R2,0,51.69172845203891,54.598150033144236,46.68619827469534,L1,synthetic_negative,drug_naive,false,
S55-R2-W1,S055,R2,1,53.53939886548329,54.598150033144236,48.01204505309976,L1,synthetic_negative,drug_naive,false,
S55-R3-W0,S055,R3,0,46.709932083454525,54.598150033144236,41.919624416684584,L1,synthetic_negative,drug_naive,false,
S55-R3-W1,S055,R3,1,47.64514515149673,54.598150033144236,42.809296653621374,L1,synthetic_negative,drug_naive,false,
S55-R4-W0,S055,R4,0,53.27785330976523,54.598150033144236,47.496676625332604,L1,synthetic_negative,drug_naive,false,
S55-R4-W1,S055,R4,1,53.992687754453215,54.598150033144236,49.42881061709326,L1,synthetic_negative,drug_naive,false,
S55-R5-W0,S055,R5,0,67.19681431337327,54.598150033144236,61.10014240776232,L1,synthetic_negative,drug_naive,false,
S55-R5-W1,S055,R5,1,65.79005564991617,54.598150033144236,59.83504097790908,L1,synthetic_negative,drug_naive,false,
S56-R0-W0,S056,R0,0,39.55091976923221,54.598150033144236,36.31997497514002,L1,synthetic_negative,drug_naive,false,
S56-R0-W1,S056,R0,1,40.114601885528515,54.598150033144236,36.83159663462961,L1,synthetic_negative,drug_naive,false,
S56-R1-W0,S056,R1,0,50.39952351303365,54.598150033144236,46.380423460850636,L1,synthetic_negative,drug_naive,false,
S56-R1-W1,S056,R1,1,51.33100525318752,54.598150033144236,46.864569023857115,L1,synthetic_negative,drug_naive,false,
S56-R2-W0,S056,R2,0,40.81804261272463,54.598150033144236,37.45596875400001,L1,synthetic_negative,drug_naive,false,
S56-R2-W1,S056,R2,1,40.86449195399237,54.598150033144236,37.42667638470603,L1,synthetic_negative,drug_naive,false,
S56-R3-W0,S056,R3,0,50.044892159495866,54.598150033144236,45.98893286946538,L1,synthetic_negative,drug_naive,false,
S56-R3-W1,S056,R3,1,49.01150910194885,54.598150033144236,44.94398723938814,L1,synthetic_negative,drug_naive,false,
S56-R4-W0,S056,R4,0,46.295550179887115,54.598150033144236,42.58256134797452,L1,synthetic_negative,drug_naive,false,
S56-R4-W1,S056,R4,1,46.19201058757028,54.598150033144236,42.12339399551751,L1,synthetic_negative,drug_naive,false,
S56-R5-W0,S056,R5,0,55.8108432740813,54.598150033144236,51.71268248526476,L1,synthetic_negative,drug_naive,false,
S56-R5-W1,S056,R5,1,56.36327237166179,54.598150033144236,52.062789155179786,L1,synthetic_negative,drug_naive,false,
S57-R0-W0,S057,R0,0,56.670974790841,54.598150033144236,50.55010173308051,L1,synthetic_negative,drug_naive,false,
S57-R0-W1,S057,R0,1,56.15421819248835,54.598150033144236,50.204208946906,L1,synthetic_negative,drug_naive,false,
S57-R1-W0,S057,R1,0,62.368097361730634,54.598150033144236,55.41112018338432,L1,synthetic_negative,drug_naive,false,
S57-R1-W1,S057,R1,1,63.54531351327347,54.598150033144236,57.064983173246446,L1,synthetic_negative,drug_naive,false,
S57-R2-W0,S057,R2,0,61.239950339379334,54.598150033144236,55.222649482784185,L1,synthetic_negative,drug_naive,false,
S57-R2-W1,S057,R2,1,62.21255851989997,54.598150033144236,56.199293825113166,L1,synthetic_negative,drug_naive,false,
S57-R3-W0,S057,R3,0,55.90927350739086,54.598150033144236,50.05220621708558,L1,synthetic_negative,drug_naive,false,
S57-R3-W1,S057,R3,1,55.164577543302975,54.598150033144236,49.600080225552595,L1,synthetic_negative,drug_naive,false,
S57-R4-W0,S057,R4,0,59.52880673790606,54.598150033144236,53.067794077666946,L1,synthetic_negative,drug_naive,false,
S57-R4-W1,S057,R4,1,60.761442168988445,54.598150033144236,53.94370336988472,L1,synthetic_negative,drug_naive,false,
S57-R5-W0,S057,R5,0,59.108285605823475,54.598150033144236,53.181184450514166,L1,synthetic_negative,drug_naive,false,
S57-R5-W1,S057,R5,1,57.48909019368219,54.598150033144236,51.53486096003933,L1,synthetic_negative,drug_naive,false,
S58-R0-W0,S058,R0,0,59.55431937458176,54.598150033144236,52.632654842547524,L1,synthetic_negative,drug_naive,false,
S58-R0-W1,S058,R0,1,58.853864334364,54.598150033144236,51.91737605447399,L1,synthetic_negative,drug_naive,false,
S58-R1-W0,S058,R1,0,69.04563176038485,54.598150033144236,61.18267561883683,L1,synthetic_negative,drug_naive,false,
S58-R1-W1,S058,R1,1,70.88377122070915,54.598150033144236,62.85037136602109,L1,synthetic_negative,drug_naive,false,
S58-R2-W0,S058,R2,0,71.38034244258613,54.598150033144236,62.489285347648384,L1,synthetic_negative,drug_naive,false,
S58-R2-W1,S058,R2,1,70.02946946656678,54.598150033144236,61.73524653771032,L1,synthetic_negative,drug_naive,false,
S58-R3-W0,S058,R3,0,60.08423493524273,54.598150033144236,52.85228390035854,L1,synthetic_negative,drug_naive,false,
S58-R3-W1,S058,R3,1,61.4171824859498,54.598150033144236,54.12784735566918,L1,synthetic_negative,drug_naive,false,
S58-R4-W0,S058,R4,0,65.57360810665544,54.598150033144236,57.557833068979974,L1,synthetic_negative,drug_naive,false,
S58-R4-W1,S058,R4,1,64.60396150656075,54.598150033144236,57.14813795712728,L1,synthetic_negative,drug_naive,false,
S58-R5-W0,S058,R5,0,54.78596888366027,54.598150033144236,48.098620723097035,L1,synthetic_negative,drug_naive,false,
S58-R5-W1,S058,R5,1,55.460295209389386,54.598150033144236,48.444867654274624,L1,synthetic_negative,drug_naive,false,
S59-R0-W0,S059,R0,0,63.90054565695257,54.598150033144236,56.17966773383656,L1,synthetic_negative,drug_naive,false,
S59-R0-W1,S059,R0,1,63.78842557019251,54.598150033144236,55.81948055394043,L1,synthetic_negative,drug_naive,false,
S59-R1-W0,S059,R1,0,64.03788278532743,54.598150033144236,57.053928653334324,L1,synthetic_negative,drug_naive,false,
S59-R1-W1,S059,R1,1,63.62579288789219,54.598150033144236,56.78137261717897,L1,synthetic_negative,drug_naive,false,
S59-R2-W0,S059,R2,0,72.19503585731283,54.598150033144236,63.71126178272337,L1,synthetic_negative,drug_naive,false,
S59-R2-W1,S059,R2,1,70.17154584679558,54.598150033144236,61.90317045873262,L1,synthetic_negative,drug_naive,false,
S59-R3-W0,S059,R3,0,66.03852503448024,54.598150033144236,58.78944585700802,L1,synthetic_negative,drug_naive,false,
S59-R3-W1,S059,R3,1,64.10075109551516,54.598150033144236,56.37924341306211,L1,synthetic_negative,drug_naive,false,
S59-R4-W0,S059,R4,0,66.81857691726984,54.598150033144236,59.04992803566947,L1,synthetic_negative,drug_naive,false,
S59-R4-W1,S059,R4,1,65.80348299928737,54.598150033144236,57.90322617525459,L1,synthetic_negative,drug_naive,false,
S59-R5-W0,S059,R5,0,49.35042621817182,54.598150033144236,44.00389279645248,L1,synthetic_negative,drug_naive,false,
S59-R5-W1,S059,R5,1,50.168333523327874,54.598150033144236,44.442574018283395,L1,synthetic_negative,drug_naive,false,
S60-R0-W0,S060,R0,0,45.857474873130194,54.598150033144236,41.77940081360002,L1,synthetic_negative,drug_naive,false,
S60-R0-W1,S060,R0,1,46.90894351094871,54.598150033144236,43.12594105132468,L1,synthetic_negative,drug_naive,false,
S60-R1-W0,S060,R1,0,47.266900197263936,54.598150033144236,42.70660766621382,L1,synthetic_negative,drug_naive,false,
S60-R1-W1,S060,R1,1,47.212074181294014,54.598150033144236,42.83473829916989,L1,synthetic_negative,drug_naive,false,
S60-R2-W0,S060,R2,0,46.312462411005015,54.598150033144236,42.33601434614742,L1,synthetic_negative,drug_naive,false,
S60-R2-W1,S060,R2,1,45.81913353582094,54.598150033144236,41.861837997134906,L1,synthetic_negative,drug_naive,false,
S60-R3-W0,S060,R3,0,46.458296090222845,54.598150033144236,42.313658673975404,L1,synthetic_negative,drug_naive,false,
S60-R3-W1,S060,R3,1,46.72826712705941,54.598150033144236,42.616186663562615,L1,synthetic_negative,drug_naive,false,
S60-R4-W0,S060,R4,0,50.142900517238175,54.598150033144236,45.99339773675979,L1,synthetic_negative,drug_naive,false,
S60-R4-W1,S060,R4,1,51.18014666651744,54.598150033144236,46.429360499336966,L1,synthetic_negative,drug_naive,false,
S60-R5-W0,S060,R5,0,52.8484305411864,54.598150033144236,47.55634946122987,L1,synthetic_negative,drug_naive,false,
S60-R5-W1,S060,R5,1,54.38985600293423,54.598150033144236,49.59482956062305,L1,synthetic_negative,drug_naive,false,
S61-R0-W0,S061,R0,0,44.392906789633884,54.598150033144236,40.29306004499053,L1,synthetic_negative,drug_naive,false,
S61-R0-W1,S061,R0,1,45.376756175545815,54.598150033144236,40.754285493919475,L1,synthetic_negative,drug_naive,false,
S61-R1-W0,S061,R1,0,55.350051963460444,54.598150033144236,49.95510516314405,L1,synthetic_negative,drug_naive,false,
S61-R1-W1,S061,R1,1,54.99392974122608,54.598150033144236,49.61557358523948,L1,synthetic_negative,drug_naive,false,
S61-R2-W0,S061,R2,0,50.29973585612347,54.598150033144236,45.39209014377165,L1,synthetic_negative,drug_naive,false,
S61-R2-W1,S061,R2,1,47.92233800903644,54.598150033144236,42.992630247297136,L1,synthetic_negative,drug_naive,false,
S61-R3-W0,S061,R3,0,54.956595142720545,54.598150033144236,49.79982858742911,L1,synthetic_negative,drug_naive,false,
S61-R3-W1,S061,R3,1,56.4954701554995,54.598150033144236,50.98139164315633,L1,synthetic_negative,drug_naive,false,
S61-R4-W0,S061,R4,0,52.30316533022566,54.598150033144236,47.49631339012532,L1,synthetic_negative,drug_naive,false,
S61-R4-W1,S061,R4,1,51.54993424959457,54.598150033144236,46.622638787141106,L1,synthetic_negative,drug_naive,false,
S61-R5-W0,S061,R5,0,54.25182776522609,54.598150033144236,48.88988450091314,L1,synthetic_negative,drug_naive,false,
S61-R5-W1,S061,R5,1,53.419929806522134,54.598150033144236,47.748049690164436,L1,synthetic_negative,drug_naive,false,
S62-R0-W0,S062,R0,0,66.77182995778128,54.598150033144236,58.76644845730912,L1,synthetic_negative,drug_naive,false,
S62-R0-W1,S062,R0,1,68.93615272566873,54.598150033144236,60.54893514023389,L1,synthetic_negative,drug_naive,false,
S62-R1-W0,S062,R1,0,56.37775766186296,54.598150033144236,50.10716690073383,L1,synthetic_negative,drug_naive,false,
S62-R1-W1,S062,R1,1,55.81595975837974,54.598150033144236,49.258306139316055,L1,synthetic_negative,drug_naive,false,
S62-R2-W0,S062,R2,0,73.49132364350663,54.598150033144236,65.83660298268042,L1,synthetic_negative,drug_naive,false,
S62-R2-W1,S062,R2,1,72.32421433291624,54.598150033144236,64.5466106142588,L1,synthetic_negative,drug_naive,false,
S62-R3-W0,S062,R3,0,62.13513940305445,54.598150033144236,54.969314304821204,L1,synthetic_negative,drug_naive,false,
S62-R3-W1,S062,R3,1,62.59196249644563,54.598150033144236,55.28269767252705,L1,synthetic_negative,drug_naive,false,
S62-R4-W0,S062,R4,0,79.47991104393562,54.598150033144236,70.5059373307461,L1,synthetic_negative,drug_naive,false,
S62-R4-W1,S062,R4,1,77.69481577565588,54.598150033144236,68.96865600612246,L1,synthetic_negative,drug_naive,false,
S62-R5-W0,S062,R5,0,51.121268354047636,54.598150033144236,45.39762484734559,L1,synthetic_negative,drug_naive,false,
S62-R5-W1,S062,R5,1,52.249375818857985,54.598150033144236,46.253493659928196,L1,synthetic_negative,drug_naive,false,
S63-R0-W0,S063,R0,0,45.71675443456901,54.598150033144236,40.901238019725376,L1,synthetic_negative,drug_naive,false,
S63-R0-W1,S063,R0,1,46.211313041139896,54.598150033144236,41.51357214083635,L1,synthetic_negative,drug_naive,false,
S63-R1-W0,S063,R1,0,58.00594798015006,54.598150033144236,52.18586905011898,L1,synthetic_negative,drug_naive,false,
S63-R1-W1,S063,R1,1,57.23305635021997,54.598150033144236,51.76321832458004,L1,synthetic_negative,drug_naive,false,
S63-R2-W0,S063,R2,0,63.54907109491564,54.598150033144236,57.306454852354115,L1,synthetic_negative,drug_naive,false,
S63-R2-W1,S063,R2,1,63.38178912687274,54.598150033144236,57.166693611929915,L1,synthetic_negative,drug_naive,false,
S63-R3-W0,S063,R3,0,46.911114417294705,54.598150033144236,42.1499296588556,L1,synthetic_negative,drug_naive,false,
S63-R3-W1,S063,R3,1,47.25671704535878,54.598150033144236,42.97631036908712,L1,synthetic_negative,drug_naive,false,
S63-R4-W0,S063,R4,0,52.96817483682423,54.598150033144236,48.38185293588358,L1,synthetic_negative,drug_naive,false,
S63-R4-W1,S063,R4,1,54.2539133050942,54.598150033144236,48.793625406631755,L1,synthetic_negative,drug_naive,false,
S63-R5-W0,S063,R5,0,47.40519964452272,54.598150033144236,42.779701335170294,L1,synthetic_negative,drug_naive,false,
S63-R5-W1,S063,R5,1,46.13292609394859,54.598150033144236,41.56657651228923,L1,synthetic_negative,drug_naive,false,
S64-R0-W0,S064,R0,0,51.64236060217267,54.598150033144236,46.808920278129705,L1,synthetic_negative,drug_naive,false,
S64-R0-W1,S064,R0,1,50.52417792741712,54.598150033144236,45.55281272568507,L1,synthetic_negative,drug_naive,false,
S64-R1-W0,S064,R1,0,49.22591794637558,54.598150033144236,44.45042335901724,L1,synthetic_negative,drug_naive,false,
S64-R1-W1,S064,R1,1,49.42165158233793,54.598150033144236,44.94272792696207,L1,synthetic_negative,drug_naive,false,
S64-R2-W0,S064,R2,0,53.824377378527856,54.598150033144236,49.03745478452434,L1,synthetic_negative,drug_naive,false,
S64-R2-W1,S064,R2,1,54.20636628058257,54.598150033144236,49.46426726545003,L1,synthetic_negative,drug_naive,false,
S64-R3-W0,S064,R3,0,53.95262020148829,54.598150033144236,48.61605188674415,L1,synthetic_negative,drug_naive,false,
S64-R3-W1,S064,R3,1,53.10613454717532,54.598150033144236,47.99815360879721,L1,synthetic_negative,drug_naive,false,
S64-R4-W0,S064,R4,0,53.501319178135525,54.598150033144236,48.37441635351952,L1,synthetic_negative,drug_naive,false,
S64-R4-W1,S064,R4,1,53.18550913479899,54.598150033144236,48.50381168778268,L1,synthetic_negative,drug_naive,false,
S64-R5-W0,S064,R5,0,51.48389746031633,54.598150033144236,46.11714588718505,L1,synthetic_negative,drug_naive,false,
S64-R5-W1,S064,R5,1,51.986208319771414,54.598150033144236,46.689686869836244,L1,synthetic_negative,drug_naive,false,
S65-R0-W0,S065,R0,0,54.024681843236564,54.598150033144236,48.838903927048094,L1,synthetic_negative,drug_naive,false,
S65-R0-W1,S065,R0,1,53.690899601334536,54.598150033144236,48.90669669540435,L1,synthetic_negative,drug_naive,false,
S65-R1-W0,S065,R1,0,57.13687268836985,54.598150033144236,51.34995312882593,L1,synthetic_negative,drug_naive,false,
S65-R1-W1,S065,R1,1,55.72923494934475,54.598150033144236,50.232932331199,L1,synthetic_negative,drug_naive,false,
S65-R2-W0,S065,R2,0,52.88912824826353,54.598150033144236,47.48596286893603,L1,synthetic_negative,drug_naive,false,
S65-R2-W1,S065,R2,1,52.44877885467336,54.598150033144236,47.53099465810935,L1,synthetic_negative,drug_naive,false,
S65-R3-W0,S065,R3,0,60.981220559617896,54.598150033144236,54.757119815465785,L1,synthetic_negative,drug_naive,false,
S65-R3-W1,S065,R3,1,61.83083990413764,54.598150033144236,55.478821068013715,L1,synthetic_negative,drug_naive,false,
S65-R4-W0,S065,R4,0,67.09978197175474,54.598150033144236,60.746997160829444,L1,synthetic_negative,drug_naive,false,
S65-R4-W1,S065,R4,1,65.20149240502101,54.598150033144236,59.0775318282261,L1,synthetic_negative,drug_naive,false,
S65-R5-W0,S065,R5,0,53.093739784816584,54.598150033144236,47.84063419747098,L1,synthetic_negative,drug_naive,false,
S65-R5-W1,S065,R5,1,51.74089349319518,54.598150033144236,46.68493575265344,L1,synthetic_negative,drug_naive,false,
S66-R0-W0,S066,R0,0,47.60870833760008,54.598150033144236,43.60962997472978,L1,synthetic_negative,drug_naive,false,
S66-R0-W1,S066,R0,1,48.921164904383296,54.598150033144236,44.60278172346203,L1,synthetic_negative,drug_naive,false,
S66-R1-W0,S066,R1,0,50.085067625395936,54.598150033144236,44.94650462580319,L1,synthetic_negative,drug_naive,false,
S66-R1-W1,S066,R1,1,50.5353624678506,54.598150033144236,45.86617353866535,L1,synthetic_negative,drug_naive,false,
S66-R2-W0,S066,R2,0,52.42825587992702,54.598150033144236,47.48482379267309,L1,synthetic_negative,drug_naive,false,
S66-R2-W1,S066,R2,1,50.609444684018236,54.598150033144236,45.672759052892786,L1,synthetic_negative,drug_naive,false,
S66-R3-W0,S066,R3,0,42.65333152972463,54.598150033144236,38.726272026211134,L1,synthetic_negative,drug_naive,false,
S66-R3-W1,S066,R3,1,43.02950547366554,54.598150033144236,38.99023607338393,L1,synthetic_negative,drug_naive,false,
S66-R4-W0,S066,R4,0,46.1530195569241,54.598150033144236,41.42832053122617,L1,synthetic_negative,drug_naive,false,
S66-R4-W1,S066,R4,1,46.05759960468594,54.598150033144236,41.528629017239794,L1,synthetic_negative,drug_naive,false,
S66-R5-W0,S066,R5,0,51.34421904199291,54.598150033144236,46.69499174103637,L1,synthetic_negative,drug_naive,false,
S66-R5-W1,S066,R5,1,51.03041768933073,54.598150033144236,46.39318040476276,L1,synthetic_negative,drug_naive,false,
S67-R0-W0,S067,R0,0,58.04196615148578,54.598150033144236,52.00178507166246,L1,synthetic_negative,drug_naive,false,
S67-R0-W1,S067,R0,1,58.07673848609909,54.598150033144236,52.27226360342595,L1,synthetic_negative,drug_naive,false,
S67-R1-W0,S067,R1,0,50.13689718128092,54.598150033144236,45.71652816270755,L1,synthetic_negative,drug_naive,false,
S67-R1-W1,S067,R1,1,49.799360445441366,54.598150033144236,44.84268439424312,L1,synthetic_negative,drug_naive,false,
S67-R2-W0,S067,R2,0,52.39337182691766,54.598150033144236,47.31527952947185,L1,synthetic_negative,drug_naive,false,
S67-R2-W1,S067,R2,1,51.48525622634191,54.598150033144236,46.181988727010086,L1,synthetic_negative,drug_naive,false,
S67-R3-W0,S067,R3,0,59.85379408247494,54.598150033144236,53.54683220486963,L1,synthetic_negative,drug_naive,false,
S67-R3-W1,S067,R3,1,60.84388639243453,54.598150033144236,54.51648225351741,L1,synthetic_negative,drug_naive,false,
S67-R4-W0,S067,R4,0,52.93293151047225,54.598150033144236,47.346577673080354,L1,synthetic_negative,drug_naive,false,
S67-R4-W1,S067,R4,1,52.141436535511176,54.598150033144236,47.0494215849132,L1,synthetic_negative,drug_naive,false,
S67-R5-W0,S067,R5,0,43.99435109445497,54.598150033144236,39.78598979737575,L1,synthetic_negative,drug_naive,false,
S67-R5-W1,S067,R5,1,44.87005187958436,54.598150033144236,40.183785505531866,L1,synthetic_negative,drug_naive,false,
S68-R0-W0,S068,R0,0,68.95667593961274,54.598150033144236,60.508977960634475,L1,synthetic_negative,drug_naive,false,
S68-R0-W1,S068,R0,1,69.75497241156064,54.598150033144236,61.800100912758495,L1,synthetic_negative,drug_naive,false,
S68-R1-W0,S068,R1,0,58.65649424138824,54.598150033144236,52.46936768304476,L1,synthetic_negative,drug_naive,false,
S68-R1-W1,S068,R1,1,57.97979040229924,54.598150033144236,50.971060883317115,L1,synthetic_negative,drug_naive,false,
S68-R2-W0,S068,R2,0,61.620323033768116,54.598150033144236,53.80863739763532,L1,synthetic_negative,drug_naive,false,
S68-R2-W1,S068,R2,1,61.79740953374782,54.598150033144236,54.9185886072316,L1,synthetic_negative,drug_naive,false,
S68-R3-W0,S068,R3,0,64.24354840618841,54.598150033144236,56.21089956773204,L1,synthetic_negative,drug_naive,false,
S68-R3-W1,S068,R3,1,64.93680788822537,54.598150033144236,56.81935304090799,L1,synthetic_negative,drug_naive,false,
S68-R4-W0,S068,R4,0,72.54828613075058,54.598150033144236,63.55139185215249,L1,synthetic_negative,drug_naive,false,
S68-R4-W1,S068,R4,1,72.35563562978422,54.598150033144236,63.93980804105169,L1,synthetic_negative,drug_naive,false,
S68-R5-W0,S068,R5,0,59.926549409027885,54.598150033144236,52.917427661699776,L1,synthetic_negative,drug_naive,false,
S68-R5-W1,S068,R5,1,59.413021731611394,54.598150033144236,52.12986347828554,L1,synthetic_negative,drug_naive,false,
S69-R0-W0,S069,R0,0,39.305325393742585,54.598150033144236,35.99513855162248,L1,synthetic_negative,drug_naive,false,
S69-R0-W1,S069,R0,1,40.12569470111109,54.598150033144236,36.53521914396355,L1,synthetic_negative,drug_naive,false,
S69-R1-W0,S069,R1,0,58.28479011153578,54.598150033144236,53.54114497976246,L1,synthetic_negative,drug_naive,false,
S69-R1-W1,S069,R1,1,57.274579187533554,54.598150033144236,52.59038774050565,L1,synthetic_negative,drug_naive,false,
S69-R2-W0,S069,R2,0,56.26044421086835,54.598150033144236,51.64518064092774,L1,synthetic_negative,drug_naive,false,
S69-R2-W1,S069,R2,1,56.27165271527913,54.598150033144236,51.732281712389316,L1,synthetic_negative,drug_naive,false,
S69-R3-W0,S069,R3,0,44.84003020143118,54.598150033144236,41.23405607045052,L1,synthetic_negative,drug_naive,false,
S69-R3-W1,S069,R3,1,44.88590808448364,54.598150033144236,41.099315042255824,L1,synthetic_negative,drug_naive,false,
S69-R4-W0,S069,R4,0,53.425167816569726,54.598150033144236,49.328321649515146,L1,synthetic_negative,drug_naive,false,
S69-R4-W1,S069,R4,1,52.14845854503166,54.598150033144236,47.68525137722585,L1,synthetic_negative,drug_naive,false,
S69-R5-W0,S069,R5,0,59.95688778903307,54.598150033144236,54.27860007935712,L1,synthetic_negative,drug_naive,false,
S69-R5-W1,S069,R5,1,61.18573640454781,54.598150033144236,55.61086106891273,L1,synthetic_negative,drug_naive,false,
S70-R0-W0,S070,R0,0,55.94580448656672,54.598150033144236,49.254631714083224,L1,synthetic_negative,drug_naive,false,
S70-R0-W1,S070,R0,1,58.368386236579134,54.598150033144236,51.74049155389151,L1,synthetic_negative,drug_naive,false,
S70-R1-W0,S070,R1,0,55.83966283831816,54.598150033144236,49.70206126958087,L1,synthetic_negative,drug_naive,false,
S70-R1-W1,S070,R1,1,57.03452595934714,54.598150033144236,51.1471157466789,L1,synthetic_negative,drug_naive,false,
S70-R2-W0,S070,R2,0,66.19853534573166,54.598150033144236,58.56040950855868,L1,synthetic_negative,drug_naive,false,
S70-R2-W1,S070,R2,1,62.841598663239914,54.598150033144236,56.01901554835731,L1,synthetic_negative,drug_naive,false,
S70-R3-W0,S070,R3,0,56.010973841003505,54.598150033144236,50.31951897934653,L1,synthetic_negative,drug_naive,false,
S70-R3-W1,S070,R3,1,54.706904331576496,54.598150033144236,48.60857305584503,L1,synthetic_negative,drug_naive,false,
S70-R4-W0,S070,R4,0,65.51971549458787,54.598150033144236,57.54712356540193,L1,synthetic_negative,drug_naive,false,
S70-R4-W1,S070,R4,1,66.49851131753123,54.598150033144236,58.55864368002529,L1,synthetic_negative,drug_naive,false,
S70-R5-W0,S070,R5,0,60.51529092663856,54.598150033144236,53.438216011850216,L1,synthetic_negative,drug_naive,false,
S70-R5-W1,S070,R5,1,60.40771305911938,54.598150033144236,53.74866640037412,L1,synthetic_negative,drug_naive,false,
S71-R0-W0,S071,R0,0,49.933117714553525,54.598150033144236,43.92050943560362,L1,synthetic_negative,drug_naive,false,
S71-R0-W1,S071,R0,1,50.88727844673137,54.598150033144236,44.95107391603518,L1,synthetic_negative,drug_naive,false,
S71-R1-W0,S071,R1,0,78.60999536647252,54.598150033144236,69.85601984920095,L1,synthetic_negative,drug_naive,false,
S71-R1-W1,S071,R1,1,79.22954756073221,54.598150033144236,69.53075922002549,L1,synthetic_negative,drug_naive,false,
S71-R2-W0,S071,R2,0,53.90602558979308,54.598150033144236,48.1301851295276,L1,synthetic_negative,drug_naive,false,
S71-R2-W1,S071,R2,1,52.80892596638158,54.598150033144236,46.621774841636935,L1,synthetic_negative,drug_naive,false,
S71-R3-W0,S071,R3,0,64.56868307211245,54.598150033144236,57.634535413261744,L1,synthetic_negative,drug_naive,false,
S71-R3-W1,S071,R3,1,66.03779998407575,54.598150033144236,58.65537338653481,L1,synthetic_negative,drug_naive,false,
S71-R4-W0,S071,R4,0,73.84246515769324,54.598150033144236,65.18395726294156,L1,synthetic_negative,drug_naive,false,
S71-R4-W1,S071,R4,1,75.34850082636757,54.598150033144236,67.14199865896073,L1,synthetic_negative,drug_naive,false,
S71-R5-W0,S071,R5,0,65.6899340665242,54.598150033144236,57.47880683224538,L1,synthetic_negative,drug_naive,false,
S71-R5-W1,S071,R5,1,68.98699190413512,54.598150033144236,61.086803068433554,L1,synthetic_negative,drug_naive,false,
S72-R0-W0,S072,R0,0,57.286112231497604,54.598150033144236,51.30797645934972,L1,synthetic_negative,drug_naive,false,
S72-R0-W1,S072,R0,1,56.32678480130323,54.598150033144236,50.67464971882491,L1,synthetic_negative,drug_naive,false,
S72-R1-W0,S072,R1,0,58.55989384804825,54.598150033144236,53.28037360512658,L1,synthetic_negative,drug_naive,false,
S72-R1-W1,S072,R1,1,57.5323385813092,54.598150033144236,51.77773908792976,L1,synthetic_negative,drug_naive,false,
S72-R2-W0,S072,R2,0,60.2254994205106,54.598150033144236,54.24163280283191,L1,synthetic_negative,drug_naive,false,
S72-R2-W1,S072,R2,1,60.195416974498464,54.598150033144236,54.274792271081104,L1,synthetic_negative,drug_naive,false,
S72-R3-W0,S072,R3,0,55.23882141942525,54.598150033144236,49.02073258110786,L1,synthetic_negative,drug_naive,false,
S72-R3-W1,S072,R3,1,54.33612036872831,54.598150033144236,49.14405453530016,L1,synthetic_negative,drug_naive,false,
S72-R4-W0,S072,R4,0,52.92102557177084,54.598150033144236,47.746492421762824,L1,synthetic_negative,drug_naive,false,
S72-R4-W1,S072,R4,1,54.262598567472224,54.598150033144236,48.992060629941925,L1,synthetic_negative,drug_naive,false,
S72-R5-W0,S072,R5,0,56.28374166322544,54.598150033144236,50.86032533915744,L1,synthetic_negative,drug_naive,false,
S72-R5-W1,S072,R5,1,56.66682911252223,54.598150033144236,51.1000938732823,L1,synthetic_negative,drug_naive,false,
S73-R0-W0,S073,R0,0,72.70797247865833,54.598150033144236,62.28024748823393,L1,synthetic_negative,drug_naive,false,
S73-R0-W1,S073,R0,1,72.79312342736746,54.598150033144236,62.65827000990825,L1,synthetic_negative,drug_naive,false,
S73-R1-W0,S073,R1,0,82.91722593161631,54.598150033144236,71.41718568100197,L1,synthetic_negative,drug_naive,false,
S73-R1-W1,S073,R1,1,81.3062505878287,54.598150033144236,70.48029269606594,L1,synthetic_negative,drug_naive,false,
S73-R2-W0,S073,R2,0,79.49235166889532,54.598150033144236,68.73088186487513,L1,synthetic_negative,drug_naive,false,
S73-R2-W1,S073,R2,1,77.34612285253236,54.598150033144236,66.42149597694419,L1,synthetic_negative,drug_naive,false,
S73-R3-W0,S073,R3,0,80.9054819761235,54.598150033144236,69.90027229911365,L1,synthetic_negative,drug_naive,false,
S73-R3-W1,S073,R3,1,79.98588781794062,54.598150033144236,68.6555777788752,L1,synthetic_negative,drug_naive,false,
S73-R4-W0,S073,R4,0,74.68527747024733,54.598150033144236,64.03464079183874,L1,synthetic_negative,drug_naive,false,
S73-R4-W1,S073,R4,1,75.21689019773976,54.598150033144236,65.18667634233229,L1,synthetic_negative,drug_naive,false,
S73-R5-W0,S073,R5,0,73.16336540456726,54.598150033144236,62.98493345793709,L1,synthetic_negative,drug_naive,false,
S73-R5-W1,S073,R5,1,74.83202665228109,54.598150033144236,64.83848514820104,L1,synthetic_negative,drug_naive,false,
S74-R0-W0,S074,R0,0,55.162556645794425,54.598150033144236,49.25919429445603,L1,synthetic_negative,drug_naive,false,
S74-R0-W1,S074,R0,1,55.19254487718039,54.598150033144236,49.38377633346135,L1,synthetic_negative,drug_naive,false,
S74-R1-W0,S074,R1,0,64.39464394273274,54.598150033144236,57.65555076432892,L1,synthetic_negative,drug_naive,false,
S74-R1-W1,S074,R1,1,64.0482601194363,54.598150033144236,57.68105677113347,L1,synthetic_negative,drug_naive,false,
S74-R2-W0,S074,R2,0,48.313911100358936,54.598150033144236,43.51493866107016,L1,synthetic_negative,drug_naive,false,
S74-R2-W1,S074,R2,1,48.715970900885836,54.598150033144236,44.467076574642206,L1,synthetic_negative,drug_naive,false,
S74-R3-W0,S074,R3,0,57.32878478935045,54.598150033144236,51.817900759576794,L1,synthetic_negative,drug_naive,false,
S74-R3-W1,S074,R3,1,58.375655045123374,54.598150033144236,52.16861248258696,L1,synthetic_negative,drug_naive,false,
S74-R4-W0,S074,R4,0,55.23197237158317,54.598150033144236,50.02661452771744,L1,synthetic_negative,drug_naive,false,
S74-R4-W1,S074,R4,1,56.134137990938974,54.598150033144236,50.555803450985906,L1,synthetic_negative,drug_naive,false,
S74-R5-W0,S074,R5,0,55.145660566579316,54.598150033144236,49.07265278879293,L1,synthetic_negative,drug_naive,false,
S74-R5-W1,S074,R5,1,54.69079022663074,54.598150033144236,49.21623095957033,L1,synthetic_negative,drug_naive,false,
S75-R0-W0,S075,R0,0,61.59384114102998,54.598150033144236,54.74032228722044,L1,synthetic_negative,drug_naive,false,
S75-R0-W1,S075,R0,1,62.673680713569006,54.598150033144236,55.711762499312414,L1,synthetic_negative,drug_naive,false,
S75-R1-W0,S075,R1,0,57.59637959613881,54.598150033144236,51.640808918777104,L1,synthetic_negative,drug_naive,false,
S75-R1-W1,S075,R1,1,60.07896052812436,54.598150033144236,53.4407368661098,L1,synthetic_negative,drug_naive,false,
S75-R2-W0,S075,R2,0,55.90233931986711,54.598150033144236,49.61054071072631,L1,synthetic_negative,drug_naive,false,
S75-R2-W1,S075,R2,1,58.37497696132378,54.598150033144236,51.73040890894909,L1,synthetic_negative,drug_naive,false,
S75-R3-W0,S075,R3,0,58.411365691237705,54.598150033144236,51.36228350362161,L1,synthetic_negative,drug_naive,false,
S75-R3-W1,S075,R3,1,60.932199724047386,54.598150033144236,53.460787418504914,L1,synthetic_negative,drug_naive,false,
S75-R4-W0,S075,R4,0,59.947510178766244,54.598150033144236,53.19760706121715,L1,synthetic_negative,drug_naive,false,
S75-R4-W1,S075,R4,1,58.10515146744687,54.598150033144236,51.30575609971415,L1,synthetic_negative,drug_naive,false,
S75-R5-W0,S075,R5,0,66.81796663773555,54.598150033144236,58.83670025845368,L1,synthetic_negative,drug_naive,false,
S75-R5-W1,S075,R5,1,64.14727250032658,54.598150033144236,56.648255424551664,L1,synthetic_negative,drug_naive,false,
S76-R0-W0,S076,R0,0,53.54665404938176,54.598150033144236,48.50213191385309,L1,synthetic_negative,drug_naive,false,
S76-R0-W1,S076,R0,1,53.91916910999862,54.598150033144236,48.51642415379243,L1,synthetic_negative,drug_naive,false,
S76-R1-W0,S076,R1,0,58.46429991748424,54.598150033144236,52.2522769379261,L1,synthetic_negative,drug_naive,false,
S76-R1-W1,S076,R1,1,60.01292112401377,54.598150033144236,54.46608150328803,L1,synthetic_negative,drug_naive,false,
S76-R2-W0,S076,R2,0,52.26883515526211,54.598150033144236,47.024364444864425,L1,synthetic_negative,drug_naive,false,
S76-R2-W1,S076,R2,1,51.64407089657023,54.598150033144236,46.37453652336532,L1,synthetic_negative,drug_naive,false,
S76-R3-W0,S076,R3,0,57.7093173680127,54.598150033144236,52.013044334559616,L1,synthetic_negative,drug_naive,false,
S76-R3-W1,S076,R3,1,58.47548009627196,54.598150033144236,52.85025295594521,L1,synthetic_negative,drug_naive,false,
S76-R4-W0,S076,R4,0,53.69722448894461,54.598150033144236,48.12786589676123,L1,synthetic_negative,drug_naive,false,
S76-R4-W1,S076,R4,1,52.87025568551959,54.598150033144236,47.38634144460434,L1,synthetic_negative,drug_naive,false,
S76-R5-W0,S076,R5,0,49.07511462571786,54.598150033144236,44.15910485664404,L1,synthetic_negative,drug_naive,false,
S76-R5-W1,S076,R5,1,49.01609699844916,54.598150033144236,44.55656101706304,L1,synthetic_negative,drug_naive,false,
S77-R0-W0,S077,R0,0,59.26816465042602,54.598150033144236,54.7843421272358,L1,synthetic_negative,drug_naive,false,
S77-R0-W1,S077,R0,1,59.62572359277928,54.598150033144236,54.384544529244586,L1,synthetic_negative,drug_naive,false,
S77-R1-W0,S077,R1,0,47.70121646971136,54.598150033144236,43.42353737492882,L1,synthetic_negative,drug_naive,false,
S77-R1-W1,S077,R1,1,50.03300702537493,54.598150033144236,45.46772383150942,L1,synthetic_negative,drug_naive,false,
S77-R2-W0,S077,R2,0,53.043239487381626,54.598150033144236,47.827101586787855,L1,synthetic_negative,drug_naive,false,
S77-R2-W1,S077,R2,1,53.224247255390495,54.598150033144236,48.50526039601244,L1,synthetic_negative,drug_naive,false,
S77-R3-W0,S077,R3,0,62.72398350135983,54.598150033144236,56.68166836818631,L1,synthetic_negative,drug_naive,false,
S77-R3-W1,S077,R3,1,62.053307779043706,54.598150033144236,56.60563007373513,L1,synthetic_negative,drug_naive,false,
S77-R4-W0,S077,R4,0,44.4861835555464,54.598150033144236,40.39085782842334,L1,synthetic_negative,drug_naive,false,
S77-R4-W1,S077,R4,1,44.2231578966836,54.598150033144236,40.218716832343986,L1,synthetic_negative,drug_naive,false,
S77-R5-W0,S077,R5,0,50.56235321518523,54.598150033144236,45.6927203076762,L1,synthetic_negative,drug_naive,false,
S77-R5-W1,S077,R5,1,51.55775076320696,54.598150033144236,47.32330415252386,L1,synthetic_negative,drug_naive,false,
S78-R0-W0,S078,R0,0,73.61097204462055,54.598150033144236,64.03400809685344,L1,synthetic_negative,drug_naive,false,
S78-R0-W1,S078,R0,1,74.29290552968403,54.598150033144236,64.97535070977047,L1,synthetic_negative,drug_naive,false,
S78-R1-W0,S078,R1,0,81.937790520715,54.598150033144236,71.39756555580942,L1,synthetic_negative,drug_naive,false,
S78-R1-W1,S078,R1,1,83.80378033318968,54.598150033144236,73.03007755866868,L1,synthetic_negative,drug_naive,false,
S78-R2-W0,S078,R2,0,69.29251362562628,54.598150033144236,60.59163327433199,L1,synthetic_negative,drug_naive,false,
S78-R2-W1,S078,R2,1,70.18156277698881,54.598150033144236,61.51158203891019,L1,synthetic_negative,drug_naive,false,
S78-R3-W0,S078,R3,0,63.17955051275202,54.598150033144236,55.57207999243418,L1,synthetic_negative,drug_naive,false,
S78-R3-W1,S078,R3,1,63.8440949872942,54.598150033144236,55.70883796432922,L1,synthetic_negative,drug_naive,false,
S78-R4-W0,S078,R4,0,68.34976745800344,54.598150033144236,58.435630948926786,L1,synthetic_negative,drug_naive,false,
S78-R4-W1,S078,R4,1,67.87660027991109,54.598150033144236,59.76066936484956,L1,synthetic_negative,drug_naive,false,
S78-R5-W0,S078,R5,0,78.88075007564319,54.598150033144236,69.7755135770142,L1,synthetic_negative,drug_naive,false,
S78-R5-W1,S078,R5,1,79.0024045592233,54.598150033144236,69.21883334833232,L1,synthetic_negative,drug_naive,false,
S79-R0-W0,S079,R0,0,62.638348680963404,54.598150033144236,55.28190513539442,L1,synthetic_negative,drug_naive,false,
S79-R0-W1,S079,R0,1,63.96222335767064,54.598150033144236,56.07279185099934,L1,synthetic_negative,drug_naive,false,
S79-R1-W0,S079,R1,0,77.70726846199959,54.598150033144236,68.52193381922476,L1,synthetic_negative,drug_naive,false,
S79-R1-W1,S079,R1,1,80.93188833148378,54.598150033144236,72.29109089791586,L1,synthetic_negative,drug_naive,false,
S79-R2-W0,S079,R2,0,61.27594172594861,54.598150033144236,54.473413056244596,L1,synthetic_negative,drug_naive,false,
S79-R2-W1,S079,R2,1,63.0492537166656,54.598150033144236,55.53171635672501,L1,synthetic_negative,drug_naive,false,
S79-R3-W0,S079,R3,0,62.18970254402585,54.598150033144236,54.689104443471564,L1,synthetic_negative,drug_naive,false,
S79-R3-W1,S079,R3,1,61.90023150777969,54.598150033144236,55.091714602758486,L1,synthetic_negative,drug_naive,false,
S79-R4-W0,S079,R4,0,72.58838872224915,54.598150033144236,63.7585339226186,L1,synthetic_negative,drug_naive,false,
S79-R4-W1,S079,R4,1,71.18613578933831,54.598150033144236,63.13820138611874,L1,synthetic_negative,drug_naive,false,
S79-R5-W0,S079,R5,0,66.60474168196137,54.598150033144236,58.83213528684996,L1,synthetic_negative,drug_naive,false,
S79-R5-W1,S079,R5,1,67.09535470340614,54.598150033144236,59.4676948614055,L1,synthetic_negative,drug_naive,false,
