Conc1	6E-07	
Start1	360	
Stop1	1559.8	
Kobs	0.00022198762659549	
Error Kobs	2.5506481892688E-06	
Koff	0	
Error Koff	0	
Time1	Data1	Fit1	
360	0	0	
360.2	-0.00111066	0.0001039	
360.4	-0.00154061	0.00020772	
360.6	-0.0017432	0.00031146	
360.8	-0.00210142	0.00041512	
361	-0.00266754	0.0005187	
361.2	-0.00219114	0.0006222	
361.4	-0.00220382	0.00072562	
361.6	-0.00156934	0.00082896	
361.8	-0.00090184	0.00093221	
362	-0.000607	0.00103539	
362.2	0.00036926	0.00113849	
362.4	0.0001573	0.0012415	
362.6	0.00089322	0.00134444	
362.8	0.00137365	0.00144729	
363	0.00164462	0.00155007	
363.2	0.00190019	0.00165277	
363.4	0.00223184	0.00175538	
363.6	0.00155996	0.00185792	
363.8	0.00124253	0.00196038	
364	0.00120337	0.00206275	
364.2	0.00103669	0.00216505	
364.4	0.00104028	0.00226727	
364.6	0.00140055	0.00236941	
364.8	0.00074675	0.00247147	
365	0.00136835	0.00257344	
365.2	0.0020583	0.00267534	
365.4	0.00183216	0.00277717	
365.6	0.00303956	0.00287891	
365.8	0.00325705	0.00298057	
366	0.00367767	0.00308215	
366.2	0.0043374	0.00318366	
366.4	0.00418366	0.00328508	
366.6	0.00546728	0.00338643	
366.8	0.00603222	0.0034877	
367	0.00714882	0.00358889	
367.2	0.00711262	0.00369	
367.4	0.00783961	0.00379103	
367.6	0.0082085	0.00389198	
367.8	0.0088197	0.00399285	
368	0.00849065	0.00409365	
368.2	0.00789795	0.00419437	
368.4	0.00771635	0.00429501	
368.6	0.00723462	0.00439557	
368.8	0.00669826	0.00449605	
369	0.00759901	0.00459646	
369.2	0.00665946	0.00469678	
369.4	0.00650524	0.00479703	
369.6	0.00659143	0.0048972	
369.8	0.0058833	0.00499729	
370	0.00560038	0.00509731	
370.2	0.00560869	0.00519724	
370.4	0.00546108	0.0052971	
370.6	0.00659346	0.00539688	
370.8	0.00675427	0.00549659	
371	0.00653957	0.00559621	
371.2	0.00622997	0.00569576	
371.4	0.00591993	0.00579523	
371.6	0.00584914	0.00589463	
371.8	0.00556775	0.00599395	
372	0.0055617	0.00609318	
372.2	0.00540188	0.00619235	
372.4	0.00582357	0.00629143	
372.6	0.00613863	0.00639044	
372.8	0.00768339	0.00648937	
373	0.00899186	0.00658822	
373.2	0.00866279	0.006687	
373.4	0.00952958	0.0067857	
373.6	0.00979396	0.00688432	
373.8	0.01053572	0.00698287	
374	0.01131009	0.00708134	
374.2	0.01264939	0.00717974	
374.4	0.01324058	0.00727805	
374.6	0.01393685	0.00737629	
374.8	0.01366017	0.00747446	
375	0.01312529	0.00757254	
375.2	0.01310676	0.00767056	
375.4	0.01202835	0.00776849	
375.6	0.01231208	0.00786635	
375.8	0.01196107	0.00796413	
376	0.01131049	0.00806184	
376.2	0.01048908	0.00815947	
376.4	0.01018631	0.00825702	
376.6	0.00999513	0.0083545	
376.8	0.01017455	0.00845191	
377	0.0095687	0.00854923	
377.2	0.00940999	0.00864649	
377.4	0.00946219	0.00874366	
377.6	0.00882263	0.00884076	
377.8	0.00912017	0.00893779	
378	0.00917214	0.00903474	
378.2	0.00887083	0.00913161	
378.4	0.00780628	0.00922841	
378.6	0.00715667	0.00932513	
378.8	0.00768833	0.00942178	
379	0.00908162	0.00951835	
379.2	0.00915626	0.00961485	
379.4	0.01030849	0.00971127	
379.6	0.01152601	0.00980762	
379.8	0.01209551	0.00990389	
380	0.01344138	0.01000009	
380.2	0.0146039	0.01009621	
380.4	0.0152868	0.01019226	
380.6	0.01642006	0.01028824	
380.8	0.01758147	0.01038413	
381	0.01882051	0.01047996	
381.2	0.01957935	0.01057571	
381.4	0.01944512	0.01067138	
381.6	0.01897688	0.01076698	
381.8	0.01915525	0.01086251	
382	0.01841676	0.01095796	
382.2	0.01723782	0.01105334	
382.4	0.01586316	0.01114864	
382.6	0.0146365	0.01124387	
382.8	0.01464438	0.01133903	
383	0.0135289	0.01143411	
383.2	0.01251347	0.01152912	
383.4	0.01253218	0.01162405	
383.6	0.01289158	0.01171891	
383.8	0.01205367	0.0118137	
384	0.01232154	0.01190841	
384.2	0.01169731	0.01200305	
384.4	0.01201115	0.01209761	
384.6	0.01352458	0.01219211	
384.8	0.01477128	0.01228652	
385	0.01504494	0.01238087	
385.2	0.01581892	0.01247514	
385.4	0.01745841	0.01256934	
385.6	0.01801936	0.01266346	
385.8	0.0185886	0.01275751	
386	0.01870926	0.01285149	
386.2	0.01904572	0.01294539	
386.4	0.01963223	0.01303923	
386.6	0.01925096	0.01313299	
386.8	0.02013567	0.01322667	
387	0.01959233	0.01332028	
387.2	0.02044873	0.01341383	
387.4	0.02020946	0.01350729	
387.6	0.01929105	0.01360069	
387.8	0.01773182	0.01369401	
388	0.01757951	0.01378726	
388.2	0.01691565	0.01388044	
388.4	0.01703958	0.01397354	
388.6	0.01666472	0.01406657	
388.8	0.01591832	0.01415953	
389	0.015451	0.01425242	
389.2	0.01495869	0.01434524	
389.4	0.01436298	0.01443798	
389.6	0.01364699	0.01453065	
389.8	0.01336395	0.01462325	
390	0.01320958	0.01471577	
390.2	0.01438809	0.01480823	
390.4	0.01502555	0.01490061	
390.6	0.01570279	0.01499292	
390.8	0.01622669	0.01508516	
391	0.01659047	0.01517733	
391.2	0.01683272	0.01526943	
391.4	0.01690836	0.01536145	
391.6	0.01690985	0.0154534	
391.8	0.01805105	0.01554528	
392	0.01858736	0.01563709	
392.2	0.01853875	0.01572883	
392.4	0.01888426	0.0158205	
392.6	0.01884482	0.01591209	
392.8	0.01838988	0.01600362	
393	0.01773808	0.01609507	
393.2	0.01784006	0.01618645	
393.4	0.01902019	0.01627776	
393.6	0.01907458	0.016369	
393.8	0.0192436	0.01646017	
394	0.01977587	0.01655127	
394.2	0.02044567	0.0166423	
394.4	0.01993007	0.01673325	
394.6	0.02049598	0.01682414	
394.8	0.01915981	0.01691495	
395	0.01967852	0.0170057	
395.2	0.01921298	0.01709637	
395.4	0.02057325	0.01718697	
395.6	0.02087774	0.0172775	
395.8	0.0212605	0.01736797	
396	0.02134123	0.01745836	
396.2	0.02103222	0.01754868	
396.4	0.02129963	0.01763893	
396.6	0.02143936	0.01772911	
396.8	0.02152361	0.01781922	
397	0.02177719	0.01790926	
397.2	0.02202768	0.01799923	
397.4	0.02185427	0.01808913	
397.6	0.02154018	0.01817896	
397.8	0.02178534	0.01826873	
398	0.02204278	0.01835842	
398.2	0.02116142	0.01844804	
398.4	0.02132997	0.01853759	
398.6	0.02163902	0.01862707	
398.8	0.02061117	0.01871648	
399	0.02056359	0.01880583	
399.2	0.0203494	0.0188951	
399.4	0.02077891	0.0189843	
399.6	0.02092371	0.01907344	
399.8	0.02039773	0.0191625	
400	0.02095062	0.0192515	
400.2	0.02144902	0.01934042	
400.4	0.02164137	0.01942928	
400.6	0.02133267	0.01951807	
400.8	0.02083756	0.01960679	
401	0.02100556	0.01969544	
401.2	0.02109261	0.01978402	
401.4	0.02224736	0.01987253	
401.6	0.02240554	0.01996098	
401.8	0.0227938	0.02004935	
402	0.02308351	0.02013766	
402.2	0.02291312	0.02022589	
402.4	0.02344598	0.02031406	
402.6	0.02334779	0.02040216	
402.8	0.02282885	0.02049019	
403	0.02249856	0.02057816	
403.2	0.02288718	0.02066605	
403.4	0.02270749	0.02075388	
403.6	0.02335094	0.02084163	
403.8	0.0228339	0.02092932	
404	0.02333716	0.02101694	
404.2	0.02431665	0.0211045	
404.4	0.02438445	0.02119198	
404.6	0.02447349	0.0212794	
404.8	0.02498704	0.02136675	
405	0.02585724	0.02145403	
405.2	0.02566227	0.02154124	
405.4	0.02628992	0.02162839	
405.6	0.02594028	0.02171547	
405.8	0.02561936	0.02180248	
406	0.02516947	0.02188942	
406.2	0.02536115	0.02197629	
406.4	0.02559221	0.0220631	
406.6	0.0257287	0.02214984	
406.8	0.02583671	0.02223651	
407	0.02538762	0.02232312	
407.2	0.02593117	0.02240965	
407.4	0.0260287	0.02249612	
407.6	0.02639771	0.02258252	
407.8	0.02629606	0.02266886	
408	0.02713336	0.02275513	
408.2	0.02775477	0.02284133	
408.4	0.0274064	0.02292746	
408.6	0.02762901	0.02301353	
408.8	0.02761697	0.02309953	
409	0.02825335	0.02318546	
409.2	0.02812621	0.02327133	
409.4	0.0293427	0.02335713	
409.6	0.02930589	0.02344286	
409.8	0.02935851	0.02352853	
410	0.0293562	0.02361413	
410.2	0.02925611	0.02369966	
410.4	0.02922708	0.02378513	
410.6	0.02988653	0.02387053	
410.8	0.03002602	0.02395586	
411	0.02969418	0.02404113	
411.2	0.02967458	0.02412633	
411.4	0.02944157	0.02421146	
411.6	0.02859884	0.02429653	
411.8	0.02879523	0.02438153	
412	0.0284917	0.02446647	
412.2	0.02704751	0.02455134	
412.4	0.02716178	0.02463614	
412.6	0.02791353	0.02472088	
412.8	0.02792971	0.02480555	
413	0.02895323	0.02489016	
413.2	0.02907163	0.0249747	
413.4	0.0297221	0.02505917	
413.6	0.02891154	0.02514358	
413.8	0.02824412	0.02522792	
414	0.02791992	0.0253122	
414.2	0.02820872	0.02539641	
414.4	0.0284963	0.02548056	
414.6	0.02833855	0.02556464	
414.8	0.02776736	0.02564866	
415	0.02710932	0.02573261	
415.2	0.02786276	0.02581649	
415.4	0.02818949	0.02590031	
415.6	0.02846476	0.02598407	
415.8	0.02949441	0.02606776	
416	0.02887284	0.02615138	
416.2	0.0286372	0.02623494	
416.4	0.0300714	0.02631843	
416.6	0.03074337	0.02640186	
416.8	0.03095052	0.02648523	
417	0.03107857	0.02656853	
417.2	0.03073973	0.02665176	
417.4	0.03131663	0.02673493	
417.6	0.03089727	0.02681804	
417.8	0.03068051	0.02690108	
418	0.03117609	0.02698405	
418.2	0.03105578	0.02706696	
418.4	0.03077027	0.02714981	
418.6	0.03077779	0.02723259	
418.8	0.03027729	0.02731531	
419	0.03064573	0.02739797	
419.2	0.03234067	0.02748056	
419.4	0.03122678	0.02756308	
419.6	0.03171978	0.02764554	
419.8	0.03154605	0.02772794	
420	0.0310219	0.02781027	
420.2	0.03025891	0.02789254	
420.4	0.0305337	0.02797474	
420.6	0.02989761	0.02805689	
420.8	0.02889444	0.02813896	
421	0.02792427	0.02822098	
421.2	0.028103	0.02830292	
421.4	0.02856328	0.02838481	
421.6	0.02772822	0.02846663	
421.8	0.02762327	0.02854839	
422	0.02812918	0.02863008	
422.2	0.02913411	0.02871172	
422.4	0.02960128	0.02879328	
422.6	0.03091935	0.02887479	
422.8	0.03186734	0.02895623	
423	0.03282644	0.02903761	
423.2	0.033202	0.02911892	
423.4	0.03231284	0.02920017	
423.6	0.03376271	0.02928136	
423.8	0.03479598	0.02936248	
424	0.03450873	0.02944354	
424.2	0.03402223	0.02952454	
424.4	0.03415909	0.02960548	
424.6	0.0329136	0.02968635	
424.8	0.03263147	0.02976716	
425	0.03281406	0.02984791	
425.2	0.03361817	0.02992859	
425.4	0.03378585	0.03000921	
425.6	0.03301411	0.03008977	
425.8	0.03321198	0.03017026	
426	0.03337977	0.0302507	
426.2	0.03373434	0.03033107	
426.4	0.0336202	0.03041137	
426.6	0.03391103	0.03049162	
426.8	0.03311002	0.0305718	
427	0.03197355	0.03065192	
427.2	0.03114445	0.03073198	
427.4	0.03078002	0.03081198	
427.6	0.03140685	0.03089191	
427.8	0.03224469	0.03097178	
428	0.0315545	0.03105159	
428.2	0.0320505	0.03113134	
428.4	0.03307168	0.03121103	
428.6	0.03479177	0.03129065	
428.8	0.03663102	0.03137021	
429	0.03719451	0.03144971	
429.2	0.0381994	0.03152915	
429.4	0.03824999	0.03160852	
429.6	0.03845687	0.03168784	
429.8	0.03897623	0.03176709	
430	0.03898898	0.03184628	
430.2	0.0386386	0.03192541	
430.4	0.0377585	0.03200448	
430.6	0.03661841	0.03208348	
430.8	0.03501626	0.03216243	
431	0.03456771	0.03224131	
431.2	0.0333758	0.03232013	
431.4	0.03269526	0.03239889	
431.6	0.03271325	0.03247759	
431.8	0.0334088	0.03255623	
432	0.03385493	0.03263481	
432.2	0.03454522	0.03271332	
432.4	0.03521718	0.03279178	
432.6	0.03567854	0.03287017	
432.8	0.03474247	0.03294851	
433	0.03508999	0.03302678	
433.2	0.03529769	0.03310499	
433.4	0.03507566	0.03318314	
433.6	0.03576396	0.03326123	
433.8	0.0364592	0.03333926	
434	0.03682876	0.03341722	
434.2	0.03614423	0.03349513	
434.4	0.03623902	0.03357298	
434.6	0.03643801	0.03365076	
434.8	0.03649827	0.03372849	
435	0.03723545	0.03380615	
435.2	0.03761299	0.03388376	
435.4	0.0379289	0.0339613	
435.6	0.03836758	0.03403879	
435.8	0.03905698	0.03411621	
436	0.03976986	0.03419357	
436.2	0.03957692	0.03427088	
436.4	0.03988194	0.03434812	
436.6	0.03948694	0.0344253	
436.8	0.0388329	0.03450243	
437	0.0392567	0.03457949	
437.2	0.03955264	0.03465649	
437.4	0.03934571	0.03473344	
437.6	0.04051221	0.03481032	
437.8	0.04131829	0.03488714	
438	0.04164227	0.03496391	
438.2	0.04063565	0.03504061	
438.4	0.04099012	0.03511726	
438.6	0.04075631	0.03519384	
438.8	0.04073676	0.03527037	
439	0.04086753	0.03534683	
439.2	0.04103557	0.03542324	
439.4	0.04117103	0.03549958	
439.6	0.0410376	0.03557587	
439.8	0.04045728	0.0356521	
440	0.04046497	0.03572827	
440.2	0.03942984	0.03580438	
440.4	0.03930783	0.03588043	
440.6	0.03858142	0.03595642	
440.8	0.03865168	0.03603235	
441	0.03906443	0.03610822	
441.2	0.03969287	0.03618404	
441.4	0.0392579	0.03625979	
441.6	0.04071025	0.03633549	
441.8	0.04025213	0.03641113	
442	0.03967911	0.0364867	
442.2	0.03950839	0.03656222	
442.4	0.03968193	0.03663768	
442.6	0.03985587	0.03671309	
442.8	0.04093797	0.03678843	
443	0.04130627	0.03686371	
443.2	0.0420273	0.03693894	
443.4	0.04295431	0.03701411	
443.6	0.04239463	0.03708922	
443.8	0.04212741	0.03716427	
444	0.04248413	0.03723926	
444.2	0.04253366	0.0373142	
444.4	0.04303572	0.03738907	
444.6	0.04369521	0.03746389	
444.8	0.04429879	0.03753865	
445	0.04545293	0.03761335	
445.2	0.0463507	0.03768799	
445.4	0.04633917	0.03776258	
445.6	0.04705363	0.0378371	
445.8	0.04612938	0.03791157	
446	0.04645831	0.03798598	
446.2	0.04673983	0.03806034	
446.4	0.04575341	0.03813463	
446.6	0.045726	0.03820887	
446.8	0.04557227	0.03828305	
447	0.04509607	0.03835717	
447.2	0.04465237	0.03843124	
447.4	0.04444869	0.03850524	
447.6	0.04348631	0.03857919	
447.8	0.04268375	0.03865309	
448	0.04195937	0.03872692	
448.2	0.04216206	0.0388007	
448.4	0.04144046	0.03887442	
448.6	0.04182955	0.03894808	
448.8	0.04258781	0.03902168	
449	0.04273768	0.03909523	
449.2	0.04266919	0.03916872	
449.4	0.04237771	0.03924215	
449.6	0.04257185	0.03931553	
449.8	0.04307063	0.03938885	
450	0.0438716	0.03946211	
450.2	0.04424928	0.03953532	
450.4	0.04468651	0.03960846	
450.6	0.04491637	0.03968156	
450.8	0.04591827	0.03975459	
451	0.04718308	0.03982757	
451.2	0.04642165	0.03990049	
451.4	0.0468793	0.03997335	
451.6	0.0460727	0.04004616	
451.8	0.04660688	0.04011891	
452	0.04630718	0.0401916	
452.2	0.04647372	0.04026424	
452.4	0.04580972	0.04033682	
452.6	0.04520886	0.04040935	
452.8	0.04532018	0.04048181	
453	0.04394812	0.04055423	
453.2	0.04375472	0.04062658	
453.4	0.04310248	0.04069888	
453.6	0.04402399	0.04077112	
453.8	0.04454386	0.04084331	
454	0.04415069	0.04091544	
454.2	0.0444386	0.04098752	
454.4	0.04475021	0.04105953	
454.6	0.04504877	0.0411315	
454.8	0.04628657	0.0412034	
455	0.04686478	0.04127525	
455.2	0.0459172	0.04134705	
455.4	0.04670306	0.04141879	
455.6	0.04681831	0.04149047	
455.8	0.04712772	0.0415621	
456	0.04598078	0.04163367	
456.2	0.04624774	0.04170518	
456.4	0.04611426	0.04177664	
456.6	0.04559489	0.04184805	
456.8	0.04539566	0.0419194	
457	0.04469244	0.04199069	
457.2	0.04487016	0.04206193	
457.4	0.04434763	0.04213311	
457.6	0.04570245	0.04220424	
457.8	0.04501629	0.04227531	
458	0.04528123	0.04234633	
458.2	0.04611174	0.04241729	
458.4	0.04681528	0.04248819	
458.6	0.04795316	0.04255905	
458.8	0.04953914	0.04262984	
459	0.05012124	0.04270058	
459.2	0.04959103	0.04277127	
459.4	0.05057083	0.0428419	
459.6	0.05052868	0.04291248	
459.8	0.05008893	0.042983	
460	0.04939102	0.04305346	
460.2	0.04943158	0.04312387	
460.4	0.05033237	0.04319423	
460.6	0.04948115	0.04326453	
460.8	0.04891626	0.04333478	
461	0.04864035	0.04340497	
461.2	0.0491676	0.04347511	
461.4	0.04889913	0.04354519	
461.6	0.05056286	0.04361522	
461.8	0.0504048	0.0436852	
462	0.05063474	0.04375512	
462.2	0.0510801	0.04382498	
462.4	0.0513958	0.04389479	
462.6	0.05218581	0.04396455	
462.8	0.05234949	0.04403425	
463	0.05187245	0.0441039	
463.2	0.05124165	0.04417349	
463.4	0.05117354	0.04424303	
463.6	0.04984135	0.04431252	
463.8	0.04904332	0.04438195	
464	0.0474957	0.04445133	
464.2	0.04715329	0.04452065	
464.4	0.04739177	0.04458992	
464.6	0.04620469	0.04465914	
464.8	0.04655494	0.0447283	
465	0.04738266	0.04479741	
465.2	0.04878017	0.04486647	
465.4	0.04866134	0.04493547	
465.6	0.04887904	0.04500441	
465.8	0.04845064	0.04507331	
466	0.04870949	0.04514215	
466.2	0.04913484	0.04521093	
466.4	0.04903259	0.04527967	
466.6	0.04910093	0.04534835	
466.8	0.04847756	0.04541697	
467	0.04850373	0.04548555	
467.2	0.04726375	0.04555407	
467.4	0.04770741	0.04562253	
467.6	0.04812448	0.04569094	
467.8	0.04869646	0.0457593	
468	0.04874371	0.04582761	
468.2	0.04973241	0.04589586	
468.4	0.05057667	0.04596406	
468.6	0.05132168	0.04603221	
468.8	0.05187686	0.04610031	
469	0.05228131	0.04616835	
469.2	0.05270948	0.04623634	
469.4	0.05264431	0.04630427	
469.6	0.05263807	0.04637215	
469.8	0.05293126	0.04643998	
470	0.05314737	0.04650776	
470.2	0.05307961	0.04657548	
470.4	0.05270663	0.04664316	
470.6	0.05153779	0.04671078	
470.8	0.05121631	0.04677834	
471	0.05184845	0.04684586	
471.2	0.05191329	0.04691332	
471.4	0.05333541	0.04698073	
471.6	0.05358968	0.04704808	
471.8	0.05300766	0.04711539	
472	0.05211859	0.04718264	
472.2	0.05138855	0.04724984	
472.4	0.05025165	0.04731698	
472.6	0.05038847	0.04738408	
472.8	0.04881792	0.04745112	
473	0.04806379	0.04751811	
473.2	0.0479146	0.04758505	
473.4	0.04767161	0.04765194	
473.6	0.04717538	0.04771877	
473.8	0.046818	0.04778555	
474	0.04709607	0.04785228	
474.2	0.04734683	0.04791896	
474.4	0.0472718	0.04798559	
474.6	0.04758506	0.04805216	
474.8	0.04941556	0.04811869	
475	0.05209591	0.04818516	
475.2	0.05252616	0.04825158	
475.4	0.05374025	0.04831794	
475.6	0.05452453	0.04838426	
475.8	0.05520346	0.04845052	
476	0.05594509	0.04851674	
476.2	0.0569397	0.0485829	
476.4	0.05700559	0.04864901	
476.6	0.05768539	0.04871507	
476.8	0.05649889	0.04878108	
477	0.05643787	0.04884703	
477.2	0.05688738	0.04891294	
477.4	0.05658514	0.04897879	
477.6	0.05575199	0.04904459	
477.8	0.05538362	0.04911034	
478	0.05532433	0.04917604	
478.2	0.05511478	0.04924169	
478.4	0.05573813	0.04930729	
478.6	0.05599257	0.04937283	
478.8	0.05647828	0.04943833	
479	0.05685441	0.04950377	
479.2	0.05578307	0.04956917	
479.4	0.05621455	0.04963451	
479.6	0.05633296	0.0496998	
479.8	0.05676278	0.04976504	
480	0.05719102	0.04983024	
480.2	0.05690136	0.04989538	
480.4	0.05650628	0.04996046	
480.6	0.05669486	0.0500255	
480.8	0.05638239	0.05009049	
481	0.05670156	0.05015543	
481.2	0.05828749	0.05022031	
481.4	0.05775817	0.05028515	
481.6	0.0575055	0.05034994	
481.8	0.05887022	0.05041467	
482	0.05937429	0.05047936	
482.2	0.05957781	0.05054399	
482.4	0.05994916	0.05060858	
482.6	0.05960832	0.05067311	
482.8	0.0593567	0.0507376	
483	0.05913046	0.05080203	
483.2	0.05808339	0.05086641	
483.4	0.05746464	0.05093075	
483.6	0.05786035	0.05099503	
483.8	0.05758492	0.05105926	
484	0.05790126	0.05112345	
484.2	0.05669575	0.05118758	
484.4	0.05657947	0.05125167	
484.6	0.05735589	0.0513157	
484.8	0.05770347	0.05137968	
485	0.05809632	0.05144362	
485.2	0.05882485	0.0515075	
485.4	0.0577529	0.05157134	
485.6	0.05879029	0.05163512	
485.8	0.06000877	0.05169886	
486	0.05978417	0.05176255	
486.2	0.06034691	0.05182618	
486.4	0.06085203	0.05188977	
486.6	0.06125134	0.05195331	
486.8	0.06095759	0.0520168	
487	0.06102997	0.05208023	
487.2	0.06088139	0.05214362	
487.4	0.06192649	0.05220696	
487.6	0.06175413	0.05227026	
487.8	0.06152481	0.0523335	
488	0.06104596	0.05239669	
488.2	0.05961143	0.05245983	
488.4	0.05922785	0.05252293	
488.6	0.05906509	0.05258597	
488.8	0.05760259	0.05264897	
489	0.05665396	0.05271192	
489.2	0.05629055	0.05277481	
489.4	0.05673175	0.05283766	
489.6	0.05731702	0.05290046	
489.8	0.05686697	0.05296321	
490	0.05645185	0.05302592	
490.2	0.05578203	0.05308857	
490.4	0.05592291	0.05315118	
490.6	0.05613382	0.05321373	
490.8	0.05576275	0.05327624	
491	0.0562289	0.0533387	
491.2	0.05645392	0.05340111	
491.4	0.05696226	0.05346347	
491.6	0.05634164	0.05352579	
491.8	0.05715375	0.05358805	
492	0.0568578	0.05365027	
492.2	0.0577198	0.05371244	
492.4	0.05772313	0.05377456	
492.6	0.05777732	0.05383663	
492.8	0.05823822	0.05389865	
493	0.05893685	0.05396063	
493.2	0.05923684	0.05402255	
493.4	0.05960659	0.05408443	
493.6	0.05871337	0.05414626	
493.8	0.05822906	0.05420804	
494	0.05783791	0.05426978	
494.2	0.05738064	0.05433147	
494.4	0.05834864	0.0543931	
494.6	0.05782263	0.05445469	
494.8	0.0581324	0.05451624	
495	0.05933645	0.05457773	
495.2	0.0588952	0.05463918	
495.4	0.05976934	0.05470058	
495.6	0.06056079	0.05476193	
495.8	0.06130252	0.05482323	
496	0.06157479	0.05488449	
496.2	0.06243547	0.0549457	
496.4	0.06215668	0.05500686	
496.6	0.06304285	0.05506797	
496.8	0.06443881	0.05512903	
497	0.06444131	0.05519005	
497.2	0.06468036	0.05525102	
497.4	0.06488746	0.05531195	
497.6	0.06432617	0.05537282	
497.8	0.06394714	0.05543365	
498	0.06371985	0.05549443	
498.2	0.06325558	0.05555516	
498.4	0.06354574	0.05561585	
498.6	0.06346928	0.05567649	
498.8	0.06365557	0.05573708	
499	0.0635886	0.05579763	
499.2	0.06206152	0.05585812	
499.4	0.06190168	0.05591858	
499.6	0.06121427	0.05597898	
499.8	0.05960201	0.05603934	
500	0.05907579	0.05609965	
500.2	0.05920111	0.05615991	
500.4	0.05984491	0.05622013	
500.6	0.06177944	0.05628029	
500.8	0.0618062	0.05634042	
501	0.0610995	0.05640049	
501.2	0.06156785	0.05646052	
501.4	0.06174029	0.0565205	
501.6	0.06215645	0.05658044	
501.8	0.06222126	0.05664033	
502	0.06293613	0.05670017	
502.2	0.06386788	0.05675997	
502.4	0.06482415	0.05681972	
502.6	0.06547886	0.05687942	
502.8	0.06595684	0.05693907	
503	0.06603464	0.05699868	
503.2	0.06596073	0.05705825	
503.4	0.06604851	0.05711776	
503.6	0.06637856	0.05717724	
503.8	0.06582055	0.05723666	
504	0.06597712	0.05729604	
504.2	0.06641902	0.05735537	
504.4	0.06666004	0.05741466	
504.6	0.06597242	0.0574739	
504.8	0.06466862	0.05753309	
505	0.06366425	0.05759224	
505.2	0.06429843	0.05765134	
505.4	0.06437324	0.0577104	
505.6	0.06398431	0.05776941	
505.8	0.06228797	0.05782837	
506	0.06232858	0.05788729	
506.2	0.06273238	0.05794616	
506.4	0.06245819	0.05800499	
506.6	0.06239775	0.05806377	
506.8	0.06194294	0.0581225	
507	0.06184364	0.05818119	
507.2	0.06385084	0.05823984	
507.4	0.06416006	0.05829843	
507.6	0.06485782	0.05835699	
507.8	0.06491807	0.05841549	
508	0.06566227	0.05847396	
508.2	0.06566981	0.05853237	
508.4	0.06582678	0.05859074	
508.6	0.06585674	0.05864907	
508.8	0.06618284	0.05870735	
509	0.06514793	0.05876558	
509.2	0.06507402	0.05882377	
509.4	0.06474514	0.05888191	
509.6	0.06459625	0.05894001	
509.8	0.0640994	0.05899807	
510	0.06567501	0.05905607	
510.2	0.06531079	0.05911404	
510.4	0.0652731	0.05917196	
510.6	0.06468923	0.05922983	
510.8	0.06439804	0.05928766	
511	0.06440553	0.05934544	
511.2	0.06509529	0.05940318	
511.4	0.06423645	0.05946087	
511.6	0.06405074	0.05951852	
511.8	0.06465859	0.05957612	
512	0.06452283	0.05963368	
512.2	0.06355682	0.0596912	
512.4	0.06389592	0.05974866	
512.6	0.06354573	0.05980609	
512.8	0.06263895	0.05986347	
513	0.06208682	0.0599208	
513.2	0.06215803	0.05997809	
513.4	0.06294677	0.06003534	
513.6	0.06359715	0.06009254	
513.8	0.06402116	0.0601497	
514	0.06404253	0.06020681	
514.2	0.06420378	0.06026388	
514.4	0.06467622	0.0603209	
514.6	0.06446053	0.06037788	
514.8	0.06499891	0.06043482	
515	0.06404835	0.06049171	
515.2	0.0644592	0.06054855	
515.4	0.06520918	0.06060536	
515.6	0.06568424	0.06066211	
515.8	0.066007	0.06071883	
516	0.06479064	0.0607755	
516.2	0.06474281	0.06083212	
516.4	0.06518083	0.0608887	
516.6	0.06496744	0.06094524	
516.8	0.06434768	0.06100174	
517	0.06451334	0.06105819	
517.2	0.06384595	0.06111459	
517.4	0.06386079	0.06117095	
517.6	0.06395052	0.06122727	
517.8	0.06411773	0.06128355	
518	0.06418619	0.06133978	
518.2	0.06512466	0.06139596	
518.4	0.06476049	0.06145211	
518.6	0.06572396	0.0615082	
518.8	0.06570767	0.06156426	
519	0.06507344	0.06162027	
519.2	0.06605501	0.06167624	
519.4	0.06674397	0.06173217	
519.6	0.06635254	0.06178805	
519.8	0.06506084	0.06184389	
520	0.0649154	0.06189968	
520.2	0.06563901	0.06195543	
520.4	0.06620598	0.06201114	
520.6	0.06678457	0.0620668	
520.8	0.06625624	0.06212242	
521	0.06590366	0.062178	
521.2	0.06703941	0.06223354	
521.4	0.06755165	0.06228903	
521.6	0.06807491	0.06234448	
521.8	0.06824383	0.06239988	
522	0.06910637	0.06245524	
522.2	0.06880227	0.06251056	
522.4	0.06880593	0.06256584	
522.6	0.06991754	0.06262107	
522.8	0.06955646	0.06267626	
523	0.06980436	0.06273141	
523.2	0.06949004	0.06278651	
523.4	0.06889731	0.06284157	
523.6	0.06837442	0.06289659	
523.8	0.06746559	0.06295157	
524	0.06814883	0.0630065	
524.2	0.06759696	0.06306139	
524.4	0.06735777	0.06311624	
524.6	0.06678854	0.06317104	
524.8	0.0659631	0.06322581	
525	0.06624911	0.06328053	
525.2	0.06747069	0.0633352	
525.4	0.06790046	0.06338984	
525.6	0.06833889	0.06344443	
525.8	0.06842628	0.06349898	
526	0.07004283	0.06355349	
526.2	0.06941007	0.06360795	
526.4	0.06977725	0.06366237	
526.6	0.07046316	0.06371675	
526.8	0.06984784	0.06377109	
527	0.07060868	0.06382539	
527.2	0.07023208	0.06387964	
527.4	0.07029121	0.06393385	
527.6	0.07100347	0.06398802	
527.8	0.07141251	0.06404215	
528	0.07193947	0.06409623	
528.2	0.07127975	0.06415027	
528.4	0.07126475	0.06420427	
528.6	0.07141281	0.06425823	
528.8	0.07150584	0.06431215	
529	0.07112898	0.06436602	
529.2	0.07189098	0.06441986	
529.4	0.0719864	0.06447365	
529.6	0.0713993	0.06452739	
529.8	0.07107985	0.0645811	
530	0.07131211	0.06463477	
530.2	0.07081865	0.06468839	
530.4	0.07081818	0.06474197	
530.6	0.07034496	0.06479551	
530.8	0.06923446	0.06484901	
531	0.07008571	0.06490247	
531.2	0.06937719	0.06495588	
531.4	0.06985529	0.06500926	
531.6	0.06998018	0.06506259	
531.8	0.0698475	0.06511588	
532	0.07059352	0.06516913	
532.2	0.0704498	0.06522234	
532.4	0.07013107	0.0652755	
532.6	0.07016062	0.06532863	
532.8	0.07067199	0.06538171	
533	0.07045226	0.06543476	
533.2	0.07126295	0.06548776	
533.4	0.07142112	0.06554072	
533.6	0.07236108	0.06559364	
533.8	0.07244644	0.06564651	
534	0.07301271	0.06569935	
534.2	0.07330248	0.06575215	
534.4	0.07332968	0.0658049	
534.6	0.0735119	0.06585761	
534.8	0.07273338	0.06591029	
535	0.07330373	0.06596292	
535.2	0.07251435	0.06601551	
535.4	0.07311142	0.06606806	
535.6	0.07202472	0.06612057	
535.8	0.07162282	0.06617303	
536	0.07286133	0.06622546	
536.2	0.07220596	0.06627785	
536.4	0.07199181	0.06633019	
536.6	0.07221873	0.0663825	
536.8	0.07244853	0.06643476	
537	0.07283054	0.06648698	
537.2	0.07313208	0.06653917	
537.4	0.07282484	0.06659131	
537.6	0.07320189	0.06664341	
537.8	0.07296218	0.06669547	
538	0.072825	0.06674749	
538.2	0.07369197	0.06679947	
538.4	0.07457051	0.06685141	
538.6	0.07475329	0.06690331	
538.8	0.07441763	0.06695517	
539	0.07501198	0.06700699	
539.2	0.07565098	0.06705877	
539.4	0.07607975	0.06711051	
539.6	0.07557214	0.0671622	
539.8	0.07597096	0.06721386	
540	0.0760081	0.06726548	
540.2	0.07502356	0.06731705	
540.4	0.07457347	0.06736859	
540.6	0.07361693	0.06742009	
540.8	0.07345458	0.06747155	
541	0.07396175	0.06752296	
541.2	0.07237413	0.06757434	
541.4	0.07171264	0.06762568	
541.6	0.0720445	0.06767697	
541.8	0.07199433	0.06772823	
542	0.07265784	0.06777945	
542.2	0.07381092	0.06783063	
542.4	0.07321499	0.06788176	
542.6	0.07354035	0.06793286	
542.8	0.07446795	0.06798392	
543	0.07491828	0.06803494	
543.2	0.07531077	0.06808592	
543.4	0.07576582	0.06813685	
543.6	0.07535024	0.06818775	
543.8	0.07521102	0.06823861	
544	0.07386217	0.06828943	
544.2	0.07373403	0.06834021	
544.4	0.07274083	0.06839096	
544.6	0.07179855	0.06844166	
544.8	0.07238071	0.06849232	
545	0.07191737	0.06854294	
545.2	0.07073073	0.06859353	
545.4	0.07118997	0.06864407	
545.6	0.0715357	0.06869458	
545.8	0.0728714	0.06874504	
546	0.07320452	0.06879547	
546.2	0.07313974	0.06884585	
546.4	0.07324592	0.0688962	
546.6	0.07507485	0.06894651	
546.8	0.07580153	0.06899678	
547	0.07556473	0.06904701	
547.2	0.07647427	0.0690972	
547.4	0.07703421	0.06914735	
547.6	0.07662332	0.06919747	
547.8	0.07729949	0.06924754	
548	0.07807101	0.06929758	
548.2	0.07828943	0.06934757	
548.4	0.07819376	0.06939753	
548.6	0.07833538	0.06944745	
548.8	0.07805934	0.06949733	
549	0.07739357	0.06954717	
549.2	0.0765368	0.06959697	
549.4	0.07654055	0.06964674	
549.6	0.07711508	0.06969646	
549.8	0.07739489	0.06974615	
550	0.07585656	0.0697958	
550.2	0.07575846	0.0698454	
550.4	0.07503023	0.06989497	
550.6	0.07527364	0.06994451	
550.8	0.07479563	0.069994	
551	0.07391405	0.07004345	
551.2	0.07424698	0.07009287	
551.4	0.07355761	0.07014225	
551.6	0.07373252	0.07019159	
551.8	0.07425283	0.07024089	
552	0.07556059	0.07029015	
552.2	0.07517096	0.07033938	
552.4	0.07548432	0.07038856	
552.6	0.07613476	0.07043771	
552.8	0.07561638	0.07048682	
553	0.0754982	0.07053589	
553.2	0.07597855	0.07058492	
553.4	0.07661245	0.07063392	
553.6	0.07702034	0.07068288	
553.8	0.0761221	0.07073179	
554	0.07585062	0.07078068	
554.2	0.07725113	0.07082952	
554.4	0.07747444	0.07087832	
554.6	0.07883905	0.07092709	
554.8	0.07881098	0.07097582	
555	0.07863986	0.07102451	
555.2	0.07921387	0.07107316	
555.4	0.07862377	0.07112178	
555.6	0.07879537	0.07117036	
555.8	0.07902342	0.07121889	
556	0.07960592	0.0712674	
556.2	0.07931008	0.07131586	
556.4	0.0793523	0.07136429	
556.6	0.07884144	0.07141268	
556.8	0.07783164	0.07146103	
557	0.07677784	0.07150934	
557.2	0.07666901	0.07155762	
557.4	0.07590771	0.07160586	
557.6	0.07540622	0.07165406	
557.8	0.07544305	0.07170222	
558	0.07545738	0.07175035	
558.2	0.07614543	0.07179843	
558.4	0.07702292	0.07184648	
558.6	0.07692437	0.0718945	
558.8	0.07660158	0.07194247	
559	0.07669247	0.07199041	
559.2	0.07646604	0.07203832	
559.4	0.07635411	0.07208618	
559.6	0.07669519	0.07213401	
559.8	0.07790095	0.0721818	
560	0.07870408	0.07222955	
560.2	0.07861333	0.07227727	
560.4	0.07866589	0.07232494	
560.6	0.07843303	0.07237259	
560.8	0.0791253	0.07242019	
561	0.07902199	0.07246776	
561.2	0.07917256	0.07251529	
561.4	0.07883483	0.07256278	
561.6	0.07782083	0.07261024	
561.8	0.07652186	0.07265766	
562	0.07638152	0.07270504	
562.2	0.07677317	0.07275239	
562.4	0.07698729	0.0727997	
562.6	0.07492014	0.07284697	
562.8	0.07409407	0.0728942	
563	0.07372258	0.0729414	
563.2	0.0733048	0.07298856	
563.4	0.07364088	0.07303569	
563.6	0.07416586	0.07308278	
563.8	0.07538128	0.07312983	
564	0.07538875	0.07317685	
564.2	0.07599015	0.07322382	
564.4	0.07660697	0.07327077	
564.6	0.07747156	0.07331767	
564.8	0.07816199	0.07336454	
565	0.07866833	0.07341137	
565.2	0.07849423	0.07345817	
565.4	0.07868439	0.07350493	
565.6	0.07925364	0.07355165	
565.8	0.07949709	0.07359834	
566	0.08075078	0.07364499	
566.2	0.0811347	0.07369161	
566.4	0.08123353	0.07373819	
566.6	0.08056411	0.07378473	
566.8	0.08037008	0.07383123	
567	0.08109209	0.0738777	
567.2	0.08032183	0.07392414	
567.4	0.08081951	0.07397053	
567.6	0.0820811	0.0740169	
567.8	0.08129268	0.07406322	
568	0.08058615	0.07410951	
568.2	0.08068041	0.07415576	
568.4	0.07936482	0.07420198	
568.6	0.07946094	0.07424816	
568.8	0.07858919	0.07429431	
569	0.07848321	0.07434042	
569.2	0.07826491	0.07438649	
569.4	0.07868883	0.07443253	
569.6	0.07895311	0.07447853	
569.8	0.07876412	0.0745245	
570	0.07916794	0.07457043	
570.2	0.07923633	0.07461632	
570.4	0.07931874	0.07466218	
570.6	0.08010297	0.07470801	
570.8	0.0797339	0.07475379	
571	0.08073867	0.07479955	
571.2	0.08074025	0.07484526	
571.4	0.08105618	0.07489094	
571.6	0.08130299	0.07493659	
571.8	0.07998946	0.0749822	
572	0.08042808	0.07502777	
572.2	0.08028697	0.07507331	
572.4	0.0802669	0.07511882	
572.6	0.0813668	0.07516428	
572.8	0.08122284	0.07520972	
573	0.08166307	0.07525511	
573.2	0.08187779	0.07530048	
573.4	0.08251471	0.0753458	
573.6	0.08292656	0.07539109	
573.8	0.08318529	0.07543635	
574	0.0828493	0.07548157	
574.2	0.08265414	0.07552676	
574.4	0.08367924	0.07557191	
574.6	0.08425024	0.07561703	
574.8	0.0838532	0.07566211	
575	0.08492892	0.07570715	
575.2	0.08500661	0.07575216	
575.4	0.08472042	0.07579714	
575.6	0.08497194	0.07584208	
575.8	0.0845077	0.07588698	
576	0.08440663	0.07593185	
576.2	0.08373228	0.07597669	
576.4	0.08393566	0.07602149	
576.6	0.08416017	0.07606626	
576.8	0.08380741	0.07611099	
577	0.08317135	0.07615568	
577.2	0.08270642	0.07620035	
577.4	0.08245396	0.07624497	
577.6	0.08222146	0.07628957	
577.8	0.08192973	0.07633412	
578	0.08089563	0.07637865	
578.2	0.08162819	0.07642313	
578.4	0.08250665	0.07646759	
578.6	0.08230829	0.07651201	
578.8	0.08251981	0.07655639	
579	0.08270186	0.07660074	
579.2	0.08258565	0.07664506	
579.4	0.0820915	0.07668934	
579.6	0.08224505	0.07673358	
579.8	0.08156785	0.0767778	
580	0.08128808	0.07682197	
580.2	0.08099896	0.07686612	
580.4	0.08078567	0.07691023	
580.6	0.08106744	0.0769543	
580.8	0.08131006	0.07699834	
581	0.08054673	0.07704235	
581.2	0.08093727	0.07708632	
581.4	0.08143515	0.07713026	
581.6	0.08262689	0.07717416	
581.8	0.08330522	0.07721803	
582	0.08360086	0.07726186	
582.2	0.08430397	0.07730567	
582.4	0.08435992	0.07734943	
582.6	0.08399725	0.07739317	
582.8	0.08391081	0.07743687	
583	0.08360796	0.07748053	
583.2	0.08452091	0.07752416	
583.4	0.08445336	0.07756776	
583.6	0.08435694	0.07761132	
583.8	0.08387487	0.07765485	
584	0.08384466	0.07769835	
584.2	0.08395517	0.07774181	
584.4	0.0835172	0.07778524	
584.6	0.08413628	0.07782863	
584.8	0.08386002	0.07787199	
585	0.08323043	0.07791532	
585.2	0.08372821	0.07795861	
585.4	0.08375232	0.07800187	
585.6	0.08386997	0.07804509	
585.8	0.08348073	0.07808829	
586	0.08269635	0.07813144	
586.2	0.08245238	0.07817457	
586.4	0.08198352	0.07821766	
586.6	0.08246469	0.07826072	
586.8	0.08285848	0.07830374	
587	0.08402729	0.07834673	
587.2	0.0849115	0.07838969	
587.4	0.08429066	0.07843261	
587.6	0.08474784	0.0784755	
587.8	0.08634625	0.07851836	
588	0.0865375	0.07856119	
588.2	0.08604842	0.07860398	
588.4	0.0862086	0.07864673	
588.6	0.08667939	0.07868946	
588.8	0.08549803	0.07873215	
589	0.08599488	0.07877481	
589.2	0.08551297	0.07881743	
589.4	0.08510387	0.07886002	
589.6	0.08529794	0.07890258	
589.8	0.08428003	0.0789451	
590	0.08435129	0.0789876	
590.2	0.08443235	0.07903005	
590.4	0.08364778	0.07907248	
590.6	0.08429038	0.07911487	
590.8	0.0837106	0.07915723	
591	0.08456612	0.07919956	
591.2	0.08417385	0.07924185	
591.4	0.08409767	0.07928411	
591.6	0.08500223	0.07932634	
591.8	0.08563839	0.07936854	
592	0.08445299	0.0794107	
592.2	0.08465884	0.07945283	
592.4	0.08487091	0.07949493	
592.6	0.08393855	0.07953699	
592.8	0.08303847	0.07957902	
593	0.0831409	0.07962102	
593.2	0.08259543	0.07966299	
593.4	0.08301505	0.07970492	
593.6	0.08329659	0.07974682	
593.8	0.08190422	0.07978869	
594	0.08230282	0.07983052	
594.2	0.08077202	0.07987233	
594.4	0.08075183	0.0799141	
594.6	0.08043068	0.07995584	
594.8	0.08073264	0.07999754	
595	0.08149855	0.08003921	
595.2	0.08212533	0.08008085	
595.4	0.08209908	0.08012246	
595.6	0.08368933	0.08016404	
595.8	0.08512384	0.08020558	
596	0.08501756	0.08024709	
596.2	0.08562505	0.08028857	
596.4	0.08570155	0.08033002	
596.6	0.08476028	0.08037143	
596.8	0.08484085	0.08041282	
597	0.08560422	0.08045417	
597.2	0.08699696	0.08049548	
597.4	0.08716104	0.08053677	
597.6	0.08682755	0.08057802	
597.8	0.08671053	0.08061925	
598	0.08604678	0.08066044	
598.2	0.0850855	0.08070159	
598.4	0.08578522	0.08074272	
598.6	0.08550338	0.08078381	
598.8	0.08583675	0.08082487	
599	0.08598249	0.0808659	
599.2	0.08579788	0.0809069	
599.4	0.08555795	0.08094787	
599.6	0.08596264	0.0809888	
599.8	0.0863023	0.0810297	
600	0.08620422	0.08107057	
600.2	0.08629433	0.08111141	
600.4	0.08656805	0.08115222	
600.6	0.08613186	0.08119299	
600.8	0.08562939	0.08123374	
601	0.08614843	0.08127445	
601.2	0.08694302	0.08131513	
601.4	0.0864858	0.08135577	
601.6	0.08684499	0.08139639	
601.8	0.08665496	0.08143698	
602	0.08597563	0.08147753	
602.2	0.0859309	0.08151805	
602.4	0.08566851	0.08155854	
602.6	0.08538883	0.081599	
602.8	0.08485578	0.08163943	
603	0.0846468	0.08167982	
603.2	0.08398828	0.08172019	
603.4	0.08450952	0.08176052	
603.6	0.08486453	0.08180082	
603.8	0.08553623	0.08184109	
604	0.08656643	0.08188133	
604.2	0.08678916	0.08192154	
604.4	0.08634818	0.08196172	
604.6	0.08584695	0.08200186	
604.8	0.08528622	0.08204198	
605	0.08635029	0.08208206	
605.2	0.08662232	0.08212211	
605.4	0.08653775	0.08216213	
605.6	0.08645772	0.08220212	
605.8	0.08592751	0.08224208	
606	0.08553707	0.08228201	
606.2	0.08472017	0.0823219	
606.4	0.08428299	0.08236177	
606.6	0.08534036	0.0824016	
606.8	0.08510263	0.0824414	
607	0.08546855	0.08248118	
607.2	0.08608772	0.08252092	
607.4	0.08659589	0.08256063	
607.6	0.08723742	0.08260031	
607.8	0.0874238	0.08263996	
608	0.08829065	0.08267957	
608.2	0.08777204	0.08271916	
608.4	0.08748467	0.08275872	
608.6	0.0879625	0.08279824	
608.8	0.08817628	0.08283774	
609	0.08867373	0.0828772	
609.2	0.08826819	0.08291663	
609.4	0.08823559	0.08295603	
609.6	0.08776012	0.08299541	
609.8	0.08800942	0.08303475	
610	0.08816267	0.08307406	
610.2	0.08884488	0.08311334	
610.4	0.08875408	0.08315259	
610.6	0.08910288	0.08319181	
610.8	0.0879725	0.08323099	
611	0.0874059	0.08327015	
611.2	0.08797522	0.08330928	
611.4	0.08774506	0.08334838	
611.6	0.08708119	0.08338744	
611.8	0.08667821	0.08342648	
612	0.08658637	0.08346549	
612.2	0.08600872	0.08350446	
612.4	0.08591676	0.08354341	
612.6	0.08599261	0.08358232	
612.8	0.08556694	0.08362121	
613	0.08660718	0.08366006	
613.2	0.08695796	0.08369888	
613.4	0.08692013	0.08373768	
613.6	0.08820949	0.08377644	
613.8	0.08909079	0.08381518	
614	0.09011001	0.08385388	
614.2	0.09066273	0.08389255	
614.4	0.09025093	0.0839312	
614.6	0.09151935	0.08396981	
614.8	0.09203172	0.08400839	
615	0.09311152	0.08404695	
615.2	0.09420075	0.08408547	
615.4	0.09362072	0.08412396	
615.6	0.09312797	0.08416242	
615.8	0.09251417	0.08420086	
616	0.09178168	0.08423926	
616.2	0.09095424	0.08427763	
616.4	0.09036514	0.08431598	
616.6	0.09078539	0.08435429	
616.8	0.09020088	0.08439258	
617	0.09094443	0.08443083	
617.2	0.09084432	0.08446906	
617.4	0.09051996	0.08450725	
617.6	0.09062369	0.08454542	
617.8	0.09040431	0.08458355	
618	0.09061729	0.08462166	
618.2	0.09035758	0.08465973	
618.4	0.09065451	0.08469778	
618.6	0.09135393	0.0847358	
618.8	0.09066669	0.08477378	
619	0.09061072	0.08481174	
619.2	0.09010748	0.08484967	
619.4	0.08918737	0.08488757	
619.6	0.08868322	0.08492544	
619.8	0.08762955	0.08496328	
620	0.0882785	0.08500109	
620.2	0.08821938	0.08503887	
620.4	0.08867187	0.08507662	
620.6	0.08909062	0.08511434	
620.8	0.08840357	0.08515203	
621	0.08922919	0.0851897	
621.2	0.08878846	0.08522733	
621.4	0.08858319	0.08526494	
621.6	0.08894179	0.08530251	
621.8	0.08953906	0.08534006	
622	0.08963251	0.08537758	
622.2	0.08962106	0.08541507	
622.4	0.0887333	0.08545252	
622.6	0.08833456	0.08548995	
622.8	0.08867811	0.08552735	
623	0.0888201	0.08556473	
623.2	0.08917213	0.08560207	
623.4	0.08838822	0.08563938	
623.6	0.08856288	0.08567667	
623.8	0.08888831	0.08571392	
624	0.09000087	0.08575115	
624.2	0.08980172	0.08578835	
624.4	0.09049957	0.08582551	
624.6	0.0907199	0.08586265	
624.8	0.09062313	0.08589976	
625	0.0912973	0.08593685	
625.2	0.09046967	0.0859739	
625.4	0.09108023	0.08601092	
625.6	0.09176716	0.08604792	
625.8	0.0915203	0.08608489	
626	0.09154929	0.08612182	
626.2	0.09124622	0.08615873	
626.4	0.09084257	0.08619561	
626.6	0.0917482	0.08623247	
626.8	0.09209851	0.08626929	
627	0.09264968	0.08630608	
627.2	0.09277884	0.08634285	
627.4	0.09328735	0.08637959	
627.6	0.09424416	0.08641629	
627.8	0.09412338	0.08645297	
628	0.09447664	0.08648963	
628.2	0.0940776	0.08652625	
628.4	0.09437044	0.08656284	
628.6	0.09468277	0.08659941	
628.8	0.09457136	0.08663595	
629	0.09461575	0.08667246	
629.2	0.09378328	0.08670894	
629.4	0.09475616	0.08674539	
629.6	0.09467252	0.08678181	
629.8	0.09493183	0.08681821	
630	0.09573787	0.08685458	
630.2	0.09527804	0.08689092	
630.4	0.09500637	0.08692723	
630.6	0.09493682	0.08696351	
630.8	0.09460629	0.08699976	
631	0.09464744	0.08703599	
631.2	0.09324151	0.08707219	
631.4	0.09335972	0.08710836	
631.6	0.09134549	0.0871445	
631.8	0.09004738	0.08718061	
632	0.08929957	0.0872167	
632.2	0.08887947	0.08725276	
632.4	0.08965923	0.08728879	
632.6	0.08960594	0.08732479	
632.8	0.09030217	0.08736076	
633	0.09054704	0.08739671	
633.2	0.0906737	0.08743262	
633.4	0.0917044	0.08746851	
633.6	0.09190166	0.08750437	
633.8	0.09266618	0.08754021	
634	0.09348178	0.08757601	
634.2	0.09298534	0.08761179	
634.4	0.09321651	0.08764754	
634.6	0.09389237	0.08768326	
634.8	0.09335146	0.08771896	
635	0.09453186	0.08775463	
635.2	0.09442233	0.08779026	
635.4	0.09473	0.08782588	
635.6	0.09422181	0.08786146	
635.8	0.09469361	0.08789702	
636	0.09494544	0.08793254	
636.2	0.09594496	0.08796804	
636.4	0.09686284	0.08800352	
636.6	0.0964394	0.08803896	
636.8	0.09632603	0.08807438	
637	0.09593506	0.08810977	
637.2	0.09541224	0.08814513	
637.4	0.09491443	0.08818047	
637.6	0.09466534	0.08821578	
637.8	0.09421381	0.08825106	
638	0.09381763	0.08828631	
638.2	0.09337417	0.08832154	
638.4	0.09378997	0.08835673	
638.6	0.09386197	0.0883919	
638.8	0.09291107	0.08842705	
639	0.0940959	0.08846216	
639.2	0.09301946	0.08849725	
639.4	0.09294105	0.08853231	
639.6	0.09194152	0.08856735	
639.8	0.09131124	0.08860235	
640	0.0911396	0.08863733	
640.2	0.09084235	0.08867229	
640.4	0.09064297	0.08870721	
640.6	0.09042157	0.08874211	
640.8	0.09026223	0.08877698	
641	0.0904805	0.08881182	
641.2	0.09062684	0.08884664	
641.4	0.09136177	0.08888143	
641.6	0.0923131	0.08891619	
641.8	0.09303965	0.08895093	
642	0.09377538	0.08898564	
642.2	0.09469402	0.08902032	
642.4	0.09517577	0.08905497	
642.6	0.09501667	0.0890896	
642.8	0.09487894	0.0891242	
643	0.0950892	0.08915877	
643.2	0.09471951	0.08919332	
643.4	0.0943717	0.08922784	
643.6	0.09365171	0.08926233	
643.8	0.09409356	0.0892968	
644	0.09299269	0.08933124	
644.2	0.09244432	0.08936565	
644.4	0.09213542	0.08940004	
644.6	0.09197433	0.0894344	
644.8	0.09147757	0.08946873	
645	0.09163275	0.08950303	
645.2	0.09226857	0.08953731	
645.4	0.09299772	0.08957157	
645.6	0.09243732	0.08960579	
645.8	0.09249713	0.08963999	
646	0.09223387	0.08967416	
646.2	0.09185706	0.08970831	
646.4	0.09156717	0.08974243	
646.6	0.09183397	0.08977652	
646.8	0.0917959	0.08981059	
647	0.09229937	0.08984463	
647.2	0.09352092	0.08987864	
647.4	0.094087	0.08991263	
647.6	0.09520878	0.08994659	
647.8	0.09603523	0.08998052	
648	0.09656753	0.09001443	
648.2	0.0973472	0.09004831	
648.4	0.09773934	0.09008216	
648.6	0.09750928	0.09011599	
648.8	0.09773072	0.0901498	
649	0.09761262	0.09018357	
649.2	0.09786155	0.09021732	
649.4	0.09700595	0.09025104	
649.6	0.09587515	0.09028474	
649.8	0.09560226	0.09031841	
650	0.09388675	0.09035206	
650.2	0.09331011	0.09038568	
650.4	0.09258844	0.09041927	
650.6	0.09205264	0.09045283	
650.8	0.09176001	0.09048637	
651	0.09239625	0.09051989	
651.2	0.09234562	0.09055338	
651.4	0.09257432	0.09058684	
651.6	0.09411962	0.09062027	
651.8	0.09427893	0.09065368	
652	0.09510599	0.09068707	
652.2	0.09414685	0.09072043	
652.4	0.09494255	0.09075376	
652.6	0.09564514	0.09078706	
652.8	0.09676934	0.09082034	
653	0.09715269	0.0908536	
653.2	0.09807788	0.09088683	
653.4	0.09777962	0.09092003	
653.6	0.09813711	0.09095321	
653.8	0.09771829	0.09098636	
654	0.09771856	0.09101948	
654.2	0.09774907	0.09105258	
654.4	0.09732732	0.09108565	
654.6	0.09765285	0.0911187	
654.8	0.09832635	0.09115172	
655	0.09783704	0.09118472	
655.2	0.09788096	0.09121769	
655.4	0.09839422	0.09125064	
655.6	0.09828765	0.09128356	
655.8	0.09690454	0.09131645	
656	0.097231	0.09134932	
656.2	0.09657709	0.09138216	
656.4	0.09762052	0.09141498	
656.6	0.09712937	0.09144777	
656.8	0.09659113	0.09148054	
657	0.0963797	0.09151328	
657.2	0.09637596	0.09154599	
657.4	0.0963499	0.09157868	
657.6	0.09666411	0.09161135	
657.8	0.09641475	0.09164399	
658	0.09675711	0.0916766	
658.2	0.09625189	0.09170919	
658.4	0.09659988	0.09174175	
658.6	0.09672197	0.09177429	
658.8	0.09649693	0.0918068	
659	0.09597274	0.09183929	
659.2	0.09652398	0.09187175	
659.4	0.09612883	0.09190418	
659.6	0.09565755	0.0919366	
659.8	0.09548422	0.09196898	
660	0.10185857	0.09200134	
660.2	0.10111274	0.09199726	
660.4	0.10031349	0.09199317	
660.6	0.0987606	0.09198909	
660.8	0.09780995	0.09198501	
661	0.09675221	0.09198092	
661.2	0.09588957	0.09197684	
661.4	0.09597167	0.09197275	
661.6	0.09574557	0.09196867	
661.8	0.09657449	0.09196459	
662	0.09584157	0.0919605	
662.2	0.09612675	0.09195642	
662.4	0.09651812	0.09195234	
662.6	0.09775774	0.09194826	
662.8	0.09747939	0.09194418	
663	0.09816225	0.09194009	
663.2	0.09879837	0.09193601	
663.4	0.09937751	0.09193193	
663.6	0.09928389	0.09192785	
663.8	0.09937573	0.09192377	
664	0.09974069	0.09191969	
664.2	0.09854787	0.0919156	
664.4	0.09791986	0.09191152	
664.6	0.09730567	0.09190744	
664.8	0.09797409	0.09190336	
665	0.09704108	0.09189928	
665.2	0.09639095	0.0918952	
665.4	0.0967026	0.09189112	
665.6	0.09709725	0.09188704	
665.8	0.09691761	0.09188296	
666	0.09571965	0.09187888	
666.2	0.09587972	0.09187481	
666.4	0.09589689	0.09187073	
666.6	0.09570959	0.09186665	
666.8	0.09530742	0.09186257	
667	0.09661761	0.09185849	
667.2	0.09714347	0.09185441	
667.4	0.09742315	0.09185033	
667.6	0.09615519	0.09184626	
667.8	0.0968645	0.09184218	
668	0.09770721	0.0918381	
668.2	0.09663119	0.09183402	
668.4	0.09729465	0.09182995	
668.6	0.09794911	0.09182587	
668.8	0.09850247	0.09182179	
669	0.0973033	0.09181772	
669.2	0.09728394	0.09181364	
669.4	0.0979623	0.09180956	
669.6	0.09836448	0.09180549	
669.8	0.09753793	0.09180141	
670	0.09715489	0.09179734	
670.2	0.09690817	0.09179326	
670.4	0.09614459	0.09178919	
670.6	0.09522734	0.09178511	
670.8	0.09485971	0.09178104	
671	0.09524828	0.09177696	
671.2	0.09524123	0.09177289	
671.4	0.09543672	0.09176881	
671.6	0.09549753	0.09176474	
671.8	0.0954543	0.09176066	
672	0.09506225	0.09175659	
672.2	0.09531706	0.09175252	
672.4	0.09539828	0.09174844	
672.6	0.09499135	0.09174437	
672.8	0.09429756	0.0917403	
673	0.09405467	0.09173622	
673.2	0.09399217	0.09173215	
673.4	0.0943545	0.09172808	
673.6	0.09425058	0.09172401	
673.8	0.094048	0.09171993	
674	0.09431794	0.09171586	
674.2	0.09424993	0.09171179	
674.4	0.09350216	0.09170772	
674.6	0.09344474	0.09170365	
674.8	0.09391983	0.09169958	
675	0.09382375	0.0916955	
675.2	0.09405903	0.09169143	
675.4	0.09557643	0.09168736	
675.6	0.09565172	0.09168329	
675.8	0.09479117	0.09167922	
676	0.09564177	0.09167515	
676.2	0.09639482	0.09167108	
676.4	0.09472274	0.09166701	
676.6	0.09438984	0.09166294	
676.8	0.09457159	0.09165887	
677	0.09518803	0.0916548	
677.2	0.09497334	0.09165073	
677.4	0.09553397	0.09164666	
677.6	0.09529802	0.0916426	
677.8	0.09529467	0.09163853	
678	0.09572902	0.09163446	
678.2	0.09453724	0.09163039	
678.4	0.0936933	0.09162632	
678.6	0.09351258	0.09162225	
678.8	0.0932973	0.09161819	
679	0.09232602	0.09161412	
679.2	0.09254149	0.09161005	
679.4	0.09275014	0.09160598	
679.6	0.0926943	0.09160192	
679.8	0.09226551	0.09159785	
680	0.09249474	0.09159378	
680.2	0.09259557	0.09158972	
680.4	0.09197426	0.09158565	
680.6	0.09282444	0.09158159	
680.8	0.09340989	0.09157752	
681	0.09421271	0.09157345	
681.2	0.09452819	0.09156939	
681.4	0.09534548	0.09156532	
681.6	0.09543639	0.09156126	
681.8	0.09616859	0.09155719	
682	0.09675866	0.09155313	
682.2	0.09603102	0.09154906	
682.4	0.09581945	0.091545	
682.6	0.09585907	0.09154093	
682.8	0.09524173	0.09153687	
683	0.0959078	0.09153281	
683.2	0.09510879	0.09152874	
683.4	0.09525701	0.09152468	
683.6	0.09574665	0.09152062	
683.8	0.09490885	0.09151655	
684	0.09419348	0.09151249	
684.2	0.09486994	0.09150843	
684.4	0.09455756	0.09150436	
684.6	0.09542989	0.0915003	
684.8	0.09567326	0.09149624	
685	0.09630037	0.09149218	
685.2	0.09637854	0.09148812	
685.4	0.09628717	0.09148405	
685.6	0.09532495	0.09147999	
685.8	0.09598086	0.09147593	
686	0.09510653	0.09147187	
686.2	0.09385961	0.09146781	
686.4	0.0933436	0.09146375	
686.6	0.09307237	0.09145969	
686.8	0.09281608	0.09145563	
687	0.0927782	0.09145157	
687.2	0.09097344	0.09144751	
687.4	0.09117413	0.09144345	
687.6	0.09106094	0.09143939	
687.8	0.09069463	0.09143533	
688	0.09019133	0.09143127	
688.2	0.09169493	0.09142721	
688.4	0.09200197	0.09142315	
688.6	0.0927432	0.09141909	
688.8	0.09338991	0.09141503	
689	0.0946503	0.09141097	
689.2	0.09455796	0.09140691	
689.4	0.09429285	0.09140286	
689.6	0.09477322	0.0913988	
689.8	0.09539395	0.09139474	
690	0.0959465	0.09139068	
690.2	0.09580915	0.09138663	
690.4	0.09570462	0.09138257	
690.6	0.09581745	0.09137851	
690.8	0.09564815	0.09137445	
691	0.09558805	0.0913704	
691.2	0.09475227	0.09136634	
691.4	0.09514987	0.09136228	
691.6	0.09431652	0.09135823	
691.8	0.09400505	0.09135417	
692	0.09403285	0.09135012	
692.2	0.0942945	0.09134606	
692.4	0.09352072	0.09134201	
692.6	0.09319416	0.09133795	
692.8	0.09330566	0.0913339	
693	0.09387443	0.09132984	
693.2	0.09394922	0.09132579	
693.4	0.09423667	0.09132173	
693.6	0.09406677	0.09131768	
693.8	0.09337404	0.09131362	
694	0.09335605	0.09130957	
694.2	0.09283737	0.09130551	
694.4	0.09326994	0.09130146	
694.6	0.09408056	0.09129741	
694.8	0.09380042	0.09129335	
695	0.09355559	0.0912893	
695.2	0.0921658	0.09128525	
695.4	0.09213186	0.0912812	
695.6	0.09082363	0.09127714	
695.8	0.09155751	0.09127309	
696	0.09224758	0.09126904	
696.2	0.09120385	0.09126499	
696.4	0.09090747	0.09126093	
696.6	0.09174622	0.09125688	
696.8	0.09221971	0.09125283	
697	0.09281691	0.09124878	
697.2	0.09250769	0.09124473	
697.4	0.0916806	0.09124068	
697.6	0.09093262	0.09123663	
697.8	0.09081587	0.09123258	
698	0.09129983	0.09122853	
698.2	0.09275336	0.09122448	
698.4	0.09357923	0.09122043	
698.6	0.09406893	0.09121638	
698.8	0.09318984	0.09121233	
699	0.09273184	0.09120828	
699.2	0.09225012	0.09120423	
699.4	0.0923053	0.09120018	
699.6	0.09181482	0.09119613	
699.8	0.09228888	0.09119208	
700	0.09220068	0.09118803	
700.2	0.09149921	0.09118398	
700.4	0.09171204	0.09117994	
700.6	0.09115468	0.09117589	
700.8	0.09115453	0.09117184	
701	0.09123059	0.09116779	
701.2	0.09092666	0.09116374	
701.4	0.09156351	0.0911597	
701.6	0.09218731	0.09115565	
701.8	0.09192552	0.0911516	
702	0.09193199	0.09114756	
702.2	0.09320715	0.09114351	
702.4	0.09306668	0.09113946	
702.6	0.09231938	0.09113542	
702.8	0.09161378	0.09113137	
703	0.09240809	0.09112732	
703.2	0.09227002	0.09112328	
703.4	0.09248995	0.09111923	
703.6	0.09273585	0.09111519	
703.8	0.09347572	0.09111114	
704	0.09365027	0.0911071	
704.2	0.09312787	0.09110305	
704.4	0.09242517	0.09109901	
704.6	0.09140946	0.09109496	
704.8	0.09221048	0.09109092	
705	0.0923254	0.09108688	
705.2	0.09144292	0.09108283	
705.4	0.09114271	0.09107879	
705.6	0.09036782	0.09107474	
705.8	0.08876592	0.0910707	
706	0.08923055	0.09106666	
706.2	0.08976411	0.09106261	
706.4	0.08893944	0.09105857	
706.6	0.08891088	0.09105453	
706.8	0.09005871	0.09105049	
707	0.09083522	0.09104644	
707.2	0.09097681	0.0910424	
707.4	0.09161392	0.09103836	
707.6	0.09257548	0.09103432	
707.8	0.0924612	0.09103028	
708	0.09189807	0.09102623	
708.2	0.09063019	0.09102219	
708.4	0.0911306	0.09101815	
708.6	0.09121772	0.09101411	
708.8	0.09109379	0.09101007	
709	0.09103383	0.09100603	
709.2	0.09052851	0.09100199	
709.4	0.09033966	0.09099795	
709.6	0.08991605	0.09099391	
709.8	0.09002938	0.09098987	
710	0.09105772	0.09098583	
710.2	0.09066282	0.09098179	
710.4	0.0923033	0.09097775	
710.6	0.09353132	0.09097371	
710.8	0.09383013	0.09096967	
711	0.09418212	0.09096563	
711.2	0.09415681	0.0909616	
711.4	0.09360511	0.09095756	
711.6	0.09355202	0.09095352	
711.8	0.09270819	0.09094948	
712	0.09187118	0.09094544	
712.2	0.09153207	0.09094141	
712.4	0.09176565	0.09093737	
712.6	0.09118104	0.09093333	
712.8	0.0908787	0.09092929	
713	0.09087253	0.09092526	
713.2	0.09035311	0.09092122	
713.4	0.09014216	0.09091718	
713.6	0.09005231	0.09091315	
713.8	0.09104617	0.09090911	
714	0.0912539	0.09090508	
714.2	0.09190235	0.09090104	
714.4	0.09356727	0.090897	
714.6	0.0939382	0.09089297	
714.8	0.09351771	0.09088893	
715	0.09306191	0.0908849	
715.2	0.09337576	0.09088086	
715.4	0.09248494	0.09087683	
715.6	0.09230213	0.09087279	
715.8	0.09202425	0.09086876	
716	0.09150629	0.09086472	
716.2	0.09122843	0.09086069	
716.4	0.09064758	0.09085666	
716.6	0.09055422	0.09085262	
716.8	0.0905747	0.09084859	
717	0.09070596	0.09084456	
717.2	0.09140841	0.09084052	
717.4	0.09152184	0.09083649	
717.6	0.09096634	0.09083246	
717.8	0.09133076	0.09082842	
718	0.09082379	0.09082439	
718.2	0.09158211	0.09082036	
718.4	0.0912333	0.09081633	
718.6	0.0911818	0.0908123	
718.8	0.09139067	0.09080826	
719	0.09061978	0.09080423	
719.2	0.09161213	0.0908002	
719.4	0.09099471	0.09079617	
719.6	0.09141557	0.09079214	
719.8	0.09076437	0.09078811	
720	0.09125313	0.09078408	
720.2	0.0905526	0.09078005	
720.4	0.09063446	0.09077602	
720.6	0.09012696	0.09077199	
720.8	0.09034232	0.09076796	
721	0.09137742	0.09076393	
721.2	0.09159551	0.0907599	
721.4	0.09099887	0.09075587	
721.6	0.09020527	0.09075184	
721.8	0.0908118	0.09074781	
722	0.09151736	0.09074378	
722.2	0.0921106	0.09073975	
722.4	0.09173841	0.09073572	
722.6	0.09299654	0.09073169	
722.8	0.09361395	0.09072767	
723	0.09408296	0.09072364	
723.2	0.09433505	0.09071961	
723.4	0.09397924	0.09071558	
723.6	0.0941353	0.09071156	
723.8	0.09414331	0.09070753	
724	0.09443405	0.0907035	
724.2	0.09300715	0.09069947	
724.4	0.09303279	0.09069545	
724.6	0.09199436	0.09069142	
724.8	0.09190243	0.09068739	
725	0.09180837	0.09068337	
725.2	0.09085673	0.09067934	
725.4	0.09057417	0.09067532	
725.6	0.08971556	0.09067129	
725.8	0.08904027	0.09066727	
726	0.0898377	0.09066324	
726.2	0.0891663	0.09065921	
726.4	0.08894596	0.09065519	
726.6	0.08954328	0.09065117	
726.8	0.08922765	0.09064714	
727	0.08923102	0.09064312	
727.2	0.08829172	0.09063909	
727.4	0.08827983	0.09063507	
727.6	0.08857736	0.09063104	
727.8	0.08838641	0.09062702	
728	0.08847807	0.090623	
728.2	0.08932068	0.09061897	
728.4	0.09028417	0.09061495	
728.6	0.09049989	0.09061093	
728.8	0.09003092	0.0906069	
729	0.08959047	0.09060288	
729.2	0.08988617	0.09059886	
729.4	0.08952059	0.09059484	
729.6	0.08803427	0.09059081	
729.8	0.08787135	0.09058679	
730	0.08834651	0.09058277	
730.2	0.08775612	0.09057875	
730.4	0.08735572	0.09057473	
730.6	0.08786838	0.09057071	
730.8	0.08761222	0.09056669	
731	0.08707598	0.09056267	
731.2	0.0878906	0.09055864	
731.4	0.08818041	0.09055462	
731.6	0.08828476	0.0905506	
731.8	0.08857327	0.09054658	
732	0.08978437	0.09054256	
732.2	0.09000571	0.09053854	
732.4	0.08967926	0.09053452	
732.6	0.08987645	0.0905305	
732.8	0.08863774	0.09052649	
733	0.08896543	0.09052247	
733.2	0.08963234	0.09051845	
733.4	0.08906164	0.09051443	
733.6	0.08935047	0.09051041	
733.8	0.09036509	0.09050639	
734	0.08964139	0.09050237	
734.2	0.09026648	0.09049836	
734.4	0.08959672	0.09049434	
734.6	0.09006788	0.09049032	
734.8	0.08946542	0.0904863	
735	0.09023635	0.09048229	
735.2	0.09153067	0.09047827	
735.4	0.09173239	0.09047425	
735.6	0.09153054	0.09047024	
735.8	0.09134707	0.09046622	
736	0.09166233	0.0904622	
736.2	0.09139399	0.09045819	
736.4	0.09188575	0.09045417	
736.6	0.09199452	0.09045015	
736.8	0.09203428	0.09044614	
737	0.09171071	0.09044212	
737.2	0.09167401	0.09043811	
737.4	0.09099357	0.09043409	
737.6	0.09092261	0.09043008	
737.8	0.09036299	0.09042606	
738	0.08920167	0.09042205	
738.2	0.08816371	0.09041803	
738.4	0.08727002	0.09041402	
738.6	0.08745092	0.09041001	
738.8	0.08705634	0.09040599	
739	0.08798935	0.09040198	
739.2	0.0885428	0.09039796	
739.4	0.08925453	0.09039395	
739.6	0.08946536	0.09038994	
739.8	0.09051629	0.09038592	
740	0.0911302	0.09038191	
740.2	0.09192897	0.0903779	
740.4	0.09241613	0.09037389	
740.6	0.0915042	0.09036987	
740.8	0.09176418	0.09036586	
741	0.09247849	0.09036185	
741.2	0.09316299	0.09035784	
741.4	0.09289619	0.09035383	
741.6	0.09228611	0.09034982	
741.8	0.09086203	0.0903458	
742	0.08981273	0.09034179	
742.2	0.08967322	0.09033778	
742.4	0.09015406	0.09033377	
742.6	0.09045663	0.09032976	
742.8	0.09047549	0.09032575	
743	0.09075636	0.09032174	
743.2	0.09074131	0.09031773	
743.4	0.09175413	0.09031372	
743.6	0.09207105	0.09030971	
743.8	0.09179613	0.0903057	
744	0.09218129	0.09030169	
744.2	0.0921952	0.09029768	
744.4	0.09162267	0.09029367	
744.6	0.09136486	0.09028967	
744.8	0.09285498	0.09028566	
745	0.09346267	0.09028165	
745.2	0.09179638	0.09027764	
745.4	0.09098036	0.09027363	
745.6	0.08964405	0.09026963	
745.8	0.08933027	0.09026562	
746	0.08919747	0.09026161	
746.2	0.08978552	0.0902576	
746.4	0.08857644	0.0902536	
746.6	0.08869774	0.09024959	
746.8	0.08799575	0.09024558	
747	0.08809768	0.09024158	
747.2	0.08792812	0.09023757	
747.4	0.08837111	0.09023356	
747.6	0.08756459	0.09022956	
747.8	0.08679451	0.09022555	
748	0.08736757	0.09022154	
748.2	0.08688525	0.09021754	
748.4	0.08718	0.09021353	
748.6	0.08769882	0.09020953	
748.8	0.08823744	0.09020552	
749	0.0885386	0.09020152	
749.2	0.08865963	0.09019751	
749.4	0.08959475	0.09019351	
749.6	0.08908833	0.09018951	
749.8	0.09015982	0.0901855	
750	0.09054431	0.0901815	
750.2	0.09009168	0.09017749	
750.4	0.08921938	0.09017349	
750.6	0.0898161	0.09016949	
750.8	0.09057486	0.09016548	
751	0.09061929	0.09016148	
751.2	0.09084371	0.09015748	
751.4	0.09076658	0.09015348	
751.6	0.09039569	0.09014947	
751.8	0.09039427	0.09014547	
752	0.09079354	0.09014147	
752.2	0.09053981	0.09013747	
752.4	0.0907936	0.09013346	
752.6	0.09030121	0.09012946	
752.8	0.09052614	0.09012546	
753	0.09121435	0.09012146	
753.2	0.09121147	0.09011746	
753.4	0.09165874	0.09011346	
753.6	0.09143776	0.09010946	
753.8	0.09136863	0.09010546	
754	0.09106873	0.09010146	
754.2	0.09035262	0.09009746	
754.4	0.09017628	0.09009346	
754.6	0.0905393	0.09008946	
754.8	0.09079026	0.09008546	
755	0.08997958	0.09008146	
755.2	0.09011056	0.09007746	
755.4	0.08902637	0.09007346	
755.6	0.08856447	0.09006946	
755.8	0.08899227	0.09006546	
756	0.08845776	0.09006146	
756.2	0.08717497	0.09005746	
756.4	0.08700792	0.09005347	
756.6	0.08738608	0.09004947	
756.8	0.08789515	0.09004547	
757	0.08886077	0.09004147	
757.2	0.08935647	0.09003747	
757.4	0.08950638	0.09003348	
757.6	0.08953807	0.09002948	
757.8	0.08970017	0.09002548	
758	0.09104288	0.09002149	
758.2	0.09142576	0.09001749	
758.4	0.09082585	0.09001349	
758.6	0.09026683	0.0900095	
758.8	0.08933056	0.0900055	
759	0.08908762	0.0900015	
759.2	0.08825583	0.08999751	
759.4	0.08838855	0.08999351	
759.6	0.0887827	0.08998952	
759.8	0.08926978	0.08998552	
760	0.08881637	0.08998153	
760.2	0.08919548	0.08997753	
760.4	0.09055099	0.08997354	
760.6	0.09137586	0.08996954	
760.8	0.09113024	0.08996555	
761	0.09162051	0.08996156	
761.2	0.09216085	0.08995756	
761.4	0.09262872	0.08995357	
761.6	0.09244431	0.08994957	
761.8	0.09188653	0.08994558	
762	0.0916415	0.08994159	
762.2	0.09100065	0.08993759	
762.4	0.09017376	0.0899336	
762.6	0.0901594	0.08992961	
762.8	0.08984201	0.08992562	
763	0.08974874	0.08992162	
763.2	0.08928841	0.08991763	
763.4	0.08922443	0.08991364	
763.6	0.08895811	0.08990965	
763.8	0.08914043	0.08990566	
764	0.08897624	0.08990166	
764.2	0.08819522	0.08989767	
764.4	0.08744131	0.08989368	
764.6	0.08668093	0.08988969	
764.8	0.08638788	0.0898857	
765	0.08651395	0.08988171	
765.2	0.08611486	0.08987772	
765.4	0.08602376	0.08987373	
765.6	0.08518295	0.08986974	
765.8	0.0856306	0.08986575	
766	0.08682018	0.08986176	
766.2	0.087937	0.08985777	
766.4	0.08869793	0.08985378	
766.6	0.08924684	0.08984979	
766.8	0.08896335	0.0898458	
767	0.08961841	0.08984181	
767.2	0.09068086	0.08983782	
767.4	0.09049302	0.08983384	
767.6	0.09026437	0.08982985	
767.8	0.08958482	0.08982586	
768	0.08826567	0.08982187	
768.2	0.08775095	0.08981788	
768.4	0.08758737	0.0898139	
768.6	0.08752625	0.08980991	
768.8	0.08651869	0.08980592	
769	0.08631504	0.08980193	
769.2	0.08559886	0.08979795	
769.4	0.08561262	0.08979396	
769.6	0.08572786	0.08978997	
769.8	0.08694414	0.08978599	
770	0.08749432	0.089782	
770.2	0.08841744	0.08977802	
770.4	0.08842188	0.08977403	
770.6	0.08894064	0.08977004	
770.8	0.08949574	0.08976606	
771	0.09065791	0.08976207	
771.2	0.09075791	0.08975809	
771.4	0.08995249	0.0897541	
771.6	0.0900359	0.08975012	
771.8	0.09078157	0.08974613	
772	0.09076977	0.08974215	
772.2	0.09134319	0.08973817	
772.4	0.09135904	0.08973418	
772.6	0.09126907	0.0897302	
772.8	0.09031429	0.08972621	
773	0.09090689	0.08972223	
773.2	0.09056897	0.08971825	
773.4	0.09066341	0.08971426	
773.6	0.0917928	0.08971028	
773.8	0.09277146	0.0897063	
774	0.09289992	0.08970231	
774.2	0.09360493	0.08969833	
774.4	0.09392396	0.08969435	
774.6	0.09494462	0.08969037	
774.8	0.09510443	0.08968639	
775	0.09428468	0.0896824	
775.2	0.09333954	0.08967842	
775.4	0.09343313	0.08967444	
775.6	0.0926666	0.08967046	
775.8	0.09245072	0.08966648	
776	0.09143715	0.0896625	
776.2	0.09092954	0.08965852	
776.4	0.09101708	0.08965454	
776.6	0.09017677	0.08965056	
776.8	0.08987446	0.08964658	
777	0.09036319	0.0896426	
777.2	0.0899525	0.08963862	
777.4	0.09005245	0.08963464	
777.6	0.09019934	0.08963066	
777.8	0.09043103	0.08962668	
778	0.0908426	0.0896227	
778.2	0.09122543	0.08961872	
778.4	0.0919945	0.08961474	
778.6	0.09153548	0.08961076	
778.8	0.09147729	0.08960678	
779	0.09131024	0.08960281	
779.2	0.09119503	0.08959883	
779.4	0.09090919	0.08959485	
779.6	0.0894404	0.08959087	
779.8	0.088967	0.0895869	
780	0.08825122	0.08958292	
780.2	0.08846407	0.08957894	
780.4	0.08826596	0.08957496	
780.6	0.08741374	0.08957099	
780.8	0.08759723	0.08956701	
781	0.08742505	0.08956303	
781.2	0.08739574	0.08955906	
781.4	0.08726446	0.08955508	
781.6	0.08685549	0.08955111	
781.8	0.08667709	0.08954713	
782	0.08644415	0.08954315	
782.2	0.0860799	0.08953918	
782.4	0.08672895	0.0895352	
782.6	0.08638165	0.08953123	
782.8	0.08784932	0.08952725	
783	0.08871813	0.08952328	
783.2	0.08830346	0.0895193	
783.4	0.08896857	0.08951533	
783.6	0.08886546	0.08951136	
783.8	0.08902041	0.08950738	
784	0.09000349	0.08950341	
784.2	0.0902789	0.08949943	
784.4	0.08946499	0.08949546	
784.6	0.09029178	0.08949149	
784.8	0.09095866	0.08948751	
785	0.09134256	0.08948354	
785.2	0.09180967	0.08947957	
785.4	0.09210086	0.0894756	
785.6	0.09044676	0.08947162	
785.8	0.09063378	0.08946765	
786	0.09077845	0.08946368	
786.2	0.09086332	0.08945971	
786.4	0.09094964	0.08945574	
786.6	0.09060482	0.08945176	
786.8	0.09208558	0.08944779	
787	0.09202981	0.08944382	
787.2	0.09112831	0.08943985	
787.4	0.09072262	0.08943588	
787.6	0.08992719	0.08943191	
787.8	0.08893296	0.08942794	
788	0.08822121	0.08942397	
788.2	0.08629312	0.08942	
788.4	0.08607758	0.08941603	
788.6	0.08665375	0.08941206	
788.8	0.08590642	0.08940809	
789	0.08583181	0.08940412	
789.2	0.08594833	0.08940015	
789.4	0.08676518	0.08939618	
789.6	0.08606152	0.08939221	
789.8	0.08863351	0.08938824	
790	0.08903676	0.08938428	
790.2	0.08990707	0.08938031	
790.4	0.09020829	0.08937634	
790.6	0.09086708	0.08937237	
790.8	0.09201104	0.0893684	
791	0.09135002	0.08936444	
791.2	0.09160174	0.08936047	
791.4	0.09104453	0.0893565	
791.6	0.09110126	0.08935253	
791.8	0.08956561	0.08934857	
792	0.08910994	0.0893446	
792.2	0.08831821	0.08934063	
792.4	0.08929012	0.08933667	
792.6	0.08969819	0.0893327	
792.8	0.08910163	0.08932873	
793	0.08978894	0.08932477	
793.2	0.0902313	0.0893208	
793.4	0.09022641	0.08931684	
793.6	0.09013188	0.08931287	
793.8	0.09025439	0.08930891	
794	0.09011313	0.08930494	
794.2	0.09031336	0.08930098	
794.4	0.08978967	0.08929701	
794.6	0.0895298	0.08929305	
794.8	0.08991919	0.08928908	
795	0.08981181	0.08928512	
795.2	0.09044491	0.08928116	
795.4	0.08957912	0.08927719	
795.6	0.08961284	0.08927323	
795.8	0.08873218	0.08926926	
796	0.08864007	0.0892653	
796.2	0.08754613	0.08926134	
796.4	0.08769854	0.08925738	
796.6	0.08682588	0.08925341	
796.8	0.08617843	0.08924945	
797	0.0864319	0.08924549	
797.2	0.08633512	0.08924153	
797.4	0.08570955	0.08923756	
797.6	0.08558225	0.0892336	
797.8	0.0857529	0.08922964	
798	0.08677348	0.08922568	
798.2	0.08649875	0.08922172	
798.4	0.08683989	0.08921776	
798.6	0.08704904	0.0892138	
798.8	0.08772618	0.08920983	
799	0.0890513	0.08920587	
799.2	0.08986251	0.08920191	
799.4	0.09081669	0.08919795	
799.6	0.09108966	0.08919399	
799.8	0.09066523	0.08919003	
800	0.09077165	0.08918607	
800.2	0.09005236	0.08918211	
800.4	0.09013993	0.08917815	
800.6	0.08843786	0.0891742	
800.8	0.08860152	0.08917024	
801	0.08832365	0.08916628	
801.2	0.08818365	0.08916232	
801.4	0.08801503	0.08915836	
801.6	0.08756505	0.0891544	
801.8	0.0885498	0.08915044	
802	0.08867176	0.08914649	
802.2	0.08890885	0.08914253	
802.4	0.08940297	0.08913857	
802.6	0.08895984	0.08913461	
802.8	0.08895436	0.08913066	
803	0.09009324	0.0891267	
803.2	0.09060317	0.08912274	
803.4	0.0919917	0.08911878	
803.6	0.09159817	0.08911483	
803.8	0.09157749	0.08911087	
804	0.09143209	0.08910692	
804.2	0.09071973	0.08910296	
804.4	0.09053344	0.089099	
804.6	0.0890501	0.08909505	
804.8	0.08909812	0.08909109	
805	0.08849185	0.08908714	
805.2	0.0891448	0.08908318	
805.4	0.08936162	0.08907923	
805.6	0.08891683	0.08907527	
805.8	0.0895414	0.08907132	
806	0.08968754	0.08906736	
806.2	0.08967467	0.08906341	
806.4	0.08939695	0.08905945	
806.6	0.08785143	0.0890555	
806.8	0.08750487	0.08905155	
807	0.08797867	0.08904759	
807.2	0.08752583	0.08904364	
807.4	0.08701527	0.08903969	
807.6	0.08668705	0.08903573	
807.8	0.08716886	0.08903178	
808	0.08674062	0.08902783	
808.2	0.08646062	0.08902388	
808.4	0.0862517	0.08901992	
808.6	0.0856424	0.08901597	
808.8	0.08572367	0.08901202	
809	0.08560924	0.08900807	
809.2	0.0869187	0.08900412	
809.4	0.08656667	0.08900016	
809.6	0.0864621	0.08899621	
809.8	0.08669107	0.08899226	
810	0.08642938	0.08898831	
810.2	0.08631177	0.08898436	
810.4	0.08614181	0.08898041	
810.6	0.08491049	0.08897646	
810.8	0.08536921	0.08897251	
811	0.08573014	0.08896856	
811.2	0.08509983	0.08896461	
811.4	0.08560919	0.08896066	
811.6	0.08646675	0.08895671	
811.8	0.08680626	0.08895276	
812	0.08631914	0.08894881	
812.2	0.08665154	0.08894486	
812.4	0.08833076	0.08894091	
812.6	0.08883031	0.08893696	
812.8	0.08916399	0.08893302	
813	0.08900944	0.08892907	
813.2	0.09020806	0.08892512	
813.4	0.08980994	0.08892117	
813.6	0.09042801	0.08891722	
813.8	0.09050457	0.08891328	
814	0.09024133	0.08890933	
814.2	0.09063055	0.08890538	
814.4	0.09043355	0.08890143	
814.6	0.08909484	0.08889749	
814.8	0.08850185	0.08889354	
815	0.08775369	0.08888959	
815.2	0.08645863	0.08888565	
815.4	0.08638267	0.0888817	
815.6	0.08613444	0.08887776	
815.8	0.08547222	0.08887381	
816	0.08551759	0.08886986	
816.2	0.08585283	0.08886592	
816.4	0.08626415	0.08886197	
816.6	0.08547995	0.08885803	
816.8	0.08504985	0.08885408	
817	0.08436432	0.08885014	
817.2	0.08444137	0.08884619	
817.4	0.08483893	0.08884225	
817.6	0.08534455	0.0888383	
817.8	0.08465365	0.08883436	
818	0.08460526	0.08883042	
818.2	0.08478458	0.08882647	
818.4	0.08503209	0.08882253	
818.6	0.08425739	0.08881859	
818.8	0.08500388	0.08881464	
819	0.08551868	0.0888107	
819.2	0.08560762	0.08880676	
819.4	0.08528906	0.08880281	
819.6	0.0844956	0.08879887	
819.8	0.08515196	0.08879493	
820	0.08566632	0.08879099	
820.2	0.0864117	0.08878704	
820.4	0.08747131	0.0887831	
820.6	0.08739358	0.08877916	
820.8	0.08721461	0.08877522	
821	0.08755665	0.08877128	
821.2	0.08729688	0.08876734	
821.4	0.08819201	0.0887634	
821.6	0.08824573	0.08875946	
821.8	0.08786599	0.08875552	
822	0.08796642	0.08875157	
822.2	0.08780749	0.08874763	
822.4	0.08832634	0.08874369	
822.6	0.08815585	0.08873975	
822.8	0.08859967	0.08873581	
823	0.08736232	0.08873188	
823.2	0.08690322	0.08872794	
823.4	0.08501897	0.088724	
823.6	0.08539633	0.08872006	
823.8	0.08601212	0.08871612	
824	0.08553952	0.08871218	
824.2	0.08682489	0.08870824	
824.4	0.08723684	0.0887043	
824.6	0.08718707	0.08870036	
824.8	0.08747027	0.08869643	
825	0.08796634	0.08869249	
825.2	0.08749433	0.08868855	
825.4	0.08809659	0.08868461	
825.6	0.08764043	0.08868068	
825.8	0.08720099	0.08867674	
826	0.0867462	0.0886728	
826.2	0.08664744	0.08866887	
826.4	0.08666587	0.08866493	
826.6	0.08651724	0.08866099	
826.8	0.08567603	0.08865706	
827	0.08498474	0.08865312	
827.2	0.08537064	0.08864918	
827.4	0.08385621	0.08864525	
827.6	0.08439001	0.08864131	
827.8	0.08465032	0.08863738	
828	0.08508706	0.08863344	
828.2	0.08677193	0.08862951	
828.4	0.08658676	0.08862557	
828.6	0.08727724	0.08862164	
828.8	0.08784453	0.0886177	
829	0.08791596	0.08861377	
829.2	0.0888585	0.08860984	
829.4	0.0895241	0.0886059	
829.6	0.08903214	0.08860197	
829.8	0.08957782	0.08859803	
830	0.08927728	0.0885941	
830.2	0.08920586	0.08859017	
830.4	0.08886167	0.08858623	
830.6	0.08866006	0.0885823	
830.8	0.08839278	0.08857837	
831	0.08850643	0.08857444	
831.2	0.08755534	0.0885705	
831.4	0.08643452	0.08856657	
831.6	0.08703036	0.08856264	
831.8	0.08674596	0.08855871	
832	0.08616783	0.08855478	
832.2	0.08665404	0.08855084	
832.4	0.0859934	0.08854691	
832.6	0.08703917	0.08854298	
832.8	0.08673751	0.08853905	
833	0.08634269	0.08853512	
833.2	0.0871984	0.08853119	
833.4	0.08679996	0.08852726	
833.6	0.08658997	0.08852333	
833.8	0.08713075	0.0885194	
834	0.08691672	0.08851547	
834.2	0.0869145	0.08851154	
834.4	0.0874354	0.08850761	
834.6	0.08763767	0.08850368	
834.8	0.08801287	0.08849975	
835	0.0870619	0.08849582	
835.2	0.08587565	0.08849189	
835.4	0.08636307	0.08848796	
835.6	0.08590179	0.08848403	
835.8	0.08579331	0.08848011	
836	0.08616876	0.08847618	
836.2	0.08591642	0.08847225	
836.4	0.08572748	0.08846832	
836.6	0.0862325	0.08846439	
836.8	0.08528652	0.08846047	
837	0.08554433	0.08845654	
837.2	0.08541248	0.08845261	
837.4	0.08585516	0.08844869	
837.6	0.086266	0.08844476	
837.8	0.0863843	0.08844083	
838	0.08695214	0.08843691	
838.2	0.08742038	0.08843298	
838.4	0.08813268	0.08842905	
838.6	0.08756122	0.08842513	
838.8	0.08792806	0.0884212	
839	0.08721874	0.08841728	
839.2	0.08723094	0.08841335	
839.4	0.08815759	0.08840943	
839.6	0.08741581	0.0884055	
839.8	0.08794606	0.08840158	
840	0.08757905	0.08839765	
840.2	0.08640091	0.08839373	
840.4	0.0860188	0.0883898	
840.6	0.08594538	0.08838588	
840.8	0.08545371	0.08838195	
841	0.084416	0.08837803	
841.2	0.08370845	0.08837411	
841.4	0.08364547	0.08837018	
841.6	0.08348029	0.08836626	
841.8	0.08364856	0.08836234	
842	0.08369932	0.08835841	
842.2	0.08363486	0.08835449	
842.4	0.08430482	0.08835057	
842.6	0.08423155	0.08834665	
842.8	0.08494365	0.08834272	
843	0.08570465	0.0883388	
843.2	0.08668469	0.08833488	
843.4	0.08746695	0.08833096	
843.6	0.08835475	0.08832704	
843.8	0.0890694	0.08832311	
844	0.08925305	0.08831919	
844.2	0.08839923	0.08831527	
844.4	0.08744452	0.08831135	
844.6	0.08666516	0.08830743	
844.8	0.08590285	0.08830351	
845	0.08489568	0.08829959	
845.2	0.08461725	0.08829567	
845.4	0.08397687	0.08829175	
845.6	0.08364353	0.08828783	
845.8	0.08283414	0.08828391	
846	0.08174773	0.08827999	
846.2	0.08269015	0.08827607	
846.4	0.08364583	0.08827215	
846.6	0.083435	0.08826823	
846.8	0.08339582	0.08826431	
847	0.08434368	0.0882604	
847.2	0.08481731	0.08825648	
847.4	0.08501973	0.08825256	
847.6	0.08573522	0.08824864	
847.8	0.08528156	0.08824472	
848	0.08488967	0.0882408	
848.2	0.08423039	0.08823689	
848.4	0.08430661	0.08823297	
848.6	0.08446144	0.08822905	
848.8	0.08542551	0.08822514	
849	0.08576319	0.08822122	
849.2	0.08570768	0.0882173	
849.4	0.08617188	0.08821339	
849.6	0.08606797	0.08820947	
849.8	0.08590599	0.08820555	
850	0.0860376	0.08820164	
850.2	0.08694112	0.08819772	
850.4	0.08622495	0.0881938	
850.6	0.0864673	0.08818989	
850.8	0.08684088	0.08818597	
851	0.08782114	0.08818206	
851.2	0.08935071	0.08817814	
851.4	0.08894682	0.08817423	
851.6	0.08921671	0.08817031	
851.8	0.08918442	0.0881664	
852	0.08884478	0.08816249	
852.2	0.08900668	0.08815857	
852.4	0.0895019	0.08815466	
852.6	0.08953035	0.08815074	
852.8	0.08945696	0.08814683	
853	0.08841331	0.08814292	
853.2	0.08904685	0.088139	
853.4	0.08898071	0.08813509	
853.6	0.08792565	0.08813118	
853.8	0.08701122	0.08812727	
854	0.08638537	0.08812335	
854.2	0.08524536	0.08811944	
854.4	0.08561539	0.08811553	
854.6	0.08715978	0.08811162	
854.8	0.08714038	0.0881077	
855	0.08791367	0.08810379	
855.2	0.0888731	0.08809988	
855.4	0.08736903	0.08809597	
855.6	0.08739556	0.08809206	
855.8	0.0867766	0.08808815	
856	0.08651797	0.08808424	
856.2	0.08640111	0.08808033	
856.4	0.08570266	0.08807642	
856.6	0.08489688	0.08807251	
856.8	0.0835247	0.0880686	
857	0.08319898	0.08806469	
857.2	0.08334512	0.08806078	
857.4	0.08218567	0.08805687	
857.6	0.08124058	0.08805296	
857.8	0.08121608	0.08804905	
858	0.08066451	0.08804514	
858.2	0.08086086	0.08804123	
858.4	0.08199188	0.08803732	
858.6	0.08268064	0.08803341	
858.8	0.08259439	0.0880295	
859	0.08356806	0.0880256	
859.2	0.08443689	0.08802169	
859.4	0.08437934	0.08801778	
859.6	0.08488136	0.08801387	
859.8	0.08542184	0.08800996	
860	0.08564974	0.08800606	
860.2	0.08557615	0.08800215	
860.4	0.0857645	0.08799824	
860.6	0.08575705	0.08799434	
860.8	0.08536426	0.08799043	
861	0.08636088	0.08798652	
861.2	0.08580114	0.08798262	
861.4	0.08522922	0.08797871	
861.6	0.08583984	0.0879748	
861.8	0.08706432	0.0879709	
862	0.08757624	0.08796699	
862.2	0.08867513	0.08796309	
862.4	0.08916559	0.08795918	
862.6	0.08930371	0.08795528	
862.8	0.08915378	0.08795137	
863	0.0889221	0.08794747	
863.2	0.08893671	0.08794356	
863.4	0.08851265	0.08793966	
863.6	0.08784404	0.08793575	
863.8	0.08801678	0.08793185	
864	0.08783901	0.08792795	
864.2	0.08792027	0.08792404	
864.4	0.08720046	0.08792014	
864.6	0.08674384	0.08791624	
864.8	0.08586016	0.08791233	
865	0.08561322	0.08790843	
865.2	0.08488525	0.08790453	
865.4	0.08491716	0.08790062	
865.6	0.08565333	0.08789672	
865.8	0.08535295	0.08789282	
866	0.08522271	0.08788892	
866.2	0.08511358	0.08788502	
866.4	0.08434676	0.08788111	
866.6	0.08327596	0.08787721	
866.8	0.08301136	0.08787331	
867	0.08331379	0.08786941	
867.2	0.08323025	0.08786551	
867.4	0.08248518	0.08786161	
867.6	0.08272725	0.08785771	
867.8	0.08360595	0.08785381	
868	0.08440236	0.08784991	
868.2	0.0858464	0.08784601	
868.4	0.08666023	0.08784211	
868.6	0.08731008	0.08783821	
868.8	0.0876802	0.08783431	
869	0.08775145	0.08783041	
869.2	0.08879203	0.08782651	
869.4	0.08960701	0.08782261	
869.6	0.08977027	0.08781871	
869.8	0.08896325	0.08781481	
870	0.08898175	0.08781091	
870.2	0.08843711	0.08780701	
870.4	0.08748357	0.08780311	
870.6	0.08742457	0.08779922	
870.8	0.08742316	0.08779532	
871	0.08703634	0.08779142	
871.2	0.0862299	0.08778752	
871.4	0.08599317	0.08778363	
871.6	0.08633919	0.08777973	
871.8	0.08646403	0.08777583	
872	0.08659655	0.08777193	
872.2	0.08649336	0.08776804	
872.4	0.08554033	0.08776414	
872.6	0.08532333	0.08776024	
872.8	0.08527476	0.08775635	
873	0.08486589	0.08775245	
873.2	0.0851376	0.08774856	
873.4	0.0859237	0.08774466	
873.6	0.08568507	0.08774076	
873.8	0.08566349	0.08773687	
874	0.08584592	0.08773297	
874.2	0.08600806	0.08772908	
874.4	0.08583078	0.08772518	
874.6	0.08651113	0.08772129	
874.8	0.0861361	0.08771739	
875	0.08659862	0.0877135	
875.2	0.08666019	0.08770961	
875.4	0.08684442	0.08770571	
875.6	0.08641035	0.08770182	
875.8	0.08588208	0.08769792	
876	0.08521224	0.08769403	
876.2	0.08531462	0.08769014	
876.4	0.08599197	0.08768624	
876.6	0.0862986	0.08768235	
876.8	0.08626448	0.08767846	
877	0.08639326	0.08767457	
877.2	0.08771284	0.08767067	
877.4	0.08872819	0.08766678	
877.6	0.08799385	0.08766289	
877.8	0.08797371	0.087659	
878	0.08827549	0.08765511	
878.2	0.08828492	0.08765121	
878.4	0.08778419	0.08764732	
878.6	0.08770227	0.08764343	
878.8	0.0869237	0.08763954	
879	0.08654253	0.08763565	
879.2	0.08553382	0.08763176	
879.4	0.08621933	0.08762787	
879.6	0.08556051	0.08762398	
879.8	0.08462045	0.08762009	
880	0.08454741	0.0876162	
880.2	0.08511566	0.08761231	
880.4	0.08523557	0.08760842	
880.6	0.08402601	0.08760453	
880.8	0.08298626	0.08760064	
881	0.08298594	0.08759675	
881.2	0.08289565	0.08759286	
881.4	0.08184351	0.08758897	
881.6	0.08138024	0.08758508	
881.8	0.08174701	0.0875812	
882	0.08170769	0.08757731	
882.2	0.0819129	0.08757342	
882.4	0.08184553	0.08756953	
882.6	0.08265929	0.08756564	
882.8	0.08347272	0.08756176	
883	0.08420359	0.08755787	
883.2	0.08456138	0.08755398	
883.4	0.08569554	0.08755009	
883.6	0.08607305	0.08754621	
883.8	0.08624786	0.08754232	
884	0.08640072	0.08753843	
884.2	0.08652368	0.08753455	
884.4	0.08548682	0.08753066	
884.6	0.08421197	0.08752677	
884.8	0.08398534	0.08752289	
885	0.08418509	0.087519	
885.2	0.08375625	0.08751512	
885.4	0.08374863	0.08751123	
885.6	0.08392402	0.08750735	
885.8	0.08387814	0.08750346	
886	0.08378116	0.08749958	
886.2	0.08399935	0.08749569	
886.4	0.08452551	0.08749181	
886.6	0.08468114	0.08748792	
886.8	0.08542418	0.08748404	
887	0.08554401	0.08748016	
887.2	0.08461687	0.08747627	
887.4	0.08521005	0.08747239	
887.6	0.08508623	0.0874685	
887.8	0.08447689	0.08746462	
888	0.0850242	0.08746074	
888.2	0.08561363	0.08745686	
888.4	0.08523471	0.08745297	
888.6	0.08535605	0.08744909	
888.8	0.08565236	0.08744521	
889	0.08583359	0.08744133	
889.2	0.08638321	0.08743744	
889.4	0.08617791	0.08743356	
889.6	0.08634753	0.08742968	
889.8	0.08653418	0.0874258	
890	0.08620874	0.08742192	
890.2	0.08538037	0.08741804	
890.4	0.08609364	0.08741415	
890.6	0.08582905	0.08741027	
890.8	0.08644424	0.08740639	
891	0.0856865	0.08740251	
891.2	0.0852661	0.08739863	
891.4	0.08526124	0.08739475	
891.6	0.08487399	0.08739087	
891.8	0.08566517	0.08738699	
892	0.08703064	0.08738311	
892.2	0.08662542	0.08737923	
892.4	0.08676688	0.08737535	
892.6	0.08649718	0.08737147	
892.8	0.08654134	0.08736759	
893	0.08669254	0.08736372	
893.2	0.08565248	0.08735984	
893.4	0.08473557	0.08735596	
893.6	0.0846511	0.08735208	
893.8	0.08503417	0.0873482	
894	0.08478671	0.08734432	
894.2	0.08443403	0.08734045	
894.4	0.08460416	0.08733657	
894.6	0.08515131	0.08733269	
894.8	0.08430788	0.08732881	
895	0.08449385	0.08732494	
895.2	0.08485363	0.08732106	
895.4	0.08474993	0.08731718	
895.6	0.08443076	0.08731331	
895.8	0.08433769	0.08730943	
896	0.08439091	0.08730555	
896.2	0.08364558	0.08730168	
896.4	0.08421281	0.0872978	
896.6	0.0841203	0.08729393	
896.8	0.08448574	0.08729005	
897	0.08481639	0.08728618	
897.2	0.08413759	0.0872823	
897.4	0.08466568	0.08727843	
897.6	0.08526488	0.08727455	
897.8	0.08585288	0.08727068	
898	0.08724057	0.0872668	
898.2	0.08779138	0.08726293	
898.4	0.08824157	0.08725905	
898.6	0.08957861	0.08725518	
898.8	0.08939864	0.08725131	
899	0.09005381	0.08724743	
899.2	0.09018868	0.08724356	
899.4	0.08992654	0.08723968	
899.6	0.08866792	0.08723581	
899.8	0.08761487	0.08723194	
900	0.08753685	0.08722807	
900.2	0.08683415	0.08722419	
900.4	0.08701955	0.08722032	
900.6	0.08727593	0.08721645	
900.8	0.08670044	0.08721258	
901	0.0865353	0.0872087	
901.2	0.08596611	0.08720483	
901.4	0.08594746	0.08720096	
901.6	0.08607895	0.08719709	
901.8	0.0862584	0.08719322	
902	0.08755597	0.08718935	
902.2	0.08698142	0.08718548	
902.4	0.08626235	0.08718161	
902.6	0.08628268	0.08717774	
902.8	0.08589342	0.08717386	
903	0.08525093	0.08716999	
903.2	0.08539555	0.08716612	
903.4	0.08640627	0.08716225	
903.6	0.08553377	0.08715838	
903.8	0.08541072	0.08715452	
904	0.08577588	0.08715065	
904.2	0.08532062	0.08714678	
904.4	0.08501898	0.08714291	
904.6	0.08593503	0.08713904	
904.8	0.08506709	0.08713517	
905	0.08564345	0.0871313	
905.2	0.08581564	0.08712743	
905.4	0.08649579	0.08712357	
905.6	0.08670138	0.0871197	
905.8	0.08665398	0.08711583	
906	0.08640837	0.08711196	
906.2	0.0855288	0.08710809	
906.4	0.08500574	0.08710423	
906.6	0.08475873	0.08710036	
906.8	0.08468024	0.08709649	
907	0.08467018	0.08709263	
907.2	0.08492382	0.08708876	
907.4	0.08595438	0.08708489	
907.6	0.08473684	0.08708103	
907.8	0.08471404	0.08707716	
908	0.08398515	0.08707329	
908.2	0.08360827	0.08706943	
908.4	0.08289538	0.08706556	
908.6	0.08392424	0.0870617	
908.8	0.08405853	0.08705783	
909	0.08471415	0.08705397	
909.2	0.08471008	0.0870501	
909.4	0.0843763	0.08704624	
909.6	0.083989	0.08704237	
909.8	0.08382531	0.08703851	
910	0.08435126	0.08703465	
910.2	0.08531743	0.08703078	
910.4	0.08570849	0.08702692	
910.6	0.08551044	0.08702305	
910.8	0.08627629	0.08701919	
911	0.08586975	0.08701533	
911.2	0.08600583	0.08701146	
911.4	0.08591122	0.0870076	
911.6	0.08547695	0.08700374	
911.8	0.08531011	0.08699988	
912	0.08519486	0.08699601	
912.2	0.08512515	0.08699215	
912.4	0.0854876	0.08698829	
912.6	0.08715961	0.08698443	
912.8	0.08691395	0.08698056	
913	0.08692837	0.0869767	
913.2	0.08713139	0.08697284	
913.4	0.08666369	0.08696898	
913.6	0.08718819	0.08696512	
913.8	0.08830023	0.08696126	
914	0.08849007	0.0869574	
914.2	0.08746997	0.08695354	
914.4	0.08671957	0.08694968	
914.6	0.08549161	0.08694582	
914.8	0.08447051	0.08694196	
915	0.08406304	0.0869381	
915.2	0.08275892	0.08693424	
915.4	0.08151851	0.08693038	
915.6	0.08094963	0.08692652	
915.8	0.08038052	0.08692266	
916	0.08002032	0.0869188	
916.2	0.07998248	0.08691494	
916.4	0.0807865	0.08691108	
916.6	0.08073378	0.08690722	
916.8	0.08154082	0.08690336	
917	0.08315607	0.08689951	
917.2	0.08370691	0.08689565	
917.4	0.0840952	0.08689179	
917.6	0.08454841	0.08688793	
917.8	0.08483093	0.08688407	
918	0.08535226	0.08688022	
918.2	0.08519599	0.08687636	
918.4	0.08563038	0.0868725	
918.6	0.08555964	0.08686865	
918.8	0.08577425	0.08686479	
919	0.08656425	0.08686093	
919.2	0.0849987	0.08685708	
919.4	0.08560089	0.08685322	
919.6	0.08529021	0.08684936	
919.8	0.0851415	0.08684551	
920	0.08531876	0.08684165	
920.2	0.08628399	0.0868378	
920.4	0.08664956	0.08683394	
920.6	0.08656495	0.08683009	
920.8	0.08783222	0.08682623	
921	0.08826852	0.08682238	
921.2	0.08779974	0.08681852	
921.4	0.08772119	0.08681467	
921.6	0.08745258	0.08681081	
921.8	0.08814358	0.08680696	
922	0.08904659	0.08680311	
922.2	0.08764225	0.08679925	
922.4	0.08753738	0.0867954	
922.6	0.0870915	0.08679155	
922.8	0.08677883	0.08678769	
923	0.08607612	0.08678384	
923.2	0.08589992	0.08677999	
923.4	0.08607063	0.08677613	
923.6	0.08517948	0.08677228	
923.8	0.0848261	0.08676843	
924	0.08471822	0.08676458	
924.2	0.08420493	0.08676072	
924.4	0.08343669	0.08675687	
924.6	0.08290991	0.08675302	
924.8	0.08313756	0.08674917	
925	0.08340235	0.08674532	
925.2	0.08325149	0.08674147	
925.4	0.08366775	0.08673762	
925.6	0.08310075	0.08673376	
925.8	0.08268746	0.08672991	
926	0.0821049	0.08672606	
926.2	0.08243183	0.08672221	
926.4	0.08346544	0.08671836	
926.6	0.08420302	0.08671451	
926.8	0.08465209	0.08671066	
927	0.08527056	0.08670681	
927.2	0.08586297	0.08670296	
927.4	0.08535764	0.08669911	
927.6	0.08467573	0.08669527	
927.8	0.08459017	0.08669142	
928	0.08402043	0.08668757	
928.2	0.08393262	0.08668372	
928.4	0.08404692	0.08667987	
928.6	0.08412046	0.08667602	
928.8	0.08412423	0.08667217	
929	0.08378381	0.08666833	
929.2	0.08346784	0.08666448	
929.4	0.08199318	0.08666063	
929.6	0.08099751	0.08665678	
929.8	0.08065204	0.08665294	
930	0.0808175	0.08664909	
930.2	0.08128012	0.08664524	
930.4	0.08160354	0.0866414	
930.6	0.08128936	0.08663755	
930.8	0.0804534	0.0866337	
931	0.08030173	0.08662986	
931.2	0.07973116	0.08662601	
931.4	0.07971101	0.08662216	
931.6	0.07996389	0.08661832	
931.8	0.08057494	0.08661447	
932	0.08061505	0.08661063	
932.2	0.08124496	0.08660678	
932.4	0.08184468	0.08660294	
932.6	0.08258726	0.08659909	
932.8	0.08265358	0.08659525	
933	0.08297479	0.0865914	
933.2	0.0832276	0.08658756	
933.4	0.08310916	0.08658371	
933.6	0.08399462	0.08657987	
933.8	0.08375017	0.08657603	
934	0.08367887	0.08657218	
934.2	0.08317202	0.08656834	
934.4	0.08296699	0.0865645	
934.6	0.0836188	0.08656065	
934.8	0.08257961	0.08655681	
935	0.08198596	0.08655297	
935.2	0.08218927	0.08654912	
935.4	0.08209735	0.08654528	
935.6	0.08205215	0.08654144	
935.8	0.08197316	0.0865376	
936	0.08153748	0.08653376	
936.2	0.08187166	0.08652991	
936.4	0.0825591	0.08652607	
936.6	0.08246279	0.08652223	
936.8	0.08219479	0.08651839	
937	0.08183134	0.08651455	
937.2	0.08212204	0.08651071	
937.4	0.08194958	0.08650687	
937.6	0.08233608	0.08650303	
937.8	0.08216399	0.08649919	
938	0.08223244	0.08649535	
938.2	0.08261791	0.08649151	
938.4	0.08410794	0.08648767	
938.6	0.08539433	0.08648383	
938.8	0.08501137	0.08647999	
939	0.0862823	0.08647615	
939.2	0.08782978	0.08647231	
939.4	0.08822958	0.08646847	
939.6	0.08829668	0.08646463	
939.8	0.08930505	0.08646079	
940	0.0891303	0.08645695	
940.2	0.08932653	0.08645311	
940.4	0.08947686	0.08644928	
940.6	0.08813489	0.08644544	
940.8	0.08822185	0.0864416	
941	0.08803629	0.08643776	
941.2	0.08769705	0.08643392	
941.4	0.08711682	0.08643009	
941.6	0.08669107	0.08642625	
941.8	0.08540716	0.08642241	
942	0.08421615	0.08641858	
942.2	0.08457112	0.08641474	
942.4	0.08441168	0.0864109	
942.6	0.08374085	0.08640707	
942.8	0.08394593	0.08640323	
943	0.08354256	0.08639939	
943.2	0.08275915	0.08639556	
943.4	0.08211946	0.08639172	
943.6	0.08167459	0.08638789	
943.8	0.08235544	0.08638405	
944	0.08129278	0.08638022	
944.2	0.08106994	0.08637638	
944.4	0.08138034	0.08637255	
944.6	0.08094278	0.08636871	
944.8	0.08255507	0.08636488	
945	0.08255663	0.08636104	
945.2	0.08255515	0.08635721	
945.4	0.08332664	0.08635338	
945.6	0.0828438	0.08634954	
945.8	0.08220875	0.08634571	
946	0.08250877	0.08634187	
946.2	0.08341405	0.08633804	
946.4	0.08243248	0.08633421	
946.6	0.08215047	0.08633038	
946.8	0.08237048	0.08632654	
947	0.08196436	0.08632271	
947.2	0.08230616	0.08631888	
947.4	0.08290247	0.08631505	
947.6	0.08254232	0.08631121	
947.8	0.08312574	0.08630738	
948	0.08233086	0.08630355	
948.2	0.08280454	0.08629972	
948.4	0.08212387	0.08629589	
948.6	0.08204317	0.08629206	
948.8	0.08274588	0.08628822	
949	0.08210942	0.08628439	
949.2	0.08218721	0.08628056	
949.4	0.08153093	0.08627673	
949.6	0.08153081	0.0862729	
949.8	0.08155438	0.08626907	
950	0.08151629	0.08626524	
950.2	0.08236464	0.08626141	
950.4	0.0817111	0.08625758	
950.6	0.08206918	0.08625375	
950.8	0.08247427	0.08624992	
951	0.08251385	0.08624609	
951.2	0.0824438	0.08624226	
951.4	0.08259298	0.08623844	
951.6	0.08259766	0.08623461	
951.8	0.08303353	0.08623078	
952	0.08196221	0.08622695	
952.2	0.08216405	0.08622312	
952.4	0.08156452	0.08621929	
952.6	0.0821498	0.08621547	
952.8	0.08189333	0.08621164	
953	0.08109672	0.08620781	
953.2	0.08177045	0.08620398	
953.4	0.08186091	0.08620016	
953.6	0.08283696	0.08619633	
953.8	0.08270834	0.0861925	
954	0.08363334	0.08618868	
954.2	0.08484017	0.08618485	
954.4	0.08426601	0.08618102	
954.6	0.08468694	0.0861772	
954.8	0.08411055	0.08617337	
955	0.0841074	0.08616955	
955.2	0.08401169	0.08616572	
955.4	0.0845122	0.08616189	
955.6	0.08422121	0.08615807	
955.8	0.08392748	0.08615424	
956	0.08308983	0.08615042	
956.2	0.08365219	0.08614659	
956.4	0.08383531	0.08614277	
956.6	0.08316422	0.08613895	
956.8	0.08246839	0.08613512	
957	0.08223388	0.0861313	
957.2	0.08294373	0.08612747	
957.4	0.0827651	0.08612365	
957.6	0.08311084	0.08611983	
957.8	0.08296527	0.086116	
958	0.08402615	0.08611218	
958.2	0.08410112	0.08610836	
958.4	0.08424182	0.08610453	
958.6	0.08418504	0.08610071	
958.8	0.08441853	0.08609689	
959	0.08505187	0.08609307	
959.2	0.08526152	0.08608924	
959.4	0.08524284	0.08608542	
959.6	0.08503066	0.0860816	
959.8	0.08579292	0.08607778	
960	0.08518398	0.08607396	
960.2	0.08563825	0.08607013	
960.4	0.08571852	0.08606631	
960.6	0.08418536	0.08606249	
960.8	0.08428094	0.08605867	
961	0.08389144	0.08605485	
961.2	0.08337792	0.08605103	
961.4	0.08338106	0.08604721	
961.6	0.08376491	0.08604339	
961.8	0.08330723	0.08603957	
962	0.08351533	0.08603575	
962.2	0.08389547	0.08603193	
962.4	0.08452434	0.08602811	
962.6	0.08535715	0.08602429	
962.8	0.0862056	0.08602047	
963	0.08611164	0.08601665	
963.2	0.0858425	0.08601283	
963.4	0.08557032	0.08600902	
963.6	0.08543479	0.0860052	
963.8	0.08584787	0.08600138	
964	0.08491427	0.08599756	
964.2	0.08365736	0.08599374	
964.4	0.08295756	0.08598992	
964.6	0.08155375	0.08598611	
964.8	0.08156128	0.08598229	
965	0.07975527	0.08597847	
965.2	0.07937366	0.08597465	
965.4	0.07935994	0.08597084	
965.6	0.07903645	0.08596702	
965.8	0.07785352	0.0859632	
966	0.07753688	0.08595939	
966.2	0.07810304	0.08595557	
966.4	0.07849857	0.08595176	
966.6	0.07898705	0.08594794	
966.8	0.07925539	0.08594412	
967	0.0801208	0.08594031	
967.2	0.08127244	0.08593649	
967.4	0.08236767	0.08593268	
967.6	0.08337788	0.08592886	
967.8	0.08337336	0.08592505	
968	0.08403342	0.08592123	
968.2	0.08380875	0.08591742	
968.4	0.08504128	0.0859136	
968.6	0.08471857	0.08590979	
968.8	0.08501361	0.08590598	
969	0.08433296	0.08590216	
969.2	0.0850681	0.08589835	
969.4	0.08418755	0.08589453	
969.6	0.08323953	0.08589072	
969.8	0.08229163	0.08588691	
970	0.08220686	0.08588309	
970.2	0.08173931	0.08587928	
970.4	0.08144492	0.08587547	
970.6	0.08216428	0.08587166	
970.8	0.08316607	0.08586784	
971	0.08459151	0.08586403	
971.2	0.08512895	0.08586022	
971.4	0.08502554	0.08585641	
971.6	0.0853462	0.0858526	
971.8	0.08454172	0.08584878	
972	0.08497552	0.08584497	
972.2	0.08479836	0.08584116	
972.4	0.08581051	0.08583735	
972.6	0.08593753	0.08583354	
972.8	0.08661983	0.08582973	
973	0.08613397	0.08582592	
973.2	0.08530426	0.08582211	
973.4	0.08395714	0.0858183	
973.6	0.08349992	0.08581449	
973.8	0.08318661	0.08581068	
974	0.08298769	0.08580687	
974.2	0.08276041	0.08580306	
974.4	0.08242553	0.08579925	
974.6	0.08279492	0.08579544	
974.8	0.08228873	0.08579163	
975	0.08166112	0.08578782	
975.2	0.08244351	0.08578401	
975.4	0.08297735	0.0857802	
975.6	0.08254084	0.0857764	
975.8	0.08232853	0.08577259	
976	0.08308365	0.08576878	
976.2	0.0836896	0.08576497	
976.4	0.08504397	0.08576116	
976.6	0.08556182	0.08575736	
976.8	0.08595617	0.08575355	
977	0.08545288	0.08574974	
977.2	0.08472865	0.08574594	
977.4	0.08548449	0.08574213	
977.6	0.08559034	0.08573832	
977.8	0.08544807	0.08573452	
978	0.08580687	0.08573071	
978.2	0.08614692	0.0857269	
978.4	0.08586027	0.0857231	
978.6	0.08599828	0.08571929	
978.8	0.08601248	0.08571549	
979	0.0871566	0.08571168	
979.2	0.08864205	0.08570788	
979.4	0.0883805	0.08570407	
979.6	0.08793501	0.08570027	
979.8	0.08823087	0.08569646	
980	0.08770236	0.08569266	
980.2	0.08671249	0.08568885	
980.4	0.08627959	0.08568505	
980.6	0.08463181	0.08568124	
980.8	0.08333814	0.08567744	
981	0.08258121	0.08567364	
981.2	0.08172528	0.08566983	
981.4	0.08222921	0.08566603	
981.6	0.08138055	0.08566222	
981.8	0.08087423	0.08565842	
982	0.08098172	0.08565462	
982.2	0.08156061	0.08565082	
982.4	0.08211881	0.08564701	
982.6	0.08269938	0.08564321	
982.8	0.08320505	0.08563941	
983	0.08324822	0.08563561	
983.2	0.08373633	0.0856318	
983.4	0.08462132	0.085628	
983.6	0.08497779	0.0856242	
983.8	0.08510564	0.0856204	
984	0.08485702	0.0856166	
984.2	0.08376518	0.0856128	
984.4	0.08269604	0.085609	
984.6	0.08282962	0.0856052	
984.8	0.08268465	0.0856014	
985	0.08285584	0.0855976	
985.2	0.0823691	0.08559379	
985.4	0.08273083	0.08558999	
985.6	0.08287297	0.08558619	
985.8	0.08352609	0.0855824	
986	0.08471938	0.0855786	
986.2	0.08456453	0.0855748	
986.4	0.08482467	0.085571	
986.6	0.08478282	0.0855672	
986.8	0.08398941	0.0855634	
987	0.08419948	0.0855596	
987.2	0.08546695	0.0855558	
987.4	0.0859024	0.085552	
987.6	0.0866574	0.08554821	
987.8	0.08687716	0.08554441	
988	0.08715929	0.08554061	
988.2	0.08723404	0.08553681	
988.4	0.08786825	0.08553301	
988.6	0.08800302	0.08552922	
988.8	0.08742422	0.08552542	
989	0.08757298	0.08552162	
989.2	0.08776027	0.08551783	
989.4	0.088494	0.08551403	
989.6	0.08899364	0.08551023	
989.8	0.08919576	0.08550644	
990	0.08878936	0.08550264	
990.2	0.08714927	0.08549884	
990.4	0.08765044	0.08549505	
990.6	0.08724221	0.08549125	
990.8	0.08629874	0.08548746	
991	0.08597477	0.08548366	
991.2	0.08509941	0.08547987	
991.4	0.083528	0.08547607	
991.6	0.08254798	0.08547228	
991.8	0.08183567	0.08546848	
992	0.08170577	0.08546469	
992.2	0.08116646	0.08546089	
992.4	0.08085742	0.0854571	
992.6	0.07956824	0.0854533	
992.8	0.08036502	0.08544951	
993	0.08021924	0.08544572	
993.2	0.08055825	0.08544192	
993.4	0.08044263	0.08543813	
993.6	0.08073557	0.08543434	
993.8	0.08179043	0.08543054	
994	0.08288001	0.08542675	
994.2	0.08347536	0.08542296	
994.4	0.08488536	0.08541917	
994.6	0.08512416	0.08541537	
994.8	0.08558748	0.08541158	
995	0.08557721	0.08540779	
995.2	0.08553256	0.085404	
995.4	0.0850705	0.08540021	
995.6	0.0842991	0.08539641	
995.8	0.08445803	0.08539262	
996	0.08307275	0.08538883	
996.2	0.08293371	0.08538504	
996.4	0.08350073	0.08538125	
996.6	0.08359074	0.08537746	
996.8	0.08421651	0.08537367	
997	0.08519169	0.08536988	
997.2	0.08484161	0.08536609	
997.4	0.08457698	0.0853623	
997.6	0.08523828	0.08535851	
997.8	0.08507376	0.08535472	
998	0.08503452	0.08535093	
998.2	0.0848178	0.08534714	
998.4	0.08511815	0.08534335	
998.6	0.08551775	0.08533956	
998.8	0.08614785	0.08533577	
999	0.08546947	0.08533199	
999.2	0.08443742	0.0853282	
999.4	0.08304696	0.08532441	
999.6	0.08096866	0.08532062	
999.8	0.08004593	0.08531683	
1000	0.07824259	0.08531304	
1000.2	0.07880981	0.08530926	
1000.4	0.07944477	0.08530547	
1000.6	0.0797767	0.08530168	
1000.8	0.08058433	0.0852979	
1001	0.08072275	0.08529411	
1001.2	0.08019832	0.08529032	
1001.4	0.08041436	0.08528654	
1001.6	0.08047747	0.08528275	
1001.8	0.08030839	0.08527896	
1002	0.08124492	0.08527518	
1002.2	0.08255495	0.08527139	
1002.4	0.08313199	0.0852676	
1002.6	0.08352565	0.08526382	
1002.8	0.08403499	0.08526003	
1003	0.08436972	0.08525625	
1003.2	0.08409358	0.08525246	
1003.4	0.08382166	0.08524868	
1003.6	0.08382802	0.08524489	
1003.8	0.0837505	0.08524111	
1004	0.08425569	0.08523732	
1004.2	0.08547685	0.08523354	
1004.4	0.08547871	0.08522976	
1004.6	0.08550669	0.08522597	
1004.8	0.08590182	0.08522219	
1005	0.08425919	0.08521841	
1005.2	0.08534605	0.08521462	
1005.4	0.08532541	0.08521084	
1005.6	0.08547634	0.08520706	
1005.8	0.08574619	0.08520327	
1006	0.08694063	0.08519949	
1006.2	0.08704277	0.08519571	
1006.4	0.08679359	0.08519193	
1006.6	0.08643819	0.08518814	
1006.8	0.08640481	0.08518436	
1007	0.08604244	0.08518058	
1007.2	0.0858084	0.0851768	
1007.4	0.0855834	0.08517302	
1007.6	0.08529749	0.08516923	
1007.8	0.08517966	0.08516545	
1008	0.08527409	0.08516167	
1008.2	0.08466522	0.08515789	
1008.4	0.08337015	0.08515411	
1008.6	0.08250449	0.08515033	
1008.8	0.08188926	0.08514655	
1009	0.08074072	0.08514277	
1009.2	0.08142955	0.08513899	
1009.4	0.08144945	0.08513521	
1009.6	0.08179	0.08513143	
1009.8	0.08139127	0.08512765	
1010	0.0815387	0.08512387	
1010.2	0.08085448	0.08512009	
1010.4	0.08128199	0.08511631	
1010.6	0.0810926	0.08511253	
1010.8	0.08181083	0.08510875	
1011	0.08277504	0.08510498	
1011.2	0.08310818	0.0851012	
1011.4	0.08360117	0.08509742	
1011.6	0.08414028	0.08509364	
1011.8	0.08527154	0.08508986	
1012	0.08555909	0.08508609	
1012.2	0.08578562	0.08508231	
1012.4	0.08603088	0.08507853	
1012.6	0.08494091	0.08507475	
1012.8	0.0850363	0.08507098	
1013	0.08491968	0.0850672	
1013.2	0.0856271	0.08506342	
1013.4	0.08510935	0.08505965	
1013.6	0.08447917	0.08505587	
1013.8	0.08343212	0.08505209	
1014	0.08320763	0.08504832	
1014.2	0.08306965	0.08504454	
1014.4	0.08350634	0.08504077	
1014.6	0.08317725	0.08503699	
1014.8	0.08303	0.08503322	
1015	0.08242549	0.08502944	
1015.2	0.08232311	0.08502567	
1015.4	0.08264225	0.08502189	
1015.6	0.08218675	0.08501812	
1015.8	0.0825234	0.08501434	
1016	0.08231174	0.08501057	
1016.2	0.08256695	0.08500679	
1016.4	0.08240351	0.08500302	
1016.6	0.0818615	0.08499925	
1016.8	0.08273333	0.08499547	
1017	0.08336529	0.0849917	
1017.2	0.08359145	0.08498792	
1017.4	0.08281677	0.08498415	
1017.6	0.08314822	0.08498038	
1017.8	0.08356133	0.08497661	
1018	0.08276702	0.08497283	
1018.2	0.08267688	0.08496906	
1018.4	0.08273238	0.08496529	
1018.6	0.0819908	0.08496152	
1018.8	0.08155114	0.08495774	
1019	0.08199843	0.08495397	
1019.2	0.08206741	0.0849502	
1019.4	0.08112922	0.08494643	
1019.6	0.08157706	0.08494266	
1019.8	0.08220252	0.08493889	
1020	0.08191864	0.08493512	
1020.2	0.0814073	0.08493134	
1020.4	0.08182372	0.08492757	
1020.6	0.0832865	0.0849238	
1020.8	0.08345659	0.08492003	
1021	0.08382065	0.08491626	
1021.2	0.08292337	0.08491249	
1021.4	0.08264426	0.08490872	
1021.6	0.08341356	0.08490495	
1021.8	0.08337057	0.08490118	
1022	0.08362656	0.08489742	
1022.2	0.08437989	0.08489365	
1022.4	0.08412908	0.08488988	
1022.6	0.08375864	0.08488611	
1022.8	0.0837266	0.08488234	
1023	0.08465983	0.08487857	
1023.2	0.08355276	0.0848748	
1023.4	0.08279307	0.08487103	
1023.6	0.0830261	0.08486727	
1023.8	0.08296127	0.0848635	
1024	0.08360062	0.08485973	
1024.2	0.08392827	0.08485596	
1024.4	0.0848403	0.0848522	
1024.6	0.08451895	0.08484843	
1024.8	0.08365326	0.08484466	
1025	0.08341635	0.0848409	
1025.2	0.08203731	0.08483713	
1025.4	0.0821465	0.08483336	
1025.6	0.08201892	0.0848296	
1025.8	0.08188734	0.08482583	
1026	0.08274845	0.08482206	
1026.2	0.08209838	0.0848183	
1026.4	0.08190752	0.08481453	
1026.6	0.08222016	0.08481077	
1026.8	0.0826797	0.084807	
1027	0.08325249	0.08480324	
1027.2	0.08203924	0.08479947	
1027.4	0.0832227	0.08479571	
1027.6	0.08382202	0.08479194	
1027.8	0.08458385	0.08478818	
1028	0.0850978	0.08478441	
1028.2	0.08434664	0.08478065	
1028.4	0.08355486	0.08477689	
1028.6	0.0832729	0.08477312	
1028.8	0.08296419	0.08476936	
1029	0.08306199	0.08476559	
1029.2	0.08275614	0.08476183	
1029.4	0.08252931	0.08475807	
1029.6	0.08316622	0.0847543	
1029.8	0.0834529	0.08475054	
1030	0.08393985	0.08474678	
1030.2	0.08330672	0.08474302	
1030.4	0.08321541	0.08473925	
1030.6	0.08362306	0.08473549	
1030.8	0.08376164	0.08473173	
1031	0.08442167	0.08472797	
1031.2	0.08430721	0.08472421	
1031.4	0.08363123	0.08472045	
1031.6	0.0815141	0.08471668	
1031.8	0.08116421	0.08471292	
1032	0.0804825	0.08470916	
1032.2	0.07923216	0.0847054	
1032.4	0.07969273	0.08470164	
1032.6	0.07984696	0.08469788	
1032.8	0.07945343	0.08469412	
1033	0.07986714	0.08469036	
1033.2	0.07873497	0.0846866	
1033.4	0.07825947	0.08468284	
1033.6	0.07951545	0.08467908	
1033.8	0.07877964	0.08467532	
1034	0.07958193	0.08467156	
1034.2	0.07977403	0.0846678	
1034.4	0.0798201	0.08466404	
1034.6	0.08075241	0.08466028	
1034.8	0.08144811	0.08465653	
1035	0.08140743	0.08465277	
1035.2	0.08049538	0.08464901	
1035.4	0.08015071	0.08464525	
1035.6	0.08087733	0.08464149	
1035.8	0.08212714	0.08463774	
1036	0.08269584	0.08463398	
1036.2	0.08322861	0.08463022	
1036.4	0.08404566	0.08462646	
1036.6	0.08362498	0.08462271	
1036.8	0.0840494	0.08461895	
1037	0.08387828	0.08461519	
1037.2	0.08358041	0.08461144	
1037.4	0.08389457	0.08460768	
1037.6	0.08485702	0.08460392	
1037.8	0.08517896	0.08460017	
1038	0.08574197	0.08459641	
1038.2	0.08579573	0.08459266	
1038.4	0.08534938	0.0845889	
1038.6	0.08545091	0.08458514	
1038.8	0.08536982	0.08458139	
1039	0.08519644	0.08457763	
1039.2	0.08523594	0.08457388	
1039.4	0.08510747	0.08457012	
1039.6	0.08515392	0.08456637	
1039.8	0.08536153	0.08456261	
1040	0.08519807	0.08455886	
1040.2	0.08431394	0.08455511	
1040.4	0.08312743	0.08455135	
1040.6	0.08258367	0.0845476	
1040.8	0.08305512	0.08454385	
1041	0.0824614	0.08454009	
1041.2	0.08262538	0.08453634	
1041.4	0.08272129	0.08453259	
1041.6	0.0829767	0.08452883	
1041.8	0.08309699	0.08452508	
1042	0.08275133	0.08452133	
1042.2	0.08209724	0.08451757	
1042.4	0.08267987	0.08451382	
1042.6	0.08288841	0.08451007	
1042.8	0.08318922	0.08450632	
1043	0.08356991	0.08450257	
1043.2	0.08285822	0.08449881	
1043.4	0.08243356	0.08449506	
1043.6	0.08238401	0.08449131	
1043.8	0.08171266	0.08448756	
1044	0.08105753	0.08448381	
1044.2	0.08008806	0.08448006	
1044.4	0.07924602	0.08447631	
1044.6	0.07903491	0.08447256	
1044.8	0.07910934	0.08446881	
1045	0.07878271	0.08446506	
1045.2	0.07976067	0.08446131	
1045.4	0.08019166	0.08445756	
1045.6	0.0803885	0.08445381	
1045.8	0.08073843	0.08445006	
1046	0.0811216	0.08444631	
1046.2	0.08141617	0.08444256	
1046.4	0.08293279	0.08443881	
1046.6	0.08351181	0.08443506	
1046.8	0.08358602	0.08443131	
1047	0.08365704	0.08442757	
1047.2	0.08351463	0.08442382	
1047.4	0.08363878	0.08442007	
1047.6	0.08341268	0.08441632	
1047.8	0.08316582	0.08441257	
1048	0.08342924	0.08440883	
1048.2	0.08282213	0.08440508	
1048.4	0.0827917	0.08440133	
1048.6	0.08241042	0.08439758	
1048.8	0.08134447	0.08439384	
1049	0.08118795	0.08439009	
1049.2	0.08246651	0.08438634	
1049.4	0.08293323	0.0843826	
1049.6	0.08398396	0.08437885	
1049.8	0.0840207	0.0843751	
1050	0.08438871	0.08437136	
1050.2	0.08461523	0.08436761	
1050.4	0.08461924	0.08436387	
1050.6	0.08479886	0.08436012	
1050.8	0.08388598	0.08435638	
1051	0.08348786	0.08435263	
1051.2	0.08355588	0.08434889	
1051.4	0.08343585	0.08434514	
1051.6	0.08182234	0.0843414	
1051.8	0.08082634	0.08433765	
1052	0.08042507	0.08433391	
1052.2	0.07988526	0.08433016	
1052.4	0.08041642	0.08432642	
1052.6	0.07877687	0.08432268	
1052.8	0.07864439	0.08431893	
1053	0.0795817	0.08431519	
1053.2	0.08089176	0.08431145	
1053.4	0.08217313	0.0843077	
1053.6	0.0829759	0.08430396	
1053.8	0.08299502	0.08430022	
1054	0.08350321	0.08429647	
1054.2	0.08438694	0.08429273	
1054.4	0.08427877	0.08428899	
1054.6	0.08425116	0.08428525	
1054.8	0.08421013	0.08428151	
1055	0.08368	0.08427776	
1055.2	0.08406668	0.08427402	
1055.4	0.08287927	0.08427028	
1055.6	0.08217944	0.08426654	
1055.8	0.08207486	0.0842628	
1056	0.08268101	0.08425906	
1056.2	0.08254837	0.08425532	
1056.4	0.08181926	0.08425158	
1056.6	0.08092762	0.08424784	
1056.8	0.08184738	0.08424409	
1057	0.08292309	0.08424035	
1057.2	0.08210526	0.08423661	
1057.4	0.08173843	0.08423287	
1057.6	0.08057659	0.08422914	
1057.8	0.07986547	0.0842254	
1058	0.07912104	0.08422166	
1058.2	0.07935393	0.08421792	
1058.4	0.0786538	0.08421418	
1058.6	0.0785718	0.08421044	
1058.8	0.07905898	0.0842067	
1059	0.07913961	0.08420296	
1059.2	0.07982248	0.08419922	
1059.4	0.08026283	0.08419549	
1059.6	0.08111242	0.08419175	
1059.8	0.08209991	0.08418801	
1060	0.08282167	0.08418427	
1060.2	0.08304891	0.08418053	
1060.4	0.0840354	0.0841768	
1060.6	0.0852186	0.08417306	
1060.8	0.08595021	0.08416932	
1061	0.0866392	0.08416559	
1061.2	0.085773	0.08416185	
1061.4	0.0853461	0.08415811	
1061.6	0.08415916	0.08415438	
1061.8	0.08324893	0.08415064	
1062	0.08278479	0.0841469	
1062.2	0.08301733	0.08414317	
1062.4	0.08261645	0.08413943	
1062.6	0.08139498	0.0841357	
1062.8	0.08092963	0.08413196	
1063	0.07988237	0.08412823	
1063.2	0.07926397	0.08412449	
1063.4	0.07879436	0.08412076	
1063.6	0.07803915	0.08411702	
1063.8	0.0785778	0.08411329	
1064	0.07863078	0.08410955	
1064.2	0.07924278	0.08410582	
1064.4	0.08014556	0.08410209	
1064.6	0.08090042	0.08409835	
1064.8	0.08169787	0.08409462	
1065	0.08258655	0.08409088	
1065.2	0.08278394	0.08408715	
1065.4	0.08276273	0.08408342	
1065.6	0.08277275	0.08407969	
1065.8	0.08215961	0.08407595	
1066	0.08301829	0.08407222	
1066.2	0.08370537	0.08406849	
1066.4	0.08324886	0.08406476	
1066.6	0.08344251	0.08406102	
1066.8	0.08346978	0.08405729	
1067	0.08259829	0.08405356	
1067.2	0.08257052	0.08404983	
1067.4	0.08237495	0.0840461	
1067.6	0.08233251	0.08404236	
1067.8	0.08284334	0.08403863	
1068	0.08321785	0.0840349	
1068.2	0.083553	0.08403117	
1068.4	0.08410185	0.08402744	
1068.6	0.0836908	0.08402371	
1068.8	0.08326388	0.08401998	
1069	0.08256699	0.08401625	
1069.2	0.08183925	0.08401252	
1069.4	0.08166619	0.08400879	
1069.6	0.08135777	0.08400506	
1069.8	0.08064779	0.08400133	
1070	0.08091241	0.0839976	
1070.2	0.08171343	0.08399387	
1070.4	0.08161626	0.08399014	
1070.6	0.08206069	0.08398641	
1070.8	0.0812286	0.08398269	
1071	0.08123235	0.08397896	
1071.2	0.08161694	0.08397523	
1071.4	0.0815869	0.0839715	
1071.6	0.08198135	0.08396777	
1071.8	0.08214916	0.08396404	
1072	0.08210473	0.08396032	
1072.2	0.08218227	0.08395659	
1072.4	0.08300124	0.08395286	
1072.6	0.08181432	0.08394913	
1072.8	0.08161524	0.08394541	
1073	0.08105675	0.08394168	
1073.2	0.08127163	0.08393795	
1073.4	0.0810246	0.08393423	
1073.6	0.08189754	0.0839305	
1073.8	0.08159633	0.08392677	
1074	0.08140915	0.08392305	
1074.2	0.08214385	0.08391932	
1074.4	0.08166465	0.0839156	
1074.6	0.08113141	0.08391187	
1074.8	0.08130388	0.08390815	
1075	0.08195574	0.08390442	
1075.2	0.08220232	0.0839007	
1075.4	0.08232455	0.08389697	
1075.6	0.08320843	0.08389325	
1075.8	0.08296801	0.08388952	
1076	0.08373912	0.0838858	
1076.2	0.08309546	0.08388207	
1076.4	0.083378	0.08387835	
1076.6	0.08238826	0.08387462	
1076.8	0.08191497	0.0838709	
1077	0.08174088	0.08386718	
1077.2	0.08155977	0.08386345	
1077.4	0.08096507	0.08385973	
1077.6	0.08175754	0.08385601	
1077.8	0.08141529	0.08385228	
1078	0.08088246	0.08384856	
1078.2	0.08040964	0.08384484	
1078.4	0.07987762	0.08384112	
1078.6	0.07893724	0.08383739	
1078.8	0.07938818	0.08383367	
1079	0.07920971	0.08382995	
1079.2	0.0784748	0.08382623	
1079.4	0.07934986	0.08382251	
1079.6	0.07966989	0.08381879	
1079.8	0.07924852	0.08381506	
1080	0.07945027	0.08381134	
1080.2	0.07884763	0.08380762	
1080.4	0.0790113	0.0838039	
1080.6	0.07903233	0.08380018	
1080.8	0.07893678	0.08379646	
1081	0.0798541	0.08379274	
1081.2	0.08047838	0.08378902	
1081.4	0.08097629	0.0837853	
1081.6	0.08198794	0.08378158	
1081.8	0.08216703	0.08377786	
1082	0.08173329	0.08377414	
1082.2	0.08137356	0.08377042	
1082.4	0.08115341	0.0837667	
1082.6	0.08133376	0.08376298	
1082.8	0.08186085	0.08375927	
1083	0.08220407	0.08375555	
1083.2	0.08247555	0.08375183	
1083.4	0.08390705	0.08374811	
1083.6	0.08387589	0.08374439	
1083.8	0.08388554	0.08374067	
1084	0.08420029	0.08373696	
1084.2	0.08393128	0.08373324	
1084.4	0.08403403	0.08372952	
1084.6	0.08374182	0.0837258	
1084.8	0.08466386	0.08372209	
1085	0.0851526	0.08371837	
1085.2	0.0848176	0.08371465	
1085.4	0.08425938	0.08371094	
1085.6	0.08373231	0.08370722	
1085.8	0.08291749	0.0837035	
1086	0.0823397	0.08369979	
1086.2	0.08162107	0.08369607	
1086.4	0.08111907	0.08369236	
1086.6	0.08106443	0.08368864	
1086.8	0.08053992	0.08368492	
1087	0.08025801	0.08368121	
1087.2	0.07946375	0.08367749	
1087.4	0.07958234	0.08367378	
1087.6	0.07923536	0.08367006	
1087.8	0.07879879	0.08366635	
1088	0.07893752	0.08366264	
1088.2	0.07926152	0.08365892	
1088.4	0.0794592	0.08365521	
1088.6	0.07961628	0.08365149	
1088.8	0.08099975	0.08364778	
1089	0.08064397	0.08364406	
1089.2	0.08033549	0.08364035	
1089.4	0.08081994	0.08363664	
1089.6	0.08142647	0.08363292	
1089.8	0.08134064	0.08362921	
1090	0.08188666	0.0836255	
1090.2	0.08178073	0.08362179	
1090.4	0.08235181	0.08361807	
1090.6	0.08178592	0.08361436	
1090.8	0.08171016	0.08361065	
1091	0.08243504	0.08360694	
1091.2	0.08280741	0.08360323	
1091.4	0.08316995	0.08359951	
1091.6	0.08306843	0.0835958	
1091.8	0.08314333	0.08359209	
1092	0.0826626	0.08358838	
1092.2	0.08272637	0.08358467	
1092.4	0.08197913	0.08358096	
1092.6	0.081966	0.08357725	
1092.8	0.08128158	0.08357354	
1093	0.08034002	0.08356983	
1093.2	0.07911286	0.08356612	
1093.4	0.07877822	0.08356241	
1093.6	0.0780261	0.0835587	
1093.8	0.07762368	0.08355499	
1094	0.0769615	0.08355128	
1094.2	0.07675564	0.08354757	
1094.4	0.07694414	0.08354386	
1094.6	0.07641791	0.08354015	
1094.8	0.07728657	0.08353644	
1095	0.0782408	0.08353273	
1095.2	0.07821309	0.08352902	
1095.4	0.0775095	0.08352531	
1095.6	0.07756393	0.08352161	
1095.8	0.07752925	0.0835179	
1096	0.07760614	0.08351419	
1096.2	0.07769659	0.08351048	
1096.4	0.07771065	0.08350677	
1096.6	0.07879029	0.08350307	
1096.8	0.07868475	0.08349936	
1097	0.07930819	0.08349565	
1097.2	0.07932874	0.08349195	
1097.4	0.08099448	0.08348824	
1097.6	0.08149459	0.08348453	
1097.8	0.08177409	0.08348083	
1098	0.08151363	0.08347712	
1098.2	0.08278166	0.08347341	
1098.4	0.08362107	0.08346971	
1098.6	0.08303978	0.083466	
1098.8	0.08352643	0.0834623	
1099	0.08286412	0.08345859	
1099.2	0.08241048	0.08345489	
1099.4	0.08085257	0.08345118	
1099.6	0.0810091	0.08344748	
1099.8	0.07953258	0.08344377	
1100	0.07879055	0.08344007	
1100.2	0.07823555	0.08343636	
1100.4	0.07885578	0.08343266	
1100.6	0.0789602	0.08342895	
1100.8	0.07885432	0.08342525	
1101	0.07968144	0.08342155	
1101.2	0.07957212	0.08341784	
1101.4	0.07987613	0.08341414	
1101.6	0.07983948	0.08341044	
1101.8	0.08084917	0.08340673	
1102	0.08051749	0.08340303	
1102.2	0.08050843	0.08339933	
1102.4	0.08066686	0.08339562	
1102.6	0.07995428	0.08339192	
1102.8	0.08083059	0.08338822	
1103	0.07999113	0.08338452	
1103.2	0.08038034	0.08338082	
1103.4	0.07957506	0.08337711	
1103.6	0.07990844	0.08337341	
1103.8	0.0791318	0.08336971	
1104	0.07893169	0.08336601	
1104.2	0.07809947	0.08336231	
1104.4	0.07748283	0.08335861	
1104.6	0.0774235	0.08335491	
1104.8	0.07753705	0.08335121	
1105	0.07743094	0.0833475	
1105.2	0.07791611	0.0833438	
1105.4	0.07816801	0.0833401	
1105.6	0.07823522	0.0833364	
1105.8	0.07779722	0.0833327	
1106	0.0762843	0.083329	
1106.2	0.07656758	0.08332531	
1106.4	0.07687802	0.08332161	
1106.6	0.07613813	0.08331791	
1106.8	0.07589256	0.08331421	
1107	0.07539962	0.08331051	
1107.2	0.07559731	0.08330681	
1107.4	0.07563611	0.08330311	
1107.6	0.07613293	0.08329941	
1107.8	0.07611901	0.08329571	
1108	0.07544446	0.08329202	
1108.2	0.07508436	0.08328832	
1108.4	0.07570844	0.08328462	
1108.6	0.07752135	0.08328092	
1108.8	0.0784227	0.08327723	
1109	0.07939215	0.08327353	
1109.2	0.07975787	0.08326983	
1109.4	0.07901687	0.08326614	
1109.6	0.07934129	0.08326244	
1109.8	0.07985521	0.08325874	
1110	0.07960954	0.08325505	
1110.2	0.07998868	0.08325135	
1110.4	0.08042789	0.08324765	
1110.6	0.08041694	0.08324396	
1110.8	0.0805689	0.08324026	
1111	0.0803903	0.08323657	
1111.2	0.08013904	0.08323287	
1111.4	0.08064089	0.08322918	
1111.6	0.08083416	0.08322548	
1111.8	0.08041456	0.08322179	
1112	0.08001477	0.08321809	
1112.2	0.08064292	0.0832144	
1112.4	0.08151922	0.0832107	
1112.6	0.08145442	0.08320701	
1112.8	0.08074031	0.08320331	
1113	0.08046475	0.08319962	
1113.2	0.08002643	0.08319593	
1113.4	0.0797577	0.08319223	
1113.6	0.07938874	0.08318854	
1113.8	0.07888782	0.08318485	
1114	0.07856559	0.08318115	
1114.2	0.07938758	0.08317746	
1114.4	0.08045003	0.08317377	
1114.6	0.08100865	0.08317007	
1114.8	0.08082272	0.08316638	
1115	0.08131324	0.08316269	
1115.2	0.08139724	0.083159	
1115.4	0.08255467	0.0831553	
1115.6	0.08227076	0.08315161	
1115.8	0.08222905	0.08314792	
1116	0.08263409	0.08314423	
1116.2	0.0830305	0.08314054	
1116.4	0.08233048	0.08313685	
1116.6	0.08127241	0.08313316	
1116.8	0.08093069	0.08312947	
1117	0.08123804	0.08312577	
1117.2	0.07967802	0.08312208	
1117.4	0.0789337	0.08311839	
1117.6	0.07781424	0.0831147	
1117.8	0.07738834	0.08311101	
1118	0.07703232	0.08310732	
1118.2	0.07765815	0.08310363	
1118.4	0.07833163	0.08309994	
1118.6	0.07858628	0.08309626	
1118.8	0.07957549	0.08309257	
1119	0.080772	0.08308888	
1119.2	0.08052128	0.08308519	
1119.4	0.08076472	0.0830815	
1119.6	0.08060595	0.08307781	
1119.8	0.0814127	0.08307412	
1120	0.08186471	0.08307043	
1120.2	0.08237476	0.08306675	
1120.4	0.08292888	0.08306306	
1120.6	0.08347381	0.08305937	
1120.8	0.08253044	0.08305568	
1121	0.08324306	0.083052	
1121.2	0.08239999	0.08304831	
1121.4	0.08315767	0.08304462	
1121.6	0.08230872	0.08304093	
1121.8	0.08094079	0.08303725	
1122	0.08088882	0.08303356	
1122.2	0.08107971	0.08302988	
1122.4	0.08034801	0.08302619	
1122.6	0.08076916	0.0830225	
1122.8	0.08128855	0.08301882	
1123	0.08137028	0.08301513	
1123.2	0.08106448	0.08301145	
1123.4	0.08044835	0.08300776	
1123.6	0.08107688	0.08300407	
1123.8	0.08113789	0.08300039	
1124	0.08078569	0.0829967	
1124.2	0.08157661	0.08299302	
1124.4	0.08108029	0.08298934	
1124.6	0.08112428	0.08298565	
1124.8	0.08044149	0.08298197	
1125	0.08170607	0.08297828	
1125.2	0.08197133	0.0829746	
1125.4	0.083119	0.08297092	
1125.6	0.08158991	0.08296723	
1125.8	0.08155492	0.08296355	
1126	0.08165877	0.08295986	
1126.2	0.08051405	0.08295618	
1126.4	0.08042777	0.0829525	
1126.6	0.0809821	0.08294882	
1126.8	0.08056492	0.08294513	
1127	0.08105852	0.08294145	
1127.2	0.08042873	0.08293777	
1127.4	0.07966969	0.08293409	
1127.6	0.07923305	0.0829304	
1127.8	0.07758759	0.08292672	
1128	0.07809581	0.08292304	
1128.2	0.07821465	0.08291936	
1128.4	0.07729205	0.08291568	
1128.6	0.07796129	0.082912	
1128.8	0.07791269	0.08290832	
1129	0.0791295	0.08290463	
1129.2	0.08002932	0.08290095	
1129.4	0.080516	0.08289727	
1129.6	0.07958374	0.08289359	
1129.8	0.08038549	0.08288991	
1130	0.0794661	0.08288623	
1130.2	0.07878981	0.08288255	
1130.4	0.07943236	0.08287887	
1130.6	0.07947357	0.08287519	
1130.8	0.08013827	0.08287151	
1131	0.08020622	0.08286784	
1131.2	0.07986758	0.08286416	
1131.4	0.07954124	0.08286048	
1131.6	0.07873521	0.0828568	
1131.8	0.07855214	0.08285312	
1132	0.07971785	0.08284944	
1132.2	0.0794244	0.08284576	
1132.4	0.07979237	0.08284209	
1132.6	0.07987675	0.08283841	
1132.8	0.0808532	0.08283473	
1133	0.08114609	0.08283105	
1133.2	0.08140504	0.08282737	
1133.4	0.08162775	0.0828237	
1133.6	0.08166485	0.08282002	
1133.8	0.08202875	0.08281634	
1134	0.08198387	0.08281267	
1134.2	0.08267201	0.08280899	
1134.4	0.08424025	0.08280531	
1134.6	0.08505432	0.08280164	
1134.8	0.08607524	0.08279796	
1135	0.08549726	0.08279429	
1135.2	0.08491179	0.08279061	
1135.4	0.08463479	0.08278693	
1135.6	0.08356071	0.08278326	
1135.8	0.08313386	0.08277958	
1136	0.08306462	0.08277591	
1136.2	0.08289212	0.08277223	
1136.4	0.08183381	0.08276856	
1136.6	0.08126396	0.08276488	
1136.8	0.08154855	0.08276121	
1137	0.08089263	0.08275754	
1137.2	0.08136317	0.08275386	
1137.4	0.08170734	0.08275019	
1137.6	0.08184368	0.08274651	
1137.8	0.08240151	0.08274284	
1138	0.08334272	0.08273917	
1138.2	0.08390956	0.08273549	
1138.4	0.0844581	0.08273182	
1138.6	0.08401211	0.08272815	
1138.8	0.08333492	0.08272447	
1139	0.08261352	0.0827208	
1139.2	0.08162818	0.08271713	
1139.4	0.08150818	0.08271346	
1139.6	0.08052795	0.08270978	
1139.8	0.08072815	0.08270611	
1140	0.08025362	0.08270244	
1140.2	0.0790856	0.08269877	
1140.4	0.07808049	0.0826951	
1140.6	0.07847406	0.08269143	
1140.8	0.07876489	0.08268775	
1141	0.07960795	0.08268408	
1141.2	0.07998816	0.08268041	
1141.4	0.07942527	0.08267674	
1141.6	0.07877833	0.08267307	
1141.8	0.07837171	0.0826694	
1142	0.07829595	0.08266573	
1142.2	0.07839154	0.08266206	
1142.4	0.07859528	0.08265839	
1142.6	0.07875495	0.08265472	
1142.8	0.07816521	0.08265105	
1143	0.07932026	0.08264738	
1143.2	0.07928518	0.08264371	
1143.4	0.0802959	0.08264004	
1143.6	0.08105174	0.08263637	
1143.8	0.08095571	0.08263271	
1144	0.0810349	0.08262904	
1144.2	0.08072313	0.08262537	
1144.4	0.08124845	0.0826217	
1144.6	0.0816603	0.08261803	
1144.8	0.08231052	0.08261436	
1145	0.0829175	0.0826107	
1145.2	0.08273403	0.08260703	
1145.4	0.08232108	0.08260336	
1145.6	0.0817344	0.08259969	
1145.8	0.08207547	0.08259603	
1146	0.08292054	0.08259236	
1146.2	0.08289413	0.08258869	
1146.4	0.08198991	0.08258503	
1146.6	0.0806994	0.08258136	
1146.8	0.07969266	0.08257769	
1147	0.08017057	0.08257403	
1147.2	0.07867922	0.08257036	
1147.4	0.07838784	0.0825667	
1147.6	0.07768528	0.08256303	
1147.8	0.07685292	0.08255936	
1148	0.0773738	0.0825557	
1148.2	0.07658888	0.08255203	
1148.4	0.07680047	0.08254837	
1148.6	0.07709736	0.0825447	
1148.8	0.07759013	0.08254104	
1149	0.07865735	0.08253737	
1149.2	0.07970737	0.08253371	
1149.4	0.08027871	0.08253005	
1149.6	0.08053569	0.08252638	
1149.8	0.08143381	0.08252272	
1150	0.08169011	0.08251905	
1150.2	0.08126826	0.08251539	
1150.4	0.08134045	0.08251173	
1150.6	0.0819803	0.08250806	
1150.8	0.08253043	0.0825044	
1151	0.08280633	0.08250074	
1151.2	0.08250654	0.08249708	
1151.4	0.08305924	0.08249341	
1151.6	0.08280801	0.08248975	
1151.8	0.08293842	0.08248609	
1152	0.08267534	0.08248243	
1152.2	0.08223663	0.08247876	
1152.4	0.08215364	0.0824751	
1152.6	0.08203591	0.08247144	
1152.8	0.08144313	0.08246778	
1153	0.08232898	0.08246412	
1153.2	0.0821583	0.08246046	
1153.4	0.08069692	0.0824568	
1153.6	0.08010393	0.08245314	
1153.8	0.08022406	0.08244947	
1154	0.0803037	0.08244581	
1154.2	0.07986355	0.08244215	
1154.4	0.07991302	0.08243849	
1154.6	0.08012917	0.08243483	
1154.8	0.07990857	0.08243117	
1155	0.079985	0.08242751	
1155.2	0.08040616	0.08242385	
1155.4	0.07916129	0.0824202	
1155.6	0.07822882	0.08241654	
1155.8	0.07761168	0.08241288	
1156	0.07715617	0.08240922	
1156.2	0.07707231	0.08240556	
1156.4	0.07735925	0.0824019	
1156.6	0.07771525	0.08239824	
1156.8	0.0778131	0.08239458	
1157	0.07883134	0.08239093	
1157.2	0.07888644	0.08238727	
1157.4	0.07878761	0.08238361	
1157.6	0.07981231	0.08237995	
1157.8	0.08071183	0.0823763	
1158	0.08058917	0.08237264	
1158.2	0.07999531	0.08236898	
1158.4	0.08050127	0.08236532	
1158.6	0.08036189	0.08236167	
1158.8	0.08139793	0.08235801	
1159	0.081546	0.08235436	
1159.2	0.08107557	0.0823507	
1159.4	0.08003926	0.08234704	
1159.6	0.08118714	0.08234339	
1159.8	0.08037536	0.08233973	
1160	0.08073304	0.08233608	
1160.2	0.08021447	0.08233242	
1160.4	0.08026113	0.08232876	
1160.6	0.08000537	0.08232511	
1160.8	0.07979845	0.08232145	
1161	0.08041296	0.0823178	
1161.2	0.08063758	0.08231415	
1161.4	0.08062968	0.08231049	
1161.6	0.08095318	0.08230684	
1161.8	0.0812298	0.08230318	
1162	0.08123876	0.08229953	
1162.2	0.08081381	0.08229587	
1162.4	0.08095538	0.08229222	
1162.6	0.08113404	0.08228857	
1162.8	0.08179418	0.08228491	
1163	0.0813066	0.08228126	
1163.2	0.0815777	0.08227761	
1163.4	0.08217458	0.08227396	
1163.6	0.08310491	0.0822703	
1163.8	0.08155148	0.08226665	
1164	0.08094784	0.082263	
1164.2	0.08050017	0.08225935	
1164.4	0.08039562	0.08225569	
1164.6	0.08086017	0.08225204	
1164.8	0.08053406	0.08224839	
1165	0.0812582	0.08224474	
1165.2	0.08099641	0.08224109	
1165.4	0.08104846	0.08223744	
1165.6	0.08116599	0.08223378	
1165.8	0.08064075	0.08223013	
1166	0.07992455	0.08222648	
1166.2	0.07924531	0.08222283	
1166.4	0.07950168	0.08221918	
1166.6	0.07968643	0.08221553	
1166.8	0.07968499	0.08221188	
1167	0.07979453	0.08220823	
1167.2	0.08035434	0.08220458	
1167.4	0.07998273	0.08220093	
1167.6	0.07975018	0.08219728	
1167.8	0.07882396	0.08219363	
1168	0.0791756	0.08218998	
1168.2	0.07943745	0.08218634	
1168.4	0.07955012	0.08218269	
1168.6	0.07999495	0.08217904	
1168.8	0.07884625	0.08217539	
1169	0.07879128	0.08217174	
1169.2	0.07763331	0.08216809	
1169.4	0.07679165	0.08216445	
1169.6	0.07642841	0.0821608	
1169.8	0.07649241	0.08215715	
1170	0.07668577	0.0821535	
1170.2	0.07678939	0.08214985	
1170.4	0.07689741	0.08214621	
1170.6	0.0765888	0.08214256	
1170.8	0.07674547	0.08213891	
1171	0.07691728	0.08213527	
1171.2	0.07715697	0.08213162	
1171.4	0.07708279	0.08212797	
1171.6	0.07748001	0.08212433	
1171.8	0.07763973	0.08212068	
1172	0.07790855	0.08211704	
1172.2	0.07748223	0.08211339	
1172.4	0.07846131	0.08210975	
1172.6	0.07838684	0.0821061	
1172.8	0.07774189	0.08210245	
1173	0.078201	0.08209881	
1173.2	0.07819679	0.08209516	
1173.4	0.07764137	0.08209152	
1173.6	0.07832836	0.08208788	
1173.8	0.07886426	0.08208423	
1174	0.07860554	0.08208059	
1174.2	0.07814175	0.08207694	
1174.4	0.07788409	0.0820733	
1174.6	0.07765152	0.08206965	
1174.8	0.07902458	0.08206601	
1175	0.07977551	0.08206237	
1175.2	0.08038834	0.08205872	
1175.4	0.08054869	0.08205508	
1175.6	0.08067542	0.08205144	
1175.8	0.08040026	0.0820478	
1176	0.08047179	0.08204415	
1176.2	0.08061736	0.08204051	
1176.4	0.08074986	0.08203687	
1176.6	0.08105266	0.08203323	
1176.8	0.08063981	0.08202958	
1177	0.08022416	0.08202594	
1177.2	0.0803644	0.0820223	
1177.4	0.07981646	0.08201866	
1177.6	0.0801336	0.08201502	
1177.8	0.08057697	0.08201138	
1178	0.08008157	0.08200774	
1178.2	0.07919646	0.08200409	
1178.4	0.07907377	0.08200045	
1178.6	0.07998655	0.08199681	
1178.8	0.08107998	0.08199317	
1179	0.08116611	0.08198953	
1179.2	0.0812325	0.08198589	
1179.4	0.08082813	0.08198225	
1179.6	0.08093094	0.08197861	
1179.8	0.08080505	0.08197497	
1180	0.08048809	0.08197133	
1180.2	0.08044864	0.08196769	
1180.4	0.07979366	0.08196406	
1180.6	0.07961767	0.08196042	
1180.8	0.07911139	0.08195678	
1181	0.07894329	0.08195314	
1181.2	0.07922289	0.0819495	
1181.4	0.07931692	0.08194586	
1181.6	0.07904721	0.08194222	
1181.8	0.07890857	0.08193859	
1182	0.07803408	0.08193495	
1182.2	0.07825332	0.08193131	
1182.4	0.0788854	0.08192767	
1182.6	0.07936082	0.08192404	
1182.8	0.07884613	0.0819204	
1183	0.07950477	0.08191676	
1183.2	0.07937299	0.08191313	
1183.4	0.07942832	0.08190949	
1183.6	0.08027342	0.08190585	
1183.8	0.08118583	0.08190222	
1184	0.08110572	0.08189858	
1184.2	0.08090294	0.08189494	
1184.4	0.0806182	0.08189131	
1184.6	0.0806538	0.08188767	
1184.8	0.08029612	0.08188404	
1185	0.07976554	0.0818804	
1185.2	0.07946819	0.08187677	
1185.4	0.08034287	0.08187313	
1185.6	0.07981163	0.0818695	
1185.8	0.07934851	0.08186586	
1186	0.07865849	0.08186223	
1186.2	0.07946768	0.08185859	
1186.4	0.07889008	0.08185496	
1186.6	0.07829295	0.08185132	
1186.8	0.07804172	0.08184769	
1187	0.07845491	0.08184406	
1187.2	0.07764758	0.08184042	
1187.4	0.07911675	0.08183679	
1187.6	0.07973079	0.08183316	
1187.8	0.08035619	0.08182952	
1188	0.07974663	0.08182589	
1188.2	0.07918173	0.08182226	
1188.4	0.07984836	0.08181862	
1188.6	0.0800292	0.08181499	
1188.8	0.0799722	0.08181136	
1189	0.08087409	0.08180773	
1189.2	0.08160607	0.0818041	
1189.4	0.08213039	0.08180046	
1189.6	0.08145435	0.08179683	
1189.8	0.08134891	0.0817932	
1190	0.08102078	0.08178957	
1190.2	0.08163015	0.08178594	
1190.4	0.0813826	0.08178231	
1190.6	0.0805384	0.08177868	
1190.8	0.08040437	0.08177505	
1191	0.07979586	0.08177142	
1191.2	0.07900552	0.08176778	
1191.4	0.07915903	0.08176415	
1191.6	0.0779765	0.08176052	
1191.8	0.07826946	0.08175689	
1192	0.07789727	0.08175327	
1192.2	0.07803745	0.08174964	
1192.4	0.07912616	0.08174601	
1192.6	0.0796838	0.08174238	
1192.8	0.08056848	0.08173875	
1193	0.08093028	0.08173512	
1193.2	0.08120668	0.08173149	
1193.4	0.08082589	0.08172786	
1193.6	0.08034555	0.08172423	
1193.8	0.08098084	0.0817206	
1194	0.08091944	0.08171698	
1194.2	0.08114387	0.08171335	
1194.4	0.08112623	0.08170972	
1194.6	0.08102048	0.08170609	
1194.8	0.08075439	0.08170247	
1195	0.07961192	0.08169884	
1195.2	0.07900921	0.08169521	
1195.4	0.07888483	0.08169158	
1195.6	0.07871857	0.08168796	
1195.8	0.07939593	0.08168433	
1196	0.08001825	0.0816807	
1196.2	0.08074541	0.08167708	
1196.4	0.08146451	0.08167345	
1196.6	0.08186832	0.08166983	
1196.8	0.08128294	0.0816662	
1197	0.0804802	0.08166257	
1197.2	0.0794459	0.08165895	
1197.4	0.07940683	0.08165532	
1197.6	0.07860812	0.0816517	
1197.8	0.07982189	0.08164807	
1198	0.08022112	0.08164445	
1198.2	0.07997384	0.08164082	
1198.4	0.0803777	0.0816372	
1198.6	0.08052586	0.08163357	
1198.8	0.08039577	0.08162995	
1199	0.07972265	0.08162633	
1199.2	0.0798453	0.0816227	
1199.4	0.07923859	0.08161908	
1199.6	0.07811845	0.08161545	
1199.8	0.07836685	0.08161183	
1200	0.07876808	0.08160821	
1200.2	0.07894459	0.08160459	
1200.4	0.07842281	0.08160096	
1200.6	0.07776261	0.08159734	
1200.8	0.07714364	0.08159372	
1201	0.07688027	0.08159009	
1201.2	0.07660237	0.08158647	
1201.4	0.07752693	0.08158285	
1201.6	0.07768012	0.08157923	
1201.8	0.07944893	0.08157561	
1202	0.079257	0.08157198	
1202.2	0.07889109	0.08156836	
1202.4	0.07976992	0.08156474	
1202.6	0.07956619	0.08156112	
1202.8	0.08019939	0.0815575	
1203	0.07984599	0.08155388	
1203.2	0.08028372	0.08155026	
1203.4	0.08008005	0.08154664	
1203.6	0.07957574	0.08154302	
1203.8	0.08071475	0.0815394	
1204	0.08183128	0.08153578	
1204.2	0.08244692	0.08153216	
1204.4	0.08227956	0.08152854	
1204.6	0.08255253	0.08152492	
1204.8	0.08223417	0.0815213	
1205	0.08159069	0.08151768	
1205.2	0.08197249	0.08151406	
1205.4	0.08189896	0.08151044	
1205.6	0.08105723	0.08150682	
1205.8	0.08030262	0.0815032	
1206	0.07925698	0.08149958	
1206.2	0.07904198	0.08149597	
1206.4	0.07941007	0.08149235	
1206.6	0.07905975	0.08148873	
1206.8	0.07904346	0.08148511	
1207	0.07847546	0.08148149	
1207.2	0.07930092	0.08147788	
1207.4	0.07914765	0.08147426	
1207.6	0.07911532	0.08147064	
1207.8	0.08113924	0.08146703	
1208	0.08176681	0.08146341	
1208.2	0.0822465	0.08145979	
1208.4	0.08217657	0.08145618	
1208.6	0.08149891	0.08145256	
1208.8	0.08102511	0.08144894	
1209	0.08012239	0.08144533	
1209.2	0.0803568	0.08144171	
1209.4	0.07957969	0.0814381	
1209.6	0.07850064	0.08143448	
1209.8	0.0785942	0.08143086	
1210	0.07904673	0.08142725	
1210.2	0.07835019	0.08142363	
1210.4	0.07931102	0.08142002	
1210.6	0.07951447	0.0814164	
1210.8	0.07878305	0.08141279	
1211	0.07897038	0.08140918	
1211.2	0.0800008	0.08140556	
1211.4	0.08010781	0.08140195	
1211.6	0.08089424	0.08139833	
1211.8	0.08194776	0.08139472	
1212	0.08281906	0.08139111	
1212.2	0.08288438	0.08138749	
1212.4	0.08255114	0.08138388	
1212.6	0.08152776	0.08138027	
1212.8	0.08090053	0.08137665	
1213	0.07971364	0.08137304	
1213.2	0.07928293	0.08136943	
1213.4	0.07917325	0.08136581	
1213.6	0.07878051	0.0813622	
1213.8	0.07834368	0.08135859	
1214	0.0778718	0.08135498	
1214.2	0.07704042	0.08135137	
1214.4	0.07796441	0.08134775	
1214.6	0.07727158	0.08134414	
1214.8	0.07734065	0.08134053	
1215	0.07723276	0.08133692	
1215.2	0.07719096	0.08133331	
1215.4	0.07792061	0.0813297	
1215.6	0.07813601	0.08132609	
1215.8	0.07833632	0.08132248	
1216	0.07816411	0.08131887	
1216.2	0.07709557	0.08131526	
1216.4	0.07668665	0.08131165	
1216.6	0.0771093	0.08130804	
1216.8	0.07651462	0.08130443	
1217	0.07727866	0.08130082	
1217.2	0.07801479	0.08129721	
1217.4	0.07954648	0.0812936	
1217.6	0.0801061	0.08128999	
1217.8	0.07986386	0.08128638	
1218	0.08038615	0.08128277	
1218.2	0.08126183	0.08127916	
1218.4	0.08247684	0.08127555	
1218.6	0.08301565	0.08127195	
1218.8	0.08336198	0.08126834	
1219	0.0822811	0.08126473	
1219.2	0.08178173	0.08126112	
1219.4	0.08101356	0.08125751	
1219.6	0.079947	0.08125391	
1219.8	0.078546	0.0812503	
1220	0.07768221	0.08124669	
1220.2	0.07723142	0.08124308	
1220.4	0.07618548	0.08123948	
1220.6	0.07600214	0.08123587	
1220.8	0.07553312	0.08123226	
1221	0.07654662	0.08122866	
1221.2	0.07604564	0.08122505	
1221.4	0.07641241	0.08122144	
1221.6	0.07632442	0.08121784	
1221.8	0.07585973	0.08121423	
1222	0.07640049	0.08121063	
1222.2	0.07732595	0.08120702	
1222.4	0.07757806	0.08120342	
1222.6	0.07751627	0.08119981	
1222.8	0.07685121	0.08119621	
1223	0.07573327	0.0811926	
1223.2	0.07580699	0.081189	
1223.4	0.07648156	0.08118539	
1223.6	0.07728623	0.08118179	
1223.8	0.07784013	0.08117818	
1224	0.07889527	0.08117458	
1224.2	0.07917913	0.08117098	
1224.4	0.07931457	0.08116737	
1224.6	0.08052566	0.08116377	
1224.8	0.08098123	0.08116017	
1225	0.0809957	0.08115656	
1225.2	0.08074449	0.08115296	
1225.4	0.08151543	0.08114936	
1225.6	0.0812756	0.08114575	
1225.8	0.08114255	0.08114215	
1226	0.08160214	0.08113855	
1226.2	0.08093342	0.08113495	
1226.4	0.0811608	0.08113134	
1226.6	0.08046022	0.08112774	
1226.8	0.07962948	0.08112414	
1227	0.07932612	0.08112054	
1227.2	0.07991758	0.08111694	
1227.4	0.07998578	0.08111334	
1227.6	0.07977485	0.08110973	
1227.8	0.07959771	0.08110613	
1228	0.08017768	0.08110253	
1228.2	0.08068858	0.08109893	
1228.4	0.08115039	0.08109533	
1228.6	0.08138396	0.08109173	
1228.8	0.08028566	0.08108813	
1229	0.08005732	0.08108453	
1229.2	0.07862052	0.08108093	
1229.4	0.0780597	0.08107733	
1229.6	0.07688921	0.08107373	
1229.8	0.07617124	0.08107013	
1230	0.07687701	0.08106653	
1230.2	0.07623034	0.08106293	
1230.4	0.07680228	0.08105934	
1230.6	0.07648146	0.08105574	
1230.8	0.0770422	0.08105214	
1231	0.07774189	0.08104854	
1231.2	0.07743427	0.08104494	
1231.4	0.07695107	0.08104134	
1231.6	0.07750064	0.08103775	
1231.8	0.0783853	0.08103415	
1232	0.08031421	0.08103055	
1232.2	0.08129144	0.08102695	
1232.4	0.08117408	0.08102336	
1232.6	0.08015335	0.08101976	
1232.8	0.0794619	0.08101616	
1233	0.07919149	0.08101256	
1233.2	0.07811072	0.08100897	
1233.4	0.07770664	0.08100537	
1233.6	0.07785265	0.08100177	
1233.8	0.07757702	0.08099818	
1234	0.07775192	0.08099458	
1234.2	0.07733307	0.08099099	
1234.4	0.07737149	0.08098739	
1234.6	0.0776602	0.0809838	
1234.8	0.07733817	0.0809802	
1235	0.0772061	0.0809766	
1235.2	0.07705453	0.08097301	
1235.4	0.07657537	0.08096941	
1235.6	0.07763977	0.08096582	
1235.8	0.07794821	0.08096223	
1236	0.07767209	0.08095863	
1236.2	0.0771874	0.08095504	
1236.4	0.07659399	0.08095144	
1236.6	0.07634519	0.08094785	
1236.8	0.07687119	0.08094425	
1237	0.0765574	0.08094066	
1237.2	0.07651308	0.08093707	
1237.4	0.07658666	0.08093347	
1237.6	0.07746139	0.08092988	
1237.8	0.07751111	0.08092629	
1238	0.0771174	0.0809227	
1238.2	0.07810881	0.0809191	
1238.4	0.07886367	0.08091551	
1238.6	0.07875711	0.08091192	
1238.8	0.07891029	0.08090833	
1239	0.07932758	0.08090473	
1239.2	0.079915	0.08090114	
1239.4	0.07980152	0.08089755	
1239.6	0.08053787	0.08089396	
1239.8	0.07968377	0.08089037	
1240	0.08001969	0.08088678	
1240.2	0.08016597	0.08088318	
1240.4	0.08053448	0.08087959	
1240.6	0.08082177	0.080876	
1240.8	0.08104056	0.08087241	
1241	0.08036249	0.08086882	
1241.2	0.08085003	0.08086523	
1241.4	0.08059154	0.08086164	
1241.6	0.08115848	0.08085805	
1241.8	0.08098122	0.08085446	
1242	0.07988942	0.08085087	
1242.2	0.08093261	0.08084728	
1242.4	0.08117169	0.08084369	
1242.6	0.08031966	0.0808401	
1242.8	0.0808436	0.08083651	
1243	0.08182526	0.08083293	
1243.2	0.08292586	0.08082934	
1243.4	0.08253982	0.08082575	
1243.6	0.08189688	0.08082216	
1243.8	0.08086565	0.08081857	
1244	0.08169616	0.08081498	
1244.2	0.08151205	0.0808114	
1244.4	0.08146254	0.08080781	
1244.6	0.08145402	0.08080422	
1244.8	0.08114853	0.08080063	
1245	0.08064333	0.08079705	
1245.2	0.08009668	0.08079346	
1245.4	0.08034255	0.08078987	
1245.6	0.08057539	0.08078629	
1245.8	0.08004271	0.0807827	
1246	0.08012117	0.08077911	
1246.2	0.08117946	0.08077553	
1246.4	0.08216433	0.08077194	
1246.6	0.08272681	0.08076835	
1246.8	0.08338776	0.08076477	
1247	0.08458707	0.08076118	
1247.2	0.08418188	0.0807576	
1247.4	0.08232724	0.08075401	
1247.6	0.08186888	0.08075043	
1247.8	0.08089143	0.08074684	
1248	0.08056598	0.08074326	
1248.2	0.08055738	0.08073967	
1248.4	0.07932486	0.08073609	
1248.6	0.07926385	0.0807325	
1248.8	0.07857276	0.08072892	
1249	0.07725874	0.08072533	
1249.2	0.07598285	0.08072175	
1249.4	0.07593623	0.08071817	
1249.6	0.07556261	0.08071458	
1249.8	0.07604733	0.080711	
1250	0.07669485	0.08070742	
1250.2	0.07689297	0.08070383	
1250.4	0.07684371	0.08070025	
1250.6	0.07645712	0.08069667	
1250.8	0.07614816	0.08069308	
1251	0.07610699	0.0806895	
1251.2	0.07523642	0.08068592	
1251.4	0.07497949	0.08068234	
1251.6	0.07537367	0.08067876	
1251.8	0.07542931	0.08067517	
1252	0.0761422	0.08067159	
1252.2	0.07649472	0.08066801	
1252.4	0.0763915	0.08066443	
1252.6	0.07727952	0.08066085	
1252.8	0.07662549	0.08065727	
1253	0.07612813	0.08065369	
1253.2	0.07686459	0.0806501	
1253.4	0.07709914	0.08064652	
1253.6	0.07790212	0.08064294	
1253.8	0.0786612	0.08063936	
1254	0.07926919	0.08063578	
1254.2	0.07844149	0.0806322	
1254.4	0.07890366	0.08062862	
1254.6	0.07872678	0.08062504	
1254.8	0.0786536	0.08062146	
1255	0.07862938	0.08061789	
1255.2	0.0789906	0.08061431	
1255.4	0.07870624	0.08061073	
1255.6	0.07847209	0.08060715	
1255.8	0.07893745	0.08060357	
1256	0.07999253	0.08059999	
1256.2	0.08015233	0.08059641	
1256.4	0.08114267	0.08059283	
1256.6	0.08091666	0.08058926	
1256.8	0.08006734	0.08058568	
1257	0.08009417	0.0805821	
1257.2	0.08070189	0.08057852	
1257.4	0.08039363	0.08057495	
1257.6	0.08133006	0.08057137	
1257.8	0.08141766	0.08056779	
1258	0.08143771	0.08056421	
1258.2	0.08182789	0.08056064	
1258.4	0.08217952	0.08055706	
1258.6	0.08091224	0.08055348	
1258.8	0.08089885	0.08054991	
1259	0.08040984	0.08054633	
1259.2	0.08065609	0.08054276	
1259.4	0.07970066	0.08053918	
1259.6	0.08001983	0.08053561	
1259.8	0.08067009	0.08053203	
1260	0.08111168	0.08052845	
1260.2	0.08140787	0.08052488	
1260.4	0.08121752	0.0805213	
1260.6	0.08042247	0.08051773	
1260.8	0.07966575	0.08051415	
1261	0.07890201	0.08051058	
1261.2	0.07852289	0.08050701	
1261.4	0.07831781	0.08050343	
1261.6	0.07827348	0.08049986	
1261.8	0.07775955	0.08049628	
1262	0.07699849	0.08049271	
1262.2	0.07817247	0.08048914	
1262.4	0.07786504	0.08048556	
1262.6	0.0778921	0.08048199	
1262.8	0.07851405	0.08047842	
1263	0.07887316	0.08047484	
1263.2	0.07928944	0.08047127	
1263.4	0.07911738	0.0804677	
1263.6	0.07933583	0.08046413	
1263.8	0.07904831	0.08046055	
1264	0.07824033	0.08045698	
1264.2	0.07858653	0.08045341	
1264.4	0.07784421	0.08044984	
1264.6	0.07772473	0.08044627	
1264.8	0.07719617	0.08044269	
1265	0.07681142	0.08043912	
1265.2	0.07647712	0.08043555	
1265.4	0.07664134	0.08043198	
1265.6	0.07578564	0.08042841	
1265.8	0.07549285	0.08042484	
1266	0.0750567	0.08042127	
1266.2	0.07619143	0.0804177	
1266.4	0.07681423	0.08041413	
1266.6	0.07657742	0.08041056	
1266.8	0.07619444	0.08040699	
1267	0.07622577	0.08040342	
1267.2	0.07497372	0.08039985	
1267.4	0.07456838	0.08039628	
1267.6	0.07306775	0.08039271	
1267.8	0.07188022	0.08038914	
1268	0.07139328	0.08038557	
1268.2	0.07272592	0.080382	
1268.4	0.07373822	0.08037843	
1268.6	0.07437197	0.08037486	
1268.8	0.07420055	0.0803713	
1269	0.07448022	0.08036773	
1269.2	0.07440894	0.08036416	
1269.4	0.07446983	0.08036059	
1269.6	0.07435245	0.08035702	
1269.8	0.07518171	0.08035346	
1270	0.07635891	0.08034989	
1270.2	0.07758545	0.08034632	
1270.4	0.07842228	0.08034275	
1270.6	0.0787345	0.08033919	
1270.8	0.07877331	0.08033562	
1271	0.07839438	0.08033205	
1271.2	0.07778566	0.08032849	
1271.4	0.07790833	0.08032492	
1271.6	0.07761898	0.08032136	
1271.8	0.07856331	0.08031779	
1272	0.07859314	0.08031422	
1272.2	0.07874513	0.08031066	
1272.4	0.07892518	0.08030709	
1272.6	0.07843024	0.08030353	
1272.8	0.07780141	0.08029996	
1273	0.07786875	0.0802964	
1273.2	0.0772151	0.08029283	
1273.4	0.07759291	0.08028927	
1273.6	0.0779013	0.0802857	
1273.8	0.07809227	0.08028214	
1274	0.07835901	0.08027857	
1274.2	0.07813316	0.08027501	
1274.4	0.07754312	0.08027145	
1274.6	0.07859943	0.08026788	
1274.8	0.07871811	0.08026432	
1275	0.07858128	0.08026076	
1275.2	0.07975737	0.08025719	
1275.4	0.0805476	0.08025363	
1275.6	0.08096583	0.08025007	
1275.8	0.08097912	0.0802465	
1276	0.07988084	0.08024294	
1276.2	0.07967516	0.08023938	
1276.4	0.07946298	0.08023582	
1276.6	0.07932256	0.08023225	
1276.8	0.07908286	0.08022869	
1277	0.07842269	0.08022513	
1277.2	0.07829228	0.08022157	
1277.4	0.07769158	0.08021801	
1277.6	0.07608386	0.08021444	
1277.8	0.07484338	0.08021088	
1278	0.07379371	0.08020732	
1278.2	0.07348938	0.08020376	
1278.4	0.07316236	0.0802002	
1278.6	0.0737738	0.08019664	
1278.8	0.07442642	0.08019308	
1279	0.07469021	0.08018952	
1279.2	0.07615979	0.08018596	
1279.4	0.07691759	0.0801824	
1279.6	0.07765631	0.08017884	
1279.8	0.07807355	0.08017528	
1280	0.078488	0.08017172	
1280.2	0.07926571	0.08016816	
1280.4	0.07985809	0.0801646	
1280.6	0.08028613	0.08016104	
1280.8	0.08058048	0.08015748	
1281	0.08017896	0.08015393	
1281.2	0.08031529	0.08015037	
1281.4	0.07982001	0.08014681	
1281.6	0.08015997	0.08014325	
1281.8	0.0800725	0.08013969	
1282	0.07897653	0.08013613	
1282.2	0.07945036	0.08013258	
1282.4	0.07857244	0.08012902	
1282.6	0.07938827	0.08012546	
1282.8	0.08006746	0.0801219	
1283	0.07979592	0.08011835	
1283.2	0.08035937	0.08011479	
1283.4	0.08076427	0.08011123	
1283.6	0.0812235	0.08010768	
1283.8	0.08077218	0.08010412	
1284	0.08047086	0.08010056	
1284.2	0.08094848	0.08009701	
1284.4	0.08030707	0.08009345	
1284.6	0.07921336	0.0800899	
1284.8	0.07964636	0.08008634	
1285	0.07938845	0.08008278	
1285.2	0.07944321	0.08007923	
1285.4	0.07905565	0.08007567	
1285.6	0.07951091	0.08007212	
1285.8	0.0790077	0.08006856	
1286	0.07843087	0.08006501	
1286.2	0.07859176	0.08006145	
1286.4	0.0779287	0.0800579	
1286.6	0.07860434	0.08005435	
1286.8	0.07823502	0.08005079	
1287	0.07826218	0.08004724	
1287.2	0.07865014	0.08004368	
1287.4	0.0784811	0.08004013	
1287.6	0.07812142	0.08003658	
1287.8	0.07794626	0.08003302	
1288	0.07747273	0.08002947	
1288.2	0.07678798	0.08002592	
1288.4	0.07605763	0.08002236	
1288.6	0.07583132	0.08001881	
1288.8	0.07684984	0.08001526	
1289	0.07655593	0.08001171	
1289.2	0.07645602	0.08000815	
1289.4	0.07615497	0.0800046	
1289.6	0.07701004	0.08000105	
1289.8	0.07675813	0.0799975	
1290	0.07658248	0.07999395	
1290.2	0.07672079	0.07999039	
1290.4	0.07764185	0.07998684	
1290.6	0.07844141	0.07998329	
1290.8	0.07886601	0.07997974	
1291	0.07889134	0.07997619	
1291.2	0.0788577	0.07997264	
1291.4	0.07856585	0.07996909	
1291.6	0.07894695	0.07996554	
1291.8	0.07856237	0.07996199	
1292	0.07838984	0.07995844	
1292.2	0.07896972	0.07995489	
1292.4	0.08010506	0.07995134	
1292.6	0.08095345	0.07994779	
1292.8	0.08195302	0.07994424	
1293	0.08199009	0.07994069	
1293.2	0.0824483	0.07993714	
1293.4	0.0824759	0.07993359	
1293.6	0.08234225	0.07993004	
1293.8	0.0827651	0.0799265	
1294	0.0820996	0.07992295	
1294.2	0.08260725	0.0799194	
1294.4	0.08281106	0.07991585	
1294.6	0.08205904	0.0799123	
1294.8	0.08146899	0.07990875	
1295	0.08092703	0.07990521	
1295.2	0.0805755	0.07990166	
1295.4	0.07962394	0.07989811	
1295.6	0.07943123	0.07989457	
1295.8	0.07853227	0.07989102	
1296	0.07913038	0.07988747	
1296.2	0.07913628	0.07988392	
1296.4	0.0783943	0.07988038	
1296.6	0.07835256	0.07987683	
1296.8	0.07905011	0.07987329	
1297	0.07875399	0.07986974	
1297.2	0.07930077	0.07986619	
1297.4	0.07888492	0.07986265	
1297.6	0.0781644	0.0798591	
1297.8	0.07801979	0.07985556	
1298	0.07658827	0.07985201	
1298.2	0.07716283	0.07984847	
1298.4	0.07717705	0.07984492	
1298.6	0.07633903	0.07984138	
1298.8	0.07744453	0.07983783	
1299	0.07770974	0.07983429	
1299.2	0.07792247	0.07983074	
1299.4	0.0785418	0.0798272	
1299.6	0.07907759	0.07982365	
1299.8	0.07953104	0.07982011	
1300	0.07983721	0.07981657	
1300.2	0.08015644	0.07981302	
1300.4	0.07986833	0.07980948	
1300.6	0.08117618	0.07980594	
1300.8	0.0826773	0.07980239	
1301	0.08217617	0.07979885	
1301.2	0.0824241	0.07979531	
1301.4	0.08132707	0.07979176	
1301.6	0.08088308	0.07978822	
1301.8	0.08116071	0.07978468	
1302	0.08028556	0.07978114	
1302.2	0.08009812	0.0797776	
1302.4	0.07984232	0.07977405	
1302.6	0.07892613	0.07977051	
1302.8	0.07927392	0.07976697	
1303	0.07871347	0.07976343	
1303.2	0.07934757	0.07975989	
1303.4	0.07955218	0.07975635	
1303.6	0.07944975	0.07975281	
1303.8	0.07991616	0.07974927	
1304	0.07945316	0.07974572	
1304.2	0.07988859	0.07974218	
1304.4	0.08032829	0.07973864	
1304.6	0.08090686	0.0797351	
1304.8	0.08063003	0.07973156	
1305	0.08039446	0.07972802	
1305.2	0.08117946	0.07972448	
1305.4	0.08140159	0.07972095	
1305.6	0.08200616	0.07971741	
1305.8	0.0822441	0.07971387	
1306	0.08138454	0.07971033	
1306.2	0.08212351	0.07970679	
1306.4	0.08276859	0.07970325	
1306.6	0.0825609	0.07969971	
1306.8	0.08249123	0.07969617	
1307	0.08217047	0.07969263	
1307.2	0.08234076	0.0796891	
1307.4	0.08227941	0.07968556	
1307.6	0.08260936	0.07968202	
1307.8	0.08184579	0.07967848	
1308	0.08105983	0.07967495	
1308.2	0.08095508	0.07967141	
1308.4	0.08034438	0.07966787	
1308.6	0.07913253	0.07966433	
1308.8	0.07872361	0.0796608	
1309	0.07855634	0.07965726	
1309.2	0.07784443	0.07965372	
1309.4	0.07794515	0.07965019	
1309.6	0.07780441	0.07964665	
1309.8	0.0781796	0.07964312	
1310	0.07916672	0.07963958	
1310.2	0.07990912	0.07963604	
1310.4	0.0801734	0.07963251	
1310.6	0.08062276	0.07962897	
1310.8	0.0808606	0.07962544	
1311	0.08080914	0.0796219	
1311.2	0.08126568	0.07961837	
1311.4	0.0823086	0.07961483	
1311.6	0.08218606	0.0796113	
1311.8	0.0816239	0.07960776	
1312	0.08157537	0.07960423	
1312.2	0.08152943	0.0796007	
1312.4	0.08033661	0.07959716	
1312.6	0.0798363	0.07959363	
1312.8	0.07896253	0.07959009	
1313	0.07780706	0.07958656	
1313.2	0.07742659	0.07958303	
1313.4	0.07758716	0.07957949	
1313.6	0.07782195	0.07957596	
1313.8	0.0781869	0.07957243	
1314	0.07839122	0.0795689	
1314.2	0.07879402	0.07956536	
1314.4	0.0792631	0.07956183	
1314.6	0.08030795	0.0795583	
1314.8	0.08000915	0.07955477	
1315	0.07982099	0.07955123	
1315.2	0.08040408	0.0795477	
1315.4	0.08105183	0.07954417	
1315.6	0.0813712	0.07954064	
1315.8	0.08102444	0.07953711	
1316	0.0810469	0.07953358	
1316.2	0.08109774	0.07953005	
1316.4	0.0800709	0.07952652	
1316.6	0.08001503	0.07952298	
1316.8	0.07976603	0.07951945	
1317	0.07906827	0.07951592	
1317.2	0.07877499	0.07951239	
1317.4	0.0789677	0.07950886	
1317.6	0.07972844	0.07950533	
1317.8	0.07972146	0.0795018	
1318	0.08022901	0.07949827	
1318.2	0.08121605	0.07949474	
1318.4	0.0808046	0.07949122	
1318.6	0.08067575	0.07948769	
1318.8	0.07999341	0.07948416	
1319	0.07973049	0.07948063	
1319.2	0.07963343	0.0794771	
1319.4	0.07991601	0.07947357	
1319.6	0.08018147	0.07947004	
1319.8	0.07932022	0.07946651	
1320	0.07973709	0.07946299	
1320.2	0.07953582	0.07945946	
1320.4	0.07957386	0.07945593	
1320.6	0.0796729	0.0794524	
1320.8	0.07951141	0.07944888	
1321	0.07880522	0.07944535	
1321.2	0.07878011	0.07944182	
1321.4	0.07890328	0.07943829	
1321.6	0.07878658	0.07943477	
1321.8	0.07884648	0.07943124	
1322	0.07917616	0.07942771	
1322.2	0.07943028	0.07942419	
1322.4	0.07934114	0.07942066	
1322.6	0.07889205	0.07941714	
1322.8	0.07910335	0.07941361	
1323	0.0781834	0.07941008	
1323.2	0.07828489	0.07940656	
1323.4	0.07841438	0.07940303	
1323.6	0.0779952	0.07939951	
1323.8	0.07751005	0.07939598	
1324	0.07730241	0.07939246	
1324.2	0.07781937	0.07938893	
1324.4	0.07769551	0.07938541	
1324.6	0.07631675	0.07938188	
1324.8	0.07641151	0.07937836	
1325	0.07607304	0.07937484	
1325.2	0.07577251	0.07937131	
1325.4	0.07692946	0.07936779	
1325.6	0.07740896	0.07936426	
1325.8	0.07874783	0.07936074	
1326	0.08014501	0.07935722	
1326.2	0.08072091	0.07935369	
1326.4	0.08197664	0.07935017	
1326.6	0.0816303	0.07934665	
1326.8	0.08188091	0.07934313	
1327	0.08110057	0.0793396	
1327.2	0.0809744	0.07933608	
1327.4	0.08095916	0.07933256	
1327.6	0.08038987	0.07932904	
1327.8	0.08011643	0.07932551	
1328	0.08086182	0.07932199	
1328.2	0.08061062	0.07931847	
1328.4	0.07845463	0.07931495	
1328.6	0.07735819	0.07931143	
1328.8	0.07841942	0.07930791	
1329	0.07718179	0.07930439	
1329.2	0.07762154	0.07930087	
1329.4	0.07831617	0.07929735	
1329.6	0.07848226	0.07929382	
1329.8	0.07888053	0.0792903	
1330	0.07899329	0.07928678	
1330.2	0.07920576	0.07928326	
1330.4	0.07918848	0.07927974	
1330.6	0.07820081	0.07927622	
1330.8	0.07844689	0.0792727	
1331	0.07874825	0.07926919	
1331.2	0.07877717	0.07926567	
1331.4	0.07887613	0.07926215	
1331.6	0.07905707	0.07925863	
1331.8	0.07961701	0.07925511	
1332	0.07941657	0.07925159	
1332.2	0.07724127	0.07924807	
1332.4	0.07693974	0.07924455	
1332.6	0.07627619	0.07924104	
1332.8	0.0764024	0.07923752	
1333	0.07501217	0.079234	
1333.2	0.07558444	0.07923048	
1333.4	0.0753977	0.07922696	
1333.6	0.07538448	0.07922345	
1333.8	0.07504567	0.07921993	
1334	0.07505501	0.07921641	
1334.2	0.07534904	0.0792129	
1334.4	0.07471303	0.07920938	
1334.6	0.07511692	0.07920586	
1334.8	0.07611147	0.07920235	
1335	0.07649855	0.07919883	
1335.2	0.07615945	0.07919531	
1335.4	0.07627104	0.0791918	
1335.6	0.07740992	0.07918828	
1335.8	0.07703522	0.07918477	
1336	0.07617111	0.07918125	
1336.2	0.07550329	0.07917773	
1336.4	0.07613209	0.07917422	
1336.6	0.07533788	0.0791707	
1336.8	0.07541478	0.07916719	
1337	0.07557199	0.07916367	
1337.2	0.07596725	0.07916016	
1337.4	0.07670079	0.07915665	
1337.6	0.0761444	0.07915313	
1337.8	0.07673245	0.07914962	
1338	0.07640678	0.0791461	
1338.2	0.07683721	0.07914259	
1338.4	0.07792337	0.07913908	
1338.6	0.07844722	0.07913556	
1338.8	0.07845299	0.07913205	
1339	0.07892601	0.07912854	
1339.2	0.08007448	0.07912502	
1339.4	0.08102342	0.07912151	
1339.6	0.08128124	0.079118	
1339.8	0.08182224	0.07911448	
1340	0.08187652	0.07911097	
1340.2	0.08209926	0.07910746	
1340.4	0.0818146	0.07910395	
1340.6	0.08122524	0.07910044	
1340.8	0.08048821	0.07909692	
1341	0.08041401	0.07909341	
1341.2	0.0799157	0.0790899	
1341.4	0.0786262	0.07908639	
1341.6	0.07682272	0.07908288	
1341.8	0.07635622	0.07907937	
1342	0.07544798	0.07907586	
1342.2	0.07533015	0.07907235	
1342.4	0.07528757	0.07906884	
1342.6	0.07400469	0.07906533	
1342.8	0.07357911	0.07906181	
1343	0.07425761	0.0790583	
1343.2	0.07416927	0.0790548	
1343.4	0.0739189	0.07905129	
1343.6	0.07336626	0.07904778	
1343.8	0.07426059	0.07904427	
1344	0.07483519	0.07904076	
1344.2	0.07592769	0.07903725	
1344.4	0.07605798	0.07903374	
1344.6	0.07622628	0.07903023	
1344.8	0.07576787	0.07902672	
1345	0.07581172	0.07902321	
1345.2	0.07579104	0.0790197	
1345.4	0.07574436	0.0790162	
1345.6	0.07624852	0.07901269	
1345.8	0.07647807	0.07900918	
1346	0.07702068	0.07900567	
1346.2	0.07769893	0.07900216	
1346.4	0.07740812	0.07899866	
1346.6	0.07818555	0.07899515	
1346.8	0.07759099	0.07899164	
1347	0.07819062	0.07898814	
1347.2	0.07794519	0.07898463	
1347.4	0.07775936	0.07898112	
1347.6	0.07751012	0.07897762	
1347.8	0.07813876	0.07897411	
1348	0.07837372	0.0789706	
1348.2	0.07901207	0.0789671	
1348.4	0.07855617	0.07896359	
1348.6	0.07873573	0.07896009	
1348.8	0.07917768	0.07895658	
1349	0.07962376	0.07895308	
1349.2	0.08043926	0.07894957	
1349.4	0.08127259	0.07894606	
1349.6	0.0803947	0.07894256	
1349.8	0.08075282	0.07893906	
1350	0.08183068	0.07893555	
1350.2	0.08236264	0.07893205	
1350.4	0.0827199	0.07892854	
1350.6	0.08368016	0.07892504	
1350.8	0.08227512	0.07892153	
1351	0.08239253	0.07891803	
1351.2	0.08146572	0.07891453	
1351.4	0.08106765	0.07891102	
1351.6	0.08054244	0.07890752	
1351.8	0.07932171	0.07890402	
1352	0.07957077	0.07890051	
1352.2	0.08007242	0.07889701	
1352.4	0.07908461	0.07889351	
1352.6	0.07873192	0.07889	
1352.8	0.07858876	0.0788865	
1353	0.07787403	0.078883	
1353.2	0.07727086	0.0788795	
1353.4	0.07653209	0.078876	
1353.6	0.07446206	0.07887249	
1353.8	0.07457376	0.07886899	
1354	0.07467103	0.07886549	
1354.2	0.07428268	0.07886199	
1354.4	0.0749277	0.07885849	
1354.6	0.07415601	0.07885499	
1354.8	0.07387925	0.07885149	
1355	0.07444328	0.07884799	
1355.2	0.07542469	0.07884449	
1355.4	0.07699757	0.07884098	
1355.6	0.07762075	0.07883748	
1355.8	0.07832642	0.07883398	
1356	0.0803411	0.07883048	
1356.2	0.0812416	0.07882698	
1356.4	0.08112136	0.07882348	
1356.6	0.08233942	0.07881999	
1356.8	0.08422203	0.07881649	
1357	0.08469843	0.07881299	
1357.2	0.08386538	0.07880949	
1357.4	0.08263487	0.07880599	
1357.6	0.08089135	0.07880249	
1357.8	0.08017858	0.07879899	
1358	0.0794716	0.07879549	
1358.2	0.07896481	0.07879199	
1358.4	0.07890624	0.0787885	
1358.6	0.07735331	0.078785	
1358.8	0.07725433	0.0787815	
1359	0.0769997	0.078778	
1359.2	0.07665619	0.07877451	
1359.4	0.0765054	0.07877101	
1359.6	0.07585071	0.07876751	
1359.8	0.07613651	0.07876401	
1360	0.07629703	0.07876052	
1360.2	0.07659985	0.07875702	
1360.4	0.0764504	0.07875352	
1360.6	0.07826677	0.07875003	
1360.8	0.0788116	0.07874653	
1361	0.07780073	0.07874304	
1361.2	0.07674199	0.07873954	
1361.4	0.0758558	0.07873604	
1361.6	0.07611328	0.07873255	
1361.8	0.07628059	0.07872905	
1362	0.07635689	0.07872556	
1362.2	0.0769855	0.07872206	
1362.4	0.0765658	0.07871857	
1362.6	0.07637937	0.07871507	
1362.8	0.07661234	0.07871158	
1363	0.07658703	0.07870808	
1363.2	0.07637842	0.07870459	
1363.4	0.07646588	0.0787011	
1363.6	0.07648179	0.0786976	
1363.8	0.07627096	0.07869411	
1364	0.07544574	0.07869061	
1364.2	0.07563127	0.07868712	
1364.4	0.07561416	0.07868363	
1364.6	0.07624115	0.07868013	
1364.8	0.07522121	0.07867664	
1365	0.07450861	0.07867315	
1365.2	0.07449576	0.07866965	
1365.4	0.07446247	0.07866616	
1365.6	0.0752682	0.07866267	
1365.8	0.07528255	0.07865918	
1366	0.0755168	0.07865568	
1366.2	0.07642686	0.07865219	
1366.4	0.07745154	0.0786487	
1366.6	0.07785861	0.07864521	
1366.8	0.07874749	0.07864172	
1367	0.07978661	0.07863823	
1367.2	0.08076682	0.07863473	
1367.4	0.08114914	0.07863124	
1367.6	0.08048139	0.07862775	
1367.8	0.08048175	0.07862426	
1368	0.08009158	0.07862077	
1368.2	0.08032533	0.07861728	
1368.4	0.08023295	0.07861379	
1368.6	0.07992495	0.0786103	
1368.8	0.07901395	0.07860681	
1369	0.07850895	0.07860332	
1369.2	0.07755063	0.07859983	
1369.4	0.07701342	0.07859634	
1369.6	0.07729707	0.07859285	
1369.8	0.07679134	0.07858936	
1370	0.0767468	0.07858587	
1370.2	0.0768517	0.07858238	
1370.4	0.07677962	0.0785789	
1370.6	0.07662326	0.07857541	
1370.8	0.07794732	0.07857192	
1371	0.07865887	0.07856843	
1371.2	0.0788781	0.07856494	
1371.4	0.07855936	0.07856145	
1371.6	0.07718918	0.07855797	
1371.8	0.0781481	0.07855448	
1372	0.07685512	0.07855099	
1372.2	0.07682927	0.0785475	
1372.4	0.07642217	0.07854402	
1372.6	0.07637621	0.07854053	
1372.8	0.07588459	0.07853704	
1373	0.07535801	0.07853356	
1373.2	0.07501708	0.07853007	
1373.4	0.07520651	0.07852658	
1373.6	0.07573229	0.0785231	
1373.8	0.0746758	0.07851961	
1374	0.07535735	0.07851612	
1374.2	0.07574576	0.07851264	
1374.4	0.07635243	0.07850915	
1374.6	0.07732215	0.07850567	
1374.8	0.07833519	0.07850218	
1375	0.07864336	0.0784987	
1375.2	0.07816779	0.07849521	
1375.4	0.07875138	0.07849173	
1375.6	0.07892587	0.07848824	
1375.8	0.0798874	0.07848476	
1376	0.07859562	0.07848127	
1376.2	0.07869127	0.07847779	
1376.4	0.07864084	0.0784743	
1376.6	0.07885722	0.07847082	
1376.8	0.07878504	0.07846734	
1377	0.07903653	0.07846385	
1377.2	0.07932847	0.07846037	
1377.4	0.07860198	0.07845689	
1377.6	0.07855479	0.0784534	
1377.8	0.07807645	0.07844992	
1378	0.0786394	0.07844644	
1378.2	0.07795407	0.07844295	
1378.4	0.07685413	0.07843947	
1378.6	0.07578346	0.07843599	
1378.8	0.07606757	0.07843251	
1379	0.07580081	0.07842902	
1379.2	0.07543551	0.07842554	
1379.4	0.07606208	0.07842206	
1379.6	0.07603177	0.07841858	
1379.8	0.07551415	0.0784151	
1380	0.07578997	0.07841162	
1380.2	0.07624832	0.07840813	
1380.4	0.07627348	0.07840465	
1380.6	0.07716168	0.07840117	
1380.8	0.07794733	0.07839769	
1381	0.07810412	0.07839421	
1381.2	0.07859452	0.07839073	
1381.4	0.07831241	0.07838725	
1381.6	0.07887241	0.07838377	
1381.8	0.07875506	0.07838029	
1382	0.08013338	0.07837681	
1382.2	0.07971299	0.07837333	
1382.4	0.07896655	0.07836985	
1382.6	0.07923792	0.07836637	
1382.8	0.07993835	0.07836289	
1383	0.07970579	0.07835941	
1383.2	0.08011149	0.07835593	
1383.4	0.08015763	0.07835246	
1383.6	0.08060564	0.07834898	
1383.8	0.08020252	0.0783455	
1384	0.08100605	0.07834202	
1384.2	0.08002679	0.07833854	
1384.4	0.08017564	0.07833506	
1384.6	0.08084279	0.07833159	
1384.8	0.08061587	0.07832811	
1385	0.08055375	0.07832463	
1385.2	0.08076993	0.07832115	
1385.4	0.08009843	0.07831768	
1385.6	0.08070605	0.0783142	
1385.8	0.08082172	0.07831072	
1386	0.08180034	0.07830725	
1386.2	0.08024822	0.07830377	
1386.4	0.07988136	0.07830029	
1386.6	0.07995499	0.07829682	
1386.8	0.08025093	0.07829334	
1387	0.08004757	0.07828987	
1387.2	0.07963381	0.07828639	
1387.4	0.0793379	0.07828291	
1387.6	0.07864279	0.07827944	
1387.8	0.07815477	0.07827596	
1388	0.07783287	0.07827249	
1388.2	0.07645672	0.07826901	
1388.4	0.07629718	0.07826554	
1388.6	0.07559232	0.07826206	
1388.8	0.0754743	0.07825859	
1389	0.07554168	0.07825511	
1389.2	0.07592058	0.07825164	
1389.4	0.07621928	0.07824817	
1389.6	0.07699651	0.07824469	
1389.8	0.07678921	0.07824122	
1390	0.07767605	0.07823774	
1390.2	0.07763682	0.07823427	
1390.4	0.07822445	0.0782308	
1390.6	0.07994781	0.07822732	
1390.8	0.08056388	0.07822385	
1391	0.07980973	0.07822038	
1391.2	0.08014986	0.07821691	
1391.4	0.08108563	0.07821343	
1391.6	0.08017515	0.07820996	
1391.8	0.07974913	0.07820649	
1392	0.0780911	0.07820302	
1392.2	0.07711069	0.07819954	
1392.4	0.07667335	0.07819607	
1392.6	0.07652823	0.0781926	
1392.8	0.07596491	0.07818913	
1393	0.07599981	0.07818566	
1393.2	0.0757205	0.07818219	
1393.4	0.07535939	0.07817872	
1393.6	0.07565634	0.07817525	
1393.8	0.07565555	0.07817177	
1394	0.07565288	0.0781683	
1394.2	0.07561822	0.07816483	
1394.4	0.07623037	0.07816136	
1394.6	0.07734191	0.07815789	
1394.8	0.07669482	0.07815442	
1395	0.07689897	0.07815095	
1395.2	0.07779033	0.07814748	
1395.4	0.07850052	0.07814401	
1395.6	0.07813727	0.07814055	
1395.8	0.07808024	0.07813708	
1396	0.07803074	0.07813361	
1396.2	0.07841821	0.07813014	
1396.4	0.0779911	0.07812667	
1396.6	0.07788425	0.0781232	
1396.8	0.07698059	0.07811973	
1397	0.07706409	0.07811626	
1397.2	0.0755229	0.0781128	
1397.4	0.07537855	0.07810933	
1397.6	0.07497899	0.07810586	
1397.8	0.07388707	0.07810239	
1398	0.0728324	0.07809893	
1398.2	0.07352113	0.07809546	
1398.4	0.07356709	0.07809199	
1398.6	0.07408104	0.07808852	
1398.8	0.07404471	0.07808506	
1399	0.07434583	0.07808159	
1399.2	0.07440199	0.07807812	
1399.4	0.07523862	0.07807466	
1399.6	0.07684274	0.07807119	
1399.8	0.07740375	0.07806773	
1400	0.07791686	0.07806426	
1400.2	0.07908356	0.07806079	
1400.4	0.0788966	0.07805733	
1400.6	0.07897149	0.07805386	
1400.8	0.07832979	0.0780504	
1401	0.0780473	0.07804693	
1401.2	0.07796859	0.07804347	
1401.4	0.07837318	0.07804	
1401.6	0.0783219	0.07803654	
1401.8	0.0779812	0.07803307	
1402	0.07816856	0.07802961	
1402.2	0.07854984	0.07802614	
1402.4	0.07813495	0.07802268	
1402.6	0.07777951	0.07801922	
1402.8	0.07671509	0.07801575	
1403	0.07719384	0.07801229	
1403.2	0.07669888	0.07800883	
1403.4	0.07767255	0.07800536	
1403.6	0.07788755	0.0780019	
1403.8	0.0767842	0.07799844	
1404	0.07670029	0.07799497	
1404.2	0.0772066	0.07799151	
1404.4	0.07640368	0.07798805	
1404.6	0.07595791	0.07798459	
1404.8	0.07597147	0.07798112	
1405	0.07591713	0.07797766	
1405.2	0.07669401	0.0779742	
1405.4	0.07638208	0.07797074	
1405.6	0.07716735	0.07796728	
1405.8	0.07625126	0.07796381	
1406	0.07651581	0.07796035	
1406.2	0.07622408	0.07795689	
1406.4	0.07631657	0.07795343	
1406.6	0.07666703	0.07794997	
1406.8	0.07584779	0.07794651	
1407	0.07559125	0.07794305	
1407.2	0.07439679	0.07793959	
1407.4	0.07512251	0.07793613	
1407.6	0.07453828	0.07793267	
1407.8	0.07426607	0.07792921	
1408	0.07478023	0.07792575	
1408.2	0.07466422	0.07792229	
1408.4	0.07416473	0.07791883	
1408.6	0.07428192	0.07791537	
1408.8	0.0747242	0.07791191	
1409	0.07508162	0.07790845	
1409.2	0.07643784	0.07790499	
1409.4	0.0760401	0.07790153	
1409.6	0.07675319	0.07789807	
1409.8	0.07623302	0.07789462	
1410	0.07723966	0.07789116	
1410.2	0.07746658	0.0778877	
1410.4	0.07719567	0.07788424	
1410.6	0.07668268	0.07788078	
1410.8	0.0757524	0.07787733	
1411	0.07631076	0.07787387	
1411.2	0.07697233	0.07787041	
1411.4	0.07800355	0.07786695	
1411.6	0.07770235	0.0778635	
1411.8	0.07693529	0.07786004	
1412	0.0773109	0.07785658	
1412.2	0.07619501	0.07785313	
1412.4	0.07634593	0.07784967	
1412.6	0.07667594	0.07784622	
1412.8	0.07682662	0.07784276	
1413	0.07613019	0.0778393	
1413.2	0.07585944	0.07783585	
1413.4	0.07504214	0.07783239	
1413.6	0.07446906	0.07782894	
1413.8	0.07414793	0.07782548	
1414	0.07460239	0.07782203	
1414.2	0.07466143	0.07781857	
1414.4	0.07385494	0.07781512	
1414.6	0.07431385	0.07781166	
1414.8	0.07436696	0.07780821	
1415	0.07517674	0.07780475	
1415.2	0.07555237	0.0778013	
1415.4	0.07650392	0.07779784	
1415.6	0.07708629	0.07779439	
1415.8	0.07719685	0.07779094	
1416	0.07833296	0.07778748	
1416.2	0.07920609	0.07778403	
1416.4	0.07979282	0.07778058	
1416.6	0.08057719	0.07777712	
1416.8	0.08136425	0.07777367	
1417	0.08148956	0.07777022	
1417.2	0.08213749	0.07776676	
1417.4	0.08209607	0.07776331	
1417.6	0.08113367	0.07775986	
1417.8	0.08113186	0.07775641	
1418	0.08091771	0.07775295	
1418.2	0.08027912	0.0777495	
1418.4	0.07915616	0.07774605	
1418.6	0.07901663	0.0777426	
1418.8	0.07750869	0.07773915	
1419	0.07817974	0.0777357	
1419.2	0.07807329	0.07773224	
1419.4	0.07793602	0.07772879	
1419.6	0.0772599	0.07772534	
1419.8	0.0758758	0.07772189	
1420	0.07623955	0.07771844	
1420.2	0.07705818	0.07771499	
1420.4	0.07609796	0.07771154	
1420.6	0.07730094	0.07770809	
1420.8	0.0782352	0.07770464	
1421	0.07794398	0.07770119	
1421.2	0.07753753	0.07769774	
1421.4	0.07718063	0.07769429	
1421.6	0.0770279	0.07769084	
1421.8	0.07786708	0.07768739	
1422	0.07818649	0.07768394	
1422.2	0.07892827	0.0776805	
1422.4	0.07919396	0.07767705	
1422.6	0.07906099	0.0776736	
1422.8	0.07925089	0.07767015	
1423	0.07935266	0.0776667	
1423.2	0.07886108	0.07766325	
1423.4	0.07817397	0.0776598	
1423.6	0.07700851	0.07765636	
1423.8	0.07643942	0.07765291	
1424	0.07729422	0.07764946	
1424.2	0.07660557	0.07764601	
1424.4	0.07637005	0.07764257	
1424.6	0.07754811	0.07763912	
1424.8	0.0779429	0.07763567	
1425	0.07690293	0.07763223	
1425.2	0.07727721	0.07762878	
1425.4	0.0766864	0.07762533	
1425.6	0.07714433	0.07762189	
1425.8	0.07707625	0.07761844	
1426	0.07671264	0.077615	
1426.2	0.07722319	0.07761155	
1426.4	0.07672736	0.0776081	
1426.6	0.07623812	0.07760466	
1426.8	0.07608937	0.07760121	
1427	0.07588023	0.07759777	
1427.2	0.0759675	0.07759432	
1427.4	0.07551904	0.07759088	
1427.6	0.0754435	0.07758743	
1427.8	0.07574549	0.07758399	
1428	0.07586383	0.07758054	
1428.2	0.07526415	0.0775771	
1428.4	0.07664528	0.07757366	
1428.6	0.07687361	0.07757021	
1428.8	0.07686543	0.07756677	
1429	0.07674721	0.07756332	
1429.2	0.07667215	0.07755988	
1429.4	0.0760463	0.07755644	
1429.6	0.0762088	0.07755299	
1429.8	0.07532863	0.07754955	
1430	0.07496035	0.07754611	
1430.2	0.07488309	0.07754266	
1430.4	0.0743713	0.07753922	
1430.6	0.07337803	0.07753578	
1430.8	0.07273312	0.07753234	
1431	0.07262671	0.0775289	
1431.2	0.07233055	0.07752545	
1431.4	0.07157671	0.07752201	
1431.6	0.07203302	0.07751857	
1431.8	0.07246065	0.07751513	
1432	0.0730925	0.07751169	
1432.2	0.07387981	0.07750825	
1432.4	0.07502994	0.0775048	
1432.6	0.07626463	0.07750136	
1432.8	0.07720468	0.07749792	
1433	0.07803377	0.07749448	
1433.2	0.07886398	0.07749104	
1433.4	0.07948206	0.0774876	
1433.6	0.07998413	0.07748416	
1433.8	0.07987535	0.07748072	
1434	0.07996535	0.07747728	
1434.2	0.07985897	0.07747384	
1434.4	0.07899124	0.0774704	
1434.6	0.07775234	0.07746696	
1434.8	0.07676423	0.07746352	
1435	0.07621151	0.07746008	
1435.2	0.07587974	0.07745664	
1435.4	0.07447886	0.07745321	
1435.6	0.07458367	0.07744977	
1435.8	0.07447088	0.07744633	
1436	0.07463956	0.07744289	
1436.2	0.07482307	0.07743945	
1436.4	0.07554134	0.07743601	
1436.6	0.07588724	0.07743258	
1436.8	0.07590775	0.07742914	
1437	0.07605387	0.0774257	
1437.2	0.07723076	0.07742226	
1437.4	0.07729243	0.07741883	
1437.6	0.07851644	0.07741539	
1437.8	0.07841006	0.07741195	
1438	0.078249	0.07740852	
1438.2	0.07816947	0.07740508	
1438.4	0.07929515	0.07740164	
1438.6	0.07905068	0.07739821	
1438.8	0.07934009	0.07739477	
1439	0.08012801	0.07739133	
1439.2	0.08036771	0.0773879	
1439.4	0.07984109	0.07738446	
1439.6	0.08023584	0.07738103	
1439.8	0.08007031	0.07737759	
1440	0.07986389	0.07737416	
1440.2	0.07890026	0.07737072	
1440.4	0.07841941	0.07736729	
1440.6	0.07767253	0.07736385	
1440.8	0.07739239	0.07736042	
1441	0.07692522	0.07735698	
1441.2	0.07582988	0.07735355	
1441.4	0.07438367	0.07735011	
1441.6	0.07380539	0.07734668	
1441.8	0.07338864	0.07734324	
1442	0.0728372	0.07733981	
1442.2	0.07314999	0.07733638	
1442.4	0.07460989	0.07733294	
1442.6	0.07463428	0.07732951	
1442.8	0.07553574	0.07732608	
1443	0.07639757	0.07732264	
1443.2	0.07671932	0.07731921	
1443.4	0.07638273	0.07731578	
1443.6	0.076589	0.07731235	
1443.8	0.07653066	0.07730891	
1444	0.0760947	0.07730548	
1444.2	0.07622632	0.07730205	
1444.4	0.07681342	0.07729862	
1444.6	0.07737391	0.07729519	
1444.8	0.07714482	0.07729175	
1445	0.07621858	0.07728832	
1445.2	0.07510752	0.07728489	
1445.4	0.07536101	0.07728146	
1445.6	0.07513911	0.07727803	
1445.8	0.07515141	0.0772746	
1446	0.07414171	0.07727117	
1446.2	0.07412164	0.07726774	
1446.4	0.07531292	0.07726431	
1446.6	0.07518353	0.07726088	
1446.8	0.07454312	0.07725745	
1447	0.07510639	0.07725402	
1447.2	0.07521974	0.07725059	
1447.4	0.07487339	0.07724716	
1447.6	0.07563356	0.07724373	
1447.8	0.07565174	0.0772403	
1448	0.07475637	0.07723687	
1448.2	0.07539813	0.07723344	
1448.4	0.07554474	0.07723001	
1448.6	0.07568046	0.07722658	
1448.8	0.07559477	0.07722315	
1449	0.07609313	0.07721972	
1449.2	0.07633507	0.0772163	
1449.4	0.07707421	0.07721287	
1449.6	0.07662692	0.07720944	
1449.8	0.0762443	0.07720601	
1450	0.07685712	0.07720259	
1450.2	0.07735056	0.07719916	
1450.4	0.07810377	0.07719573	
1450.6	0.07835948	0.0771923	
1450.8	0.07843603	0.07718888	
1451	0.0788325	0.07718545	
1451.2	0.07953539	0.07718202	
1451.4	0.07882724	0.0771786	
1451.6	0.07796762	0.07717517	
1451.8	0.07679009	0.07717174	
1452	0.07615872	0.07716832	
1452.2	0.0770792	0.07716489	
1452.4	0.0764221	0.07716146	
1452.6	0.07681434	0.07715804	
1452.8	0.07606367	0.07715461	
1453	0.07651632	0.07715119	
1453.2	0.07654946	0.07714776	
1453.4	0.07717411	0.07714434	
1453.6	0.07683554	0.07714091	
1453.8	0.07680374	0.07713749	
1454	0.07764043	0.07713406	
1454.2	0.07779418	0.07713064	
1454.4	0.07768947	0.07712721	
1454.6	0.07765387	0.07712379	
1454.8	0.0773083	0.07712037	
1455	0.07704298	0.07711694	
1455.2	0.0772712	0.07711352	
1455.4	0.07575075	0.0771101	
1455.6	0.07564565	0.07710667	
1455.8	0.07596327	0.07710325	
1456	0.07595796	0.07709983	
1456.2	0.07595502	0.0770964	
1456.4	0.07531425	0.07709298	
1456.6	0.07518241	0.07708956	
1456.8	0.0739005	0.07708613	
1457	0.07476471	0.07708271	
1457.2	0.07474868	0.07707929	
1457.4	0.07486711	0.07707587	
1457.6	0.07485911	0.07707245	
1457.8	0.07454196	0.07706902	
1458	0.07450333	0.0770656	
1458.2	0.07463667	0.07706218	
1458.4	0.07419526	0.07705876	
1458.6	0.07335874	0.07705534	
1458.8	0.07260642	0.07705192	
1459	0.07309498	0.0770485	
1459.2	0.07393078	0.07704508	
1459.4	0.07351239	0.07704166	
1459.6	0.07432727	0.07703824	
1459.8	0.0742868	0.07703481	
1460	0.0743598	0.07703139	
1460.2	0.07460159	0.07702797	
1460.4	0.07478829	0.07702456	
1460.6	0.07514619	0.07702114	
1460.8	0.07525915	0.07701772	
1461	0.07614992	0.0770143	
1461.2	0.07619694	0.07701088	
1461.4	0.07703998	0.07700746	
1461.6	0.07747597	0.07700404	
1461.8	0.07805048	0.07700062	
1462	0.07857899	0.0769972	
1462.2	0.07915651	0.07699378	
1462.4	0.07903403	0.07699037	
1462.6	0.07794735	0.07698695	
1462.8	0.07837345	0.07698353	
1463	0.07996238	0.07698011	
1463.2	0.08013685	0.07697669	
1463.4	0.07904903	0.07697328	
1463.6	0.07897482	0.07696986	
1463.8	0.07905911	0.07696644	
1464	0.07894689	0.07696303	
1464.2	0.07834748	0.07695961	
1464.4	0.07819208	0.07695619	
1464.6	0.07880332	0.07695277	
1464.8	0.07804507	0.07694936	
1465	0.07802905	0.07694594	
1465.2	0.07769938	0.07694253	
1465.4	0.07767412	0.07693911	
1465.6	0.07767577	0.07693569	
1465.8	0.07857322	0.07693228	
1466	0.0796686	0.07692886	
1466.2	0.08026669	0.07692545	
1466.4	0.07989885	0.07692203	
1466.6	0.08038841	0.07691862	
1466.8	0.0812315	0.0769152	
1467	0.08101923	0.07691179	
1467.2	0.08092663	0.07690837	
1467.4	0.08104285	0.07690496	
1467.6	0.08030176	0.07690154	
1467.8	0.0809913	0.07689813	
1468	0.07958881	0.07689472	
1468.2	0.07835676	0.0768913	
1468.4	0.07835217	0.07688789	
1468.6	0.07830723	0.07688448	
1468.8	0.07678922	0.07688106	
1469	0.07638012	0.07687765	
1469.2	0.07480186	0.07687424	
1469.4	0.07366219	0.07687082	
1469.6	0.07377608	0.07686741	
1469.8	0.07452786	0.076864	
1470	0.07548387	0.07686058	
1470.2	0.0756381	0.07685717	
1470.4	0.07649886	0.07685376	
1470.6	0.07674906	0.07685035	
1470.8	0.07687024	0.07684694	
1471	0.07681352	0.07684352	
1471.2	0.07799825	0.07684011	
1471.4	0.07862673	0.0768367	
1471.6	0.07754257	0.07683329	
1471.8	0.07778772	0.07682988	
1472	0.07676638	0.07682647	
1472.2	0.07677072	0.07682306	
1472.4	0.0767348	0.07681965	
1472.6	0.07620664	0.07681624	
1472.8	0.07574326	0.07681283	
1473	0.07538345	0.07680942	
1473.2	0.07475362	0.07680601	
1473.4	0.07566544	0.0768026	
1473.6	0.07641635	0.07679919	
1473.8	0.07735566	0.07679578	
1474	0.07849688	0.07679237	
1474.2	0.0786142	0.07678896	
1474.4	0.07848562	0.07678555	
1474.6	0.07774283	0.07678214	
1474.8	0.077134	0.07677873	
1475	0.07654401	0.07677532	
1475.2	0.07632321	0.07677191	
1475.4	0.07648979	0.0767685	
1475.6	0.07524147	0.0767651	
1475.8	0.07556931	0.07676169	
1476	0.07623527	0.07675828	
1476.2	0.07624269	0.07675487	
1476.4	0.07599042	0.07675146	
1476.6	0.0766813	0.07674806	
1476.8	0.07755232	0.07674465	
1477	0.07831754	0.07674124	
1477.2	0.07878045	0.07673784	
1477.4	0.07972199	0.07673443	
1477.6	0.07926337	0.07673102	
1477.8	0.0798019	0.07672762	
1478	0.07900716	0.07672421	
1478.2	0.07746418	0.0767208	
1478.4	0.07586383	0.0767174	
1478.6	0.07546595	0.07671399	
1478.8	0.07445561	0.07671058	
1479	0.07465791	0.07670718	
1479.2	0.07444515	0.07670377	
1479.4	0.0746401	0.07670037	
1479.6	0.07403438	0.07669696	
1479.8	0.0747466	0.07669356	
1480	0.07507334	0.07669015	
1480.2	0.07471398	0.07668675	
1480.4	0.07599214	0.07668334	
1480.6	0.07750668	0.07667994	
1480.8	0.07887238	0.07667653	
1481	0.08046069	0.07667313	
1481.2	0.08020589	0.07666973	
1481.4	0.08036233	0.07666632	
1481.6	0.07996184	0.07666292	
1481.8	0.07991934	0.07665952	
1482	0.0791102	0.07665611	
1482.2	0.07762304	0.07665271	
1482.4	0.07700017	0.07664931	
1482.6	0.07771672	0.0766459	
1482.8	0.07651534	0.0766425	
1483	0.0770188	0.0766391	
1483.2	0.07626063	0.07663569	
1483.4	0.07606046	0.07663229	
1483.6	0.07554221	0.07662889	
1483.8	0.07484332	0.07662549	
1484	0.07472279	0.07662209	
1484.2	0.07527023	0.07661868	
1484.4	0.07671204	0.07661528	
1484.6	0.07727673	0.07661188	
1484.8	0.07755275	0.07660848	
1485	0.07785616	0.07660508	
1485.2	0.07666614	0.07660168	
1485.4	0.07633483	0.07659828	
1485.6	0.07663595	0.07659488	
1485.8	0.0769608	0.07659148	
1486	0.07727036	0.07658808	
1486.2	0.07713424	0.07658467	
1486.4	0.07787955	0.07658127	
1486.6	0.07800945	0.07657787	
1486.8	0.07774332	0.07657447	
1487	0.07943741	0.07657108	
1487.2	0.07907365	0.07656768	
1487.4	0.07949369	0.07656428	
1487.6	0.0792264	0.07656088	
1487.8	0.07922567	0.07655748	
1488	0.07940166	0.07655408	
1488.2	0.07908138	0.07655068	
1488.4	0.0781356	0.07654728	
1488.6	0.07724258	0.07654388	
1488.8	0.07669229	0.07654049	
1489	0.07663686	0.07653709	
1489.2	0.0753624	0.07653369	
1489.4	0.07604345	0.07653029	
1489.6	0.07615343	0.07652689	
1489.8	0.07611363	0.0765235	
1490	0.07619159	0.0765201	
1490.2	0.07627418	0.0765167	
1490.4	0.07636053	0.0765133	
1490.6	0.07604808	0.07650991	
1490.8	0.07661811	0.07650651	
1491	0.07617027	0.07650311	
1491.2	0.0757927	0.07649972	
1491.4	0.07536805	0.07649632	
1491.6	0.07498626	0.07649293	
1491.8	0.07476793	0.07648953	
1492	0.07417506	0.07648613	
1492.2	0.0739142	0.07648274	
1492.4	0.07349281	0.07647934	
1492.6	0.07361508	0.07647595	
1492.8	0.0735234	0.07647255	
1493	0.07411406	0.07646916	
1493.2	0.07408227	0.07646576	
1493.4	0.07500329	0.07646237	
1493.6	0.07475194	0.07645897	
1493.8	0.0746947	0.07645558	
1494	0.07598735	0.07645218	
1494.2	0.0757149	0.07644879	
1494.4	0.0758119	0.07644539	
1494.6	0.07574585	0.076442	
1494.8	0.07596948	0.07643861	
1495	0.07544443	0.07643521	
1495.2	0.07622263	0.07643182	
1495.4	0.07620005	0.07642843	
1495.6	0.07658546	0.07642503	
1495.8	0.07637037	0.07642164	
1496	0.07662538	0.07641825	
1496.2	0.07689859	0.07641485	
1496.4	0.07667616	0.07641146	
1496.6	0.07740236	0.07640807	
1496.8	0.07706433	0.07640468	
1497	0.07818357	0.07640129	
1497.2	0.07747532	0.07639789	
1497.4	0.07781552	0.0763945	
1497.6	0.07815044	0.07639111	
1497.8	0.0788121	0.07638772	
1498	0.07954967	0.07638433	
1498.2	0.07968449	0.07638094	
1498.4	0.07976234	0.07637755	
1498.6	0.07994872	0.07637415	
1498.8	0.07987366	0.07637076	
1499	0.08034742	0.07636737	
1499.2	0.0801335	0.07636398	
1499.4	0.08008241	0.07636059	
1499.6	0.07899916	0.0763572	
1499.8	0.07788181	0.07635381	
1500	0.07721684	0.07635042	
1500.2	0.07617035	0.07634703	
1500.4	0.07598247	0.07634364	
1500.6	0.07641502	0.07634025	
1500.8	0.07621023	0.07633686	
1501	0.07619841	0.07633348	
1501.2	0.07570689	0.07633009	
1501.4	0.07605638	0.0763267	
1501.6	0.07630048	0.07632331	
1501.8	0.07701736	0.07631992	
1502	0.07708867	0.07631653	
1502.2	0.07761742	0.07631314	
1502.4	0.07748548	0.07630976	
1502.6	0.07759969	0.07630637	
1502.8	0.07735141	0.07630298	
1503	0.07743622	0.07629959	
1503.2	0.07757765	0.07629621	
1503.4	0.07758178	0.07629282	
1503.6	0.07679899	0.07628943	
1503.8	0.07682672	0.07628604	
1504	0.07700258	0.07628266	
1504.2	0.07673088	0.07627927	
1504.4	0.07768367	0.07627588	
1504.6	0.07795541	0.0762725	
1504.8	0.07801343	0.07626911	
1505	0.0777618	0.07626572	
1505.2	0.07814019	0.07626234	
1505.4	0.07714638	0.07625895	
1505.6	0.07764005	0.07625557	
1505.8	0.07764189	0.07625218	
1506	0.07763765	0.0762488	
1506.2	0.07718796	0.07624541	
1506.4	0.07750073	0.07624203	
1506.6	0.07739458	0.07623864	
1506.8	0.07733879	0.07623526	
1507	0.07774022	0.07623187	
1507.2	0.07781861	0.07622849	
1507.4	0.07681561	0.0762251	
1507.6	0.07541871	0.07622172	
1507.8	0.07484188	0.07621834	
1508	0.07418619	0.07621495	
1508.2	0.07306165	0.07621157	
1508.4	0.0736361	0.07620818	
1508.6	0.07328793	0.0762048	
1508.8	0.07420329	0.07620142	
1509	0.0744838	0.07619803	
1509.2	0.0750217	0.07619465	
1509.4	0.07474542	0.07619127	
1509.6	0.07528813	0.07618789	
1509.8	0.07585486	0.0761845	
1510	0.07577008	0.07618112	
1510.2	0.07583894	0.07617774	
1510.4	0.07695227	0.07617436	
1510.6	0.07864158	0.07617098	
1510.8	0.07862053	0.07616759	
1511	0.07891797	0.07616421	
1511.2	0.07872238	0.07616083	
1511.4	0.07769623	0.07615745	
1511.6	0.07697399	0.07615407	
1511.8	0.07734855	0.07615069	
1512	0.07698918	0.07614731	
1512.2	0.07687744	0.07614393	
1512.4	0.07743202	0.07614055	
1512.6	0.07736436	0.07613716	
1512.8	0.07772405	0.07613378	
1513	0.07743749	0.0761304	
1513.2	0.07825165	0.07612702	
1513.4	0.07826446	0.07612364	
1513.6	0.07822286	0.07612027	
1513.8	0.07804946	0.07611689	
1514	0.07690381	0.07611351	
1514.2	0.07761767	0.07611013	
1514.4	0.07816936	0.07610675	
1514.6	0.07906729	0.07610337	
1514.8	0.07876962	0.07609999	
1515	0.07887843	0.07609661	
1515.2	0.07900348	0.07609323	
1515.4	0.07792251	0.07608986	
1515.6	0.0782721	0.07608648	
1515.8	0.07836723	0.0760831	
1516	0.07769631	0.07607972	
1516.2	0.0772337	0.07607634	
1516.4	0.07692414	0.07607297	
1516.6	0.07693173	0.07606959	
1516.8	0.07637474	0.07606621	
1517	0.07652522	0.07606283	
1517.2	0.0773161	0.07605946	
1517.4	0.07700418	0.07605608	
1517.6	0.07662015	0.0760527	
1517.8	0.07598906	0.07604933	
1518	0.0766554	0.07604595	
1518.2	0.07784096	0.07604258	
1518.4	0.07836344	0.0760392	
1518.6	0.07770847	0.07603582	
1518.8	0.07636681	0.07603245	
1519	0.07523595	0.07602907	
1519.2	0.07561026	0.0760257	
1519.4	0.07435243	0.07602232	
1519.6	0.07479816	0.07601895	
1519.8	0.07465541	0.07601557	
1520	0.0738394	0.0760122	
1520.2	0.07279349	0.07600882	
1520.4	0.07248759	0.07600545	
1520.6	0.07333174	0.07600207	
1520.8	0.07300483	0.0759987	
1521	0.07353612	0.07599532	
1521.2	0.07381571	0.07599195	
1521.4	0.07479957	0.07598858	
1521.6	0.07563425	0.0759852	
1521.8	0.07624354	0.07598183	
1522	0.07689632	0.07597846	
1522.2	0.07684606	0.07597508	
1522.4	0.07709164	0.07597171	
1522.6	0.07574642	0.07596834	
1522.8	0.07534897	0.07596496	
1523	0.07601606	0.07596159	
1523.2	0.07632015	0.07595822	
1523.4	0.07649787	0.07595485	
1523.6	0.07696219	0.07595148	
1523.8	0.07664746	0.0759481	
1524	0.07635385	0.07594473	
1524.2	0.07620881	0.07594136	
1524.4	0.07730825	0.07593799	
1524.6	0.07850858	0.07593462	
1524.8	0.07727069	0.07593125	
1525	0.07665144	0.07592787	
1525.2	0.07619487	0.0759245	
1525.4	0.07601403	0.07592113	
1525.6	0.07477235	0.07591776	
1525.8	0.07340836	0.07591439	
1526	0.07230629	0.07591102	
1526.2	0.07127704	0.07590765	
1526.4	0.07050325	0.07590428	
1526.6	0.06999923	0.07590091	
1526.8	0.06974016	0.07589754	
1527	0.06956667	0.07589417	
1527.2	0.0692611	0.0758908	
1527.4	0.06980862	0.07588743	
1527.6	0.07029437	0.07588406	
1527.8	0.07082058	0.07588069	
1528	0.0716114	0.07587733	
1528.2	0.07246778	0.07587396	
1528.4	0.07397815	0.07587059	
1528.6	0.0742874	0.07586722	
1528.8	0.07414014	0.07586385	
1529	0.07477008	0.07586048	
1529.2	0.07527726	0.07585712	
1529.4	0.0747758	0.07585375	
1529.6	0.07480872	0.07585038	
1529.8	0.07501168	0.07584701	
1530	0.07576693	0.07584365	
1530.2	0.07562621	0.07584028	
1530.4	0.07598616	0.07583691	
1530.6	0.07716676	0.07583354	
1530.8	0.07645364	0.07583018	
1531	0.07622916	0.07582681	
1531.2	0.0768656	0.07582345	
1531.4	0.07746007	0.07582008	
1531.6	0.07720681	0.07581671	
1531.8	0.07652272	0.07581335	
1532	0.07638471	0.07580998	
1532.2	0.07609029	0.07580662	
1532.4	0.07561208	0.07580325	
1532.6	0.07527899	0.07579988	
1532.8	0.07472267	0.07579652	
1533	0.07404382	0.07579315	
1533.2	0.07344549	0.07578979	
1533.4	0.07344792	0.07578642	
1533.6	0.07407067	0.07578306	
1533.8	0.07466849	0.07577969	
1534	0.07608539	0.07577633	
1534.2	0.07627211	0.07577297	
1534.4	0.07684051	0.0757696	
1534.6	0.07730611	0.07576624	
1534.8	0.07599281	0.07576287	
1535	0.0771043	0.07575951	
1535.2	0.07871398	0.07575615	
1535.4	0.07859919	0.07575278	
1535.6	0.07808937	0.07574942	
1535.8	0.07897789	0.07574606	
1536	0.07882931	0.0757427	
1536.2	0.07755289	0.07573933	
1536.4	0.07704871	0.07573597	
1536.6	0.07669591	0.07573261	
1536.8	0.07559684	0.07572925	
1537	0.07499149	0.07572588	
1537.2	0.07454275	0.07572252	
1537.4	0.07417436	0.07571916	
1537.6	0.07381752	0.0757158	
1537.8	0.07403323	0.07571244	
1538	0.07479228	0.07570907	
1538.2	0.07409661	0.07570571	
1538.4	0.07363349	0.07570235	
1538.6	0.07443253	0.07569899	
1538.8	0.07382498	0.07569563	
1539	0.07495259	0.07569227	
1539.2	0.07583937	0.07568891	
1539.4	0.07557059	0.07568555	
1539.6	0.07512556	0.07568219	
1539.8	0.07560238	0.07567883	
1540	0.07511292	0.07567547	
1540.2	0.07443323	0.07567211	
1540.4	0.0744349	0.07566875	
1540.6	0.07409116	0.07566539	
1540.8	0.07412011	0.07566203	
1541	0.0739654	0.07565867	
1541.2	0.0744683	0.07565531	
1541.4	0.0745496	0.07565195	
1541.6	0.07569643	0.0756486	
1541.8	0.07582855	0.07564524	
1542	0.07630164	0.07564188	
1542.2	0.07565267	0.07563852	
1542.4	0.07597746	0.07563516	
1542.6	0.0760142	0.0756318	
1542.8	0.07538818	0.07562845	
1543	0.0761862	0.07562509	
1543.2	0.07576148	0.07562173	
1543.4	0.07560015	0.07561837	
1543.6	0.07554145	0.07561502	
1543.8	0.07525676	0.07561166	
1544	0.07421223	0.0756083	
1544.2	0.07375489	0.07560495	
1544.4	0.07365739	0.07560159	
1544.6	0.07338303	0.07559823	
1544.8	0.07347069	0.07559488	
1545	0.07420015	0.07559152	
1545.2	0.07472062	0.07558816	
1545.4	0.07484768	0.07558481	
1545.6	0.07487525	0.07558145	
1545.8	0.07457611	0.0755781	
1546	0.07513982	0.07557474	
1546.2	0.07525688	0.07557139	
1546.4	0.07632867	0.07556803	
1546.6	0.07657943	0.07556468	
1546.8	0.0778427	0.07556132	
1547	0.07844724	0.07555797	
1547.2	0.07776648	0.07555461	
1547.4	0.07892692	0.07555126	
1547.6	0.07887005	0.0755479	
1547.8	0.07796086	0.07554455	
1548	0.07829602	0.0755412	
1548.2	0.07906445	0.07553784	
1548.4	0.07927906	0.07553449	
1548.6	0.07930566	0.07553114	
1548.8	0.07915436	0.07552778	
1549	0.07856225	0.07552443	
1549.2	0.07762294	0.07552108	
1549.4	0.07725565	0.07551772	
1549.6	0.07592518	0.07551437	
1549.8	0.07612812	0.07551102	
1550	0.07554269	0.07550767	
1550.2	0.07500166	0.07550431	
1550.4	0.07507177	0.07550096	
1550.6	0.07440743	0.07549761	
1550.8	0.07414252	0.07549426	
1551	0.07309207	0.07549091	
1551.2	0.0718452	0.07548755	
1551.4	0.07216548	0.0754842	
1551.6	0.07163253	0.07548085	
1551.8	0.07192732	0.0754775	
1552	0.07247298	0.07547415	
1552.2	0.07295496	0.0754708	
1552.4	0.07352954	0.07546745	
1552.6	0.07317109	0.0754641	
1552.8	0.0730859	0.07546075	
1553	0.07319718	0.0754574	
1553.2	0.07292374	0.07545405	
1553.4	0.07327699	0.0754507	
1553.6	0.07234175	0.07544735	
1553.8	0.07273553	0.075444	
1554	0.07212626	0.07544065	
1554.2	0.07279648	0.0754373	
1554.4	0.07353656	0.07543395	
1554.6	0.07335573	0.0754306	
1554.8	0.07333468	0.07542725	
1555	0.07301769	0.0754239	
1555.2	0.07270693	0.07542055	
1555.4	0.07371885	0.07541721	
1555.6	0.07370697	0.07541386	
1555.8	0.07463567	0.07541051	
1556	0.07464329	0.07540716	
1556.2	0.07509046	0.07540381	
1556.4	0.07610533	0.07540047	
1556.6	0.07602871	0.07539712	
1556.8	0.0763745	0.07539377	
1557	0.0764116	0.07539042	
1557.2	0.07537387	0.07538708	
1557.4	0.07525864	0.07538373	
1557.6	0.07431126	0.07538038	
1557.8	0.07398014	0.07537704	
1558	0.07353377	0.07537369	
1558.2	0.07361674	0.07537034	
1558.4	0.07329479	0.075367	
1558.6	0.07320148	0.07536365	
1558.8	0.07319364	0.07536031	
1559	0.0733363	0.07535696	
1559.2	0.07344055	0.07535361	
1559.4	0.0741401	0.07535027	
1559.6	0.07428744	0.07534692	
1559.8	0.07459297	0.07534358	
