Conc1	3E-07	
Start1	360	
Stop1	1559.8	
Kobs	0.00022198762659549	
Error Kobs	2.5506481892688E-06	
Koff	0	
Error Koff	0	
Time1	Data1	Fit1	
360	0	0	
360.2	0.00033344	0.00005732	
360.4	0.00053044	0.00011461	
360.6	0.00066633	0.00017189	
360.8	0.00069074	0.00022913	
361	0.00083043	0.00028636	
361.2	0.00082578	0.00034356	
361.4	0.00137056	0.00040074	
361.6	0.00154617	0.00045789	
361.8	0.00247664	0.00051502	
362	0.00299591	0.00057213	
362.2	0.00358041	0.00062921	
362.4	0.00334701	0.00068627	
362.6	0.00334948	0.00074331	
362.8	0.00241638	0.00080032	
363	0.00248073	0.00085731	
363.2	0.00261016	0.00091428	
363.4	0.00290043	0.00097122	
363.6	0.00281652	0.00102814	
363.8	0.00315545	0.00108503	
364	0.00439285	0.00114191	
364.2	0.00457943	0.00119876	
364.4	0.00458688	0.00125558	
364.6	0.00484142	0.00131238	
364.8	0.00490237	0.00136916	
365	0.00524065	0.00142592	
365.2	0.00572656	0.00148265	
365.4	0.00593581	0.00153936	
365.6	0.00671339	0.00159604	
365.8	0.00764786	0.00165271	
366	0.00720251	0.00170935	
366.2	0.00675434	0.00176596	
366.4	0.00630636	0.00182255	
366.6	0.00609952	0.00187912	
366.8	0.0052708	0.00193567	
367	0.00582537	0.00199219	
367.2	0.00674556	0.00204869	
367.4	0.00722989	0.00210517	
367.6	0.00730679	0.00216162	
367.8	0.00736916	0.00221805	
368	0.00741718	0.00227446	
368.2	0.00704993	0.00233084	
368.4	0.00765663	0.0023872	
368.6	0.00763602	0.00244354	
368.8	0.00803793	0.00249985	
369	0.00819009	0.00255614	
369.2	0.00791832	0.00261241	
369.4	0.00781282	0.00266865	
369.6	0.00787557	0.00272488	
369.8	0.00701966	0.00278107	
370	0.00591313	0.00283725	
370.2	0.00589527	0.0028934	
370.4	0.00592705	0.00294953	
370.6	0.00689697	0.00300564	
370.8	0.00692145	0.00306172	
371	0.00761895	0.00311778	
371.2	0.00809172	0.00317381	
371.4	0.00768803	0.00322983	
371.6	0.00740643	0.00328582	
371.8	0.007095	0.00334179	
372	0.00760443	0.00339773	
372.2	0.00811933	0.00345365	
372.4	0.00899168	0.00350955	
372.6	0.00908516	0.00356543	
372.8	0.00952885	0.00362128	
373	0.0098397	0.00367711	
373.2	0.00898884	0.00373291	
373.4	0.00940268	0.0037887	
373.6	0.00881922	0.00384446	
373.8	0.00863665	0.0039002	
374	0.00857621	0.00395591	
374.2	0.00905528	0.0040116	
374.4	0.00911781	0.00406727	
374.6	0.00940763	0.00412292	
374.8	0.00905777	0.00417854	
375	0.00892334	0.00423414	
375.2	0.00841447	0.00428972	
375.4	0.00841442	0.00434528	
375.6	0.00870706	0.00440081	
375.8	0.00928767	0.00445632	
376	0.00883079	0.0045118	
376.2	0.00835637	0.00456727	
376.4	0.00790626	0.00462271	
376.6	0.00757121	0.00467812	
376.8	0.00750913	0.00473352	
377	0.00693347	0.00478889	
377.2	0.00641083	0.00484424	
377.4	0.00708192	0.00489957	
377.6	0.00662843	0.00495487	
377.8	0.00714432	0.00501015	
378	0.00660226	0.00506541	
378.2	0.00673183	0.00512065	
378.4	0.00651605	0.00517586	
378.6	0.00665266	0.00523105	
378.8	0.00825911	0.00528622	
379	0.00912809	0.00534136	
379.2	0.00987638	0.00539648	
379.4	0.01139078	0.00545158	
379.6	0.0121597	0.00550666	
379.8	0.01249221	0.00556172	
380	0.0130321	0.00561675	
380.2	0.01367718	0.00567176	
380.4	0.0137144	0.00572674	
380.6	0.01456458	0.00578171	
380.8	0.01495638	0.00583665	
381	0.01530468	0.00589157	
381.2	0.01619475	0.00594646	
381.4	0.01565707	0.00600134	
381.6	0.01525919	0.00605619	
381.8	0.01487099	0.00611101	
382	0.01364411	0.00616582	
382.2	0.01315203	0.0062206	
382.4	0.01213148	0.00627536	
382.6	0.01157477	0.0063301	
382.8	0.01174765	0.00638482	
383	0.01039068	0.00643951	
383.2	0.00993436	0.00649418	
383.4	0.00943805	0.00654883	
383.6	0.00958694	0.00660346	
383.8	0.00940938	0.00665806	
384	0.00936064	0.00671264	
384.2	0.00875796	0.0067672	
384.4	0.00904039	0.00682173	
384.6	0.00975519	0.00687625	
384.8	0.0112685	0.00693074	
385	0.01226053	0.00698521	
385.2	0.0130827	0.00703965	
385.4	0.01361335	0.00709408	
385.6	0.01477526	0.00714848	
385.8	0.01547443	0.00720286	
386	0.01616837	0.00725722	
386.2	0.01638226	0.00731155	
386.4	0.01771023	0.00736586	
386.6	0.01818159	0.00742015	
386.8	0.0192528	0.00747442	
387	0.01837022	0.00752866	
387.2	0.0179737	0.00758289	
387.4	0.01715385	0.00763709	
387.6	0.01698567	0.00769127	
387.8	0.0159697	0.00774542	
388	0.01555811	0.00779956	
388.2	0.01510533	0.00785367	
388.4	0.01496241	0.00790776	
388.6	0.01466587	0.00796182	
388.8	0.01457821	0.00801587	
389	0.0140321	0.00806989	
389.2	0.01336464	0.00812389	
389.4	0.01266944	0.00817787	
389.6	0.01212832	0.00823182	
389.8	0.01230518	0.00828576	
390	0.01271228	0.00833967	
390.2	0.01330873	0.00839356	
390.4	0.01401167	0.00844743	
390.6	0.0146077	0.00850127	
390.8	0.01500352	0.00855509	
391	0.01453892	0.00860889	
391.2	0.01402598	0.00866267	
391.4	0.0140458	0.00871643	
391.6	0.01468239	0.00877016	
391.8	0.01469103	0.00882388	
392	0.01519359	0.00887757	
392.2	0.01442381	0.00893123	
392.4	0.01489538	0.00898488	
392.6	0.01443763	0.0090385	
392.8	0.01392675	0.00909211	
393	0.0137115	0.00914569	
393.2	0.01371179	0.00919924	
393.4	0.01480184	0.00925278	
393.6	0.01499252	0.00930629	
393.8	0.01571997	0.00935979	
394	0.01642693	0.00941326	
394.2	0.0169644	0.0094667	
394.4	0.01667583	0.00952013	
394.6	0.017695	0.00957353	
394.8	0.01706626	0.00962692	
395	0.01634131	0.00968028	
395.2	0.01547921	0.00973361	
395.4	0.0152576	0.00978693	
395.6	0.01568296	0.00984022	
395.8	0.01520388	0.0098935	
396	0.01517516	0.00994675	
396.2	0.01459504	0.00999998	
396.4	0.01475397	0.01005318	
396.6	0.01404692	0.01010637	
396.8	0.01450909	0.01015953	
397	0.01486724	0.01021267	
397.2	0.0153701	0.01026579	
397.4	0.01583979	0.01031889	
397.6	0.01520785	0.01037196	
397.8	0.01618746	0.01042502	
398	0.0165432	0.01047805	
398.2	0.01591904	0.01053106	
398.4	0.01572444	0.01058405	
398.6	0.01685888	0.01063701	
398.8	0.01641928	0.01068996	
399	0.01564148	0.01074288	
399.2	0.01572896	0.01079578	
399.4	0.01553766	0.01084866	
399.6	0.01614346	0.01090152	
399.8	0.01512615	0.01095435	
400	0.01558451	0.01100717	
400.2	0.01564088	0.01105996	
400.4	0.01597516	0.01111273	
400.6	0.01603351	0.01116548	
400.8	0.01604099	0.01121821	
401	0.01566834	0.01127091	
401.2	0.01585353	0.0113236	
401.4	0.01678172	0.01137626	
401.6	0.01687111	0.0114289	
401.8	0.01787959	0.01148152	
402	0.01725922	0.01153412	
402.2	0.01704726	0.01158669	
402.4	0.01850474	0.01163925	
402.6	0.01847629	0.01169178	
402.8	0.01785915	0.01174429	
403	0.01739674	0.01179678	
403.2	0.01796597	0.01184925	
403.4	0.01785739	0.01190169	
403.6	0.01806797	0.01195412	
403.8	0.01802375	0.01200652	
404	0.01839593	0.0120589	
404.2	0.01953637	0.01211126	
404.4	0.02044569	0.0121636	
404.6	0.01973423	0.01221592	
404.8	0.01930658	0.01226821	
405	0.01925756	0.01232049	
405.2	0.01924833	0.01237274	
405.4	0.01943929	0.01242497	
405.6	0.01922274	0.01247718	
405.8	0.01866017	0.01252937	
406	0.01799456	0.01258153	
406.2	0.01803045	0.01263368	
406.4	0.01815981	0.0126858	
406.6	0.01814814	0.0127379	
406.8	0.01874201	0.01278999	
407	0.01866869	0.01284204	
407.2	0.01940596	0.01289408	
407.4	0.0188986	0.0129461	
407.6	0.01885413	0.01299809	
407.8	0.01937109	0.01305007	
408	0.01941465	0.01310202	
408.2	0.01987648	0.01315395	
408.4	0.01949533	0.01320586	
408.6	0.01810248	0.01325775	
408.8	0.01759259	0.01330962	
409	0.0179153	0.01336146	
409.2	0.01793785	0.01341329	
409.4	0.0185424	0.01346509	
409.6	0.01808439	0.01351687	
409.8	0.01774204	0.01356863	
410	0.01801552	0.01362037	
410.2	0.01793163	0.01367209	
410.4	0.01805507	0.01372379	
410.6	0.01943902	0.01377546	
410.8	0.01990094	0.01382711	
411	0.0197927	0.01387875	
411.2	0.02026076	0.01393036	
411.4	0.01982094	0.01398195	
411.6	0.0201438	0.01403352	
411.8	0.02093864	0.01408507	
412	0.02060342	0.01413659	
412.2	0.01939235	0.0141881	
412.4	0.01965331	0.01423958	
412.6	0.02022197	0.01429105	
412.8	0.02113528	0.01434249	
413	0.02301876	0.01439391	
413.2	0.02317362	0.01444531	
413.4	0.02291923	0.01449669	
413.6	0.0224153	0.01454805	
413.8	0.02256846	0.01459938	
414	0.02217543	0.0146507	
414.2	0.02258989	0.01470199	
414.4	0.02251121	0.01475326	
414.6	0.0224141	0.01480452	
414.8	0.02210083	0.01485575	
415	0.02153625	0.01490696	
415.2	0.02196809	0.01495815	
415.4	0.02228492	0.01500931	
415.6	0.02241611	0.01506046	
415.8	0.02209582	0.01511159	
416	0.02141354	0.01516269	
416.2	0.02011671	0.01521377	
416.4	0.02043941	0.01526484	
416.6	0.02115114	0.01531588	
416.8	0.02122114	0.0153669	
417	0.02138053	0.0154179	
417.2	0.02127208	0.01546888	
417.4	0.02142883	0.01551984	
417.6	0.02160646	0.01557077	
417.8	0.02136503	0.01562169	
418	0.02170694	0.01567258	
418.2	0.02147185	0.01572346	
418.4	0.0209411	0.01577431	
418.6	0.02120555	0.01582514	
418.8	0.02114292	0.01587595	
419	0.02206196	0.01592674	
419.2	0.02318699	0.01597751	
419.4	0.02271359	0.01602826	
419.6	0.02250376	0.01607899	
419.8	0.02203557	0.0161297	
420	0.02183645	0.01618038	
420.2	0.02140001	0.01623105	
420.4	0.02207076	0.01628169	
420.6	0.02187501	0.01633232	
420.8	0.02209854	0.01638292	
421	0.02176295	0.0164335	
421.2	0.02264262	0.01648406	
421.4	0.02250003	0.0165346	
421.6	0.0221457	0.01658512	
421.8	0.02176742	0.01663562	
422	0.02201082	0.0166861	
422.2	0.02195421	0.01673656	
422.4	0.02221889	0.01678699	
422.6	0.0223453	0.01683741	
422.8	0.02290918	0.0168878	
423	0.02333573	0.01693818	
423.2	0.02269534	0.01698853	
423.4	0.02221506	0.01703886	
423.6	0.02225571	0.01708918	
423.8	0.02322236	0.01713947	
424	0.0231764	0.01718974	
424.2	0.02329392	0.01723999	
424.4	0.0226563	0.01729022	
424.6	0.02134484	0.01734043	
424.8	0.02165337	0.01739061	
425	0.02206688	0.01744078	
425.2	0.02269586	0.01749093	
425.4	0.02265622	0.01754105	
425.6	0.02274232	0.01759116	
425.8	0.02333013	0.01764125	
426	0.02307646	0.01769131	
426.2	0.02347374	0.01774135	
426.4	0.02376876	0.01779138	
426.6	0.02380269	0.01784138	
426.8	0.02345104	0.01789136	
427	0.02301279	0.01794132	
427.2	0.02250164	0.01799126	
427.4	0.02271161	0.01804119	
427.6	0.02319285	0.01809108	
427.8	0.02387812	0.01814096	
428	0.02264546	0.01819082	
428.2	0.02278053	0.01824066	
428.4	0.02285436	0.01829048	
428.6	0.02386182	0.01834028	
428.8	0.02453788	0.01839005	
429	0.02478759	0.01843981	
429.2	0.02514454	0.01848955	
429.4	0.02608505	0.01853926	
429.6	0.02668953	0.01858896	
429.8	0.02709411	0.01863863	
430	0.02671493	0.01868829	
430.2	0.02697067	0.01873792	
430.4	0.02628011	0.01878753	
430.6	0.02521586	0.01883713	
430.8	0.02448282	0.0188867	
431	0.02447716	0.01893625	
431.2	0.02356561	0.01898578	
431.4	0.02328363	0.0190353	
431.6	0.02363549	0.01908479	
431.8	0.02412715	0.01913426	
432	0.02436691	0.01918371	
432.2	0.02530276	0.01923314	
432.4	0.02553584	0.01928255	
432.6	0.02547482	0.01933194	
432.8	0.02508905	0.01938131	
433	0.02555656	0.01943066	
433.2	0.02614708	0.01947998	
433.4	0.02636117	0.01952929	
433.6	0.02629491	0.01957858	
433.8	0.02622092	0.01962785	
434	0.02570689	0.0196771	
434.2	0.02492879	0.01972632	
434.4	0.02350384	0.01977553	
434.6	0.02396498	0.01982472	
434.8	0.02331326	0.01987388	
435	0.02302816	0.01992303	
435.2	0.02340532	0.01997216	
435.4	0.02347418	0.02002126	
435.6	0.02406519	0.02007035	
435.8	0.02467546	0.02011941	
436	0.02502292	0.02016846	
436.2	0.02559448	0.02021748	
436.4	0.02606963	0.02026649	
436.6	0.02628185	0.02031547	
436.8	0.0264473	0.02036444	
437	0.02690994	0.02041338	
437.2	0.02715692	0.02046231	
437.4	0.02725899	0.02051121	
437.6	0.02756571	0.0205601	
437.8	0.02781911	0.02060896	
438	0.02762571	0.02065781	
438.2	0.02743832	0.02070663	
438.4	0.02692988	0.02075543	
438.6	0.02747036	0.02080422	
438.8	0.02686146	0.02085298	
439	0.02696286	0.02090173	
439.2	0.02669884	0.02095045	
439.4	0.02651009	0.02099915	
439.6	0.02671733	0.02104784	
439.8	0.02650525	0.0210965	
440	0.02740745	0.02114514	
440.2	0.02711013	0.02119377	
440.4	0.02743982	0.02124237	
440.6	0.02768682	0.02129095	
440.8	0.02800251	0.02133952	
441	0.02743958	0.02138806	
441.2	0.02757924	0.02143659	
441.4	0.02724069	0.02148509	
441.6	0.02738582	0.02153357	
441.8	0.02680188	0.02158204	
442	0.02638273	0.02163048	
442.2	0.02710786	0.02167891	
442.4	0.02761013	0.02172731	
442.6	0.02777683	0.02177569	
442.8	0.02771582	0.02182406	
443	0.02814844	0.0218724	
443.2	0.02854822	0.02192073	
443.4	0.02875091	0.02196903	
443.6	0.02914897	0.02201732	
443.8	0.02887319	0.02206558	
444	0.02990311	0.02211383	
444.2	0.02982608	0.02216205	
444.4	0.03061707	0.02221026	
444.6	0.0308972	0.02225844	
444.8	0.03016846	0.02230661	
445	0.03011813	0.02235475	
445.2	0.03090368	0.02240288	
445.4	0.03082567	0.02245099	
445.6	0.03127457	0.02249907	
445.8	0.030684	0.02254714	
446	0.03153209	0.02259519	
446.2	0.03198547	0.02264322	
446.4	0.03134082	0.02269122	
446.6	0.03047767	0.02273921	
446.8	0.02963111	0.02278718	
447	0.03005919	0.02283513	
447.2	0.02963768	0.02288306	
447.4	0.02955423	0.02293096	
447.6	0.03022177	0.02297885	
447.8	0.03011872	0.02302672	
448	0.03004961	0.02307457	
448.2	0.03039409	0.0231224	
448.4	0.03009782	0.02317021	
448.6	0.0305545	0.02321801	
448.8	0.03061578	0.02326578	
449	0.03115491	0.02331353	
449.2	0.03106498	0.02336126	
449.4	0.03102155	0.02340897	
449.6	0.03093418	0.02345667	
449.8	0.03065706	0.02350434	
450	0.03087564	0.02355199	
450.2	0.03018102	0.02359963	
450.4	0.03026431	0.02364724	
450.6	0.02970895	0.02369483	
450.8	0.0295988	0.02374241	
451	0.03061261	0.02378997	
451.2	0.02991574	0.0238375	
451.4	0.02958215	0.02388502	
451.6	0.02955713	0.02393252	
451.8	0.02971317	0.02397999	
452	0.03009835	0.02402745	
452.2	0.03056106	0.02407489	
452.4	0.02963808	0.02412231	
452.6	0.0295737	0.02416971	
452.8	0.02955764	0.02421709	
453	0.02834736	0.02426445	
453.2	0.02848537	0.02431179	
453.4	0.02878378	0.02435911	
453.6	0.02931832	0.02440641	
453.8	0.0300845	0.02445369	
454	0.03015157	0.02450096	
454.2	0.02992411	0.0245482	
454.4	0.02989147	0.02459543	
454.6	0.0296415	0.02464263	
454.8	0.0302418	0.02468982	
455	0.03129306	0.02473698	
455.2	0.0300868	0.02478413	
455.4	0.03054936	0.02483126	
455.6	0.03155628	0.02487836	
455.8	0.0313799	0.02492545	
456	0.030579	0.02497252	
456.2	0.02963131	0.02501957	
456.4	0.02959453	0.0250666	
456.6	0.02912934	0.02511361	
456.8	0.02976734	0.0251606	
457	0.0286507	0.02520758	
457.2	0.03005888	0.02525453	
457.4	0.03029105	0.02530146	
457.6	0.03161046	0.02534838	
457.8	0.03178682	0.02539527	
458	0.0318126	0.02544215	
458.2	0.03251723	0.02548901	
458.4	0.03329085	0.02553584	
458.6	0.03431494	0.02558266	
458.8	0.03554764	0.02562946	
459	0.03625314	0.02567624	
459.2	0.03515454	0.025723	
459.4	0.03560626	0.02576974	
459.6	0.03533045	0.02581646	
459.8	0.03450512	0.02586317	
460	0.03308761	0.02590985	
460.2	0.03250304	0.02595651	
460.4	0.03322281	0.02600316	
460.6	0.03301716	0.02604979	
460.8	0.03261529	0.02609639	
461	0.03153561	0.02614298	
461.2	0.03293023	0.02618955	
461.4	0.03258015	0.0262361	
461.6	0.03415285	0.02628263	
461.8	0.03368083	0.02632914	
462	0.03414299	0.02637563	
462.2	0.03512782	0.0264221	
462.4	0.03524468	0.02646856	
462.6	0.03512096	0.02651499	
462.8	0.03570868	0.02656141	
463	0.03580501	0.0266078	
463.2	0.03484718	0.02665418	
463.4	0.03556895	0.02670054	
463.6	0.03492711	0.02674688	
463.8	0.03416583	0.0267932	
464	0.03362294	0.0268395	
464.2	0.03388795	0.02688578	
464.4	0.03482772	0.02693204	
464.6	0.03401849	0.02697829	
464.8	0.03321146	0.02702451	
465	0.03389257	0.02707072	
465.2	0.03473929	0.02711691	
465.4	0.03431341	0.02716307	
465.6	0.0349171	0.02720922	
465.8	0.03464814	0.02725535	
466	0.03512158	0.02730146	
466.2	0.03470411	0.02734756	
466.4	0.0344848	0.02739363	
466.6	0.03386016	0.02743968	
466.8	0.03419275	0.02748572	
467	0.03402787	0.02753174	
467.2	0.03344982	0.02757773	
467.4	0.03380469	0.02762371	
467.6	0.03394069	0.02766967	
467.8	0.03422591	0.02771561	
468	0.03438393	0.02776153	
468.2	0.03466158	0.02780744	
468.4	0.03505784	0.02785332	
468.6	0.03466217	0.02789919	
468.8	0.03496261	0.02794503	
469	0.03522657	0.02799086	
469.2	0.03499194	0.02803667	
469.4	0.03530662	0.02808246	
469.6	0.03543704	0.02812823	
469.8	0.03588701	0.02817398	
470	0.03584655	0.02821971	
470.2	0.03607291	0.02826543	
470.4	0.03582653	0.02831112	
470.6	0.03533515	0.0283568	
470.8	0.03540925	0.02840246	
471	0.03560693	0.0284481	
471.2	0.03614585	0.02849372	
471.4	0.03725415	0.02853932	
471.6	0.0373263	0.0285849	
471.8	0.0368493	0.02863047	
472	0.0365589	0.02867601	
472.2	0.03631027	0.02872154	
472.4	0.03594899	0.02876705	
472.6	0.03518352	0.02881254	
472.8	0.03426236	0.02885801	
473	0.03394535	0.02890346	
473.2	0.03335577	0.0289489	
473.4	0.03302513	0.02899431	
473.6	0.03276532	0.02903971	
473.8	0.03278106	0.02908508	
474	0.03255296	0.02913044	
474.2	0.03260753	0.02917578	
474.4	0.03218042	0.0292211	
474.6	0.03232909	0.02926641	
474.8	0.03338956	0.02931169	
475	0.0353099	0.02935696	
475.2	0.03624267	0.0294022	
475.4	0.03689085	0.02944743	
475.6	0.03632552	0.02949264	
475.8	0.03676824	0.02953783	
476	0.03747591	0.029583	
476.2	0.03798239	0.02962816	
476.4	0.03781023	0.02967329	
476.6	0.03772275	0.02971841	
476.8	0.03730848	0.02976351	
477	0.03659935	0.02980859	
477.2	0.03689444	0.02985365	
477.4	0.03675516	0.02989869	
477.6	0.03629485	0.02994372	
477.8	0.03570014	0.02998872	
478	0.03557501	0.03003371	
478.2	0.03551971	0.03007868	
478.4	0.03552824	0.03012363	
478.6	0.0352625	0.03016856	
478.8	0.03549955	0.03021347	
479	0.03566032	0.03025837	
479.2	0.0348865	0.03030324	
479.4	0.03435913	0.0303481	
479.6	0.03459413	0.03039294	
479.8	0.03498234	0.03043776	
480	0.03585013	0.03048256	
480.2	0.03512424	0.03052735	
480.4	0.03442649	0.03057211	
480.6	0.03458777	0.03061686	
480.8	0.03367806	0.03066159	
481	0.03382357	0.0307063	
481.2	0.03544714	0.03075099	
481.4	0.03517601	0.03079566	
481.6	0.03522647	0.03084032	
481.8	0.03651833	0.03088496	
482	0.03738581	0.03092958	
482.2	0.0376555	0.03097418	
482.4	0.0376516	0.03101876	
482.6	0.03804485	0.03106332	
482.8	0.03802938	0.03110787	
483	0.03958572	0.03115239	
483.2	0.04052458	0.0311969	
483.4	0.04097551	0.03124139	
483.6	0.04175124	0.03128586	
483.8	0.04191921	0.03133032	
484	0.04221046	0.03137475	
484.2	0.04052301	0.03141917	
484.4	0.04103379	0.03146357	
484.6	0.04105812	0.03150795	
484.8	0.04072019	0.03155231	
485	0.04108246	0.03159666	
485.2	0.04060914	0.03164098	
485.4	0.04007353	0.03168529	
485.6	0.04033692	0.03172958	
485.8	0.04086657	0.03177385	
486	0.04040759	0.0318181	
486.2	0.0392367	0.03186234	
486.4	0.03960397	0.03190655	
486.6	0.03959376	0.03195075	
486.8	0.03944418	0.03199493	
487	0.04046615	0.0320391	
487.2	0.04071797	0.03208324	
487.4	0.04108072	0.03212737	
487.6	0.04077901	0.03217147	
487.8	0.04084695	0.03221556	
488	0.04070703	0.03225963	
488.2	0.03986221	0.03230369	
488.4	0.03997825	0.03234772	
488.6	0.03999772	0.03239174	
488.8	0.03929723	0.03243574	
489	0.03909902	0.03247972	
489.2	0.03861933	0.03252368	
489.4	0.03945715	0.03256763	
489.6	0.03930506	0.03261155	
489.8	0.03878817	0.03265546	
490	0.03725116	0.03269935	
490.2	0.03583058	0.03274322	
490.4	0.03639601	0.03278708	
490.6	0.03615864	0.03283092	
490.8	0.03595661	0.03287473	
491	0.03624632	0.03291853	
491.2	0.03619191	0.03296232	
491.4	0.03620794	0.03300608	
491.6	0.03549132	0.03304983	
491.8	0.03629872	0.03309356	
492	0.03669767	0.03313727	
492.2	0.0375463	0.03318096	
492.4	0.0377165	0.03322463	
492.6	0.0384308	0.03326829	
492.8	0.03881682	0.03331193	
493	0.03959394	0.03335555	
493.2	0.03877967	0.03339915	
493.4	0.03896428	0.03344274	
493.6	0.03796128	0.0334863	
493.8	0.0366463	0.03352985	
494	0.03536878	0.03357338	
494.2	0.03529159	0.03361689	
494.4	0.03590691	0.03366039	
494.6	0.03562414	0.03370387	
494.8	0.03543997	0.03374733	
495	0.03615702	0.03379077	
495.2	0.03619743	0.03383419	
495.4	0.0369555	0.0338776	
495.6	0.03743371	0.03392099	
495.8	0.03844941	0.03396436	
496	0.0387118	0.03400771	
496.2	0.03999801	0.03405104	
496.4	0.03956461	0.03409436	
496.6	0.04045205	0.03413766	
496.8	0.04169699	0.03418094	
497	0.04142097	0.0342242	
497.2	0.04118752	0.03426745	
497.4	0.04191371	0.03431067	
497.6	0.04198013	0.03435388	
497.8	0.04103134	0.03439708	
498	0.04118552	0.03444025	
498.2	0.04102449	0.03448341	
498.4	0.0415991	0.03452655	
498.6	0.04148052	0.03456967	
498.8	0.04261275	0.03461277	
499	0.04323511	0.03465586	
499.2	0.042759	0.03469892	
499.4	0.04269682	0.03474197	
499.6	0.04184331	0.03478501	
499.8	0.04096576	0.03482802	
500	0.04098607	0.03487102	
500.2	0.04148611	0.034914	
500.4	0.0405763	0.03495696	
500.6	0.04211826	0.0349999	
500.8	0.04143895	0.03504283	
501	0.04066277	0.03508574	
501.2	0.04131376	0.03512863	
501.4	0.0413312	0.0351715	
501.6	0.04120055	0.03521436	
501.8	0.04081371	0.0352572	
502	0.04118446	0.03530002	
502.2	0.04101643	0.03534282	
502.4	0.04219019	0.03538561	
502.6	0.04302882	0.03542838	
502.8	0.04409974	0.03547113	
503	0.04435076	0.03551386	
503.2	0.04454777	0.03555657	
503.4	0.04326927	0.03559927	
503.6	0.04379699	0.03564195	
503.8	0.04400449	0.03568461	
504	0.04435047	0.03572726	
504.2	0.04439562	0.03576989	
504.4	0.04388948	0.0358125	
504.6	0.04399012	0.03585509	
504.8	0.04297594	0.03589766	
505	0.04268458	0.03594022	
505.2	0.04301979	0.03598276	
505.4	0.04268555	0.03602528	
505.6	0.04192742	0.03606779	
505.8	0.04091473	0.03611027	
506	0.04104747	0.03615274	
506.2	0.04131206	0.0361952	
506.4	0.04203502	0.03623763	
506.6	0.04227845	0.03628005	
506.8	0.04184648	0.03632245	
507	0.04200738	0.03636483	
507.2	0.0430505	0.0364072	
507.4	0.04316045	0.03644954	
507.6	0.04484607	0.03649187	
507.8	0.04466561	0.03653419	
508	0.04515224	0.03657648	
508.2	0.04518472	0.03661876	
508.4	0.04577364	0.03666102	
508.6	0.0452276	0.03670327	
508.8	0.04546494	0.03674549	
509	0.04408548	0.0367877	
509.2	0.04331164	0.03682989	
509.4	0.04255716	0.03687207	
509.6	0.04130575	0.03691422	
509.8	0.04119215	0.03695636	
510	0.04230995	0.03699848	
510.2	0.04152078	0.03704059	
510.4	0.04162045	0.03708267	
510.6	0.04112111	0.03712474	
510.8	0.04098146	0.0371668	
511	0.04174582	0.03720883	
511.2	0.04246761	0.03725085	
511.4	0.04204832	0.03729285	
511.6	0.04201044	0.03733484	
511.8	0.04240827	0.0373768	
512	0.04269447	0.03741875	
512.2	0.04226942	0.03746068	
512.4	0.04270514	0.0375026	
512.6	0.04155965	0.03754449	
512.8	0.0417952	0.03758637	
513	0.04092699	0.03762824	
513.2	0.04100811	0.03767008	
513.4	0.04174362	0.03771191	
513.6	0.04117727	0.03775372	
513.8	0.04178166	0.03779552	
514	0.04209173	0.03783729	
514.2	0.04219804	0.03787905	
514.4	0.04307598	0.0379208	
514.6	0.04315041	0.03796252	
514.8	0.04373427	0.03800423	
515	0.04371138	0.03804592	
515.2	0.04363	0.03808759	
515.4	0.04369832	0.03812925	
515.6	0.04437433	0.03817089	
515.8	0.04426905	0.03821251	
516	0.04347291	0.03825412	
516.2	0.04374882	0.03829571	
516.4	0.04410816	0.03833728	
516.6	0.04416745	0.03837883	
516.8	0.04487692	0.03842037	
517	0.04479144	0.03846189	
517.2	0.04400569	0.03850339	
517.4	0.04426953	0.03854488	
517.6	0.04406268	0.03858635	
517.8	0.04432953	0.0386278	
518	0.04453928	0.03866923	
518.2	0.04514298	0.03871065	
518.4	0.04448573	0.03875205	
518.6	0.04556211	0.03879343	
518.8	0.04524855	0.0388348	
519	0.04483311	0.03887615	
519.2	0.04514995	0.03891748	
519.4	0.04591555	0.0389588	
519.6	0.04595893	0.0390001	
519.8	0.04475295	0.03904138	
520	0.04437832	0.03908264	
520.2	0.04458992	0.03912389	
520.4	0.04455753	0.03916512	
520.6	0.04528986	0.03920634	
520.8	0.04539435	0.03924753	
521	0.04514375	0.03928871	
521.2	0.04562725	0.03932987	
521.4	0.04672421	0.03937102	
521.6	0.04682602	0.03941215	
521.8	0.04629217	0.03945326	
522	0.04699679	0.03949436	
522.2	0.04726904	0.03953543	
522.4	0.04667255	0.0395765	
522.6	0.04795253	0.03961754	
522.8	0.04772879	0.03965857	
523	0.04852385	0.03969958	
523.2	0.0484143	0.03974057	
523.4	0.04812136	0.03978155	
523.6	0.0473207	0.03982251	
523.8	0.04620565	0.03986345	
524	0.04630806	0.03990438	
524.2	0.04542096	0.03994529	
524.4	0.04555716	0.03998618	
524.6	0.04540344	0.04002706	
524.8	0.04476819	0.04006792	
525	0.04528909	0.04010876	
525.2	0.0458989	0.04014959	
525.4	0.04595538	0.0401904	
525.6	0.04614506	0.04023119	
525.8	0.04611043	0.04027196	
526	0.04724284	0.04031272	
526.2	0.04711882	0.04035346	
526.4	0.04740205	0.04039419	
526.6	0.04879558	0.0404349	
526.8	0.04923578	0.04047559	
527	0.05018723	0.04051626	
527.2	0.0501349	0.04055692	
527.4	0.05004746	0.04059756	
527.6	0.05049467	0.04063819	
527.8	0.05011681	0.04067879	
528	0.04995663	0.04071939	
528.2	0.04852418	0.04075996	
528.4	0.04850243	0.04080052	
528.6	0.04775226	0.04084106	
528.8	0.04686365	0.04088158	
529	0.04653031	0.04092209	
529.2	0.04622364	0.04096258	
529.4	0.04582847	0.04100306	
529.6	0.04585875	0.04104352	
529.8	0.04550627	0.04108396	
530	0.04573493	0.04112438	
530.2	0.04574312	0.04116479	
530.4	0.04614424	0.04120518	
530.6	0.04613499	0.04124556	
530.8	0.04572864	0.04128591	
531	0.04686022	0.04132626	
531.2	0.04664125	0.04136658	
531.4	0.04700332	0.04140689	
531.6	0.0467136	0.04144718	
531.8	0.04642594	0.04148746	
532	0.04667357	0.04152771	
532.2	0.04598608	0.04156796	
532.4	0.04647616	0.04160818	
532.6	0.04609981	0.04164839	
532.8	0.04635244	0.04168858	
533	0.04658519	0.04172876	
533.2	0.04661886	0.04176892	
533.4	0.04715628	0.04180906	
533.6	0.04785387	0.04184919	
533.8	0.0472793	0.0418893	
534	0.04706014	0.04192939	
534.2	0.04707619	0.04196947	
534.4	0.04752445	0.04200953	
534.6	0.04768305	0.04204957	
534.8	0.04814889	0.0420896	
535	0.04874781	0.04212961	
535.2	0.04883815	0.04216961	
535.4	0.04891125	0.04220959	
535.6	0.04840845	0.04224955	
535.8	0.04904008	0.04228949	
536	0.05008684	0.04232942	
536.2	0.0495855	0.04236933	
536.4	0.0500521	0.04240923	
536.6	0.04988977	0.04244911	
536.8	0.05007375	0.04248897	
537	0.04967457	0.04252882	
537.2	0.04934103	0.04256865	
537.4	0.04871628	0.04260846	
537.6	0.04790244	0.04264826	
537.8	0.04689208	0.04268804	
538	0.04643467	0.04272781	
538.2	0.04726641	0.04276756	
538.4	0.04770327	0.04280729	
538.6	0.0471845	0.04284701	
538.8	0.04686987	0.0428867	
539	0.04719134	0.04292639	
539.2	0.04764202	0.04296606	
539.4	0.04747087	0.04300571	
539.6	0.04821695	0.04304534	
539.8	0.04841903	0.04308496	
540	0.04847236	0.04312456	
540.2	0.04793388	0.04316415	
540.4	0.0483468	0.04320372	
540.6	0.04810709	0.04324327	
540.8	0.04874467	0.0432828	
541	0.04900696	0.04332233	
541.2	0.04878668	0.04336183	
541.4	0.04884563	0.04340132	
541.6	0.04979053	0.04344079	
541.8	0.04990621	0.04348024	
542	0.05081123	0.04351968	
542.2	0.05175766	0.04355911	
542.4	0.05181397	0.04359851	
542.6	0.05152913	0.0436379	
542.8	0.05238176	0.04367728	
543	0.05256158	0.04371664	
543.2	0.05275109	0.04375598	
543.4	0.05304679	0.04379531	
543.6	0.0526899	0.04383461	
543.8	0.05201349	0.04387391	
544	0.05073456	0.04391319	
544.2	0.05079191	0.04395245	
544.4	0.04979659	0.04399169	
544.6	0.04865653	0.04403092	
544.8	0.04866853	0.04407013	
545	0.04823665	0.04410933	
545.2	0.04806317	0.04414851	
545.4	0.04842148	0.04418768	
545.6	0.04841111	0.04422682	
545.8	0.04903095	0.04426596	
546	0.04894954	0.04430507	
546.2	0.04868001	0.04434417	
546.4	0.04885684	0.04438326	
546.6	0.04856749	0.04442232	
546.8	0.04907642	0.04446138	
547	0.049215	0.04450041	
547.2	0.04964545	0.04453943	
547.4	0.04936178	0.04457844	
547.6	0.04895033	0.04461742	
547.8	0.04866035	0.04465639	
548	0.04850568	0.04469535	
548.2	0.04865242	0.04473429	
548.4	0.04804772	0.04477321	
548.6	0.04901726	0.04481212	
548.8	0.04963898	0.04485101	
549	0.05052728	0.04488989	
549.2	0.05076915	0.04492875	
549.4	0.05093109	0.04496759	
549.6	0.05124031	0.04500642	
549.8	0.05149568	0.04504523	
550	0.05029392	0.04508403	
550.2	0.05051424	0.04512281	
550.4	0.05072529	0.04516157	
550.6	0.05048297	0.04520032	
550.8	0.05134182	0.04523905	
551	0.05150848	0.04527777	
551.2	0.05177931	0.04531647	
551.4	0.05164595	0.04535515	
551.6	0.05230295	0.04539382	
551.8	0.05214826	0.04543247	
552	0.05288609	0.04547111	
552.2	0.05278972	0.04550973	
552.4	0.05274408	0.04554833	
552.6	0.05350176	0.04558692	
552.8	0.05274496	0.04562549	
553	0.05239076	0.04566405	
553.2	0.05217683	0.04570259	
553.4	0.05128439	0.04574112	
553.6	0.05086793	0.04577963	
553.8	0.04988078	0.04581812	
554	0.05010123	0.0458566	
554.2	0.05103884	0.04589506	
554.4	0.0515502	0.04593351	
554.6	0.05179115	0.04597194	
554.8	0.05288614	0.04601035	
555	0.0527371	0.04604875	
555.2	0.05332509	0.04608714	
555.4	0.05309925	0.0461255	
555.6	0.05306094	0.04616385	
555.8	0.05251769	0.04620219	
556	0.05250412	0.04624051	
556.2	0.05155178	0.04627881	
556.4	0.05111864	0.0463171	
556.6	0.05105908	0.04635538	
556.8	0.0504508	0.04639363	
557	0.05012748	0.04643187	
557.2	0.05102165	0.0464701	
557.4	0.05090262	0.04650831	
557.6	0.05111454	0.0465465	
557.8	0.05161255	0.04658468	
558	0.05164166	0.04662284	
558.2	0.05201254	0.04666099	
558.4	0.05173854	0.04669912	
558.6	0.05136735	0.04673724	
558.8	0.05173998	0.04677534	
559	0.05124381	0.04681342	
559.2	0.05150104	0.04685149	
559.4	0.05211407	0.04688954	
559.6	0.0516587	0.04692758	
559.8	0.05194048	0.0469656	
560	0.05221772	0.04700361	
560.2	0.05204064	0.0470416	
560.4	0.05240748	0.04707957	
560.6	0.05259493	0.04711753	
560.8	0.05339169	0.04715548	
561	0.05407837	0.0471934	
561.2	0.05428644	0.04723132	
561.4	0.05416724	0.04726921	
561.6	0.05319552	0.0473071	
561.8	0.05143864	0.04734496	
562	0.05060637	0.04738281	
562.2	0.05031556	0.04742065	
562.4	0.04975468	0.04745846	
562.6	0.04921765	0.04749627	
562.8	0.04940315	0.04753406	
563	0.04936322	0.04757183	
563.2	0.04971185	0.04760958	
563.4	0.0502716	0.04764733	
563.6	0.05051705	0.04768505	
563.8	0.05113472	0.04772276	
564	0.05120433	0.04776046	
564.2	0.05158755	0.04779814	
564.4	0.05143525	0.0478358	
564.6	0.05187739	0.04787345	
564.8	0.05223271	0.04791108	
565	0.05200619	0.0479487	
565.2	0.05068326	0.0479863	
565.4	0.05099021	0.04802389	
565.6	0.05035573	0.04806146	
565.8	0.0496798	0.04809901	
566	0.0504656	0.04813655	
566.2	0.05052032	0.04817408	
566.4	0.05055786	0.04821159	
566.6	0.05046761	0.04824908	
566.8	0.05086758	0.04828656	
567	0.05168497	0.04832402	
567.2	0.05233313	0.04836147	
567.4	0.05323031	0.0483989	
567.6	0.05418672	0.04843632	
567.8	0.05366405	0.04847372	
568	0.0538614	0.0485111	
568.2	0.05389402	0.04854847	
568.4	0.05261967	0.04858583	
568.6	0.05278703	0.04862317	
568.8	0.0525981	0.04866049	
569	0.05223973	0.0486978	
569.2	0.05140382	0.0487351	
569.4	0.05167736	0.04877238	
569.6	0.05137851	0.04880964	
569.8	0.05132641	0.04884689	
570	0.05125296	0.04888412	
570.2	0.0519495	0.04892134	
570.4	0.05192553	0.04895854	
570.6	0.05285038	0.04899572	
570.8	0.05337962	0.0490329	
571	0.05429275	0.04907005	
571.2	0.05375621	0.04910719	
571.4	0.05359627	0.04914432	
571.6	0.05368575	0.04918143	
571.8	0.05283559	0.04921852	
572	0.05296507	0.0492556	
572.2	0.05235703	0.04929267	
572.4	0.05209285	0.04932972	
572.6	0.05285845	0.04936675	
572.8	0.05285862	0.04940377	
573	0.05261987	0.04944077	
573.2	0.05253041	0.04947776	
573.4	0.05298779	0.04951473	
573.6	0.05373856	0.04955169	
573.8	0.05476825	0.04958863	
574	0.05524143	0.04962556	
574.2	0.05597058	0.04966247	
574.4	0.05635851	0.04969937	
574.6	0.05630531	0.04973625	
574.8	0.05504216	0.04977312	
575	0.05538103	0.04980997	
575.2	0.05445707	0.04984681	
575.4	0.05510858	0.04988363	
575.6	0.05579075	0.04992043	
575.8	0.05581791	0.04995723	
576	0.0558355	0.049994	
576.2	0.05526003	0.05003076	
576.4	0.05516715	0.05006751	
576.6	0.05490188	0.05010424	
576.8	0.05520257	0.05014095	
577	0.05522425	0.05017765	
577.2	0.05486364	0.05021434	
577.4	0.05479622	0.05025101	
577.6	0.05535231	0.05028766	
577.8	0.05570327	0.0503243	
578	0.05507886	0.05036093	
578.2	0.05488577	0.05039754	
578.4	0.05497945	0.05043413	
578.6	0.05447908	0.05047071	
578.8	0.05405902	0.05050728	
579	0.05486513	0.05054383	
579.2	0.05449548	0.05058036	
579.4	0.05550827	0.05061688	
579.6	0.05613706	0.05065339	
579.8	0.05552926	0.05068988	
580	0.05480432	0.05072635	
580.2	0.05459462	0.05076281	
580.4	0.05475829	0.05079926	
580.6	0.05477495	0.05083569	
580.8	0.05510974	0.0508721	
581	0.05407696	0.0509085	
581.2	0.0535847	0.05094488	
581.4	0.05386382	0.05098125	
581.6	0.05465355	0.05101761	
581.8	0.05525155	0.05105395	
582	0.05497557	0.05109027	
582.2	0.0547389	0.05112658	
582.4	0.05411248	0.05116288	
582.6	0.05368886	0.05119916	
582.8	0.05350014	0.05123542	
583	0.05316305	0.05127167	
583.2	0.05323043	0.05130791	
583.4	0.05365336	0.05134413	
583.6	0.05340566	0.05138034	
583.8	0.05399878	0.05141653	
584	0.05485979	0.0514527	
584.2	0.0555486	0.05148886	
584.4	0.05582735	0.05152501	
584.6	0.05624063	0.05156114	
584.8	0.05664587	0.05159726	
585	0.05627917	0.05163336	
585.2	0.05690787	0.05166945	
585.4	0.05710489	0.05170552	
585.6	0.05737178	0.05174157	
585.8	0.05731149	0.05177762	
586	0.0564401	0.05181364	
586.2	0.05570828	0.05184966	
586.4	0.05546934	0.05188565	
586.6	0.05571524	0.05192164	
586.8	0.05500074	0.0519576	
587	0.0550068	0.05199356	
587.2	0.05499756	0.0520295	
587.4	0.05471602	0.05206542	
587.6	0.0552466	0.05210133	
587.8	0.05583297	0.05213722	
588	0.05654003	0.0521731	
588.2	0.05650927	0.05220897	
588.4	0.05601788	0.05224482	
588.6	0.05599514	0.05228065	
588.8	0.05594078	0.05231647	
589	0.05547105	0.05235228	
589.2	0.05609151	0.05238807	
589.4	0.05620539	0.05242385	
589.6	0.05627559	0.05245961	
589.8	0.05604424	0.05249535	
590	0.05658843	0.05253109	
590.2	0.05663646	0.0525668	
590.4	0.05645265	0.05260251	
590.6	0.05680449	0.0526382	
590.8	0.05647317	0.05267387	
591	0.05727735	0.05270953	
591.2	0.05680034	0.05274517	
591.4	0.05663612	0.0527808	
591.6	0.05702006	0.05281642	
591.8	0.05700832	0.05285202	
592	0.05730349	0.0528876	
592.2	0.05596501	0.05292317	
592.4	0.05566613	0.05295873	
592.6	0.05477925	0.05299427	
592.8	0.05433828	0.0530298	
593	0.05372096	0.05306531	
593.2	0.0536667	0.05310081	
593.4	0.05373406	0.05313629	
593.6	0.05406324	0.05317176	
593.8	0.05481596	0.05320721	
594	0.05528337	0.05324265	
594.2	0.0543417	0.05327808	
594.4	0.05497061	0.05331349	
594.6	0.05524849	0.05334888	
594.8	0.05573632	0.05338427	
595	0.05575077	0.05341963	
595.2	0.05640314	0.05345498	
595.4	0.05686272	0.05349032	
595.6	0.05736252	0.05352564	
595.8	0.05787222	0.05356095	
596	0.05730849	0.05359625	
596.2	0.05687386	0.05363153	
596.4	0.0573525	0.05366679	
596.6	0.05594428	0.05370204	
596.8	0.05630735	0.05373728	
597	0.05702159	0.0537725	
597.2	0.05825144	0.05380771	
597.4	0.05870551	0.0538429	
597.6	0.05914292	0.05387808	
597.8	0.0598245	0.05391324	
598	0.05842537	0.05394839	
598.2	0.05774569	0.05398352	
598.4	0.05805069	0.05401864	
598.6	0.05730963	0.05405375	
598.8	0.05721392	0.05408884	
599	0.05673557	0.05412392	
599.2	0.05621324	0.05415898	
599.4	0.05577784	0.05419403	
599.6	0.05454481	0.05422906	
599.8	0.05480743	0.05426408	
600	0.05442647	0.05429909	
600.2	0.05392788	0.05433408	
600.4	0.05448164	0.05436905	
600.6	0.05465354	0.05440402	
600.8	0.05529967	0.05443896	
601	0.05666396	0.0544739	
601.2	0.05679694	0.05450881	
601.4	0.0567261	0.05454372	
601.6	0.05747056	0.05457861	
601.8	0.05771597	0.05461348	
602	0.05759449	0.05464835	
602.2	0.05806687	0.05468319	
602.4	0.05788391	0.05471802	
602.6	0.05805493	0.05475284	
602.8	0.05767591	0.05478765	
603	0.05719727	0.05482244	
603.2	0.05607048	0.05485721	
603.4	0.05603604	0.05489197	
603.6	0.05600095	0.05492672	
603.8	0.05629849	0.05496145	
604	0.05584806	0.05499617	
604.2	0.05597761	0.05503087	
604.4	0.05595307	0.05506556	
604.6	0.05589226	0.05510024	
604.8	0.05552895	0.0551349	
605	0.05658231	0.05516955	
605.2	0.05596399	0.05520418	
605.4	0.05601473	0.0552388	
605.6	0.05622035	0.0552734	
605.8	0.0565165	0.05530799	
606	0.05717113	0.05534257	
606.2	0.05730663	0.05537713	
606.4	0.05707815	0.05541168	
606.6	0.05795185	0.05544621	
606.8	0.05775873	0.05548073	
607	0.05790673	0.05551523	
607.2	0.05926966	0.05554972	
607.4	0.06002808	0.0555842	
607.6	0.0605712	0.05561866	
607.8	0.06014268	0.05565311	
608	0.06109921	0.05568754	
608.2	0.0606293	0.05572196	
608.4	0.06004678	0.05575637	
608.6	0.06043057	0.05579076	
608.8	0.06078669	0.05582513	
609	0.06084459	0.0558595	
609.2	0.06002391	0.05589385	
609.4	0.05948202	0.05592818	
609.6	0.06017925	0.0559625	
609.8	0.06109822	0.05599681	
610	0.06084842	0.0560311	
610.2	0.06055039	0.05606538	
610.4	0.05994202	0.05609964	
610.6	0.05982016	0.05613389	
610.8	0.05867542	0.05616813	
611	0.05826438	0.05620235	
611.2	0.05905704	0.05623656	
611.4	0.05798365	0.05627075	
611.6	0.05713692	0.05630493	
611.8	0.05678236	0.0563391	
612	0.05630442	0.05637325	
612.2	0.05540211	0.05640739	
612.4	0.05564027	0.05644151	
612.6	0.05593942	0.05647562	
612.8	0.05666357	0.05650972	
613	0.05745312	0.0565438	
613.2	0.05807846	0.05657786	
613.4	0.05895516	0.05661192	
613.6	0.06083171	0.05664596	
613.8	0.06156312	0.05667998	
614	0.06207	0.05671399	
614.2	0.06262294	0.05674799	
614.4	0.06252893	0.05678198	
614.6	0.062966	0.05681594	
614.8	0.06317234	0.0568499	
615	0.06386982	0.05688384	
615.2	0.06519992	0.05691777	
615.4	0.06415896	0.05695168	
615.6	0.06351933	0.05698558	
615.8	0.06248317	0.05701947	
616	0.06131306	0.05705334	
616.2	0.06035031	0.0570872	
616.4	0.05979998	0.05712104	
616.6	0.05944359	0.05715487	
616.8	0.05900675	0.05718869	
617	0.05916172	0.05722249	
617.2	0.05899614	0.05725628	
617.4	0.05997277	0.05729005	
617.6	0.06025823	0.05732381	
617.8	0.06106758	0.05735756	
618	0.06200104	0.05739129	
618.2	0.06196362	0.05742501	
618.4	0.06211444	0.05745872	
618.6	0.06253038	0.05749241	
618.8	0.06256429	0.05752609	
619	0.06240644	0.05755975	
619.2	0.06252681	0.0575934	
619.4	0.06192854	0.05762704	
619.6	0.06187111	0.05766066	
619.8	0.06119133	0.05769427	
620	0.06107842	0.05772786	
620.2	0.06083853	0.05776144	
620.4	0.06069783	0.05779501	
620.6	0.06053138	0.05782856	
620.8	0.06046605	0.0578621	
621	0.0608476	0.05789562	
621.2	0.06067681	0.05792914	
621.4	0.06120516	0.05796263	
621.6	0.06085619	0.05799612	
621.8	0.06135685	0.05802959	
622	0.06127726	0.05806304	
622.2	0.06070751	0.05809649	
622.4	0.06019054	0.05812992	
622.6	0.06015812	0.05816333	
622.8	0.06113774	0.05819673	
623	0.06069091	0.05823012	
623.2	0.06104329	0.05826349	
623.4	0.06102263	0.05829685	
623.6	0.06145513	0.0583302	
623.8	0.06130566	0.05836353	
624	0.06132697	0.05839685	
624.2	0.06128666	0.05843016	
624.4	0.06134783	0.05846345	
624.6	0.06133754	0.05849673	
624.8	0.06035896	0.05852999	
625	0.05998554	0.05856324	
625.2	0.05928706	0.05859648	
625.4	0.06003173	0.0586297	
625.6	0.06013099	0.05866291	
625.8	0.06037488	0.05869611	
626	0.06004743	0.05872929	
626.2	0.05970324	0.05876246	
626.4	0.06006697	0.05879562	
626.6	0.06042207	0.05882876	
626.8	0.06084659	0.05886189	
627	0.06091276	0.058895	
627.2	0.06157021	0.0589281	
627.4	0.06205252	0.05896119	
627.6	0.06301664	0.05899426	
627.8	0.06285663	0.05902732	
628	0.06308998	0.05906037	
628.2	0.06297397	0.0590934	
628.4	0.06342659	0.05912642	
628.6	0.06318478	0.05915942	
628.8	0.06245535	0.05919242	
629	0.06294302	0.05922539	
629.2	0.0631276	0.05925836	
629.4	0.06409117	0.05929131	
629.6	0.06382186	0.05932425	
629.8	0.06373661	0.05935717	
630	0.06394897	0.05939008	
630.2	0.06318961	0.05942298	
630.4	0.0626369	0.05945586	
630.6	0.06219084	0.05948873	
630.8	0.0624473	0.05952159	
631	0.06310432	0.05955443	
631.2	0.06247795	0.05958726	
631.4	0.06319793	0.05962008	
631.6	0.0625831	0.05965288	
631.8	0.0614948	0.05968567	
632	0.06094893	0.05971844	
632.2	0.06130469	0.05975121	
632.4	0.06194767	0.05978395	
632.6	0.06151099	0.05981669	
632.8	0.06226059	0.05984941	
633	0.06317139	0.05988212	
633.2	0.06396086	0.05991481	
633.4	0.06461478	0.0599475	
633.6	0.06421094	0.05998016	
633.8	0.06455692	0.06001282	
634	0.06524274	0.06004546	
634.2	0.06402576	0.06007809	
634.4	0.06374796	0.0601107	
634.6	0.0638896	0.0601433	
634.8	0.06408845	0.06017589	
635	0.06492178	0.06020846	
635.2	0.06428963	0.06024102	
635.4	0.06403566	0.06027357	
635.6	0.06245567	0.0603061	
635.8	0.06184319	0.06033862	
636	0.06130717	0.06037113	
636.2	0.06209576	0.06040362	
636.4	0.0622132	0.0604361	
636.6	0.06223271	0.06046857	
636.8	0.0633878	0.06050103	
637	0.06359015	0.06053347	
637.2	0.06355537	0.06056589	
637.4	0.06337425	0.06059831	
637.6	0.06327631	0.06063071	
637.8	0.06336973	0.06066309	
638	0.06375902	0.06069547	
638.2	0.0637496	0.06072783	
638.4	0.0636352	0.06076017	
638.6	0.06426423	0.06079251	
638.8	0.06470965	0.06082483	
639	0.06501945	0.06085713	
639.2	0.06351818	0.06088943	
639.4	0.0634437	0.06092171	
639.6	0.06250242	0.06095398	
639.8	0.06193885	0.06098623	
640	0.06175612	0.06101847	
640.2	0.0621688	0.0610507	
640.4	0.06271076	0.06108291	
640.6	0.06307583	0.06111511	
640.8	0.06263881	0.0611473	
641	0.06242074	0.06117948	
641.2	0.06191903	0.06121164	
641.4	0.06209256	0.06124378	
641.6	0.06225532	0.06127592	
641.8	0.06229713	0.06130804	
642	0.06319576	0.06134015	
642.2	0.06353258	0.06137224	
642.4	0.06336248	0.06140433	
642.6	0.06334925	0.06143639	
642.8	0.06376012	0.06146845	
643	0.06319371	0.06150049	
643.2	0.0633912	0.06153252	
643.4	0.06409523	0.06156454	
643.6	0.06395618	0.06159654	
643.8	0.06397833	0.06162853	
644	0.06369726	0.06166051	
644.2	0.06362256	0.06169247	
644.4	0.06347079	0.06172442	
644.6	0.06349186	0.06175636	
644.8	0.063225	0.06178828	
645	0.06364376	0.06182019	
645.2	0.06431472	0.06185209	
645.4	0.06484332	0.06188398	
645.6	0.0637172	0.06191585	
645.8	0.06492	0.06194771	
646	0.06480591	0.06197955	
646.2	0.0636784	0.06201138	
646.4	0.06385184	0.0620432	
646.6	0.06357589	0.06207501	
646.8	0.06343812	0.0621068	
647	0.06346129	0.06213858	
647.2	0.06480363	0.06217035	
647.4	0.06447775	0.0622021	
647.6	0.06494857	0.06223384	
647.8	0.06473784	0.06226557	
648	0.06553533	0.06229728	
648.2	0.06642758	0.06232899	
648.4	0.06714019	0.06236067	
648.6	0.06813057	0.06239235	
648.8	0.06854665	0.06242401	
649	0.06836797	0.06245566	
649.2	0.06794936	0.0624873	
649.4	0.06691773	0.06251892	
649.6	0.06560326	0.06255053	
649.8	0.06615458	0.06258213	
650	0.06403047	0.06261371	
650.2	0.06339406	0.06264529	
650.4	0.06333138	0.06267684	
650.6	0.06262531	0.06270839	
650.8	0.06208968	0.06273992	
651	0.06211469	0.06277144	
651.2	0.06210751	0.06280295	
651.4	0.06234634	0.06283444	
651.6	0.06350177	0.06286592	
651.8	0.0641272	0.06289739	
652	0.06562528	0.06292884	
652.2	0.06568985	0.06296029	
652.4	0.06641043	0.06299172	
652.6	0.06710735	0.06302313	
652.8	0.06709652	0.06305453	
653	0.06666888	0.06308592	
653.2	0.06651319	0.0631173	
653.4	0.06649454	0.06314867	
653.6	0.06603054	0.06318002	
653.8	0.06584342	0.06321136	
654	0.066085	0.06324268	
654.2	0.06695072	0.06327399	
654.4	0.06660916	0.06330529	
654.6	0.06685553	0.06333658	
654.8	0.067096	0.06336786	
655	0.06675427	0.06339912	
655.2	0.06745256	0.06343037	
655.4	0.0681834	0.0634616	
655.6	0.06805501	0.06349282	
655.8	0.06750468	0.06352403	
656	0.06883099	0.06355523	
656.2	0.06835324	0.06358642	
656.4	0.06914427	0.06361759	
656.6	0.0694895	0.06364875	
656.8	0.06819355	0.06367989	
657	0.06776882	0.06371102	
657.2	0.06802727	0.06374214	
657.4	0.06757943	0.06377325	
657.6	0.06763725	0.06380435	
657.8	0.06738005	0.06383543	
658	0.06708294	0.0638665	
658.2	0.06634508	0.06389755	
658.4	0.06566534	0.0639286	
658.6	0.06558299	0.06395963	
658.8	0.0652663	0.06399065	
659	0.0648927	0.06402165	
659.2	0.06502704	0.06405264	
659.4	0.06476252	0.06408362	
659.6	0.06452431	0.06411459	
659.8	0.06478049	0.06414554	
660	0.07271038	0.06417649	
660.2	0.071983	0.06417364	
660.4	0.07133736	0.06417079	
660.6	0.07023709	0.06416794	
660.8	0.06936187	0.06416509	
661	0.06881375	0.06416224	
661.2	0.06840229	0.06415939	
661.4	0.06839637	0.06415654	
661.6	0.06842605	0.0641537	
661.8	0.06895582	0.06415085	
662	0.06900378	0.064148	
662.2	0.06934959	0.06414515	
662.4	0.06967053	0.0641423	
662.6	0.06973649	0.06413946	
662.8	0.06950153	0.06413661	
663	0.06970417	0.06413376	
663.2	0.07040878	0.06413091	
663.4	0.06992422	0.06412807	
663.6	0.06882422	0.06412522	
663.8	0.06814666	0.06412237	
664	0.06809326	0.06411953	
664.2	0.06720701	0.06411668	
664.4	0.06667762	0.06411383	
664.6	0.06582639	0.06411099	
664.8	0.06584317	0.06410814	
665	0.06556999	0.06410529	
665.2	0.06526532	0.06410245	
665.4	0.06547661	0.0640996	
665.6	0.06475147	0.06409676	
665.8	0.06403486	0.06409391	
666	0.06332126	0.06409106	
666.2	0.06342399	0.06408822	
666.4	0.06370706	0.06408537	
666.6	0.06374011	0.06408253	
666.8	0.0636378	0.06407968	
667	0.06347353	0.06407684	
667.2	0.06333411	0.06407399	
667.4	0.06283094	0.06407115	
667.6	0.062548	0.06406831	
667.8	0.06296317	0.06406546	
668	0.06408656	0.06406262	
668.2	0.06353394	0.06405977	
668.4	0.06429787	0.06405693	
668.6	0.06439856	0.06405408	
668.8	0.06477958	0.06405124	
669	0.06419709	0.0640484	
669.2	0.06437384	0.06404555	
669.4	0.06487461	0.06404271	
669.6	0.0646807	0.06403987	
669.8	0.06446941	0.06403702	
670	0.06481469	0.06403418	
670.2	0.0649987	0.06403134	
670.4	0.06551882	0.06402849	
670.6	0.06530814	0.06402565	
670.8	0.06542851	0.06402281	
671	0.06606686	0.06401997	
671.2	0.06676516	0.06401713	
671.4	0.0671307	0.06401428	
671.6	0.067622	0.06401144	
671.8	0.06756115	0.0640086	
672	0.06731621	0.06400576	
672.2	0.0667687	0.06400292	
672.4	0.06669712	0.06400007	
672.6	0.065486	0.06399723	
672.8	0.06511272	0.06399439	
673	0.06469565	0.06399155	
673.2	0.06492499	0.06398871	
673.4	0.06514136	0.06398587	
673.6	0.06493158	0.06398303	
673.8	0.06426646	0.06398019	
674	0.06469085	0.06397735	
674.2	0.06503996	0.06397451	
674.4	0.06521201	0.06397167	
674.6	0.0654377	0.06396883	
674.8	0.06591253	0.06396599	
675	0.06597035	0.06396315	
675.2	0.06600915	0.06396031	
675.4	0.06652253	0.06395747	
675.6	0.0659275	0.06395463	
675.8	0.06538781	0.06395179	
676	0.064329	0.06394895	
676.2	0.06493102	0.06394611	
676.4	0.06407972	0.06394327	
676.6	0.06290404	0.06394043	
676.8	0.06355285	0.06393759	
677	0.06386794	0.06393475	
677.2	0.06436109	0.06393192	
677.4	0.06527315	0.06392908	
677.6	0.06585875	0.06392624	
677.8	0.06653716	0.0639234	
678	0.06726927	0.06392056	
678.2	0.06633314	0.06391773	
678.4	0.06574431	0.06391489	
678.6	0.065909	0.06391205	
678.8	0.06562561	0.06390921	
679	0.06521711	0.06390638	
679.2	0.06520616	0.06390354	
679.4	0.06449787	0.0639007	
679.6	0.06402166	0.06389786	
679.8	0.06380564	0.06389503	
680	0.06304301	0.06389219	
680.2	0.06412029	0.06388935	
680.4	0.06260893	0.06388652	
680.6	0.0620516	0.06388368	
680.8	0.06252987	0.06388084	
681	0.06297463	0.06387801	
681.2	0.06296009	0.06387517	
681.4	0.06349716	0.06387234	
681.6	0.06350559	0.0638695	
681.8	0.06399317	0.06386667	
682	0.06436783	0.06386383	
682.2	0.06364435	0.06386099	
682.4	0.06352949	0.06385816	
682.6	0.06367615	0.06385532	
682.8	0.06338591	0.06385249	
683	0.06296603	0.06384965	
683.2	0.06237733	0.06384682	
683.4	0.06275468	0.06384399	
683.6	0.06328071	0.06384115	
683.8	0.06246125	0.06383832	
684	0.06188562	0.06383548	
684.2	0.06229451	0.06383265	
684.4	0.06141637	0.06382981	
684.6	0.06221298	0.06382698	
684.8	0.06251005	0.06382415	
685	0.06323098	0.06382131	
685.2	0.06353357	0.06381848	
685.4	0.06452095	0.06381565	
685.6	0.06444291	0.06381281	
685.8	0.065746	0.06380998	
686	0.06647994	0.06380715	
686.2	0.065811	0.06380431	
686.4	0.06597544	0.06380148	
686.6	0.06679096	0.06379865	
686.8	0.0665814	0.06379582	
687	0.06592461	0.06379298	
687.2	0.06522052	0.06379015	
687.4	0.06537604	0.06378732	
687.6	0.06488775	0.06378449	
687.8	0.06344965	0.06378166	
688	0.06180204	0.06377882	
688.2	0.06217264	0.06377599	
688.4	0.06203136	0.06377316	
688.6	0.06264028	0.06377033	
688.8	0.06204428	0.0637675	
689	0.06261321	0.06376467	
689.2	0.06235108	0.06376184	
689.4	0.06249388	0.06375901	
689.6	0.06228639	0.06375618	
689.8	0.06282847	0.06375335	
690	0.06313239	0.06375051	
690.2	0.0624293	0.06374768	
690.4	0.06276226	0.06374485	
690.6	0.06348618	0.06374202	
690.8	0.06284162	0.06373919	
691	0.06347286	0.06373636	
691.2	0.06293553	0.06373353	
691.4	0.06338414	0.06373071	
691.6	0.06287252	0.06372788	
691.8	0.06239365	0.06372505	
692	0.06240556	0.06372222	
692.2	0.06377287	0.06371939	
692.4	0.06356863	0.06371656	
692.6	0.06375265	0.06371373	
692.8	0.06413463	0.0637109	
693	0.064884	0.06370807	
693.2	0.06505806	0.06370525	
693.4	0.06537032	0.06370242	
693.6	0.06568973	0.06369959	
693.8	0.06563344	0.06369676	
694	0.06524588	0.06369393	
694.2	0.06500747	0.0636911	
694.4	0.06522144	0.06368828	
694.6	0.0657728	0.06368545	
694.8	0.06535138	0.06368262	
695	0.06574221	0.06367979	
695.2	0.06411856	0.06367697	
695.4	0.06391834	0.06367414	
695.6	0.06293505	0.06367131	
695.8	0.06355919	0.06366849	
696	0.06374421	0.06366566	
696.2	0.06347492	0.06366283	
696.4	0.06287852	0.06366001	
696.6	0.06381784	0.06365718	
696.8	0.06453082	0.06365435	
697	0.06465718	0.06365153	
697.2	0.06425356	0.0636487	
697.4	0.06401343	0.06364588	
697.6	0.06437313	0.06364305	
697.8	0.06419592	0.06364023	
698	0.06338391	0.0636374	
698.2	0.06434406	0.06363458	
698.4	0.06438797	0.06363175	
698.6	0.06467891	0.06362893	
698.8	0.06386109	0.0636261	
699	0.06397702	0.06362328	
699.2	0.06346115	0.06362045	
699.4	0.06347599	0.06361763	
699.6	0.06302255	0.0636148	
699.8	0.06350177	0.06361198	
700	0.06315476	0.06360915	
700.2	0.06244405	0.06360633	
700.4	0.06254326	0.06360351	
700.6	0.06215252	0.06360068	
700.8	0.0613419	0.06359786	
701	0.06124791	0.06359503	
701.2	0.06095906	0.06359221	
701.4	0.06211519	0.06358939	
701.6	0.06256447	0.06358656	
701.8	0.06241007	0.06358374	
702	0.06221749	0.06358092	
702.2	0.06324283	0.0635781	
702.4	0.06268087	0.06357527	
702.6	0.06266824	0.06357245	
702.8	0.06262693	0.06356963	
703	0.06440511	0.06356681	
703.2	0.064362	0.06356398	
703.4	0.06416614	0.06356116	
703.6	0.06389343	0.06355834	
703.8	0.06382358	0.06355552	
704	0.06292262	0.0635527	
704.2	0.06262361	0.06354988	
704.4	0.06229567	0.06354705	
704.6	0.06141687	0.06354423	
704.8	0.06154403	0.06354141	
705	0.06149156	0.06353859	
705.2	0.0613318	0.06353577	
705.4	0.06134783	0.06353295	
705.6	0.0604196	0.06353013	
705.8	0.05932647	0.06352731	
706	0.05963334	0.06352449	
706.2	0.06016575	0.06352167	
706.4	0.06064152	0.06351885	
706.6	0.06165086	0.06351603	
706.8	0.0620888	0.06351321	
707	0.06297004	0.06351039	
707.2	0.06325646	0.06350757	
707.4	0.06368929	0.06350475	
707.6	0.06405119	0.06350193	
707.8	0.06362026	0.06349911	
708	0.063419	0.06349629	
708.2	0.06320346	0.06349347	
708.4	0.06319769	0.06349065	
708.6	0.06280904	0.06348783	
708.8	0.06232415	0.06348501	
709	0.06184194	0.0634822	
709.2	0.06218904	0.06347938	
709.4	0.06220775	0.06347656	
709.6	0.06194965	0.06347374	
709.8	0.0619301	0.06347092	
710	0.06273687	0.06346811	
710.2	0.06325513	0.06346529	
710.4	0.06503353	0.06346247	
710.6	0.06572692	0.06345965	
710.8	0.06541479	0.06345684	
711	0.06621484	0.06345402	
711.2	0.06705646	0.0634512	
711.4	0.06659751	0.06344838	
711.6	0.06599988	0.06344557	
711.8	0.06572262	0.06344275	
712	0.06551893	0.06343993	
712.2	0.06453652	0.06343712	
712.4	0.06379312	0.0634343	
712.6	0.06339927	0.06343148	
712.8	0.06323283	0.06342867	
713	0.06308066	0.06342585	
713.2	0.06347618	0.06342304	
713.4	0.06273734	0.06342022	
713.6	0.06247195	0.06341741	
713.8	0.06217164	0.06341459	
714	0.06242732	0.06341177	
714.2	0.06345339	0.06340896	
714.4	0.06387558	0.06340614	
714.6	0.06344985	0.06340333	
714.8	0.06280847	0.06340051	
715	0.06290202	0.0633977	
715.2	0.06317151	0.06339488	
715.4	0.06160303	0.06339207	
715.6	0.06033103	0.06338926	
715.8	0.05982187	0.06338644	
716	0.05952574	0.06338363	
716.2	0.05852723	0.06338081	
716.4	0.05871289	0.063378	
716.6	0.05940163	0.06337519	
716.8	0.05904973	0.06337237	
717	0.05872095	0.06336956	
717.2	0.05942438	0.06336674	
717.4	0.06015559	0.06336393	
717.6	0.06062223	0.06336112	
717.8	0.06107481	0.06335831	
718	0.06127278	0.06335549	
718.2	0.06147849	0.06335268	
718.4	0.06099597	0.06334987	
718.6	0.0610134	0.06334705	
718.8	0.06145534	0.06334424	
719	0.06103666	0.06334143	
719.2	0.06101124	0.06333862	
719.4	0.05945373	0.06333581	
719.6	0.05936501	0.06333299	
719.8	0.05979343	0.06333018	
720	0.06042752	0.06332737	
720.2	0.06002313	0.06332456	
720.4	0.06046774	0.06332175	
720.6	0.06023179	0.06331894	
720.8	0.05928321	0.06331613	
721	0.06011838	0.06331331	
721.2	0.06122615	0.0633105	
721.4	0.06218292	0.06330769	
721.6	0.06207817	0.06330488	
721.8	0.06283566	0.06330207	
722	0.06352476	0.06329926	
722.2	0.06383372	0.06329645	
722.4	0.06384893	0.06329364	
722.6	0.06462922	0.06329083	
722.8	0.06527693	0.06328802	
723	0.06477696	0.06328521	
723.2	0.06452346	0.0632824	
723.4	0.06348497	0.06327959	
723.6	0.06352913	0.06327678	
723.8	0.06397124	0.06327397	
724	0.06345535	0.06327116	
724.2	0.06242496	0.06326835	
724.4	0.06196784	0.06326555	
724.6	0.061338	0.06326274	
724.8	0.06007636	0.06325993	
725	0.05981157	0.06325712	
725.2	0.0593869	0.06325431	
725.4	0.05960738	0.0632515	
725.6	0.05928533	0.0632487	
725.8	0.05897616	0.06324589	
726	0.0599155	0.06324308	
726.2	0.05952883	0.06324027	
726.4	0.05970184	0.06323746	
726.6	0.06035963	0.06323466	
726.8	0.06013432	0.06323185	
727	0.0604093	0.06322904	
727.2	0.06103654	0.06322623	
727.4	0.0613829	0.06322343	
727.6	0.06230971	0.06322062	
727.8	0.06309293	0.06321781	
728	0.06294184	0.06321501	
728.2	0.06356056	0.0632122	
728.4	0.06370926	0.06320939	
728.6	0.06326773	0.06320659	
728.8	0.06199479	0.06320378	
729	0.06104856	0.06320098	
729.2	0.06142431	0.06319817	
729.4	0.06084155	0.06319536	
729.6	0.05973435	0.06319256	
729.8	0.059349	0.06318975	
730	0.06035971	0.06318695	
730.2	0.0599828	0.06318414	
730.4	0.05966959	0.06318134	
730.6	0.05959382	0.06317853	
730.8	0.06021632	0.06317573	
731	0.06044806	0.06317292	
731.2	0.06156351	0.06317012	
731.4	0.06155166	0.06316731	
731.6	0.06171046	0.06316451	
731.8	0.06197909	0.0631617	
732	0.06245077	0.0631589	
732.2	0.06224186	0.0631561	
732.4	0.06126898	0.06315329	
732.6	0.06089156	0.06315049	
732.8	0.0596918	0.06314768	
733	0.05957554	0.06314488	
733.2	0.05984122	0.06314208	
733.4	0.05923825	0.06313927	
733.6	0.05922827	0.06313647	
733.8	0.05978468	0.06313367	
734	0.05983122	0.06313087	
734.2	0.05996495	0.06312806	
734.4	0.059507	0.06312526	
734.6	0.06031532	0.06312246	
734.8	0.06061852	0.06311966	
735	0.06111407	0.06311685	
735.2	0.06177192	0.06311405	
735.4	0.06165173	0.06311125	
735.6	0.06166714	0.06310845	
735.8	0.06195644	0.06310564	
736	0.06274397	0.06310284	
736.2	0.06243369	0.06310004	
736.4	0.06303668	0.06309724	
736.6	0.06290946	0.06309444	
736.8	0.06223326	0.06309164	
737	0.06189603	0.06308884	
737.2	0.06156816	0.06308604	
737.4	0.06093103	0.06308324	
737.6	0.06062716	0.06308043	
737.8	0.06018948	0.06307763	
738	0.06012727	0.06307483	
738.2	0.06031084	0.06307203	
738.4	0.06017058	0.06306923	
738.6	0.06038163	0.06306643	
738.8	0.05970215	0.06306363	
739	0.0602574	0.06306083	
739.2	0.06052835	0.06305803	
739.4	0.06129973	0.06305523	
739.6	0.06136381	0.06305243	
739.8	0.0622687	0.06304964	
740	0.06253171	0.06304684	
740.2	0.06241956	0.06304404	
740.4	0.06237307	0.06304124	
740.6	0.06068611	0.06303844	
740.8	0.06076995	0.06303564	
741	0.06171118	0.06303284	
741.2	0.06169782	0.06303004	
741.4	0.06205766	0.06302725	
741.6	0.06202171	0.06302445	
741.8	0.06149086	0.06302165	
742	0.06192219	0.06301885	
742.2	0.06199186	0.06301605	
742.4	0.0619479	0.06301326	
742.6	0.06162209	0.06301046	
742.8	0.06165707	0.06300766	
743	0.06206179	0.06300486	
743.2	0.06133898	0.06300207	
743.4	0.0617195	0.06299927	
743.6	0.06207841	0.06299647	
743.8	0.06175494	0.06299368	
744	0.06239797	0.06299088	
744.2	0.06238964	0.06298808	
744.4	0.06190549	0.06298529	
744.6	0.06163961	0.06298249	
744.8	0.06311561	0.06297969	
745	0.06401759	0.0629769	
745.2	0.06362949	0.0629741	
745.4	0.06377692	0.0629713	
745.6	0.06336303	0.06296851	
745.8	0.06308525	0.06296571	
746	0.06335303	0.06296292	
746.2	0.06351442	0.06296012	
746.4	0.06236224	0.06295733	
746.6	0.06176156	0.06295453	
746.8	0.0612033	0.06295174	
747	0.06109538	0.06294894	
747.2	0.06000595	0.06294615	
747.4	0.06116418	0.06294335	
747.6	0.06099959	0.06294056	
747.8	0.06022949	0.06293776	
748	0.06054091	0.06293497	
748.2	0.06029253	0.06293218	
748.4	0.06050608	0.06292938	
748.6	0.06080729	0.06292659	
748.8	0.06208492	0.06292379	
749	0.06314323	0.062921	
749.2	0.06370018	0.06291821	
749.4	0.06376982	0.06291541	
749.6	0.06462381	0.06291262	
749.8	0.06556656	0.06290983	
750	0.06622148	0.06290704	
750.2	0.06585945	0.06290424	
750.4	0.06417231	0.06290145	
750.6	0.06375423	0.06289866	
750.8	0.06394282	0.06289586	
751	0.06354296	0.06289307	
751.2	0.06344287	0.06289028	
751.4	0.06298056	0.06288749	
751.6	0.06264674	0.0628847	
751.8	0.06273706	0.0628819	
752	0.06223902	0.06287911	
752.2	0.06201502	0.06287632	
752.4	0.06220831	0.06287353	
752.6	0.06214349	0.06287074	
752.8	0.06318153	0.06286795	
753	0.06384641	0.06286516	
753.2	0.06377429	0.06286236	
753.4	0.06412651	0.06285957	
753.6	0.06462223	0.06285678	
753.8	0.06429295	0.06285399	
754	0.06342851	0.0628512	
754.2	0.06242652	0.06284841	
754.4	0.06207504	0.06284562	
754.6	0.06315706	0.06284283	
754.8	0.06349217	0.06284004	
755	0.06318031	0.06283725	
755.2	0.06286991	0.06283446	
755.4	0.0621006	0.06283167	
755.6	0.06158941	0.06282888	
755.8	0.06169263	0.06282609	
756	0.06022841	0.0628233	
756.2	0.05961196	0.06282051	
756.4	0.06010002	0.06281773	
756.6	0.06085358	0.06281494	
756.8	0.06131938	0.06281215	
757	0.06129474	0.06280936	
757.2	0.06114905	0.06280657	
757.4	0.0612062	0.06280378	
757.6	0.06051101	0.06280099	
757.8	0.06011658	0.06279821	
758	0.06063349	0.06279542	
758.2	0.06132783	0.06279263	
758.4	0.06168211	0.06278984	
758.6	0.06106199	0.06278705	
758.8	0.060176	0.06278427	
759	0.05960216	0.06278148	
759.2	0.05819029	0.06277869	
759.4	0.05833748	0.0627759	
759.6	0.05800355	0.06277312	
759.8	0.05881795	0.06277033	
760	0.05836658	0.06276754	
760.2	0.05906863	0.06276476	
760.4	0.06062145	0.06276197	
760.6	0.06150361	0.06275918	
760.8	0.0613664	0.0627564	
761	0.06221261	0.06275361	
761.2	0.06314236	0.06275083	
761.4	0.06379413	0.06274804	
761.6	0.06321041	0.06274525	
761.8	0.0632015	0.06274247	
762	0.06356581	0.06273968	
762.2	0.06403474	0.0627369	
762.4	0.06286442	0.06273411	
762.6	0.06254121	0.06273133	
762.8	0.06276026	0.06272854	
763	0.06271117	0.06272576	
763.2	0.06227258	0.06272297	
763.4	0.06256274	0.06272019	
763.6	0.06190153	0.0627174	
763.8	0.06143711	0.06271462	
764	0.06112779	0.06271183	
764.2	0.06119371	0.06270905	
764.4	0.06085942	0.06270627	
764.6	0.05984979	0.06270348	
764.8	0.0601348	0.0627007	
765	0.06073916	0.06269791	
765.2	0.06053048	0.06269513	
765.4	0.06038583	0.06269235	
765.6	0.05984366	0.06268956	
765.8	0.0601832	0.06268678	
766	0.06099049	0.062684	
766.2	0.06090257	0.06268122	
766.4	0.06057523	0.06267843	
766.6	0.06080446	0.06267565	
766.8	0.06056723	0.06267287	
767	0.06098961	0.06267008	
767.2	0.06146226	0.0626673	
767.4	0.06040355	0.06266452	
767.6	0.05928146	0.06266174	
767.8	0.05857464	0.06265896	
768	0.05871413	0.06265617	
768.2	0.0584668	0.06265339	
768.4	0.05798788	0.06265061	
768.6	0.05820734	0.06264783	
768.8	0.05830419	0.06264505	
769	0.05820865	0.06264227	
769.2	0.05712175	0.06263949	
769.4	0.05671117	0.0626367	
769.6	0.05682149	0.06263392	
769.8	0.0579085	0.06263114	
770	0.0587257	0.06262836	
770.2	0.05884905	0.06262558	
770.4	0.05865775	0.0626228	
770.6	0.05947836	0.06262002	
770.8	0.05996089	0.06261724	
771	0.06106919	0.06261446	
771.2	0.06106648	0.06261168	
771.4	0.06022806	0.0626089	
771.6	0.06021988	0.06260612	
771.8	0.06099097	0.06260334	
772	0.06130653	0.06260056	
772.2	0.06165858	0.06259778	
772.4	0.06252178	0.062595	
772.6	0.06308193	0.06259223	
772.8	0.06244015	0.06258945	
773	0.06294459	0.06258667	
773.2	0.06279663	0.06258389	
773.4	0.06354512	0.06258111	
773.6	0.06467287	0.06257833	
773.8	0.06579031	0.06257555	
774	0.0658542	0.06257278	
774.2	0.06570562	0.06257	
774.4	0.06531001	0.06256722	
774.6	0.06640067	0.06256444	
774.8	0.06582194	0.06256166	
775	0.06473035	0.06255889	
775.2	0.06315884	0.06255611	
775.4	0.06288058	0.06255333	
775.6	0.06226683	0.06255056	
775.8	0.06158831	0.06254778	
776	0.06058585	0.062545	
776.2	0.06022007	0.06254222	
776.4	0.06005988	0.06253945	
776.6	0.05952373	0.06253667	
776.8	0.05853013	0.0625339	
777	0.05894802	0.06253112	
777.2	0.05920865	0.06252834	
777.4	0.05886516	0.06252557	
777.6	0.05855373	0.06252279	
777.8	0.05882345	0.06252002	
778	0.05935512	0.06251724	
778.2	0.05955611	0.06251446	
778.4	0.06025474	0.06251169	
778.6	0.061084	0.06250891	
778.8	0.06099167	0.06250614	
779	0.06015256	0.06250336	
779.2	0.06061294	0.06250059	
779.4	0.06073896	0.06249781	
779.6	0.06075729	0.06249504	
779.8	0.05956969	0.06249226	
780	0.0592267	0.06248949	
780.2	0.05927633	0.06248672	
780.4	0.0593798	0.06248394	
780.6	0.05936622	0.06248117	
780.8	0.05896623	0.06247839	
781	0.05945697	0.06247562	
781.2	0.05979812	0.06247285	
781.4	0.05951013	0.06247007	
781.6	0.05970886	0.0624673	
781.8	0.05999599	0.06246452	
782	0.06023443	0.06246175	
782.2	0.06035983	0.06245898	
782.4	0.06092441	0.06245621	
782.6	0.06058247	0.06245343	
782.8	0.0605711	0.06245066	
783	0.06118843	0.06244789	
783.2	0.06111469	0.06244512	
783.4	0.06133405	0.06244234	
783.6	0.06149309	0.06243957	
783.8	0.06172031	0.0624368	
784	0.06298076	0.06243403	
784.2	0.06311081	0.06243125	
784.4	0.06309405	0.06242848	
784.6	0.06401033	0.06242571	
784.8	0.06390633	0.06242294	
785	0.06441235	0.06242017	
785.2	0.0647893	0.0624174	
785.4	0.06524744	0.06241463	
785.6	0.06438285	0.06241186	
785.8	0.06420423	0.06240908	
786	0.06445261	0.06240631	
786.2	0.06426899	0.06240354	
786.4	0.06350298	0.06240077	
786.6	0.06306126	0.062398	
786.8	0.0638575	0.06239523	
787	0.06394654	0.06239246	
787.2	0.06275576	0.06238969	
787.4	0.06246576	0.06238692	
787.6	0.06132218	0.06238415	
787.8	0.06133673	0.06238138	
788	0.06103577	0.06237861	
788.2	0.05927659	0.06237584	
788.4	0.05954548	0.06237307	
788.6	0.05966101	0.0623703	
788.8	0.05925615	0.06236754	
789	0.05966075	0.06236477	
789.2	0.05986714	0.062362	
789.4	0.06079341	0.06235923	
789.6	0.06008306	0.06235646	
789.8	0.06189768	0.06235369	
790	0.06235412	0.06235092	
790.2	0.06277752	0.06234816	
790.4	0.06353651	0.06234539	
790.6	0.06419103	0.06234262	
790.8	0.06519228	0.06233985	
791	0.06508956	0.06233708	
791.2	0.06556162	0.06233432	
791.4	0.06457292	0.06233155	
791.6	0.06472012	0.06232878	
791.8	0.06440366	0.06232602	
792	0.0635502	0.06232325	
792.2	0.0621927	0.06232048	
792.4	0.06249618	0.06231771	
792.6	0.06183563	0.06231495	
792.8	0.06143189	0.06231218	
793	0.06158426	0.06230941	
793.2	0.06161982	0.06230665	
793.4	0.06143303	0.06230388	
793.6	0.06109108	0.06230112	
793.8	0.06198154	0.06229835	
794	0.06137843	0.06229558	
794.2	0.06108283	0.06229282	
794.4	0.06053721	0.06229005	
794.6	0.05991599	0.06228729	
794.8	0.06000195	0.06228452	
795	0.05978985	0.06228176	
795.2	0.06032205	0.06227899	
795.4	0.05976923	0.06227623	
795.6	0.06058114	0.06227346	
795.8	0.06007409	0.0622707	
796	0.05929674	0.06226793	
796.2	0.05876425	0.06226517	
796.4	0.05846479	0.0622624	
796.6	0.05798439	0.06225964	
796.8	0.05808165	0.06225688	
797	0.05916251	0.06225411	
797.2	0.05979196	0.06225135	
797.4	0.06016338	0.06224858	
797.6	0.06035041	0.06224582	
797.8	0.06099599	0.06224306	
798	0.06057992	0.06224029	
798.2	0.05928603	0.06223753	
798.4	0.05939366	0.06223477	
798.6	0.05907402	0.062232	
798.8	0.05884961	0.06222924	
799	0.05948299	0.06222648	
799.2	0.06038885	0.06222372	
799.4	0.06017431	0.06222095	
799.6	0.06039999	0.06221819	
799.8	0.05971824	0.06221543	
800	0.05943914	0.06221267	
800.2	0.05862281	0.0622099	
800.4	0.05855719	0.06220714	
800.6	0.05752247	0.06220438	
800.8	0.05834418	0.06220162	
801	0.05918821	0.06219886	
801.2	0.0594627	0.0621961	
801.4	0.05981919	0.06219333	
801.6	0.05955345	0.06219057	
801.8	0.06104096	0.06218781	
802	0.06100135	0.06218505	
802.2	0.0616931	0.06218229	
802.4	0.06253791	0.06217953	
802.6	0.06228136	0.06217677	
802.8	0.06231214	0.06217401	
803	0.06333971	0.06217125	
803.2	0.06322819	0.06216849	
803.4	0.06361791	0.06216573	
803.6	0.06358218	0.06216297	
803.8	0.06276365	0.06216021	
804	0.06272355	0.06215745	
804.2	0.06158868	0.06215469	
804.4	0.0608852	0.06215193	
804.6	0.05931008	0.06214917	
804.8	0.05980209	0.06214641	
805	0.05933625	0.06214365	
805.2	0.05913813	0.06214089	
805.4	0.05945963	0.06213813	
805.6	0.05934561	0.06213538	
805.8	0.06021102	0.06213262	
806	0.06135081	0.06212986	
806.2	0.06178291	0.0621271	
806.4	0.06135131	0.06212434	
806.6	0.0610152	0.06212158	
806.8	0.06140353	0.06211883	
807	0.06206898	0.06211607	
807.2	0.06143445	0.06211331	
807.4	0.06152637	0.06211055	
807.6	0.06026271	0.0621078	
807.8	0.06080769	0.06210504	
808	0.06060874	0.06210228	
808.2	0.0595968	0.06209952	
808.4	0.05868858	0.06209677	
808.6	0.0578025	0.06209401	
808.8	0.05749121	0.06209125	
809	0.05740548	0.0620885	
809.2	0.05788475	0.06208574	
809.4	0.05795157	0.06208298	
809.6	0.05777207	0.06208023	
809.8	0.05861521	0.06207747	
810	0.05919352	0.06207472	
810.2	0.05872014	0.06207196	
810.4	0.05860091	0.0620692	
810.6	0.05828025	0.06206645	
810.8	0.05918933	0.06206369	
811	0.05908153	0.06206094	
811.2	0.05876842	0.06205818	
811.4	0.05946664	0.06205543	
811.6	0.05895512	0.06205267	
811.8	0.06014844	0.06204992	
812	0.05960404	0.06204716	
812.2	0.05955496	0.06204441	
812.4	0.06049793	0.06204165	
812.6	0.0606652	0.0620389	
812.8	0.06129854	0.06203614	
813	0.0615537	0.06203339	
813.2	0.06197792	0.06203064	
813.4	0.06115756	0.06202788	
813.6	0.06214143	0.06202513	
813.8	0.0623621	0.06202237	
814	0.06179223	0.06201962	
814.2	0.06163603	0.06201687	
814.4	0.06134439	0.06201411	
814.6	0.06074144	0.06201136	
814.8	0.06048978	0.06200861	
815	0.05956646	0.06200585	
815.2	0.05927962	0.0620031	
815.4	0.05883639	0.06200035	
815.6	0.05801107	0.0619976	
815.8	0.05821842	0.06199484	
816	0.05849986	0.06199209	
816.2	0.05921369	0.06198934	
816.4	0.05948317	0.06198659	
816.6	0.05912588	0.06198384	
816.8	0.05943501	0.06198108	
817	0.05847149	0.06197833	
817.2	0.05849591	0.06197558	
817.4	0.05866034	0.06197283	
817.6	0.05911425	0.06197008	
817.8	0.05805732	0.06196733	
818	0.05797217	0.06196457	
818.2	0.05792308	0.06196182	
818.4	0.05804337	0.06195907	
818.6	0.0576444	0.06195632	
818.8	0.0584283	0.06195357	
819	0.05845194	0.06195082	
819.2	0.05833237	0.06194807	
819.4	0.05824941	0.06194532	
819.6	0.05848821	0.06194257	
819.8	0.05993087	0.06193982	
820	0.06072224	0.06193707	
820.2	0.06133863	0.06193432	
820.4	0.06187313	0.06193157	
820.6	0.06223904	0.06192882	
820.8	0.06198159	0.06192607	
821	0.06149355	0.06192332	
821.2	0.06080598	0.06192057	
821.4	0.06022396	0.06191782	
821.6	0.0594122	0.06191507	
821.8	0.05855693	0.06191233	
822	0.05850804	0.06190958	
822.2	0.05782458	0.06190683	
822.4	0.05797285	0.06190408	
822.6	0.05775517	0.06190133	
822.8	0.05826541	0.06189858	
823	0.05674855	0.06189584	
823.2	0.05717435	0.06189309	
823.4	0.05727256	0.06189034	
823.6	0.05837314	0.06188759	
823.8	0.06012193	0.06188484	
824	0.05971288	0.0618821	
824.2	0.06110171	0.06187935	
824.4	0.06176971	0.0618766	
824.6	0.06192596	0.06187386	
824.8	0.0620149	0.06187111	
825	0.06235398	0.06186836	
825.2	0.06132392	0.06186561	
825.4	0.06129975	0.06186287	
825.6	0.06075387	0.06186012	
825.8	0.06042505	0.06185738	
826	0.0601899	0.06185463	
826.2	0.05925687	0.06185188	
826.4	0.05886998	0.06184914	
826.6	0.05823062	0.06184639	
826.8	0.05656236	0.06184365	
827	0.05546633	0.0618409	
827.2	0.05600192	0.06183815	
827.4	0.0550237	0.06183541	
827.6	0.05612814	0.06183266	
827.8	0.05629202	0.06182992	
828	0.0560918	0.06182717	
828.2	0.05716405	0.06182443	
828.4	0.05690265	0.06182168	
828.6	0.05762829	0.06181894	
828.8	0.05789141	0.06181619	
829	0.05840779	0.06181345	
829.2	0.05898594	0.06181071	
829.4	0.05915334	0.06180796	
829.6	0.0597003	0.06180522	
829.8	0.06101705	0.06180247	
830	0.0607365	0.06179973	
830.2	0.0607178	0.06179699	
830.4	0.0609692	0.06179424	
830.6	0.06045066	0.0617915	
830.8	0.05948159	0.06178876	
831	0.060028	0.06178601	
831.2	0.05983029	0.06178327	
831.4	0.05965346	0.06178053	
831.6	0.06007054	0.06177778	
831.8	0.05879792	0.06177504	
832	0.05798861	0.0617723	
832.2	0.0577719	0.06176956	
832.4	0.05753088	0.06176681	
832.6	0.05859379	0.06176407	
832.8	0.0583949	0.06176133	
833	0.05888359	0.06175859	
833.2	0.05976895	0.06175585	
833.4	0.05984897	0.0617531	
833.6	0.06175349	0.06175036	
833.8	0.06254122	0.06174762	
834	0.06272471	0.06174488	
834.2	0.0638394	0.06174214	
834.4	0.06465801	0.0617394	
834.6	0.06464451	0.06173666	
834.8	0.0641967	0.06173391	
835	0.06373378	0.06173117	
835.2	0.06295526	0.06172843	
835.4	0.06228524	0.06172569	
835.6	0.06036835	0.06172295	
835.8	0.05876016	0.06172021	
836	0.05821805	0.06171747	
836.2	0.05788683	0.06171473	
836.4	0.0579214	0.06171199	
836.6	0.05734117	0.06170925	
836.8	0.05610239	0.06170651	
837	0.05609765	0.06170377	
837.2	0.05658324	0.06170103	
837.4	0.05706184	0.06169829	
837.6	0.05800118	0.06169555	
837.8	0.05794508	0.06169282	
838	0.05844116	0.06169008	
838.2	0.05966017	0.06168734	
838.4	0.06046607	0.0616846	
838.6	0.06011273	0.06168186	
838.8	0.06013749	0.06167912	
839	0.06073127	0.06167638	
839.2	0.06108912	0.06167365	
839.4	0.06125573	0.06167091	
839.6	0.06072234	0.06166817	
839.8	0.06086653	0.06166543	
840	0.06059151	0.06166269	
840.2	0.06079928	0.06165996	
840.4	0.06070567	0.06165722	
840.6	0.05982093	0.06165448	
840.8	0.05866515	0.06165174	
841	0.05831123	0.06164901	
841.2	0.05780263	0.06164627	
841.4	0.05736836	0.06164353	
841.6	0.05638465	0.0616408	
841.8	0.05640394	0.06163806	
842	0.05696545	0.06163532	
842.2	0.05726217	0.06163259	
842.4	0.05788257	0.06162985	
842.6	0.05764947	0.06162711	
842.8	0.05863488	0.06162438	
843	0.05984861	0.06162164	
843.2	0.06061699	0.06161891	
843.4	0.06154892	0.06161617	
843.6	0.06139554	0.06161344	
843.8	0.06186064	0.0616107	
844	0.06221063	0.06160797	
844.2	0.0625863	0.06160523	
844.4	0.06156431	0.06160249	
844.6	0.06053352	0.06159976	
844.8	0.05969571	0.06159703	
845	0.05955498	0.06159429	
845.2	0.05838003	0.06159156	
845.4	0.05757616	0.06158882	
845.6	0.05726317	0.06158609	
845.8	0.05709251	0.06158335	
846	0.05715305	0.06158062	
846.2	0.05686027	0.06157788	
846.4	0.05766126	0.06157515	
846.6	0.0574204	0.06157242	
846.8	0.05734872	0.06156968	
847	0.05773326	0.06156695	
847.2	0.05806126	0.06156422	
847.4	0.05824715	0.06156148	
847.6	0.05800468	0.06155875	
847.8	0.05831742	0.06155602	
848	0.05853299	0.06155328	
848.2	0.05878639	0.06155055	
848.4	0.05871678	0.06154782	
848.6	0.05903339	0.06154509	
848.8	0.05925628	0.06154235	
849	0.05856093	0.06153962	
849.2	0.0580187	0.06153689	
849.4	0.05770432	0.06153416	
849.6	0.0582796	0.06153143	
849.8	0.0582776	0.06152869	
850	0.05880976	0.06152596	
850.2	0.05892585	0.06152323	
850.4	0.05856195	0.0615205	
850.6	0.05833079	0.06151777	
850.8	0.05862485	0.06151504	
851	0.05946453	0.06151231	
851.2	0.06053962	0.06150958	
851.4	0.06082486	0.06150684	
851.6	0.0617328	0.06150411	
851.8	0.06240276	0.06150138	
852	0.06280838	0.06149865	
852.2	0.06341054	0.06149592	
852.4	0.06312778	0.06149319	
852.6	0.06283369	0.06149046	
852.8	0.06253937	0.06148773	
853	0.06154267	0.061485	
853.2	0.06143338	0.06148227	
853.4	0.0609861	0.06147954	
853.6	0.06075538	0.06147681	
853.8	0.06044306	0.06147408	
854	0.06021769	0.06147135	
854.2	0.06001643	0.06146863	
854.4	0.05952676	0.0614659	
854.6	0.06043482	0.06146317	
854.8	0.06052621	0.06146044	
855	0.06089752	0.06145771	
855.2	0.0608894	0.06145498	
855.4	0.05980764	0.06145225	
855.6	0.0596	0.06144953	
855.8	0.05900482	0.0614468	
856	0.05880899	0.06144407	
856.2	0.05894636	0.06144134	
856.4	0.0578904	0.06143861	
856.6	0.0576605	0.06143589	
856.8	0.05678469	0.06143316	
857	0.0562443	0.06143043	
857.2	0.05535703	0.0614277	
857.4	0.05539179	0.06142498	
857.6	0.05491359	0.06142225	
857.8	0.05578107	0.06141952	
858	0.05568809	0.0614168	
858.2	0.0560142	0.06141407	
858.4	0.05619998	0.06141134	
858.6	0.05653723	0.06140862	
858.8	0.05656806	0.06140589	
859	0.05732743	0.06140316	
859.2	0.05684822	0.06140044	
859.4	0.05657897	0.06139771	
859.6	0.05699069	0.06139499	
859.8	0.05734645	0.06139226	
860	0.05758884	0.06138953	
860.2	0.05819243	0.06138681	
860.4	0.05823164	0.06138408	
860.6	0.05874705	0.06138136	
860.8	0.0581507	0.06137863	
861	0.05871019	0.06137591	
861.2	0.05844337	0.06137318	
861.4	0.05830899	0.06137046	
861.6	0.05804298	0.06136773	
861.8	0.05924592	0.06136501	
862	0.05974861	0.06136228	
862.2	0.06066264	0.06135956	
862.4	0.06118247	0.06135684	
862.6	0.06112629	0.06135411	
862.8	0.06066293	0.06135139	
863	0.06030824	0.06134866	
863.2	0.0599994	0.06134594	
863.4	0.05954494	0.06134322	
863.6	0.05861408	0.06134049	
863.8	0.05871565	0.06133777	
864	0.05888535	0.06133505	
864.2	0.05948933	0.06133232	
864.4	0.05882502	0.0613296	
864.6	0.05880519	0.06132688	
864.8	0.05823708	0.06132416	
865	0.05851723	0.06132143	
865.2	0.05842075	0.06131871	
865.4	0.05823879	0.06131599	
865.6	0.05907407	0.06131327	
865.8	0.06013515	0.06131054	
866	0.06069334	0.06130782	
866.2	0.06085869	0.0613051	
866.4	0.06060574	0.06130238	
866.6	0.0598317	0.06129966	
866.8	0.05942251	0.06129694	
867	0.06013012	0.06129421	
867.2	0.06008827	0.06129149	
867.4	0.05945311	0.06128877	
867.6	0.05921939	0.06128605	
867.8	0.05953819	0.06128333	
868	0.05982854	0.06128061	
868.2	0.06062943	0.06127789	
868.4	0.06070856	0.06127517	
868.6	0.06096443	0.06127245	
868.8	0.06077244	0.06126973	
869	0.0605438	0.06126701	
869.2	0.06088745	0.06126429	
869.4	0.060902	0.06126157	
869.6	0.06070883	0.06125885	
869.8	0.06044463	0.06125613	
870	0.06009425	0.06125341	
870.2	0.05966942	0.06125069	
870.4	0.05938839	0.06124797	
870.6	0.05944806	0.06124525	
870.8	0.0600793	0.06124253	
871	0.05983481	0.06123981	
871.2	0.05958593	0.06123709	
871.4	0.05975148	0.06123437	
871.6	0.05995359	0.06123166	
871.8	0.05968536	0.06122894	
872	0.05953821	0.06122622	
872.2	0.05930247	0.0612235	
872.4	0.05781617	0.06122078	
872.6	0.05730425	0.06121806	
872.8	0.05728803	0.06121535	
873	0.05723344	0.06121263	
873.2	0.05715334	0.06120991	
873.4	0.05674103	0.06120719	
873.6	0.05599464	0.06120448	
873.8	0.05554443	0.06120176	
874	0.05619271	0.06119904	
874.2	0.05643032	0.06119632	
874.4	0.0564329	0.06119361	
874.6	0.05748398	0.06119089	
874.8	0.05784641	0.06118817	
875	0.05835979	0.06118546	
875.2	0.05850149	0.06118274	
875.4	0.05850957	0.06118003	
875.6	0.05863145	0.06117731	
875.8	0.05744936	0.06117459	
876	0.0567166	0.06117188	
876.2	0.05678848	0.06116916	
876.4	0.05686536	0.06116645	
876.6	0.05790121	0.06116373	
876.8	0.05834921	0.06116101	
877	0.05885752	0.0611583	
877.2	0.05896189	0.06115558	
877.4	0.05857616	0.06115287	
877.6	0.05824403	0.06115015	
877.8	0.05884551	0.06114744	
878	0.05958049	0.06114472	
878.2	0.05939985	0.06114201	
878.4	0.05945297	0.0611393	
878.6	0.06080735	0.06113658	
878.8	0.06025122	0.06113387	
879	0.06051075	0.06113115	
879.2	0.05949299	0.06112844	
879.4	0.06003781	0.06112572	
879.6	0.05962205	0.06112301	
879.8	0.05848853	0.0611203	
880	0.05792323	0.06111758	
880.2	0.05854821	0.06111487	
880.4	0.05830705	0.06111216	
880.6	0.05762353	0.06110944	
880.8	0.05734096	0.06110673	
881	0.05715322	0.06110402	
881.2	0.05646579	0.06110131	
881.4	0.05607369	0.06109859	
881.6	0.0559885	0.06109588	
881.8	0.05580009	0.06109317	
882	0.05565305	0.06109046	
882.2	0.05612457	0.06108774	
882.4	0.05621813	0.06108503	
882.6	0.05700978	0.06108232	
882.8	0.05692547	0.06107961	
883	0.05770455	0.0610769	
883.2	0.0579124	0.06107418	
883.4	0.05824291	0.06107147	
883.6	0.05837277	0.06106876	
883.8	0.05796629	0.06106605	
884	0.05834718	0.06106334	
884.2	0.0585607	0.06106063	
884.4	0.05764757	0.06105792	
884.6	0.05789428	0.06105521	
884.8	0.05832747	0.0610525	
885	0.05819499	0.06104978	
885.2	0.05864803	0.06104707	
885.4	0.0585419	0.06104436	
885.6	0.05742906	0.06104165	
885.8	0.05720641	0.06103894	
886	0.05678787	0.06103623	
886.2	0.05625966	0.06103352	
886.4	0.05586352	0.06103081	
886.6	0.05559999	0.0610281	
886.8	0.0552268	0.0610254	
887	0.05515862	0.06102269	
887.2	0.05394122	0.06101998	
887.4	0.05321115	0.06101727	
887.6	0.05291593	0.06101456	
887.8	0.05183948	0.06101185	
888	0.05248561	0.06100914	
888.2	0.05200171	0.06100643	
888.4	0.05156497	0.06100372	
888.6	0.05260002	0.06100102	
888.8	0.05304825	0.06099831	
889	0.05404364	0.0609956	
889.2	0.05601063	0.06099289	
889.4	0.0560013	0.06099018	
889.6	0.05640482	0.06098748	
889.8	0.05721953	0.06098477	
890	0.05763806	0.06098206	
890.2	0.0577418	0.06097935	
890.4	0.05844959	0.06097665	
890.6	0.05890486	0.06097394	
890.8	0.05920214	0.06097123	
891	0.05932263	0.06096852	
891.2	0.05956787	0.06096582	
891.4	0.05978994	0.06096311	
891.6	0.06008894	0.0609604	
891.8	0.06001096	0.0609577	
892	0.06072593	0.06095499	
892.2	0.06000165	0.06095229	
892.4	0.05912272	0.06094958	
892.6	0.05945846	0.06094687	
892.8	0.05893266	0.06094417	
893	0.05924616	0.06094146	
893.2	0.05909062	0.06093876	
893.4	0.05839124	0.06093605	
893.6	0.05829863	0.06093335	
893.8	0.05855062	0.06093064	
894	0.05849179	0.06092794	
894.2	0.05824879	0.06092523	
894.4	0.05901809	0.06092253	
894.6	0.05937339	0.06091982	
894.8	0.05920979	0.06091712	
895	0.05979117	0.06091441	
895.2	0.06045951	0.06091171	
895.4	0.05993656	0.060909	
895.6	0.05910854	0.0609063	
895.8	0.05870648	0.0609036	
896	0.05885931	0.06090089	
896.2	0.05758228	0.06089819	
896.4	0.0570051	0.06089548	
896.6	0.05704587	0.06089278	
896.8	0.05668777	0.06089008	
897	0.05750561	0.06088737	
897.2	0.05774881	0.06088467	
897.4	0.05877752	0.06088197	
897.6	0.05881105	0.06087926	
897.8	0.0597541	0.06087656	
898	0.06105476	0.06087386	
898.2	0.06198404	0.06087116	
898.4	0.0628393	0.06086845	
898.6	0.06353689	0.06086575	
898.8	0.06374106	0.06086305	
899	0.06393881	0.06086035	
899.2	0.06397765	0.06085764	
899.4	0.06324032	0.06085494	
899.6	0.06241985	0.06085224	
899.8	0.06182313	0.06084954	
900	0.06102919	0.06084684	
900.2	0.05979365	0.06084414	
900.4	0.05992515	0.06084144	
900.6	0.05971058	0.06083873	
900.8	0.05951087	0.06083603	
901	0.05990386	0.06083333	
901.2	0.05899698	0.06083063	
901.4	0.05913	0.06082793	
901.6	0.05941693	0.06082523	
901.8	0.05988091	0.06082253	
902	0.05979933	0.06081983	
902.2	0.05974516	0.06081713	
902.4	0.05931526	0.06081443	
902.6	0.05945045	0.06081173	
902.8	0.05871559	0.06080903	
903	0.05745182	0.06080633	
903.2	0.05791261	0.06080363	
903.4	0.05773734	0.06080093	
903.6	0.0572051	0.06079823	
903.8	0.05665643	0.06079553	
904	0.05651459	0.06079283	
904.2	0.05650461	0.06079013	
904.4	0.05674427	0.06078744	
904.6	0.05751356	0.06078474	
904.8	0.05816337	0.06078204	
905	0.05827886	0.06077934	
905.2	0.05809292	0.06077664	
905.4	0.05976218	0.06077394	
905.6	0.0601013	0.06077124	
905.8	0.05971942	0.06076855	
906	0.05983311	0.06076585	
906.2	0.05985561	0.06076315	
906.4	0.05919056	0.06076045	
906.6	0.05866796	0.06075776	
906.8	0.05807338	0.06075506	
907	0.05756709	0.06075236	
907.2	0.05812076	0.06074966	
907.4	0.05782625	0.06074697	
907.6	0.05735932	0.06074427	
907.8	0.05743636	0.06074157	
908	0.05692325	0.06073888	
908.2	0.05606511	0.06073618	
908.4	0.05574267	0.06073348	
908.6	0.05664569	0.06073079	
908.8	0.05687516	0.06072809	
909	0.05743954	0.06072539	
909.2	0.05777134	0.0607227	
909.4	0.0586183	0.06072	
909.6	0.05833683	0.06071731	
909.8	0.05831941	0.06071461	
910	0.05921331	0.06071192	
910.2	0.05863134	0.06070922	
910.4	0.05911186	0.06070652	
910.6	0.05826369	0.06070383	
910.8	0.05876725	0.06070113	
911	0.05754153	0.06069844	
911.2	0.05718494	0.06069574	
911.4	0.0567021	0.06069305	
911.6	0.05630563	0.06069036	
911.8	0.05611132	0.06068766	
912	0.05615631	0.06068497	
912.2	0.05551079	0.06068227	
912.4	0.05658674	0.06067958	
912.6	0.0584332	0.06067688	
912.8	0.05923107	0.06067419	
913	0.06028594	0.0606715	
913.2	0.06083735	0.0606688	
913.4	0.06116271	0.06066611	
913.6	0.06106328	0.06066342	
913.8	0.06197394	0.06066072	
914	0.06243688	0.06065803	
914.2	0.0609585	0.06065534	
914.4	0.06088587	0.06065264	
914.6	0.05993099	0.06064995	
914.8	0.05942667	0.06064726	
915	0.0582911	0.06064457	
915.2	0.05733643	0.06064187	
915.4	0.05661274	0.06063918	
915.6	0.05665514	0.06063649	
915.8	0.0561259	0.0606338	
916	0.05543008	0.06063111	
916.2	0.05494742	0.06062841	
916.4	0.05572554	0.06062572	
916.6	0.05623192	0.06062303	
916.8	0.05629064	0.06062034	
917	0.05703703	0.06061765	
917.2	0.05658983	0.06061496	
917.4	0.05657558	0.06061227	
917.6	0.05628424	0.06060957	
917.8	0.05642487	0.06060688	
918	0.05598654	0.06060419	
918.2	0.05618551	0.0606015	
918.4	0.05756865	0.06059881	
918.6	0.05874784	0.06059612	
918.8	0.05925212	0.06059343	
919	0.06007752	0.06059074	
919.2	0.0591026	0.06058805	
919.4	0.06015365	0.06058536	
919.6	0.06027772	0.06058267	
919.8	0.05934791	0.06057998	
920	0.05946347	0.06057729	
920.2	0.05949338	0.0605746	
920.4	0.06036194	0.06057191	
920.6	0.06101277	0.06056922	
920.8	0.06116267	0.06056654	
921	0.06118543	0.06056385	
921.2	0.06015573	0.06056116	
921.4	0.0598915	0.06055847	
921.6	0.059597	0.06055578	
921.8	0.05982846	0.06055309	
922	0.06011722	0.0605504	
922.2	0.05999928	0.06054772	
922.4	0.06016324	0.06054503	
922.6	0.05969656	0.06054234	
922.8	0.05926255	0.06053965	
923	0.05791441	0.06053696	
923.2	0.05675658	0.06053428	
923.4	0.05655174	0.06053159	
923.6	0.05608029	0.0605289	
923.8	0.05555805	0.06052621	
924	0.05579286	0.06052353	
924.2	0.05514896	0.06052084	
924.4	0.05658799	0.06051815	
924.6	0.0565545	0.06051547	
924.8	0.05747161	0.06051278	
925	0.05753183	0.06051009	
925.2	0.05802847	0.06050741	
925.4	0.05844343	0.06050472	
925.6	0.05874684	0.06050203	
925.8	0.05777335	0.06049935	
926	0.05757265	0.06049666	
926.2	0.0582015	0.06049398	
926.4	0.05872082	0.06049129	
926.6	0.05922888	0.0604886	
926.8	0.05886105	0.06048592	
927	0.05849912	0.06048323	
927.2	0.0580851	0.06048055	
927.4	0.05706862	0.06047786	
927.6	0.05718617	0.06047518	
927.8	0.05667386	0.06047249	
928	0.05633089	0.06046981	
928.2	0.05617703	0.06046712	
928.4	0.05672399	0.06046444	
928.6	0.05678613	0.06046175	
928.8	0.05768138	0.06045907	
929	0.05712964	0.06045639	
929.2	0.05770321	0.0604537	
929.4	0.0561415	0.06045102	
929.6	0.0558803	0.06044833	
929.8	0.05591152	0.06044565	
930	0.05688462	0.06044297	
930.2	0.05702791	0.06044028	
930.4	0.05787654	0.0604376	
930.6	0.05820319	0.06043492	
930.8	0.05772882	0.06043223	
931	0.0574558	0.06042955	
931.2	0.05636211	0.06042687	
931.4	0.05585072	0.06042419	
931.6	0.05620168	0.0604215	
931.8	0.05576376	0.06041882	
932	0.05580904	0.06041614	
932.2	0.05566563	0.06041346	
932.4	0.05531499	0.06041077	
932.6	0.05591095	0.06040809	
932.8	0.05604429	0.06040541	
933	0.0563767	0.06040273	
933.2	0.05661023	0.06040005	
933.4	0.0557345	0.06039736	
933.6	0.05636965	0.06039468	
933.8	0.05619297	0.060392	
934	0.05623397	0.06038932	
934.2	0.05612525	0.06038664	
934.4	0.05691902	0.06038396	
934.6	0.05678446	0.06038128	
934.8	0.0560018	0.0603786	
935	0.0554122	0.06037592	
935.2	0.05502693	0.06037324	
935.4	0.05421751	0.06037056	
935.6	0.05462488	0.06036788	
935.8	0.05453469	0.0603652	
936	0.05467052	0.06036252	
936.2	0.05490171	0.06035984	
936.4	0.05564641	0.06035716	
936.6	0.05591574	0.06035448	
936.8	0.05628571	0.0603518	
937	0.05589745	0.06034912	
937.2	0.05678601	0.06034644	
937.4	0.05627209	0.06034376	
937.6	0.05673461	0.06034108	
937.8	0.05712026	0.0603384	
938	0.05749797	0.06033572	
938.2	0.05833422	0.06033304	
938.4	0.05883173	0.06033036	
938.6	0.05912196	0.06032769	
938.8	0.05811431	0.06032501	
939	0.05859138	0.06032233	
939.2	0.05846651	0.06031965	
939.4	0.05887634	0.06031697	
939.6	0.05897403	0.0603143	
939.8	0.05974852	0.06031162	
940	0.05952484	0.06030894	
940.2	0.05988661	0.06030626	
940.4	0.05974979	0.06030359	
940.6	0.05809446	0.06030091	
940.8	0.05796701	0.06029823	
941	0.05746315	0.06029555	
941.2	0.05851524	0.06029288	
941.4	0.05759633	0.0602902	
941.6	0.05778082	0.06028752	
941.8	0.05786012	0.06028485	
942	0.058005	0.06028217	
942.2	0.05878584	0.06027949	
942.4	0.05868535	0.06027682	
942.6	0.05814087	0.06027414	
942.8	0.05771858	0.06027147	
943	0.0582184	0.06026879	
943.2	0.0578767	0.06026611	
943.4	0.05862159	0.06026344	
943.6	0.05884248	0.06026076	
943.8	0.05971857	0.06025809	
944	0.05953348	0.06025541	
944.2	0.05924668	0.06025274	
944.4	0.05926375	0.06025006	
944.6	0.05883865	0.06024739	
944.8	0.06019896	0.06024471	
945	0.06070059	0.06024204	
945.2	0.06030229	0.06023936	
945.4	0.06036589	0.06023669	
945.6	0.0594967	0.06023401	
945.8	0.05948988	0.06023134	
946	0.0590133	0.06022867	
946.2	0.05906262	0.06022599	
946.4	0.05824341	0.06022332	
946.6	0.05687149	0.06022065	
946.8	0.05653515	0.06021797	
947	0.05661976	0.0602153	
947.2	0.05636315	0.06021262	
947.4	0.05726191	0.06020995	
947.6	0.05727424	0.06020728	
947.8	0.05709328	0.06020461	
948	0.05668358	0.06020193	
948.2	0.05596173	0.06019926	
948.4	0.05659105	0.06019659	
948.6	0.05700399	0.06019391	
948.8	0.05822794	0.06019124	
949	0.05751057	0.06018857	
949.2	0.05683259	0.0601859	
949.4	0.05741858	0.06018323	
949.6	0.05674814	0.06018055	
949.8	0.05731113	0.06017788	
950	0.05755432	0.06017521	
950.2	0.0581981	0.06017254	
950.4	0.05761066	0.06016987	
950.6	0.05755151	0.0601672	
950.8	0.05802116	0.06016452	
951	0.05780476	0.06016185	
951.2	0.05727499	0.06015918	
951.4	0.05778203	0.06015651	
951.6	0.05746053	0.06015384	
951.8	0.05778969	0.06015117	
952	0.05658885	0.0601485	
952.2	0.05656516	0.06014583	
952.4	0.0565244	0.06014316	
952.6	0.05668319	0.06014049	
952.8	0.05666187	0.06013782	
953	0.0559962	0.06013515	
953.2	0.0567302	0.06013248	
953.4	0.05736778	0.06012981	
953.6	0.05783039	0.06012714	
953.8	0.05823119	0.06012447	
954	0.05934775	0.0601218	
954.2	0.05938324	0.06011913	
954.4	0.05846754	0.06011646	
954.6	0.05885708	0.06011379	
954.8	0.05828991	0.06011113	
955	0.05772401	0.06010846	
955.2	0.05746255	0.06010579	
955.4	0.05825548	0.06010312	
955.6	0.05750678	0.06010045	
955.8	0.05809063	0.06009778	
956	0.05739299	0.06009511	
956.2	0.05752555	0.06009245	
956.4	0.05719066	0.06008978	
956.6	0.05702823	0.06008711	
956.8	0.05675212	0.06008444	
957	0.05670705	0.06008178	
957.2	0.05746571	0.06007911	
957.4	0.05741831	0.06007644	
957.6	0.05786023	0.06007377	
957.8	0.0584931	0.06007111	
958	0.05929049	0.06006844	
958.2	0.05931783	0.06006577	
958.4	0.05945493	0.06006311	
958.6	0.06028216	0.06006044	
958.8	0.06020597	0.06005777	
959	0.06030611	0.06005511	
959.2	0.06020165	0.06005244	
959.4	0.06026977	0.06004977	
959.6	0.05947836	0.06004711	
959.8	0.06027034	0.06004444	
960	0.05939382	0.06004178	
960.2	0.05844625	0.06003911	
960.4	0.05811587	0.06003645	
960.6	0.05722655	0.06003378	
960.8	0.05632848	0.06003111	
961	0.05541598	0.06002845	
961.2	0.05492393	0.06002578	
961.4	0.05468057	0.06002312	
961.6	0.05459978	0.06002045	
961.8	0.05513404	0.06001779	
962	0.05557445	0.06001513	
962.2	0.05612495	0.06001246	
962.4	0.05671355	0.0600098	
962.6	0.05722039	0.06000713	
962.8	0.05734222	0.06000447	
963	0.05763256	0.0600018	
963.2	0.05750115	0.05999914	
963.4	0.05732078	0.05999648	
963.6	0.05769586	0.05999381	
963.8	0.05759315	0.05999115	
964	0.05673684	0.05998849	
964.2	0.05564938	0.05998582	
964.4	0.05520081	0.05998316	
964.6	0.05441571	0.0599805	
964.8	0.05376448	0.05997783	
965	0.05270332	0.05997517	
965.2	0.05219882	0.05997251	
965.4	0.05321024	0.05996985	
965.6	0.05272699	0.05996718	
965.8	0.05323356	0.05996452	
966	0.0534426	0.05996186	
966.2	0.05366938	0.0599592	
966.4	0.0539309	0.05995653	
966.6	0.05447793	0.05995387	
966.8	0.05536167	0.05995121	
967	0.05633977	0.05994855	
967.2	0.05685264	0.05994589	
967.4	0.05677723	0.05994323	
967.6	0.05688659	0.05994057	
967.8	0.05562976	0.0599379	
968	0.05586523	0.05993524	
968.2	0.05583418	0.05993258	
968.4	0.05608047	0.05992992	
968.6	0.05670174	0.05992726	
968.8	0.0566126	0.0599246	
969	0.05615093	0.05992194	
969.2	0.05680174	0.05991928	
969.4	0.05707998	0.05991662	
969.6	0.05658605	0.05991396	
969.8	0.05661873	0.0599113	
970	0.05694124	0.05990864	
970.2	0.05652477	0.05990598	
970.4	0.05665509	0.05990332	
970.6	0.05797579	0.05990066	
970.8	0.05885594	0.059898	
971	0.0595869	0.05989534	
971.2	0.06005194	0.05989268	
971.4	0.05957315	0.05989002	
971.6	0.05919648	0.05988736	
971.8	0.05899901	0.05988471	
972	0.06002944	0.05988205	
972.2	0.06045483	0.05987939	
972.4	0.06049467	0.05987673	
972.6	0.06086564	0.05987407	
972.8	0.06077831	0.05987141	
973	0.06035448	0.05986876	
973.2	0.05968477	0.0598661	
973.4	0.05857883	0.05986344	
973.6	0.0581953	0.05986078	
973.8	0.05748292	0.05985812	
974	0.05769228	0.05985547	
974.2	0.05661527	0.05985281	
974.4	0.05575607	0.05985015	
974.6	0.05583488	0.0598475	
974.8	0.0551598	0.05984484	
975	0.05470461	0.05984218	
975.2	0.05479435	0.05983952	
975.4	0.05477648	0.05983687	
975.6	0.05435926	0.05983421	
975.8	0.05476127	0.05983155	
976	0.05575771	0.0598289	
976.2	0.05676175	0.05982624	
976.4	0.05757654	0.05982359	
976.6	0.0585115	0.05982093	
976.8	0.05908197	0.05981827	
977	0.05905086	0.05981562	
977.2	0.05884721	0.05981296	
977.4	0.05973105	0.05981031	
977.6	0.0603942	0.05980765	
977.8	0.06022986	0.059805	
978	0.06063257	0.05980234	
978.2	0.05992232	0.05979969	
978.4	0.05929609	0.05979703	
978.6	0.05903644	0.05979438	
978.8	0.05866127	0.05979172	
979	0.05840454	0.05978907	
979.2	0.0588602	0.05978641	
979.4	0.0584623	0.05978376	
979.6	0.05781005	0.05978111	
979.8	0.0577194	0.05977845	
980	0.05789038	0.0597758	
980.2	0.05769458	0.05977314	
980.4	0.05776294	0.05977049	
980.6	0.05717946	0.05976784	
980.8	0.05623759	0.05976518	
981	0.0566152	0.05976253	
981.2	0.05647435	0.05975988	
981.4	0.05663409	0.05975722	
981.6	0.0563495	0.05975457	
981.8	0.05552668	0.05975192	
982	0.05621936	0.05974926	
982.2	0.05599639	0.05974661	
982.4	0.05579069	0.05974396	
982.6	0.05574347	0.05974131	
982.8	0.05610061	0.05973865	
983	0.05581659	0.059736	
983.2	0.05654123	0.05973335	
983.4	0.05736401	0.0597307	
983.6	0.05736752	0.05972805	
983.8	0.05775539	0.05972539	
984	0.05787484	0.05972274	
984.2	0.05779495	0.05972009	
984.4	0.05772038	0.05971744	
984.6	0.05756009	0.05971479	
984.8	0.05791241	0.05971214	
985	0.05858531	0.05970949	
985.2	0.05809313	0.05970684	
985.4	0.05807244	0.05970418	
985.6	0.05851557	0.05970153	
985.8	0.0586653	0.05969888	
986	0.05886264	0.05969623	
986.2	0.05740119	0.05969358	
986.4	0.0569404	0.05969093	
986.6	0.05782896	0.05968828	
986.8	0.05738609	0.05968563	
987	0.05760692	0.05968298	
987.2	0.05835609	0.05968033	
987.4	0.05872133	0.05967768	
987.6	0.05831116	0.05967503	
987.8	0.05845947	0.05967238	
988	0.05820431	0.05966974	
988.2	0.05858311	0.05966709	
988.4	0.05884963	0.05966444	
988.6	0.05921115	0.05966179	
988.8	0.05999525	0.05965914	
989	0.06037866	0.05965649	
989.2	0.06062169	0.05965384	
989.4	0.06122552	0.05965119	
989.6	0.06155951	0.05964855	
989.8	0.06180962	0.0596459	
990	0.06113763	0.05964325	
990.2	0.05977951	0.0596406	
990.4	0.06032333	0.05963795	
990.6	0.0613083	0.05963531	
990.8	0.06024569	0.05963266	
991	0.06075541	0.05963001	
991.2	0.06024559	0.05962736	
991.4	0.05872414	0.05962472	
991.6	0.05802207	0.05962207	
991.8	0.05700693	0.05961942	
992	0.05694717	0.05961678	
992.2	0.05565088	0.05961413	
992.4	0.05487677	0.05961148	
992.6	0.05453695	0.05960884	
992.8	0.05449249	0.05960619	
993	0.05372472	0.05960354	
993.2	0.05372378	0.0596009	
993.4	0.05348868	0.05959825	
993.6	0.05390463	0.0595956	
993.8	0.05532412	0.05959296	
994	0.05556247	0.05959031	
994.2	0.05570706	0.05958767	
994.4	0.05652938	0.05958502	
994.6	0.05738749	0.05958238	
994.8	0.05774639	0.05957973	
995	0.05802333	0.05957709	
995.2	0.05768633	0.05957444	
995.4	0.05733422	0.0595718	
995.6	0.05756883	0.05956915	
995.8	0.05716306	0.05956651	
996	0.05638109	0.05956386	
996.2	0.05568388	0.05956122	
996.4	0.05657206	0.05955857	
996.6	0.0572417	0.05955593	
996.8	0.05705187	0.05955328	
997	0.05793255	0.05955064	
997.2	0.05802297	0.059548	
997.4	0.0583878	0.05954535	
997.6	0.05934429	0.05954271	
997.8	0.05972928	0.05954007	
998	0.05944248	0.05953742	
998.2	0.05953547	0.05953478	
998.4	0.05883252	0.05953214	
998.6	0.05854898	0.05952949	
998.8	0.05815182	0.05952685	
999	0.0575853	0.05952421	
999.2	0.05751386	0.05952157	
999.4	0.05655488	0.05951892	
999.6	0.05505125	0.05951628	
999.8	0.0544638	0.05951364	
1000	0.05334521	0.059511	
1000.2	0.05430065	0.05950835	
1000.4	0.05477628	0.05950571	
1000.6	0.05553345	0.05950307	
1000.8	0.05618528	0.05950043	
1001	0.05679229	0.05949779	
1001.2	0.05692977	0.05949514	
1001.4	0.05818244	0.0594925	
1001.6	0.05802144	0.05948986	
1001.8	0.05839847	0.05948722	
1002	0.059139	0.05948458	
1002.2	0.05918118	0.05948194	
1002.4	0.05848991	0.0594793	
1002.6	0.05781947	0.05947666	
1002.8	0.0584049	0.05947402	
1003	0.05880695	0.05947138	
1003.2	0.05870897	0.05946874	
1003.4	0.05813431	0.0594661	
1003.6	0.05760135	0.05946346	
1003.8	0.05791513	0.05946082	
1004	0.05814003	0.05945818	
1004.2	0.05945302	0.05945554	
1004.4	0.05906544	0.0594529	
1004.6	0.05894438	0.05945026	
1004.8	0.05957555	0.05944762	
1005	0.05843153	0.05944498	
1005.2	0.05877941	0.05944234	
1005.4	0.05914959	0.0594397	
1005.6	0.05913337	0.05943706	
1005.8	0.05959597	0.05943442	
1006	0.0593963	0.05943178	
1006.2	0.05891396	0.05942915	
1006.4	0.05881189	0.05942651	
1006.6	0.05821395	0.05942387	
1006.8	0.05968665	0.05942123	
1007	0.05893425	0.05941859	
1007.2	0.05875229	0.05941595	
1007.4	0.05848561	0.05941332	
1007.6	0.05834752	0.05941068	
1007.8	0.05863694	0.05940804	
1008	0.05897221	0.0594054	
1008.2	0.05884353	0.05940277	
1008.4	0.05790217	0.05940013	
1008.6	0.05723251	0.05939749	
1008.8	0.05721184	0.05939485	
1009	0.05593917	0.05939222	
1009.2	0.05634437	0.05938958	
1009.4	0.05651685	0.05938694	
1009.6	0.05569864	0.05938431	
1009.8	0.05491674	0.05938167	
1010	0.05475951	0.05937904	
1010.2	0.0547617	0.0593764	
1010.4	0.05539445	0.05937376	
1010.6	0.05518875	0.05937113	
1010.8	0.05565076	0.05936849	
1011	0.05455697	0.05936586	
1011.2	0.05445055	0.05936322	
1011.4	0.0552714	0.05936058	
1011.6	0.05543599	0.05935795	
1011.8	0.05622009	0.05935531	
1012	0.05689075	0.05935268	
1012.2	0.05701655	0.05935004	
1012.4	0.05769088	0.05934741	
1012.6	0.05721927	0.05934477	
1012.8	0.05755667	0.05934214	
1013	0.05748416	0.0593395	
1013.2	0.05789464	0.05933687	
1013.4	0.0579022	0.05933424	
1013.6	0.05766511	0.0593316	
1013.8	0.05767939	0.05932897	
1014	0.05793668	0.05932633	
1014.2	0.05826767	0.0593237	
1014.4	0.05854607	0.05932107	
1014.6	0.05771805	0.05931843	
1014.8	0.05755346	0.0593158	
1015	0.05666221	0.05931316	
1015.2	0.05635651	0.05931053	
1015.4	0.05588359	0.0593079	
1015.6	0.05463055	0.05930527	
1015.8	0.05481421	0.05930263	
1016	0.05464457	0.0593	
1016.2	0.05466381	0.05929737	
1016.4	0.05472759	0.05929473	
1016.6	0.05470011	0.0592921	
1016.8	0.05570763	0.05928947	
1017	0.05614453	0.05928684	
1017.2	0.05694122	0.0592842	
1017.4	0.0569504	0.05928157	
1017.6	0.05697063	0.05927894	
1017.8	0.05803428	0.05927631	
1018	0.05773525	0.05927368	
1018.2	0.05778911	0.05927105	
1018.4	0.05737767	0.05926841	
1018.6	0.05664458	0.05926578	
1018.8	0.05611365	0.05926315	
1019	0.05565902	0.05926052	
1019.2	0.05537862	0.05925789	
1019.4	0.05462309	0.05925526	
1019.6	0.05560718	0.05925263	
1019.8	0.05573656	0.05925	
1020	0.05642612	0.05924737	
1020.2	0.0564974	0.05924474	
1020.4	0.05759488	0.05924211	
1020.6	0.0592321	0.05923948	
1020.8	0.06017922	0.05923685	
1021	0.06029793	0.05923422	
1021.2	0.06041514	0.05923159	
1021.4	0.06019593	0.05922896	
1021.6	0.06039213	0.05922633	
1021.8	0.0609252	0.0592237	
1022	0.05987022	0.05922107	
1022.2	0.05980011	0.05921844	
1022.4	0.05901946	0.05921581	
1022.6	0.05838231	0.05921318	
1022.8	0.05835214	0.05921055	
1023	0.05878093	0.05920792	
1023.2	0.05895993	0.0592053	
1023.4	0.05865776	0.05920267	
1023.6	0.05905263	0.05920004	
1023.8	0.05914436	0.05919741	
1024	0.06046653	0.05919478	
1024.2	0.06074078	0.05919215	
1024.4	0.06125773	0.05918953	
1024.6	0.06077439	0.0591869	
1024.8	0.06051129	0.05918427	
1025	0.05971924	0.05918164	
1025.2	0.05889279	0.05917902	
1025.4	0.0585015	0.05917639	
1025.6	0.05858157	0.05917376	
1025.8	0.0591223	0.05917113	
1026	0.05896231	0.05916851	
1026.2	0.05849665	0.05916588	
1026.4	0.05789817	0.05916325	
1026.6	0.057779	0.05916063	
1026.8	0.05807422	0.059158	
1027	0.05817876	0.05915537	
1027.2	0.05820457	0.05915275	
1027.4	0.05892349	0.05915012	
1027.6	0.05970385	0.05914749	
1027.8	0.06019106	0.05914487	
1028	0.06050382	0.05914224	
1028.2	0.059309	0.05913962	
1028.4	0.05805418	0.05913699	
1028.6	0.05763266	0.05913437	
1028.8	0.05734975	0.05913174	
1029	0.05695597	0.05912912	
1029.2	0.05740877	0.05912649	
1029.4	0.05749052	0.05912387	
1029.6	0.05827581	0.05912124	
1029.8	0.05816415	0.05911862	
1030	0.05757149	0.05911599	
1030.2	0.05666488	0.05911337	
1030.4	0.05632507	0.05911074	
1030.6	0.05588174	0.05910812	
1030.8	0.05599426	0.05910549	
1031	0.05708048	0.05910287	
1031.2	0.05753271	0.05910025	
1031.4	0.05743927	0.05909762	
1031.6	0.0564582	0.059095	
1031.8	0.05647548	0.05909237	
1032	0.05606549	0.05908975	
1032.2	0.05497871	0.05908713	
1032.4	0.05540001	0.0590845	
1032.6	0.05517338	0.05908188	
1032.8	0.05487928	0.05907926	
1033	0.05461001	0.05907664	
1033.2	0.05436578	0.05907401	
1033.4	0.05439087	0.05907139	
1033.6	0.0552688	0.05906877	
1033.8	0.05479351	0.05906614	
1034	0.05508968	0.05906352	
1034.2	0.05492766	0.0590609	
1034.4	0.0545649	0.05905828	
1034.6	0.05489518	0.05905566	
1034.8	0.05511183	0.05905303	
1035	0.05658883	0.05905041	
1035.2	0.05565584	0.05904779	
1035.4	0.05548548	0.05904517	
1035.6	0.05617578	0.05904255	
1035.8	0.0564344	0.05903993	
1036	0.05663554	0.05903731	
1036.2	0.05721418	0.05903468	
1036.4	0.05718612	0.05903206	
1036.6	0.05620723	0.05902944	
1036.8	0.05587482	0.05902682	
1037	0.05505925	0.0590242	
1037.2	0.054994	0.05902158	
1037.4	0.05561072	0.05901896	
1037.6	0.05651184	0.05901634	
1037.8	0.05627641	0.05901372	
1038	0.05736348	0.0590111	
1038.2	0.05793629	0.05900848	
1038.4	0.05764612	0.05900586	
1038.6	0.05845544	0.05900324	
1038.8	0.05833526	0.05900062	
1039	0.05959688	0.058998	
1039.2	0.05909064	0.05899538	
1039.4	0.05936137	0.05899276	
1039.6	0.05897045	0.05899014	
1039.8	0.05890507	0.05898753	
1040	0.05963456	0.05898491	
1040.2	0.05920599	0.05898229	
1040.4	0.0580771	0.05897967	
1040.6	0.05776563	0.05897705	
1040.8	0.05694762	0.05897443	
1041	0.05644513	0.05897181	
1041.2	0.05583388	0.0589692	
1041.4	0.05602884	0.05896658	
1041.6	0.0570438	0.05896396	
1041.8	0.05742445	0.05896134	
1042	0.05811575	0.05895872	
1042.2	0.05792657	0.05895611	
1042.4	0.05725941	0.05895349	
1042.6	0.05709149	0.05895087	
1042.8	0.05780958	0.05894825	
1043	0.0576413	0.05894564	
1043.2	0.05713013	0.05894302	
1043.4	0.05696685	0.0589404	
1043.6	0.05636843	0.05893779	
1043.8	0.05667764	0.05893517	
1044	0.05643243	0.05893255	
1044.2	0.05561258	0.05892994	
1044.4	0.05530285	0.05892732	
1044.6	0.05527379	0.05892471	
1044.8	0.0547167	0.05892209	
1045	0.05409201	0.05891947	
1045.2	0.05411733	0.05891686	
1045.4	0.05507636	0.05891424	
1045.6	0.05528212	0.05891163	
1045.8	0.05444663	0.05890901	
1046	0.05400364	0.0589064	
1046.2	0.05350953	0.05890378	
1046.4	0.053987	0.05890116	
1046.6	0.05396742	0.05889855	
1046.8	0.05362113	0.05889594	
1047	0.05221155	0.05889332	
1047.2	0.05264873	0.05889071	
1047.4	0.05297219	0.05888809	
1047.6	0.05254392	0.05888548	
1047.8	0.05316199	0.05888286	
1048	0.0532033	0.05888025	
1048.2	0.05345279	0.05887763	
1048.4	0.05434708	0.05887502	
1048.6	0.05527486	0.05887241	
1048.8	0.05556195	0.05886979	
1049	0.05641791	0.05886718	
1049.2	0.05768074	0.05886457	
1049.4	0.05783503	0.05886195	
1049.6	0.05779778	0.05885934	
1049.8	0.05779387	0.05885673	
1050	0.05886987	0.05885411	
1050.2	0.05962345	0.0588515	
1050.4	0.0599313	0.05884889	
1050.6	0.05940296	0.05884627	
1050.8	0.05867674	0.05884366	
1051	0.05810069	0.05884105	
1051.2	0.0586155	0.05883844	
1051.4	0.05883494	0.05883582	
1051.6	0.05738546	0.05883321	
1051.8	0.05703479	0.0588306	
1052	0.05656452	0.05882799	
1052.2	0.05627785	0.05882538	
1052.4	0.05687182	0.05882277	
1052.6	0.05652559	0.05882015	
1052.8	0.05651973	0.05881754	
1053	0.05696406	0.05881493	
1053.2	0.05709677	0.05881232	
1053.4	0.05727654	0.05880971	
1053.6	0.05797916	0.0588071	
1053.8	0.05861254	0.05880449	
1054	0.05871716	0.05880188	
1054.2	0.05895297	0.05879927	
1054.4	0.05858001	0.05879666	
1054.6	0.05909959	0.05879404	
1054.8	0.05928577	0.05879143	
1055	0.05883224	0.05878882	
1055.2	0.05933662	0.05878621	
1055.4	0.05827536	0.0587836	
1055.6	0.05709226	0.05878099	
1055.8	0.05718373	0.05877839	
1056	0.05708983	0.05877578	
1056.2	0.05643805	0.05877317	
1056.4	0.05552469	0.05877056	
1056.6	0.05523018	0.05876795	
1056.8	0.05575418	0.05876534	
1057	0.05633651	0.05876273	
1057.2	0.05578528	0.05876012	
1057.4	0.05524185	0.05875751	
1057.6	0.0539598	0.0587549	
1057.8	0.05348257	0.05875229	
1058	0.05209176	0.05874969	
1058.2	0.05274186	0.05874708	
1058.4	0.05276102	0.05874447	
1058.6	0.05358425	0.05874186	
1058.8	0.05417345	0.05873925	
1059	0.05426217	0.05873665	
1059.2	0.0550333	0.05873404	
1059.4	0.05455398	0.05873143	
1059.6	0.05504412	0.05872882	
1059.8	0.05607908	0.05872622	
1060	0.05623935	0.05872361	
1060.2	0.05582815	0.058721	
1060.4	0.05585737	0.05871839	
1060.6	0.05685366	0.05871579	
1060.8	0.05677902	0.05871318	
1061	0.05650541	0.05871057	
1061.2	0.05538622	0.05870797	
1061.4	0.05491072	0.05870536	
1061.6	0.05381205	0.05870275	
1061.8	0.05411082	0.05870015	
1062	0.05397191	0.05869754	
1062.2	0.05415353	0.05869494	
1062.4	0.05363185	0.05869233	
1062.6	0.05457752	0.05868973	
1062.8	0.0541724	0.05868712	
1063	0.05408343	0.05868451	
1063.2	0.05379161	0.05868191	
1063.4	0.05247633	0.0586793	
1063.6	0.0524623	0.0586767	
1063.8	0.05322834	0.05867409	
1064	0.05343256	0.05867149	
1064.2	0.05359854	0.05866888	
1064.4	0.05429348	0.05866628	
1064.6	0.05491738	0.05866367	
1064.8	0.05520107	0.05866107	
1065	0.05558336	0.05865847	
1065.2	0.05601782	0.05865586	
1065.4	0.05645479	0.05865326	
1065.6	0.05650723	0.05865065	
1065.8	0.05674671	0.05864805	
1066	0.05678093	0.05864545	
1066.2	0.0569767	0.05864284	
1066.4	0.0570843	0.05864024	
1066.6	0.05798822	0.05863763	
1066.8	0.05714645	0.05863503	
1067	0.05683411	0.05863243	
1067.2	0.05563297	0.05862983	
1067.4	0.05480995	0.05862722	
1067.6	0.05494174	0.05862462	
1067.8	0.05550215	0.05862202	
1068	0.0551902	0.05861941	
1068.2	0.05487621	0.05861681	
1068.4	0.05450919	0.05861421	
1068.6	0.0546025	0.05861161	
1068.8	0.05487027	0.058609	
1069	0.0540663	0.0586064	
1069.2	0.05396425	0.0586038	
1069.4	0.05415015	0.0586012	
1069.6	0.0539311	0.0585986	
1069.8	0.05424919	0.058596	
1070	0.05446382	0.05859339	
1070.2	0.05559458	0.05859079	
1070.4	0.05635872	0.05858819	
1070.6	0.05761627	0.05858559	
1070.8	0.05774221	0.05858299	
1071	0.05847466	0.05858039	
1071.2	0.05916122	0.05857779	
1071.4	0.05918625	0.05857519	
1071.6	0.05930365	0.05857259	
1071.8	0.05898285	0.05856999	
1072	0.05778265	0.05856739	
1072.2	0.05755042	0.05856479	
1072.4	0.05690926	0.05856219	
1072.6	0.05701915	0.05855959	
1072.8	0.05632625	0.05855699	
1073	0.05511305	0.05855439	
1073.2	0.05534386	0.05855179	
1073.4	0.05502102	0.05854919	
1073.6	0.05517647	0.05854659	
1073.8	0.05499744	0.05854399	
1074	0.05492174	0.05854139	
1074.2	0.05560359	0.05853879	
1074.4	0.05566587	0.05853619	
1074.6	0.05523931	0.05853359	
1074.8	0.05561686	0.05853099	
1075	0.05623377	0.0585284	
1075.2	0.05695033	0.0585258	
1075.4	0.05708699	0.0585232	
1075.6	0.05720753	0.0585206	
1075.8	0.05672265	0.058518	
1076	0.05670101	0.0585154	
1076.2	0.05615987	0.05851281	
1076.4	0.05634794	0.05851021	
1076.6	0.05670571	0.05850761	
1076.8	0.05609928	0.05850501	
1077	0.05617203	0.05850242	
1077.2	0.05679962	0.05849982	
1077.4	0.05622588	0.05849722	
1077.6	0.05643535	0.05849462	
1077.8	0.05585962	0.05849203	
1078	0.05521628	0.05848943	
1078.2	0.05489526	0.05848683	
1078.4	0.05363163	0.05848424	
1078.6	0.05301769	0.05848164	
1078.8	0.05403464	0.05847904	
1079	0.05418047	0.05847645	
1079.2	0.05402026	0.05847385	
1079.4	0.05433482	0.05847126	
1079.6	0.05368512	0.05846866	
1079.8	0.05344329	0.05846606	
1080	0.05332774	0.05846347	
1080.2	0.05367652	0.05846087	
1080.4	0.0544047	0.05845828	
1080.6	0.05422371	0.05845568	
1080.8	0.05447273	0.05845309	
1081	0.05491601	0.05845049	
1081.2	0.05527044	0.0584479	
1081.4	0.05465742	0.0584453	
1081.6	0.05483729	0.05844271	
1081.8	0.05479952	0.05844011	
1082	0.05505323	0.05843752	
1082.2	0.05515168	0.05843492	
1082.4	0.05472597	0.05843233	
1082.6	0.05503036	0.05842973	
1082.8	0.05566935	0.05842714	
1083	0.0555525	0.05842455	
1083.2	0.0551178	0.05842195	
1083.4	0.05649005	0.05841936	
1083.6	0.05665904	0.05841677	
1083.8	0.05692136	0.05841417	
1084	0.0571458	0.05841158	
1084.2	0.05754669	0.05840899	
1084.4	0.05786681	0.05840639	
1084.6	0.05746131	0.0584038	
1084.8	0.05871433	0.05840121	
1085	0.05818274	0.05839861	
1085.2	0.05824074	0.05839602	
1085.4	0.05826256	0.05839343	
1085.6	0.05771869	0.05839084	
1085.8	0.05747348	0.05838824	
1086	0.05764134	0.05838565	
1086.2	0.05627413	0.05838306	
1086.4	0.05606968	0.05838047	
1086.6	0.05622125	0.05837788	
1086.8	0.05563485	0.05837528	
1087	0.05495852	0.05837269	
1087.2	0.05448194	0.0583701	
1087.4	0.05547741	0.05836751	
1087.6	0.05521195	0.05836492	
1087.8	0.05484631	0.05836233	
1088	0.05489067	0.05835974	
1088.2	0.05528265	0.05835714	
1088.4	0.05576554	0.05835455	
1088.6	0.05585368	0.05835196	
1088.8	0.05661411	0.05834937	
1089	0.05592672	0.05834678	
1089.2	0.05690283	0.05834419	
1089.4	0.05687397	0.0583416	
1089.6	0.0561076	0.05833901	
1089.8	0.05620104	0.05833642	
1090	0.05630554	0.05833383	
1090.2	0.05601707	0.05833124	
1090.4	0.05720266	0.05832865	
1090.6	0.05660459	0.05832606	
1090.8	0.05586003	0.05832347	
1091	0.05598048	0.05832088	
1091.2	0.05632991	0.05831829	
1091.4	0.05644778	0.0583157	
1091.6	0.05555121	0.05831312	
1091.8	0.0557132	0.05831053	
1092	0.05479224	0.05830794	
1092.2	0.05469052	0.05830535	
1092.4	0.0541283	0.05830276	
1092.6	0.05416763	0.05830017	
1092.8	0.05387676	0.05829758	
1093	0.05384781	0.058295	
1093.2	0.05381072	0.05829241	
1093.4	0.0532403	0.05828982	
1093.6	0.05300709	0.05828723	
1093.8	0.05319066	0.05828464	
1094	0.05256272	0.05828206	
1094.2	0.05339206	0.05827947	
1094.4	0.05372913	0.05827688	
1094.6	0.05339895	0.05827429	
1094.8	0.05406434	0.05827171	
1095	0.05417315	0.05826912	
1095.2	0.05406229	0.05826653	
1095.4	0.05336295	0.05826395	
1095.6	0.05340226	0.05826136	
1095.8	0.05362607	0.05825877	
1096	0.05342371	0.05825619	
1096.2	0.05395449	0.0582536	
1096.4	0.05402649	0.05825101	
1096.6	0.05419282	0.05824843	
1096.8	0.05405195	0.05824584	
1097	0.05442622	0.05824326	
1097.2	0.0541135	0.05824067	
1097.4	0.05406834	0.05823808	
1097.6	0.0542773	0.0582355	
1097.8	0.05349584	0.05823291	
1098	0.05358579	0.05823033	
1098.2	0.05511971	0.05822774	
1098.4	0.05585562	0.05822516	
1098.6	0.05617543	0.05822257	
1098.8	0.05716737	0.05821999	
1099	0.05723499	0.0582174	
1099.2	0.0575858	0.05821482	
1099.4	0.05737842	0.05821223	
1099.6	0.05775808	0.05820965	
1099.8	0.05710878	0.05820706	
1100	0.05674152	0.05820448	
1100.2	0.05586096	0.0582019	
1100.4	0.05528817	0.05819931	
1100.6	0.05443204	0.05819673	
1100.8	0.05384599	0.05819414	
1101	0.05442411	0.05819156	
1101.2	0.05349404	0.05818898	
1101.4	0.05335606	0.05818639	
1101.6	0.05373386	0.05818381	
1101.8	0.05426582	0.05818123	
1102	0.0546379	0.05817864	
1102.2	0.05419878	0.05817606	
1102.4	0.05460989	0.05817348	
1102.6	0.05406988	0.0581709	
1102.8	0.05503725	0.05816831	
1103	0.05457318	0.05816573	
1103.2	0.0545254	0.05816315	
1103.4	0.05377787	0.05816057	
1103.6	0.0537195	0.05815798	
1103.8	0.05318002	0.0581554	
1104	0.05323545	0.05815282	
1104.2	0.05194273	0.05815024	
1104.4	0.05196248	0.05814766	
1104.6	0.0521258	0.05814508	
1104.8	0.05244242	0.05814249	
1105	0.05385257	0.05813991	
1105.2	0.05425983	0.05813733	
1105.4	0.05501132	0.05813475	
1105.6	0.05481303	0.05813217	
1105.8	0.05399167	0.05812959	
1106	0.05240399	0.05812701	
1106.2	0.05234892	0.05812443	
1106.4	0.0529502	0.05812185	
1106.6	0.05254503	0.05811927	
1106.8	0.05332639	0.05811669	
1107	0.05303448	0.05811411	
1107.2	0.05325887	0.05811153	
1107.4	0.05338118	0.05810895	
1107.6	0.05426182	0.05810637	
1107.8	0.05433978	0.05810379	
1108	0.05452253	0.05810121	
1108.2	0.05397049	0.05809863	
1108.4	0.05509148	0.05809605	
1108.6	0.05587373	0.05809347	
1108.8	0.0565185	0.05809089	
1109	0.05717768	0.05808831	
1109.2	0.05643601	0.05808573	
1109.4	0.05602365	0.05808315	
1109.6	0.05534111	0.05808057	
1109.8	0.05518333	0.058078	
1110	0.05556987	0.05807542	
1110.2	0.05608444	0.05807284	
1110.4	0.056117	0.05807026	
1110.6	0.05679881	0.05806768	
1110.8	0.05687954	0.0580651	
1111	0.05581216	0.05806253	
1111.2	0.05522405	0.05805995	
1111.4	0.05549276	0.05805737	
1111.6	0.05522964	0.05805479	
1111.8	0.05508658	0.05805222	
1112	0.05497177	0.05804964	
1112.2	0.05428198	0.05804706	
1112.4	0.05346936	0.05804448	
1112.6	0.05263253	0.05804191	
1112.8	0.0511817	0.05803933	
1113	0.05031702	0.05803675	
1113.2	0.0497146	0.05803418	
1113.4	0.04961447	0.0580316	
1113.6	0.04964739	0.05802902	
1113.8	0.05005869	0.05802645	
1114	0.05065788	0.05802387	
1114.2	0.05114868	0.0580213	
1114.4	0.05213295	0.05801872	
1114.6	0.05334157	0.05801614	
1114.8	0.05268628	0.05801357	
1115	0.0535881	0.05801099	
1115.2	0.05436855	0.05800842	
1115.4	0.05597677	0.05800584	
1115.6	0.05654354	0.05800327	
1115.8	0.05724469	0.05800069	
1116	0.05754563	0.05799812	
1116.2	0.05712283	0.05799554	
1116.4	0.05612163	0.05799297	
1116.6	0.05521375	0.05799039	
1116.8	0.05502445	0.05798782	
1117	0.05516736	0.05798524	
1117.2	0.05490204	0.05798267	
1117.4	0.05441379	0.05798009	
1117.6	0.05429655	0.05797752	
1117.8	0.05454052	0.05797495	
1118	0.05399715	0.05797237	
1118.2	0.05421481	0.0579698	
1118.4	0.05483384	0.05796722	
1118.6	0.0553699	0.05796465	
1118.8	0.05645865	0.05796208	
1119	0.05794999	0.0579595	
1119.2	0.05810408	0.05795693	
1119.4	0.05830498	0.05795436	
1119.6	0.05886938	0.05795179	
1119.8	0.05913751	0.05794921	
1120	0.05942656	0.05794664	
1120.2	0.05914942	0.05794407	
1120.4	0.05952142	0.05794149	
1120.6	0.05986397	0.05793892	
1120.8	0.06024509	0.05793635	
1121	0.06039084	0.05793378	
1121.2	0.06018249	0.05793121	
1121.4	0.05949317	0.05792863	
1121.6	0.05800976	0.05792606	
1121.8	0.05765249	0.05792349	
1122	0.0569529	0.05792092	
1122.2	0.05750874	0.05791835	
1122.4	0.05704624	0.05791578	
1122.6	0.05792891	0.0579132	
1122.8	0.05816321	0.05791063	
1123	0.05811192	0.05790806	
1123.2	0.05801543	0.05790549	
1123.4	0.05739828	0.05790292	
1123.6	0.05793446	0.05790035	
1123.8	0.05844135	0.05789778	
1124	0.05789322	0.05789521	
1124.2	0.0585322	0.05789264	
1124.4	0.05910625	0.05789007	
1124.6	0.05918356	0.0578875	
1124.8	0.05846523	0.05788493	
1125	0.05807547	0.05788236	
1125.2	0.0571273	0.05787979	
1125.4	0.05629529	0.05787722	
1125.6	0.05514255	0.05787465	
1125.8	0.05512455	0.05787208	
1126	0.05454351	0.05786951	
1126.2	0.05346893	0.05786694	
1126.4	0.05319266	0.05786437	
1126.6	0.05394651	0.0578618	
1126.8	0.05350315	0.05785923	
1127	0.05370363	0.05785667	
1127.2	0.05400923	0.0578541	
1127.4	0.05460234	0.05785153	
1127.6	0.05424965	0.05784896	
1127.8	0.05445254	0.05784639	
1128	0.05418391	0.05784382	
1128.2	0.05471	0.05784126	
1128.4	0.05494772	0.05783869	
1128.6	0.05541136	0.05783612	
1128.8	0.05487995	0.05783355	
1129	0.05577139	0.05783098	
1129.2	0.05582677	0.05782842	
1129.4	0.05542232	0.05782585	
1129.6	0.05523118	0.05782328	
1129.8	0.05429245	0.05782071	
1130	0.05357249	0.05781815	
1130.2	0.05311559	0.05781558	
1130.4	0.05387506	0.05781301	
1130.6	0.05459084	0.05781045	
1130.8	0.05535519	0.05780788	
1131	0.05571659	0.05780531	
1131.2	0.05617199	0.05780275	
1131.4	0.05588812	0.05780018	
1131.6	0.05523233	0.05779762	
1131.8	0.05587192	0.05779505	
1132	0.05650954	0.05779248	
1132.2	0.05670625	0.05778992	
1132.4	0.05705807	0.05778735	
1132.6	0.05790376	0.05778479	
1132.8	0.05888662	0.05778222	
1133	0.05935502	0.05777966	
1133.2	0.0589108	0.05777709	
1133.4	0.05900302	0.05777453	
1133.6	0.05902523	0.05777196	
1133.8	0.05824062	0.0577694	
1134	0.05846587	0.05776683	
1134.2	0.05890289	0.05776427	
1134.4	0.0597838	0.0577617	
1134.6	0.05996107	0.05775914	
1134.8	0.06011559	0.05775657	
1135	0.05958717	0.05775401	
1135.2	0.05930637	0.05775144	
1135.4	0.05950521	0.05774888	
1135.6	0.05974763	0.05774632	
1135.8	0.05971665	0.05774375	
1136	0.05902996	0.05774119	
1136.2	0.05852897	0.05773863	
1136.4	0.05832801	0.05773606	
1136.6	0.05849625	0.0577335	
1136.8	0.05816952	0.05773094	
1137	0.05765107	0.05772837	
1137.2	0.05709481	0.05772581	
1137.4	0.05701326	0.05772325	
1137.6	0.05689891	0.05772068	
1137.8	0.05676355	0.05771812	
1138	0.05653422	0.05771556	
1138.2	0.05664197	0.057713	
1138.4	0.05624674	0.05771044	
1138.6	0.05560984	0.05770787	
1138.8	0.05561372	0.05770531	
1139	0.05578006	0.05770275	
1139.2	0.05572493	0.05770019	
1139.4	0.055648	0.05769763	
1139.6	0.05510397	0.05769506	
1139.8	0.0552783	0.0576925	
1140	0.05492726	0.05768994	
1140.2	0.05450906	0.05768738	
1140.4	0.05418924	0.05768482	
1140.6	0.05363105	0.05768226	
1140.8	0.0541943	0.0576797	
1141	0.05438184	0.05767714	
1141.2	0.05395468	0.05767458	
1141.4	0.05402324	0.05767201	
1141.6	0.05380313	0.05766945	
1141.8	0.05299151	0.05766689	
1142	0.0532401	0.05766433	
1142.2	0.05321212	0.05766177	
1142.4	0.05302312	0.05765921	
1142.6	0.0533399	0.05765665	
1142.8	0.05286637	0.05765409	
1143	0.05369874	0.05765153	
1143.2	0.05338554	0.05764898	
1143.4	0.05375263	0.05764642	
1143.6	0.05446005	0.05764386	
1143.8	0.05587344	0.0576413	
1144	0.055658	0.05763874	
1144.2	0.05561701	0.05763618	
1144.4	0.05625162	0.05763362	
1144.6	0.0565012	0.05763106	
1144.8	0.05664047	0.0576285	
1145	0.05638986	0.05762594	
1145.2	0.05557008	0.05762339	
1145.4	0.05542624	0.05762083	
1145.6	0.0547381	0.05761827	
1145.8	0.05492142	0.05761571	
1146	0.05615909	0.05761315	
1146.2	0.05574672	0.0576106	
1146.4	0.05618998	0.05760804	
1146.6	0.05596098	0.05760548	
1146.8	0.05590824	0.05760292	
1147	0.05715737	0.05760037	
1147.2	0.05648087	0.05759781	
1147.4	0.0566652	0.05759525	
1147.6	0.0567372	0.05759269	
1147.8	0.05626823	0.05759014	
1148	0.05589032	0.05758758	
1148.2	0.05566008	0.05758502	
1148.4	0.05430352	0.05758247	
1148.6	0.05383116	0.05757991	
1148.8	0.05320233	0.05757735	
1149	0.05304905	0.0575748	
1149.2	0.05289783	0.05757224	
1149.4	0.05317932	0.05756969	
1149.6	0.05303506	0.05756713	
1149.8	0.05410151	0.05756457	
1150	0.05488587	0.05756202	
1150.2	0.05520174	0.05755946	
1150.4	0.05589818	0.05755691	
1150.6	0.05705135	0.05755435	
1150.8	0.05795811	0.0575518	
1151	0.0587293	0.05754924	
1151.2	0.05853557	0.05754669	
1151.4	0.05894483	0.05754413	
1151.6	0.05825906	0.05754158	
1151.8	0.0577283	0.05753902	
1152	0.05727651	0.05753647	
1152.2	0.05646067	0.05753391	
1152.4	0.055717	0.05753136	
1152.6	0.056264	0.05752881	
1152.8	0.0557339	0.05752625	
1153	0.05573348	0.0575237	
1153.2	0.05546129	0.05752114	
1153.4	0.05427784	0.05751859	
1153.6	0.05436918	0.05751604	
1153.8	0.05501779	0.05751348	
1154	0.05531324	0.05751093	
1154.2	0.05566022	0.05750838	
1154.4	0.05575712	0.05750582	
1154.6	0.05644507	0.05750327	
1154.8	0.05717407	0.05750072	
1155	0.05787873	0.05749816	
1155.2	0.05778602	0.05749561	
1155.4	0.05722826	0.05749306	
1155.6	0.05659289	0.05749051	
1155.8	0.0564442	0.05748795	
1156	0.05599295	0.0574854	
1156.2	0.05641301	0.05748285	
1156.4	0.05638109	0.0574803	
1156.6	0.05650676	0.05747775	
1156.8	0.05582677	0.05747519	
1157	0.05548119	0.05747264	
1157.2	0.05454386	0.05747009	
1157.4	0.05418052	0.05746754	
1157.6	0.05451475	0.05746499	
1157.8	0.05491647	0.05746244	
1158	0.05507395	0.05745988	
1158.2	0.05489224	0.05745733	
1158.4	0.05477053	0.05745478	
1158.6	0.05508555	0.05745223	
1158.8	0.05636172	0.05744968	
1159	0.05596897	0.05744713	
1159.2	0.05568966	0.05744458	
1159.4	0.05531281	0.05744203	
1159.6	0.05674522	0.05743948	
1159.8	0.05684168	0.05743693	
1160	0.05669622	0.05743438	
1160.2	0.05653161	0.05743183	
1160.4	0.05731815	0.05742928	
1160.6	0.05719135	0.05742673	
1160.8	0.05667535	0.05742418	
1161	0.05725858	0.05742163	
1161.2	0.05747163	0.05741908	
1161.4	0.05743395	0.05741653	
1161.6	0.05761283	0.05741398	
1161.8	0.05743871	0.05741143	
1162	0.05718393	0.05740889	
1162.2	0.05653187	0.05740634	
1162.4	0.05640879	0.05740379	
1162.6	0.05635726	0.05740124	
1162.8	0.05663589	0.05739869	
1163	0.05604571	0.05739614	
1163.2	0.05642796	0.0573936	
1163.4	0.05733761	0.05739105	
1163.6	0.05890437	0.0573885	
1163.8	0.05837011	0.05738595	
1164	0.05773605	0.0573834	
1164.2	0.05813873	0.05738086	
1164.4	0.05891803	0.05737831	
1164.6	0.05873007	0.05737576	
1164.8	0.05863632	0.05737321	
1165	0.05909685	0.05737067	
1165.2	0.05879679	0.05736812	
1165.4	0.05826885	0.05736557	
1165.6	0.05761807	0.05736303	
1165.8	0.05595452	0.05736048	
1166	0.05523622	0.05735793	
1166.2	0.05461051	0.05735539	
1166.4	0.05504626	0.05735284	
1166.6	0.05420397	0.05735029	
1166.8	0.05416357	0.05734775	
1167	0.05443328	0.0573452	
1167.2	0.05448647	0.05734266	
1167.4	0.05513651	0.05734011	
1167.6	0.05533538	0.05733756	
1167.8	0.05535739	0.05733502	
1168	0.05598287	0.05733247	
1168.2	0.05665859	0.05732993	
1168.4	0.05632472	0.05732738	
1168.6	0.05670466	0.05732484	
1168.8	0.0555641	0.05732229	
1169	0.05563816	0.05731975	
1169.2	0.05564996	0.0573172	
1169.4	0.05502975	0.05731466	
1169.6	0.05483246	0.05731211	
1169.8	0.05416034	0.05730957	
1170	0.05472211	0.05730702	
1170.2	0.05466204	0.05730448	
1170.4	0.05496073	0.05730194	
1170.6	0.05395425	0.05729939	
1170.8	0.05444134	0.05729685	
1171	0.05442813	0.0572943	
1171.2	0.05460254	0.05729176	
1171.4	0.05476862	0.05728922	
1171.6	0.05507206	0.05728667	
1171.8	0.05557324	0.05728413	
1172	0.05624976	0.05728159	
1172.2	0.05556066	0.05727904	
1172.4	0.05560096	0.0572765	
1172.6	0.05633454	0.05727396	
1172.8	0.05539707	0.05727141	
1173	0.05645628	0.05726887	
1173.2	0.05617804	0.05726633	
1173.4	0.05557579	0.05726379	
1173.6	0.05586942	0.05726125	
1173.8	0.05528296	0.0572587	
1174	0.05554098	0.05725616	
1174.2	0.05489179	0.05725362	
1174.4	0.05462751	0.05725108	
1174.6	0.05448214	0.05724854	
1174.8	0.05561484	0.05724599	
1175	0.05579059	0.05724345	
1175.2	0.05581233	0.05724091	
1175.4	0.05556985	0.05723837	
1175.6	0.05580583	0.05723583	
1175.8	0.05576574	0.05723329	
1176	0.05584647	0.05723075	
1176.2	0.05630767	0.05722821	
1176.4	0.05686411	0.05722566	
1176.6	0.05721771	0.05722312	
1176.8	0.05656964	0.05722058	
1177	0.05687757	0.05721804	
1177.2	0.05594882	0.0572155	
1177.4	0.0558616	0.05721296	
1177.6	0.05526012	0.05721042	
1177.8	0.05574363	0.05720788	
1178	0.05589721	0.05720534	
1178.2	0.05483838	0.0572028	
1178.4	0.05462486	0.05720026	
1178.6	0.05545676	0.05719772	
1178.8	0.05613753	0.05719518	
1179	0.05604205	0.05719265	
1179.2	0.05594246	0.05719011	
1179.4	0.05605789	0.05718757	
1179.6	0.05546515	0.05718503	
1179.8	0.05540058	0.05718249	
1180	0.05634939	0.05717995	
1180.2	0.0572811	0.05717741	
1180.4	0.05648875	0.05717487	
1180.6	0.05689167	0.05717234	
1180.8	0.05636695	0.0571698	
1181	0.05598017	0.05716726	
1181.2	0.05572354	0.05716472	
1181.4	0.05671681	0.05716218	
1181.6	0.05686028	0.05715964	
1181.8	0.05740622	0.05715711	
1182	0.0568708	0.05715457	
1182.2	0.05655481	0.05715203	
1182.4	0.05705993	0.05714949	
1182.6	0.05711127	0.05714696	
1182.8	0.05693095	0.05714442	
1183	0.05687813	0.05714188	
1183.2	0.05590319	0.05713935	
1183.4	0.0550649	0.05713681	
1183.6	0.05432285	0.05713427	
1183.8	0.05498351	0.05713174	
1184	0.05549142	0.0571292	
1184.2	0.05536996	0.05712666	
1184.4	0.05521842	0.05712413	
1184.6	0.05527323	0.05712159	
1184.8	0.0552804	0.05711906	
1185	0.05568673	0.05711652	
1185.2	0.05676308	0.05711398	
1185.4	0.05801586	0.05711145	
1185.6	0.05732552	0.05710891	
1185.8	0.05746041	0.05710638	
1186	0.05802722	0.05710384	
1186.2	0.05792078	0.05710131	
1186.4	0.05794635	0.05709877	
1186.6	0.05726065	0.05709624	
1186.8	0.05705466	0.0570937	
1187	0.05603056	0.05709117	
1187.2	0.05454575	0.05708863	
1187.4	0.05508059	0.0570861	
1187.6	0.05517561	0.05708356	
1187.8	0.05585268	0.05708103	
1188	0.05565283	0.05707849	
1188.2	0.05512624	0.05707596	
1188.4	0.05506714	0.05707343	
1188.6	0.05544288	0.05707089	
1188.8	0.05585728	0.05706836	
1189	0.05615098	0.05706583	
1189.2	0.05742707	0.05706329	
1189.4	0.05738496	0.05706076	
1189.6	0.05740661	0.05705823	
1189.8	0.05778071	0.05705569	
1190	0.05834513	0.05705316	
1190.2	0.05823169	0.05705063	
1190.4	0.05826504	0.05704809	
1190.6	0.05686135	0.05704556	
1190.8	0.05666355	0.05704303	
1191	0.05611245	0.0570405	
1191.2	0.05582893	0.05703796	
1191.4	0.05672809	0.05703543	
1191.6	0.05579588	0.0570329	
1191.8	0.05578664	0.05703037	
1192	0.05498352	0.05702783	
1192.2	0.05490005	0.0570253	
1192.4	0.05566151	0.05702277	
1192.6	0.05648234	0.05702024	
1192.8	0.05660329	0.05701771	
1193	0.05758182	0.05701518	
1193.2	0.05831974	0.05701265	
1193.4	0.057959	0.05701011	
1193.6	0.05748345	0.05700758	
1193.8	0.05688036	0.05700505	
1194	0.05755341	0.05700252	
1194.2	0.05675015	0.05699999	
1194.4	0.05645897	0.05699746	
1194.6	0.05674732	0.05699493	
1194.8	0.05653656	0.0569924	
1195	0.05630398	0.05698987	
1195.2	0.05598241	0.05698734	
1195.4	0.05681224	0.05698481	
1195.6	0.05635458	0.05698228	
1195.8	0.05690917	0.05697975	
1196	0.056858	0.05697722	
1196.2	0.0572269	0.05697469	
1196.4	0.05739829	0.05697216	
1196.6	0.05768676	0.05696963	
1196.8	0.05788971	0.0569671	
1197	0.05790903	0.05696457	
1197.2	0.05691626	0.05696204	
1197.4	0.05695346	0.05695951	
1197.6	0.05602363	0.05695699	
1197.8	0.05653401	0.05695446	
1198	0.05710675	0.05695193	
1198.2	0.05688928	0.0569494	
1198.4	0.05681438	0.05694687	
1198.6	0.05661744	0.05694434	
1198.8	0.05583116	0.05694181	
1199	0.05584015	0.05693929	
1199.2	0.05530734	0.05693676	
1199.4	0.05512583	0.05693423	
1199.6	0.05451206	0.0569317	
1199.8	0.05433729	0.05692918	
1200	0.05379127	0.05692665	
1200.2	0.05333847	0.05692412	
1200.4	0.05348091	0.05692159	
1200.6	0.05355718	0.05691907	
1200.8	0.05402276	0.05691654	
1201	0.05455428	0.05691401	
1201.2	0.0539311	0.05691149	
1201.4	0.05518188	0.05690896	
1201.6	0.05512563	0.05690643	
1201.8	0.05619816	0.05690391	
1202	0.05617585	0.05690138	
1202.2	0.05561736	0.05689885	
1202.4	0.05545042	0.05689633	
1202.6	0.05563019	0.0568938	
1202.8	0.05635516	0.05689128	
1203	0.05582281	0.05688875	
1203.2	0.05601328	0.05688622	
1203.4	0.05591902	0.0568837	
1203.6	0.05570817	0.05688117	
1203.8	0.05585004	0.05687865	
1204	0.0555541	0.05687612	
1204.2	0.0558949	0.0568736	
1204.4	0.05609519	0.05687107	
1204.6	0.05646352	0.05686855	
1204.8	0.05698176	0.05686602	
1205	0.05670666	0.0568635	
1205.2	0.0561893	0.05686097	
1205.4	0.05664468	0.05685845	
1205.6	0.05600418	0.05685593	
1205.8	0.05547601	0.0568534	
1206	0.05499278	0.05685088	
1206.2	0.0546955	0.05684835	
1206.4	0.05490753	0.05684583	
1206.6	0.05443685	0.05684331	
1206.8	0.05457009	0.05684078	
1207	0.05382926	0.05683826	
1207.2	0.05405512	0.05683573	
1207.4	0.05440843	0.05683321	
1207.6	0.05376174	0.05683069	
1207.8	0.05476477	0.05682817	
1208	0.05475968	0.05682564	
1208.2	0.05554959	0.05682312	
1208.4	0.05573883	0.0568206	
1208.6	0.05504675	0.05681807	
1208.8	0.0548186	0.05681555	
1209	0.05411476	0.05681303	
1209.2	0.05466369	0.05681051	
1209.4	0.05522918	0.05680798	
1209.6	0.05522358	0.05680546	
1209.8	0.05583371	0.05680294	
1210	0.05680357	0.05680042	
1210.2	0.0565083	0.0567979	
1210.4	0.05711651	0.05679538	
1210.6	0.05789473	0.05679285	
1210.8	0.05848962	0.05679033	
1211	0.05880452	0.05678781	
1211.2	0.05987191	0.05678529	
1211.4	0.06013423	0.05678277	
1211.6	0.05939055	0.05678025	
1211.8	0.06008644	0.05677773	
1212	0.0606015	0.05677521	
1212.2	0.05968897	0.05677269	
1212.4	0.05870811	0.05677016	
1212.6	0.05712884	0.05676764	
1212.8	0.05595689	0.05676512	
1213	0.05455992	0.0567626	
1213.2	0.05416254	0.05676008	
1213.4	0.05441575	0.05675756	
1213.6	0.05396984	0.05675504	
1213.8	0.05371513	0.05675252	
1214	0.05319915	0.05675	
1214.2	0.05369237	0.05674749	
1214.4	0.05473014	0.05674497	
1214.6	0.05465356	0.05674245	
1214.8	0.05473236	0.05673993	
1215	0.05438014	0.05673741	
1215.2	0.05425081	0.05673489	
1215.4	0.05401415	0.05673237	
1215.6	0.05462682	0.05672985	
1215.8	0.05512376	0.05672733	
1216	0.0551371	0.05672481	
1216.2	0.05421131	0.0567223	
1216.4	0.05365144	0.05671978	
1216.6	0.0533834	0.05671726	
1216.8	0.05219882	0.05671474	
1217	0.05262354	0.05671222	
1217.2	0.05283128	0.05670971	
1217.4	0.05390397	0.05670719	
1217.6	0.05483208	0.05670467	
1217.8	0.05517286	0.05670215	
1218	0.05633574	0.05669964	
1218.2	0.05753562	0.05669712	
1218.4	0.05745398	0.0566946	
1218.6	0.05749019	0.05669208	
1218.8	0.05776911	0.05668957	
1219	0.05686976	0.05668705	
1219.2	0.05684145	0.05668453	
1219.4	0.05751613	0.05668202	
1219.6	0.0578122	0.0566795	
1219.8	0.05715053	0.05667698	
1220	0.05614392	0.05667447	
1220.2	0.05556944	0.05667195	
1220.4	0.05476924	0.05666944	
1220.6	0.05447009	0.05666692	
1220.8	0.05450475	0.0566644	
1221	0.05475861	0.05666189	
1221.2	0.05397335	0.05665937	
1221.4	0.05418812	0.05665686	
1221.6	0.05469775	0.05665434	
1221.8	0.0540149	0.05665183	
1222	0.05424164	0.05664931	
1222.2	0.0540078	0.0566468	
1222.4	0.05419009	0.05664428	
1222.6	0.05434508	0.05664177	
1222.8	0.0550175	0.05663925	
1223	0.05494314	0.05663674	
1223.2	0.05601048	0.05663422	
1223.4	0.05709294	0.05663171	
1223.6	0.05738601	0.05662919	
1223.8	0.05744625	0.05662668	
1224	0.05841411	0.05662417	
1224.2	0.0586837	0.05662165	
1224.4	0.05898105	0.05661914	
1224.6	0.06001224	0.05661663	
1224.8	0.060385	0.05661411	
1225	0.05910402	0.0566116	
1225.2	0.05902727	0.05660908	
1225.4	0.05910193	0.05660657	
1225.6	0.05880269	0.05660406	
1225.8	0.05821066	0.05660155	
1226	0.05829346	0.05659903	
1226.2	0.05755533	0.05659652	
1226.4	0.05804752	0.05659401	
1226.6	0.05751754	0.05659149	
1226.8	0.05784043	0.05658898	
1227	0.0572565	0.05658647	
1227.2	0.05753845	0.05658396	
1227.4	0.05729477	0.05658145	
1227.6	0.05762271	0.05657893	
1227.8	0.05790058	0.05657642	
1228	0.05869965	0.05657391	
1228.2	0.05883409	0.0565714	
1228.4	0.05897269	0.05656889	
1228.6	0.05913771	0.05656637	
1228.8	0.05780306	0.05656386	
1229	0.05754995	0.05656135	
1229.2	0.05665808	0.05655884	
1229.4	0.05652071	0.05655633	
1229.6	0.05550149	0.05655382	
1229.8	0.05512628	0.05655131	
1230	0.05582145	0.0565488	
1230.2	0.05541036	0.05654629	
1230.4	0.05583177	0.05654378	
1230.6	0.0556511	0.05654127	
1230.8	0.05550349	0.05653876	
1231	0.05496794	0.05653625	
1231.2	0.05446624	0.05653374	
1231.4	0.05386716	0.05653123	
1231.6	0.05459163	0.05652872	
1231.8	0.05491316	0.05652621	
1232	0.05589344	0.0565237	
1232.2	0.05622744	0.05652119	
1232.4	0.05518176	0.05651868	
1232.6	0.05456404	0.05651617	
1232.8	0.05401069	0.05651366	
1233	0.054965	0.05651115	
1233.2	0.05365671	0.05650864	
1233.4	0.05468214	0.05650613	
1233.6	0.05453944	0.05650362	
1233.8	0.05503008	0.05650112	
1234	0.0563753	0.05649861	
1234.2	0.05626089	0.0564961	
1234.4	0.05689052	0.05649359	
1234.6	0.05720171	0.05649108	
1234.8	0.0557082	0.05648857	
1235	0.05549024	0.05648607	
1235.2	0.05529877	0.05648356	
1235.4	0.05522441	0.05648105	
1235.6	0.05645269	0.05647854	
1235.8	0.05709976	0.05647604	
1236	0.05734207	0.05647353	
1236.2	0.05709238	0.05647102	
1236.4	0.05683237	0.05646851	
1236.6	0.0570527	0.05646601	
1236.8	0.05755769	0.0564635	
1237	0.05750906	0.05646099	
1237.2	0.05688169	0.05645849	
1237.4	0.05734725	0.05645598	
1237.6	0.05721455	0.05645347	
1237.8	0.05721646	0.05645097	
1238	0.05756879	0.05644846	
1238.2	0.05780567	0.05644596	
1238.4	0.05896981	0.05644345	
1238.6	0.05824967	0.05644094	
1238.8	0.05737794	0.05643844	
1239	0.0578447	0.05643593	
1239.2	0.0576428	0.05643343	
1239.4	0.05784173	0.05643092	
1239.6	0.05896549	0.05642842	
1239.8	0.05846286	0.05642591	
1240	0.0593418	0.05642341	
1240.2	0.05939069	0.0564209	
1240.4	0.05916648	0.0564184	
1240.6	0.05835605	0.05641589	
1240.8	0.05768973	0.05641339	
1241	0.05680814	0.05641088	
1241.2	0.05685747	0.05640838	
1241.4	0.05591487	0.05640587	
1241.6	0.05539835	0.05640337	
1241.8	0.05551839	0.05640086	
1242	0.05494491	0.05639836	
1242.2	0.05551978	0.05639586	
1242.4	0.05593927	0.05639335	
1242.6	0.05533098	0.05639085	
1242.8	0.05528589	0.05638835	
1243	0.0562371	0.05638584	
1243.2	0.0574182	0.05638334	
1243.4	0.05741429	0.05638084	
1243.6	0.05760342	0.05637833	
1243.8	0.05683521	0.05637583	
1244	0.05807675	0.05637333	
1244.2	0.05749763	0.05637082	
1244.4	0.05711751	0.05636832	
1244.6	0.05666026	0.05636582	
1244.8	0.05688551	0.05636332	
1245	0.05710995	0.05636081	
1245.2	0.05653739	0.05635831	
1245.4	0.05734012	0.05635581	
1245.6	0.05753175	0.05635331	
1245.8	0.0577708	0.05635081	
1246	0.05802674	0.0563483	
1246.2	0.05905324	0.0563458	
1246.4	0.05942931	0.0563433	
1246.6	0.05965995	0.0563408	
1246.8	0.05992987	0.0563383	
1247	0.06018141	0.0563358	
1247.2	0.05971644	0.0563333	
1247.4	0.05793254	0.05633079	
1247.6	0.05698568	0.05632829	
1247.8	0.05614131	0.05632579	
1248	0.05558972	0.05632329	
1248.2	0.05601117	0.05632079	
1248.4	0.05521702	0.05631829	
1248.6	0.05572449	0.05631579	
1248.8	0.05595747	0.05631329	
1249	0.05543673	0.05631079	
1249.2	0.05529751	0.05630829	
1249.4	0.05554894	0.05630579	
1249.6	0.05499538	0.05630329	
1249.8	0.05528882	0.05630079	
1250	0.05579841	0.05629829	
1250.2	0.05599564	0.05629579	
1250.4	0.05568292	0.05629329	
1250.6	0.05568878	0.05629079	
1250.8	0.05539938	0.05628829	
1251	0.054601	0.0562858	
1251.2	0.05424836	0.0562833	
1251.4	0.05377583	0.0562808	
1251.6	0.05375301	0.0562783	
1251.8	0.05384168	0.0562758	
1252	0.05402922	0.0562733	
1252.2	0.05445502	0.0562708	
1252.4	0.05368144	0.05626831	
1252.6	0.05509103	0.05626581	
1252.8	0.05425745	0.05626331	
1253	0.05371404	0.05626081	
1253.2	0.05433889	0.05625831	
1253.4	0.0538381	0.05625582	
1253.6	0.05471147	0.05625332	
1253.8	0.05544189	0.05625082	
1254	0.0561531	0.05624832	
1254.2	0.05698417	0.05624583	
1254.4	0.058023	0.05624333	
1254.6	0.05816199	0.05624083	
1254.8	0.05804862	0.05623834	
1255	0.0581898	0.05623584	
1255.2	0.0587206	0.05623334	
1255.4	0.0585559	0.05623085	
1255.6	0.05850721	0.05622835	
1255.8	0.05784474	0.05622585	
1256	0.05761032	0.05622336	
1256.2	0.05748652	0.05622086	
1256.4	0.05807252	0.05621836	
1256.6	0.05860374	0.05621587	
1256.8	0.05773057	0.05621337	
1257	0.05745845	0.05621088	
1257.2	0.05712792	0.05620838	
1257.4	0.05649472	0.05620589	
1257.6	0.05705556	0.05620339	
1257.8	0.05653053	0.0562009	
1258	0.05666682	0.0561984	
1258.2	0.05734042	0.05619591	
1258.4	0.05713153	0.05619341	
1258.6	0.0559604	0.05619092	
1258.8	0.0558722	0.05618842	
1259	0.05543395	0.05618593	
1259.2	0.05543486	0.05618343	
1259.4	0.05426934	0.05618094	
1259.6	0.05438129	0.05617844	
1259.8	0.0541258	0.05617595	
1260	0.05501698	0.05617345	
1260.2	0.05633167	0.05617096	
1260.4	0.05658622	0.05616847	
1260.6	0.05710782	0.05616597	
1260.8	0.05714008	0.05616348	
1261	0.05665573	0.05616099	
1261.2	0.05575248	0.05615849	
1261.4	0.05577729	0.056156	
1261.6	0.05644362	0.05615351	
1261.8	0.05625741	0.05615101	
1262	0.05608349	0.05614852	
1262.2	0.05678722	0.05614603	
1262.4	0.05689218	0.05614354	
1262.6	0.0572934	0.05614104	
1262.8	0.05790754	0.05613855	
1263	0.05742772	0.05613606	
1263.2	0.0569569	0.05613357	
1263.4	0.05669481	0.05613107	
1263.6	0.0570808	0.05612858	
1263.8	0.05680959	0.05612609	
1264	0.057112	0.0561236	
1264.2	0.05766063	0.05612111	
1264.4	0.05705247	0.05611861	
1264.6	0.0574198	0.05611612	
1264.8	0.05707155	0.05611363	
1265	0.05639079	0.05611114	
1265.2	0.05561928	0.05610865	
1265.4	0.05555479	0.05610616	
1265.6	0.05562106	0.05610367	
1265.8	0.05491604	0.05610118	
1266	0.05432446	0.05609869	
1266.2	0.05439682	0.0560962	
1266.4	0.05498693	0.0560937	
1266.6	0.05460491	0.05609121	
1266.8	0.05390322	0.05608872	
1267	0.05327638	0.05608623	
1267.2	0.05252774	0.05608374	
1267.4	0.05250112	0.05608125	
1267.6	0.05179339	0.05607876	
1267.8	0.05069116	0.05607627	
1268	0.05108113	0.05607378	
1268.2	0.05297763	0.0560713	
1268.4	0.05355201	0.05606881	
1268.6	0.05390981	0.05606632	
1268.8	0.05413811	0.05606383	
1269	0.05443454	0.05606134	
1269.2	0.05433925	0.05605885	
1269.4	0.05408348	0.05605636	
1269.6	0.05368351	0.05605387	
1269.8	0.05365061	0.05605138	
1270	0.0539533	0.0560489	
1270.2	0.05422659	0.05604641	
1270.4	0.05506144	0.05604392	
1270.6	0.05509769	0.05604143	
1270.8	0.05483019	0.05603894	
1271	0.05485871	0.05603645	
1271.2	0.05414196	0.05603397	
1271.4	0.05373193	0.05603148	
1271.6	0.05277877	0.05602899	
1271.8	0.05298803	0.0560265	
1272	0.05392521	0.05602402	
1272.2	0.05444549	0.05602153	
1272.4	0.05364648	0.05601904	
1272.6	0.05373382	0.05601655	
1272.8	0.05307329	0.05601407	
1273	0.05332728	0.05601158	
1273.2	0.05321609	0.05600909	
1273.4	0.05319507	0.05600661	
1273.6	0.05306656	0.05600412	
1273.8	0.054252	0.05600163	
1274	0.05522257	0.05599915	
1274.2	0.05536119	0.05599666	
1274.4	0.05583542	0.05599418	
1274.6	0.05658718	0.05599169	
1274.8	0.05617977	0.0559892	
1275	0.05626455	0.05598672	
1275.2	0.05652048	0.05598423	
1275.4	0.05622973	0.05598175	
1275.6	0.05608633	0.05597926	
1275.8	0.05620769	0.05597678	
1276	0.05568105	0.05597429	
1276.2	0.05524074	0.05597181	
1276.4	0.05513227	0.05596932	
1276.6	0.05520178	0.05596684	
1276.8	0.05389071	0.05596435	
1277	0.05425985	0.05596187	
1277.2	0.05432124	0.05595938	
1277.4	0.05377704	0.0559569	
1277.6	0.05337041	0.05595441	
1277.8	0.05374026	0.05595193	
1278	0.05311772	0.05594945	
1278.2	0.0522311	0.05594696	
1278.4	0.05259442	0.05594448	
1278.6	0.05228623	0.05594199	
1278.8	0.0524918	0.05593951	
1279	0.05306522	0.05593703	
1279.2	0.05359481	0.05593454	
1279.4	0.05436877	0.05593206	
1279.6	0.05473375	0.05592958	
1279.8	0.05426534	0.05592709	
1280	0.05505412	0.05592461	
1280.2	0.05496151	0.05592213	
1280.4	0.05504045	0.05591965	
1280.6	0.05489413	0.05591716	
1280.8	0.05446348	0.05591468	
1281	0.05411935	0.0559122	
1281.2	0.05451462	0.05590972	
1281.4	0.05504889	0.05590723	
1281.6	0.05543828	0.05590475	
1281.8	0.05543668	0.05590227	
1282	0.0537617	0.05589979	
1282.2	0.05341833	0.05589731	
1282.4	0.0535253	0.05589482	
1282.6	0.05394391	0.05589234	
1282.8	0.05469978	0.05588986	
1283	0.05384273	0.05588738	
1283.2	0.05410151	0.0558849	
1283.4	0.05550585	0.05588242	
1283.6	0.05464677	0.05587994	
1283.8	0.05505403	0.05587746	
1284	0.05579205	0.05587498	
1284.2	0.05592772	0.05587249	
1284.4	0.05535006	0.05587001	
1284.6	0.05518578	0.05586753	
1284.8	0.05482641	0.05586505	
1285	0.05466139	0.05586257	
1285.2	0.05576027	0.05586009	
1285.4	0.05596476	0.05585761	
1285.6	0.05584743	0.05585513	
1285.8	0.05492758	0.05585265	
1286	0.0534405	0.05585017	
1286.2	0.05423472	0.05584769	
1286.4	0.05444115	0.05584521	
1286.6	0.05522849	0.05584274	
1286.8	0.05540795	0.05584026	
1287	0.05519017	0.05583778	
1287.2	0.05617232	0.0558353	
1287.4	0.05711429	0.05583282	
1287.6	0.05682538	0.05583034	
1287.8	0.05779975	0.05582786	
1288	0.05761455	0.05582538	
1288.2	0.05686229	0.0558229	
1288.4	0.05574414	0.05582043	
1288.6	0.05616342	0.05581795	
1288.8	0.05629459	0.05581547	
1289	0.05554516	0.05581299	
1289.2	0.05597542	0.05581051	
1289.4	0.0560589	0.05580804	
1289.6	0.0564753	0.05580556	
1289.8	0.05624947	0.05580308	
1290	0.05574982	0.0558006	
1290.2	0.05673283	0.05579813	
1290.4	0.0569902	0.05579565	
1290.6	0.05768028	0.05579317	
1290.8	0.05724384	0.05579069	
1291	0.05687895	0.05578822	
1291.2	0.05627927	0.05578574	
1291.4	0.05576876	0.05578326	
1291.6	0.05541406	0.05578079	
1291.8	0.05452616	0.05577831	
1292	0.05354032	0.05577583	
1292.2	0.05280278	0.05577336	
1292.4	0.05272706	0.05577088	
1292.6	0.05271848	0.05576841	
1292.8	0.05312022	0.05576593	
1293	0.05247011	0.05576345	
1293.2	0.05328975	0.05576098	
1293.4	0.05445069	0.0557585	
1293.6	0.05573868	0.05575603	
1293.8	0.05666832	0.05575355	
1294	0.05720905	0.05575108	
1294.2	0.05843181	0.0557486	
1294.4	0.05890945	0.05574613	
1294.6	0.05916322	0.05574365	
1294.8	0.05858523	0.05574118	
1295	0.05970377	0.0557387	
1295.2	0.05963715	0.05573623	
1295.4	0.05881004	0.05573375	
1295.6	0.05853129	0.05573128	
1295.8	0.05762616	0.0557288	
1296	0.05744256	0.05572633	
1296.2	0.05710237	0.05572386	
1296.4	0.05602032	0.05572138	
1296.6	0.05587164	0.05571891	
1296.8	0.05607965	0.05571644	
1297	0.05546587	0.05571396	
1297.2	0.05600507	0.05571149	
1297.4	0.05671527	0.05570901	
1297.6	0.0563046	0.05570654	
1297.8	0.05591256	0.05570407	
1298	0.05520117	0.0557016	
1298.2	0.05508942	0.05569912	
1298.4	0.05568771	0.05569665	
1298.6	0.05507425	0.05569418	
1298.8	0.05587694	0.0556917	
1299	0.05668853	0.05568923	
1299.2	0.05621418	0.05568676	
1299.4	0.05561428	0.05568429	
1299.6	0.0558744	0.05568181	
1299.8	0.05694148	0.05567934	
1300	0.05723527	0.05567687	
1300.2	0.05730511	0.0556744	
1300.4	0.05653787	0.05567193	
1300.6	0.0570003	0.05566946	
1300.8	0.05724852	0.05566698	
1301	0.05714871	0.05566451	
1301.2	0.05759505	0.05566204	
1301.4	0.05680596	0.05565957	
1301.6	0.05667358	0.0556571	
1301.8	0.05648126	0.05565463	
1302	0.0566604	0.05565216	
1302.2	0.05756074	0.05564969	
1302.4	0.05775191	0.05564722	
1302.6	0.05747856	0.05564474	
1302.8	0.05808127	0.05564227	
1303	0.05773192	0.0556398	
1303.2	0.05758025	0.05563733	
1303.4	0.05704246	0.05563486	
1303.6	0.05736875	0.05563239	
1303.8	0.05766788	0.05562992	
1304	0.05687236	0.05562745	
1304.2	0.05692499	0.05562498	
1304.4	0.05699127	0.05562251	
1304.6	0.05672478	0.05562005	
1304.8	0.05707262	0.05561758	
1305	0.05721286	0.05561511	
1305.2	0.05793583	0.05561264	
1305.4	0.05789467	0.05561017	
1305.6	0.05808441	0.0556077	
1305.8	0.05804193	0.05560523	
1306	0.05823044	0.05560276	
1306.2	0.05849263	0.05560029	
1306.4	0.05823196	0.05559783	
1306.6	0.0588477	0.05559536	
1306.8	0.05824046	0.05559289	
1307	0.05747687	0.05559042	
1307.2	0.05667342	0.05558795	
1307.4	0.05638471	0.05558548	
1307.6	0.05591545	0.05558302	
1307.8	0.05493332	0.05558055	
1308	0.05509682	0.05557808	
1308.2	0.05478622	0.05557561	
1308.4	0.05487929	0.05557315	
1308.6	0.05438658	0.05557068	
1308.8	0.05483133	0.05556821	
1309	0.05459378	0.05556575	
1309.2	0.05458882	0.05556328	
1309.4	0.0550506	0.05556081	
1309.6	0.05470728	0.05555834	
1309.8	0.05528495	0.05555588	
1310	0.05568048	0.05555341	
1310.2	0.05638935	0.05555095	
1310.4	0.05674583	0.05554848	
1310.6	0.05760866	0.05554601	
1310.8	0.05722819	0.05554355	
1311	0.05709418	0.05554108	
1311.2	0.0569453	0.05553862	
1311.4	0.05756441	0.05553615	
1311.6	0.05727827	0.05553368	
1311.8	0.05700007	0.05553122	
1312	0.05727844	0.05552875	
1312.2	0.05656462	0.05552629	
1312.4	0.05623965	0.05552382	
1312.6	0.05525123	0.05552136	
1312.8	0.0546524	0.05551889	
1313	0.05407112	0.05551643	
1313.2	0.05463764	0.05551396	
1313.4	0.0548044	0.0555115	
1313.6	0.05488637	0.05550903	
1313.8	0.05533987	0.05550657	
1314	0.0550508	0.0555041	
1314.2	0.0557918	0.05550164	
1314.4	0.05630502	0.05549918	
1314.6	0.05674226	0.05549671	
1314.8	0.05647938	0.05549425	
1315	0.05632901	0.05549179	
1315.2	0.05630876	0.05548932	
1315.4	0.05677131	0.05548686	
1315.6	0.05681947	0.05548439	
1315.8	0.0564875	0.05548193	
1316	0.05652114	0.05547947	
1316.2	0.05607878	0.055477	
1316.4	0.05581929	0.05547454	
1316.6	0.05544388	0.05547208	
1316.8	0.05557404	0.05546962	
1317	0.05518072	0.05546715	
1317.2	0.05519823	0.05546469	
1317.4	0.05445339	0.05546223	
1317.6	0.05477344	0.05545977	
1317.8	0.05459418	0.0554573	
1318	0.05486654	0.05545484	
1318.2	0.0563536	0.05545238	
1318.4	0.05567626	0.05544992	
1318.6	0.05557789	0.05544746	
1318.8	0.05505767	0.05544499	
1319	0.05477951	0.05544253	
1319.2	0.05452556	0.05544007	
1319.4	0.05505853	0.05543761	
1319.6	0.05590546	0.05543515	
1319.8	0.05622786	0.05543269	
1320	0.056511	0.05543023	
1320.2	0.05584905	0.05542777	
1320.4	0.05587707	0.05542531	
1320.6	0.05518411	0.05542284	
1320.8	0.05516234	0.05542038	
1321	0.05505429	0.05541792	
1321.2	0.05515696	0.05541546	
1321.4	0.05554084	0.055413	
1321.6	0.05603773	0.05541054	
1321.8	0.05635296	0.05540808	
1322	0.0563936	0.05540562	
1322.2	0.05681874	0.05540316	
1322.4	0.0563892	0.0554007	
1322.6	0.05617325	0.05539824	
1322.8	0.0559902	0.05539578	
1323	0.05463966	0.05539332	
1323.2	0.05346284	0.05539087	
1323.4	0.0537858	0.05538841	
1323.6	0.05348767	0.05538595	
1323.8	0.05267335	0.05538349	
1324	0.05142168	0.05538103	
1324.2	0.0512268	0.05537857	
1324.4	0.05152453	0.05537611	
1324.6	0.05071646	0.05537365	
1324.8	0.05181894	0.0553712	
1325	0.05275952	0.05536874	
1325.2	0.05375446	0.05536628	
1325.4	0.05438455	0.05536382	
1325.6	0.05554383	0.05536136	
1325.8	0.05653845	0.0553589	
1326	0.05788207	0.05535645	
1326.2	0.05921543	0.05535399	
1326.4	0.05975816	0.05535153	
1326.6	0.06033038	0.05534907	
1326.8	0.06077967	0.05534662	
1327	0.05979603	0.05534416	
1327.2	0.05964577	0.0553417	
1327.4	0.06002245	0.05533925	
1327.6	0.05874876	0.05533679	
1327.8	0.05787789	0.05533433	
1328	0.05765279	0.05533188	
1328.2	0.05786411	0.05532942	
1328.4	0.05639307	0.05532696	
1328.6	0.0555885	0.05532451	
1328.8	0.05683188	0.05532205	
1329	0.05693967	0.05531959	
1329.2	0.0568422	0.05531714	
1329.4	0.05554842	0.05531468	
1329.6	0.05624519	0.05531223	
1329.8	0.05614938	0.05530977	
1330	0.05617471	0.05530732	
1330.2	0.05589559	0.05530486	
1330.4	0.05602311	0.0553024	
1330.6	0.0564962	0.05529995	
1330.8	0.05599247	0.05529749	
1331	0.05641095	0.05529504	
1331.2	0.05549489	0.05529258	
1331.4	0.05482986	0.05529013	
1331.6	0.05375671	0.05528767	
1331.8	0.05439684	0.05528522	
1332	0.05470204	0.05528277	
1332.2	0.05372094	0.05528031	
1332.4	0.05381916	0.05527786	
1332.6	0.05454894	0.0552754	
1332.8	0.05485418	0.05527295	
1333	0.05453615	0.05527049	
1333.2	0.05442012	0.05526804	
1333.4	0.05425787	0.05526559	
1333.6	0.05426217	0.05526313	
1333.8	0.05434774	0.05526068	
1334	0.05387418	0.05525823	
1334.2	0.05384995	0.05525577	
1334.4	0.05385264	0.05525332	
1334.6	0.05396359	0.05525087	
1334.8	0.05442098	0.05524841	
1335	0.05504131	0.05524596	
1335.2	0.05385947	0.05524351	
1335.4	0.05350304	0.05524106	
1335.6	0.05406382	0.0552386	
1335.8	0.05451388	0.05523615	
1336	0.05420458	0.0552337	
1336.2	0.05391956	0.05523125	
1336.4	0.05500857	0.05522879	
1336.6	0.05515614	0.05522634	
1336.8	0.05490141	0.05522389	
1337	0.05577229	0.05522144	
1337.2	0.05626271	0.05521899	
1337.4	0.05665136	0.05521654	
1337.6	0.0559589	0.05521408	
1337.8	0.05608574	0.05521163	
1338	0.05524004	0.05520918	
1338.2	0.05546983	0.05520673	
1338.4	0.05548089	0.05520428	
1338.6	0.05575809	0.05520183	
1338.8	0.05561955	0.05519938	
1339	0.05495162	0.05519693	
1339.2	0.05509363	0.05519448	
1339.4	0.05473704	0.05519203	
1339.6	0.05383892	0.05518958	
1339.8	0.05369686	0.05518713	
1340	0.05408505	0.05518468	
1340.2	0.05385574	0.05518223	
1340.4	0.05401841	0.05517978	
1340.6	0.05321566	0.05517733	
1340.8	0.0531468	0.05517488	
1341	0.05318957	0.05517243	
1341.2	0.05312629	0.05516998	
1341.4	0.05299355	0.05516753	
1341.6	0.05246667	0.05516508	
1341.8	0.05208838	0.05516263	
1342	0.05216371	0.05516018	
1342.2	0.05231154	0.05515773	
1342.4	0.05258479	0.05515528	
1342.6	0.05321614	0.05515283	
1342.8	0.05295952	0.05515039	
1343	0.05312606	0.05514794	
1343.2	0.05334204	0.05514549	
1343.4	0.05294537	0.05514304	
1343.6	0.05229518	0.05514059	
1343.8	0.05295756	0.05513814	
1344	0.05362389	0.0551357	
1344.2	0.05433282	0.05513325	
1344.4	0.05487146	0.0551308	
1344.6	0.05507216	0.05512835	
1344.8	0.05511657	0.05512591	
1345	0.05528464	0.05512346	
1345.2	0.05516447	0.05512101	
1345.4	0.05454738	0.05511856	
1345.6	0.05447759	0.05511612	
1345.8	0.05463088	0.05511367	
1346	0.05483987	0.05511122	
1346.2	0.05419743	0.05510878	
1346.4	0.05431577	0.05510633	
1346.6	0.05439485	0.05510388	
1346.8	0.0536358	0.05510144	
1347	0.05324543	0.05509899	
1347.2	0.05300773	0.05509654	
1347.4	0.05327124	0.0550941	
1347.6	0.05257517	0.05509165	
1347.8	0.05260029	0.05508921	
1348	0.05351489	0.05508676	
1348.2	0.05494383	0.05508431	
1348.4	0.05461241	0.05508187	
1348.6	0.05588885	0.05507942	
1348.8	0.05599077	0.05507698	
1349	0.05704998	0.05507453	
1349.2	0.05706163	0.05507209	
1349.4	0.0580468	0.05506964	
1349.6	0.0583274	0.0550672	
1349.8	0.05816301	0.05506475	
1350	0.05730319	0.05506231	
1350.2	0.05660271	0.05505986	
1350.4	0.05630281	0.05505742	
1350.6	0.05622908	0.05505498	
1350.8	0.05595892	0.05505253	
1351	0.05562263	0.05505009	
1351.2	0.05555599	0.05504764	
1351.4	0.05661084	0.0550452	
1351.6	0.05616501	0.05504275	
1351.8	0.05558728	0.05504031	
1352	0.05618171	0.05503787	
1352.2	0.05679853	0.05503542	
1352.4	0.0559569	0.05503298	
1352.6	0.05689737	0.05503054	
1352.8	0.05634069	0.05502809	
1353	0.05702277	0.05502565	
1353.2	0.0561236	0.05502321	
1353.4	0.05549525	0.05502077	
1353.6	0.05396892	0.05501832	
1353.8	0.05338477	0.05501588	
1354	0.05289002	0.05501344	
1354.2	0.05285659	0.055011	
1354.4	0.05275337	0.05500855	
1354.6	0.05272586	0.05500611	
1354.8	0.05273041	0.05500367	
1355	0.05269591	0.05500123	
1355.2	0.05382197	0.05499878	
1355.4	0.05524554	0.05499634	
1355.6	0.05516885	0.0549939	
1355.8	0.05557546	0.05499146	
1356	0.05693438	0.05498902	
1356.2	0.05757689	0.05498658	
1356.4	0.05766414	0.05498414	
1356.6	0.05871566	0.05498169	
1356.8	0.05961098	0.05497925	
1357	0.06045319	0.05497681	
1357.2	0.05844635	0.05497437	
1357.4	0.05802467	0.05497193	
1357.6	0.05745775	0.05496949	
1357.8	0.05695782	0.05496705	
1358	0.05644167	0.05496461	
1358.2	0.05562737	0.05496217	
1358.4	0.05462993	0.05495973	
1358.6	0.05303527	0.05495729	
1358.8	0.05269747	0.05495485	
1359	0.05248307	0.05495241	
1359.2	0.05205595	0.05494997	
1359.4	0.0515155	0.05494753	
1359.6	0.05104979	0.05494509	
1359.8	0.05223023	0.05494265	
1360	0.05295969	0.05494021	
1360.2	0.05364751	0.05493777	
1360.4	0.0544189	0.05493533	
1360.6	0.0555134	0.0549329	
1360.8	0.05625363	0.05493046	
1361	0.05596489	0.05492802	
1361.2	0.05487338	0.05492558	
1361.4	0.05507077	0.05492314	
1361.6	0.05530621	0.0549207	
1361.8	0.05555626	0.05491826	
1362	0.05621417	0.05491583	
1362.2	0.05615015	0.05491339	
1362.4	0.05530875	0.05491095	
1362.6	0.055571	0.05490851	
1362.8	0.05626144	0.05490607	
1363	0.05593486	0.05490364	
1363.2	0.05565258	0.0549012	
1363.4	0.05528447	0.05489876	
1363.6	0.0555512	0.05489632	
1363.8	0.05651197	0.05489389	
1364	0.05533701	0.05489145	
1364.2	0.05527523	0.05488901	
1364.4	0.05520904	0.05488658	
1364.6	0.05518698	0.05488414	
1364.8	0.05441713	0.0548817	
1365	0.05437679	0.05487927	
1365.2	0.05405928	0.05487683	
1365.4	0.05351899	0.05487439	
1365.6	0.05368947	0.05487196	
1365.8	0.05346834	0.05486952	
1366	0.05371539	0.05486708	
1366.2	0.05383011	0.05486465	
1366.4	0.05403282	0.05486221	
1366.6	0.05448844	0.05485978	
1366.8	0.0553951	0.05485734	
1367	0.05552441	0.05485491	
1367.2	0.05618956	0.05485247	
1367.4	0.05601538	0.05485004	
1367.6	0.05618174	0.0548476	
1367.8	0.05621353	0.05484517	
1368	0.05532448	0.05484273	
1368.2	0.05598506	0.0548403	
1368.4	0.05647044	0.05483786	
1368.6	0.05614979	0.05483543	
1368.8	0.05570092	0.05483299	
1369	0.05661906	0.05483056	
1369.2	0.05584263	0.05482812	
1369.4	0.05587547	0.05482569	
1369.6	0.05624784	0.05482326	
1369.8	0.05622463	0.05482082	
1370	0.05618682	0.05481839	
1370.2	0.05606287	0.05481595	
1370.4	0.05573447	0.05481352	
1370.6	0.05576168	0.05481109	
1370.8	0.05703165	0.05480865	
1371	0.05660363	0.05480622	
1371.2	0.05723045	0.05480379	
1371.4	0.0568745	0.05480135	
1371.6	0.05560523	0.05479892	
1371.8	0.05569249	0.05479649	
1372	0.05456058	0.05479405	
1372.2	0.0545577	0.05479162	
1372.4	0.05436161	0.05478919	
1372.6	0.05414252	0.05478676	
1372.8	0.05374821	0.05478432	
1373	0.05426448	0.05478189	
1373.2	0.0536738	0.05477946	
1373.4	0.05370659	0.05477703	
1373.6	0.05338049	0.0547746	
1373.8	0.05269269	0.05477216	
1374	0.05319049	0.05476973	
1374.2	0.05278138	0.0547673	
1374.4	0.05349339	0.05476487	
1374.6	0.05459102	0.05476244	
1374.8	0.05509959	0.05476001	
1375	0.05498866	0.05475758	
1375.2	0.05519034	0.05475515	
1375.4	0.05507537	0.05475271	
1375.6	0.05510165	0.05475028	
1375.8	0.05580178	0.05474785	
1376	0.05489752	0.05474542	
1376.2	0.05477834	0.05474299	
1376.4	0.05465404	0.05474056	
1376.6	0.05423032	0.05473813	
1376.8	0.05328959	0.0547357	
1377	0.05413135	0.05473327	
1377.2	0.05403902	0.05473084	
1377.4	0.05369919	0.05472841	
1377.6	0.05377381	0.05472598	
1377.8	0.05364602	0.05472355	
1378	0.05471445	0.05472112	
1378.2	0.05455437	0.05471869	
1378.4	0.0545962	0.05471626	
1378.6	0.05455025	0.05471383	
1378.8	0.05436303	0.0547114	
1379	0.05413359	0.05470898	
1379.2	0.05378606	0.05470655	
1379.4	0.05393099	0.05470412	
1379.6	0.053793	0.05470169	
1379.8	0.05292153	0.05469926	
1380	0.05292346	0.05469683	
1380.2	0.0528736	0.0546944	
1380.4	0.05308569	0.05469198	
1380.6	0.05374986	0.05468955	
1380.8	0.05431882	0.05468712	
1381	0.05495366	0.05468469	
1381.2	0.05593174	0.05468226	
1381.4	0.05627899	0.05467984	
1381.6	0.056947	0.05467741	
1381.8	0.05713942	0.05467498	
1382	0.05848152	0.05467255	
1382.2	0.05795602	0.05467013	
1382.4	0.05673435	0.0546677	
1382.6	0.05636043	0.05466527	
1382.8	0.05560105	0.05466285	
1383	0.05462175	0.05466042	
1383.2	0.05473511	0.05465799	
1383.4	0.05409337	0.05465556	
1383.6	0.05393344	0.05465314	
1383.8	0.05363959	0.05465071	
1384	0.05471677	0.05464829	
1384.2	0.05414995	0.05464586	
1384.4	0.05475733	0.05464343	
1384.6	0.05544036	0.05464101	
1384.8	0.05568715	0.05463858	
1385	0.05597373	0.05463616	
1385.2	0.05657646	0.05463373	
1385.4	0.05695073	0.0546313	
1385.6	0.05770532	0.05462888	
1385.8	0.05728462	0.05462645	
1386	0.05738714	0.05462403	
1386.2	0.0562068	0.0546216	
1386.4	0.0556877	0.05461918	
1386.6	0.05493669	0.05461675	
1386.8	0.05499577	0.05461433	
1387	0.05498152	0.0546119	
1387.2	0.05490098	0.05460948	
1387.4	0.05440509	0.05460706	
1387.6	0.05435712	0.05460463	
1387.8	0.0539532	0.05460221	
1388	0.05377087	0.05459978	
1388.2	0.05273691	0.05459736	
1388.4	0.05326088	0.05459493	
1388.6	0.05269733	0.05459251	
1388.8	0.05189763	0.05459009	
1389	0.05152704	0.05458766	
1389.2	0.05220253	0.05458524	
1389.4	0.05317112	0.05458282	
1389.6	0.05351376	0.05458039	
1389.8	0.0524527	0.05457797	
1390	0.05289053	0.05457555	
1390.2	0.05274594	0.05457312	
1390.4	0.05212373	0.0545707	
1390.6	0.05247996	0.05456828	
1390.8	0.05314901	0.05456586	
1391	0.05295751	0.05456343	
1391.2	0.05363314	0.05456101	
1391.4	0.05453568	0.05455859	
1391.6	0.05436679	0.05455617	
1391.8	0.05456817	0.05455374	
1392	0.05483423	0.05455132	
1392.2	0.05484163	0.0545489	
1392.4	0.05570335	0.05454648	
1392.6	0.0558192	0.05454406	
1392.8	0.05594816	0.05454164	
1393	0.05716346	0.05453921	
1393.2	0.05816152	0.05453679	
1393.4	0.05791497	0.05453437	
1393.6	0.05805373	0.05453195	
1393.8	0.0575199	0.05452953	
1394	0.05757762	0.05452711	
1394.2	0.05617492	0.05452469	
1394.4	0.05540634	0.05452227	
1394.6	0.05615707	0.05451985	
1394.8	0.05534506	0.05451743	
1395	0.0549959	0.054515	
1395.2	0.05531971	0.05451258	
1395.4	0.05485081	0.05451016	
1395.6	0.05472564	0.05450774	
1395.8	0.0548724	0.05450532	
1396	0.05478342	0.0545029	
1396.2	0.05492242	0.05450048	
1396.4	0.05522017	0.05449807	
1396.6	0.05466753	0.05449565	
1396.8	0.05459204	0.05449323	
1397	0.05557438	0.05449081	
1397.2	0.05452724	0.05448839	
1397.4	0.05416488	0.05448597	
1397.6	0.05368786	0.05448355	
1397.8	0.05293328	0.05448113	
1398	0.05226404	0.05447871	
1398.2	0.05222604	0.05447629	
1398.4	0.0528261	0.05447387	
1398.6	0.05342885	0.05447146	
1398.8	0.05294648	0.05446904	
1399	0.05347045	0.05446662	
1399.2	0.05348143	0.0544642	
1399.4	0.05397421	0.05446178	
1399.6	0.05537256	0.05445937	
1399.8	0.05598516	0.05445695	
1400	0.05562756	0.05445453	
1400.2	0.05622519	0.05445211	
1400.4	0.05525278	0.0544497	
1400.6	0.0549914	0.05444728	
1400.8	0.05494729	0.05444486	
1401	0.05538511	0.05444244	
1401.2	0.05399618	0.05444003	
1401.4	0.05368237	0.05443761	
1401.6	0.05353882	0.05443519	
1401.8	0.05399333	0.05443278	
1402	0.05374278	0.05443036	
1402.2	0.05403317	0.05442794	
1402.4	0.05426504	0.05442553	
1402.6	0.05413934	0.05442311	
1402.8	0.05341172	0.05442069	
1403	0.05361212	0.05441828	
1403.2	0.05329961	0.05441586	
1403.4	0.05430345	0.05441345	
1403.6	0.05434258	0.05441103	
1403.8	0.05354656	0.05440861	
1404	0.05332821	0.0544062	
1404.2	0.05365153	0.05440378	
1404.4	0.05271632	0.05440137	
1404.6	0.05317689	0.05439895	
1404.8	0.05313714	0.05439654	
1405	0.0535721	0.05439412	
1405.2	0.05277644	0.05439171	
1405.4	0.05274612	0.05438929	
1405.6	0.05388667	0.05438688	
1405.8	0.05338756	0.05438446	
1406	0.05351925	0.05438205	
1406.2	0.05406113	0.05437963	
1406.4	0.05456891	0.05437722	
1406.6	0.05485794	0.05437481	
1406.8	0.05421282	0.05437239	
1407	0.05446286	0.05436998	
1407.2	0.05405389	0.05436756	
1407.4	0.05447073	0.05436515	
1407.6	0.05406264	0.05436274	
1407.8	0.05404164	0.05436032	
1408	0.05438636	0.05435791	
1408.2	0.05381797	0.0543555	
1408.4	0.05391976	0.05435308	
1408.6	0.05451843	0.05435067	
1408.8	0.05411607	0.05434826	
1409	0.05426628	0.05434584	
1409.2	0.05426954	0.05434343	
1409.4	0.05468581	0.05434102	
1409.6	0.05492749	0.05433861	
1409.8	0.05450472	0.05433619	
1410	0.05525965	0.05433378	
1410.2	0.05522955	0.05433137	
1410.4	0.05517255	0.05432896	
1410.6	0.0547247	0.05432655	
1410.8	0.05443453	0.05432413	
1411	0.05448576	0.05432172	
1411.2	0.05420505	0.05431931	
1411.4	0.05395983	0.0543169	
1411.6	0.05327677	0.05431449	
1411.8	0.05278581	0.05431208	
1412	0.05293855	0.05430966	
1412.2	0.05266677	0.05430725	
1412.4	0.05341462	0.05430484	
1412.6	0.05400706	0.05430243	
1412.8	0.05389251	0.05430002	
1413	0.05447905	0.05429761	
1413.2	0.05465631	0.0542952	
1413.4	0.05509993	0.05429279	
1413.6	0.0549595	0.05429038	
1413.8	0.0553768	0.05428797	
1414	0.05566526	0.05428556	
1414.2	0.05548999	0.05428315	
1414.4	0.05531699	0.05428074	
1414.6	0.05501951	0.05427833	
1414.8	0.05556736	0.05427592	
1415	0.05506193	0.05427351	
1415.2	0.05472107	0.0542711	
1415.4	0.05449546	0.05426869	
1415.6	0.05483065	0.05426628	
1415.8	0.0550245	0.05426387	
1416	0.05502117	0.05426146	
1416.2	0.0547108	0.05425905	
1416.4	0.05539908	0.05425664	
1416.6	0.05577501	0.05425423	
1416.8	0.05602673	0.05425183	
1417	0.05595027	0.05424942	
1417.2	0.05637968	0.05424701	
1417.4	0.05659072	0.0542446	
1417.6	0.05573664	0.05424219	
1417.8	0.05556275	0.05423978	
1418	0.05495258	0.05423738	
1418.2	0.05514385	0.05423497	
1418.4	0.05448983	0.05423256	
1418.6	0.05399636	0.05423015	
1418.8	0.05409364	0.05422774	
1419	0.05466892	0.05422534	
1419.2	0.05506211	0.05422293	
1419.4	0.05470076	0.05422052	
1419.6	0.05430327	0.05421812	
1419.8	0.05344864	0.05421571	
1420	0.05343173	0.0542133	
1420.2	0.05398796	0.05421089	
1420.4	0.05401358	0.05420849	
1420.6	0.05459519	0.05420608	
1420.8	0.05561517	0.05420367	
1421	0.05532046	0.05420127	
1421.2	0.05506887	0.05419886	
1421.4	0.05512606	0.05419646	
1421.6	0.05542632	0.05419405	
1421.8	0.05615015	0.05419164	
1422	0.05696568	0.05418924	
1422.2	0.05776864	0.05418683	
1422.4	0.05700898	0.05418443	
1422.6	0.05690369	0.05418202	
1422.8	0.05746789	0.05417961	
1423	0.05771049	0.05417721	
1423.2	0.05746942	0.0541748	
1423.4	0.05595944	0.0541724	
1423.6	0.05466423	0.05416999	
1423.8	0.05366614	0.05416759	
1424	0.05321847	0.05416518	
1424.2	0.05244581	0.05416278	
1424.4	0.05152283	0.05416037	
1424.6	0.05188995	0.05415797	
1424.8	0.05201714	0.05415557	
1425	0.05107121	0.05415316	
1425.2	0.05051694	0.05415076	
1425.4	0.05085251	0.05414835	
1425.6	0.05125558	0.05414595	
1425.8	0.05165054	0.05414355	
1426	0.0517376	0.05414114	
1426.2	0.05214459	0.05413874	
1426.4	0.05216911	0.05413633	
1426.6	0.05335252	0.05413393	
1426.8	0.05444073	0.05413153	
1427	0.05502011	0.05412912	
1427.2	0.05530274	0.05412672	
1427.4	0.05448091	0.05412432	
1427.6	0.05480843	0.05412191	
1427.8	0.05496716	0.05411951	
1428	0.05489667	0.05411711	
1428.2	0.05514823	0.05411471	
1428.4	0.05572309	0.0541123	
1428.6	0.05633386	0.0541099	
1428.8	0.05584101	0.0541075	
1429	0.055704	0.0541051	
1429.2	0.05591028	0.0541027	
1429.4	0.05606256	0.05410029	
1429.6	0.05626896	0.05409789	
1429.8	0.05520877	0.05409549	
1430	0.05511187	0.05409309	
1430.2	0.0553036	0.05409069	
1430.4	0.05466382	0.05408829	
1430.6	0.05471401	0.05408588	
1430.8	0.05370984	0.05408348	
1431	0.05314351	0.05408108	
1431.2	0.05256939	0.05407868	
1431.4	0.05224367	0.05407628	
1431.6	0.05244558	0.05407388	
1431.8	0.05219171	0.05407148	
1432	0.05244827	0.05406908	
1432.2	0.05306237	0.05406668	
1432.4	0.05385933	0.05406428	
1432.6	0.0543329	0.05406188	
1432.8	0.05441369	0.05405948	
1433	0.05501327	0.05405708	
1433.2	0.05623105	0.05405468	
1433.4	0.05672757	0.05405228	
1433.6	0.05633495	0.05404988	
1433.8	0.05577336	0.05404748	
1434	0.05711953	0.05404508	
1434.2	0.05658494	0.05404268	
1434.4	0.05628391	0.05404028	
1434.6	0.05651831	0.05403788	
1434.8	0.05590038	0.05403548	
1435	0.05646369	0.05403308	
1435.2	0.05655638	0.05403068	
1435.4	0.05608528	0.05402828	
1435.6	0.05572532	0.05402589	
1435.8	0.05625807	0.05402349	
1436	0.05613786	0.05402109	
1436.2	0.05594897	0.05401869	
1436.4	0.05593276	0.05401629	
1436.6	0.0555423	0.05401389	
1436.8	0.05529375	0.0540115	
1437	0.05465571	0.0540091	
1437.2	0.05579491	0.0540067	
1437.4	0.05568394	0.0540043	
1437.6	0.0561002	0.0540019	
1437.8	0.05614528	0.05399951	
1438	0.05647737	0.05399711	
1438.2	0.0558506	0.05399471	
1438.4	0.05710833	0.05399231	
1438.6	0.05672773	0.05398992	
1438.8	0.05726074	0.05398752	
1439	0.05760368	0.05398512	
1439.2	0.05750767	0.05398273	
1439.4	0.05727565	0.05398033	
1439.6	0.05768395	0.05397793	
1439.8	0.05770359	0.05397554	
1440	0.05759255	0.05397314	
1440.2	0.05767096	0.05397075	
1440.4	0.05743305	0.05396835	
1440.6	0.05742364	0.05396595	
1440.8	0.05691154	0.05396356	
1441	0.05730749	0.05396116	
1441.2	0.05720682	0.05395877	
1441.4	0.05645766	0.05395637	
1441.6	0.05675101	0.05395397	
1441.8	0.05527399	0.05395158	
1442	0.05430513	0.05394918	
1442.2	0.05380507	0.05394679	
1442.4	0.05404652	0.05394439	
1442.6	0.05320961	0.053942	
1442.8	0.05341954	0.0539396	
1443	0.05260505	0.05393721	
1443.2	0.05310004	0.05393481	
1443.4	0.05277434	0.05393242	
1443.6	0.05318838	0.05393003	
1443.8	0.05276283	0.05392763	
1444	0.05308241	0.05392524	
1444.2	0.05359899	0.05392284	
1444.4	0.05295822	0.05392045	
1444.6	0.05387351	0.05391806	
1444.8	0.05402163	0.05391566	
1445	0.05384284	0.05391327	
1445.2	0.05316673	0.05391087	
1445.4	0.05344862	0.05390848	
1445.6	0.05372777	0.05390609	
1445.8	0.05307147	0.05390369	
1446	0.05293531	0.0539013	
1446.2	0.05340922	0.05389891	
1446.4	0.05423404	0.05389651	
1446.6	0.05458375	0.05389412	
1446.8	0.05415494	0.05389173	
1447	0.05429055	0.05388934	
1447.2	0.05481612	0.05388694	
1447.4	0.05454622	0.05388455	
1447.6	0.0552668	0.05388216	
1447.8	0.0549954	0.05387977	
1448	0.05438982	0.05387738	
1448.2	0.05534908	0.05387498	
1448.4	0.05488474	0.05387259	
1448.6	0.05620852	0.0538702	
1448.8	0.05654104	0.05386781	
1449	0.05722699	0.05386542	
1449.2	0.05833289	0.05386303	
1449.4	0.05871129	0.05386063	
1449.6	0.05844016	0.05385824	
1449.8	0.05818468	0.05385585	
1450	0.05810243	0.05385346	
1450.2	0.05830653	0.05385107	
1450.4	0.05819251	0.05384868	
1450.6	0.05783956	0.05384629	
1450.8	0.05718701	0.0538439	
1451	0.05664923	0.05384151	
1451.2	0.05625111	0.05383912	
1451.4	0.05458195	0.05383673	
1451.6	0.05381199	0.05383434	
1451.8	0.05271998	0.05383195	
1452	0.0515258	0.05382956	
1452.2	0.05241472	0.05382717	
1452.4	0.05196316	0.05382478	
1452.6	0.05317633	0.05382239	
1452.8	0.05396898	0.05382	
1453	0.05450107	0.05381761	
1453.2	0.05461043	0.05381522	
1453.4	0.05508764	0.05381283	
1453.6	0.05489307	0.05381044	
1453.8	0.05547395	0.05380805	
1454	0.05635425	0.05380566	
1454.2	0.05660642	0.05380327	
1454.4	0.05635329	0.05380089	
1454.6	0.05677375	0.0537985	
1454.8	0.05701049	0.05379611	
1455	0.05632516	0.05379372	
1455.2	0.05573214	0.05379133	
1455.4	0.05417236	0.05378894	
1455.6	0.05408556	0.05378656	
1455.8	0.05322813	0.05378417	
1456	0.05217638	0.05378178	
1456.2	0.0525655	0.05377939	
1456.4	0.05198179	0.053777	
1456.6	0.05187575	0.05377462	
1456.8	0.05175339	0.05377223	
1457	0.05149838	0.05376984	
1457.2	0.05146914	0.05376745	
1457.4	0.05105052	0.05376507	
1457.6	0.05123485	0.05376268	
1457.8	0.05157217	0.05376029	
1458	0.05201951	0.05375791	
1458.2	0.05187665	0.05375552	
1458.4	0.0520262	0.05375313	
1458.6	0.05170737	0.05375075	
1458.8	0.05106465	0.05374836	
1459	0.05048295	0.05374597	
1459.2	0.05094349	0.05374359	
1459.4	0.05072653	0.0537412	
1459.6	0.05121034	0.05373882	
1459.8	0.0512245	0.05373643	
1460	0.05189561	0.05373405	
1460.2	0.05227806	0.05373166	
1460.4	0.05209534	0.05372927	
1460.6	0.0529837	0.05372689	
1460.8	0.05366899	0.0537245	
1461	0.0539692	0.05372212	
1461.2	0.05448313	0.05371973	
1461.4	0.0546039	0.05371735	
1461.6	0.05549846	0.05371496	
1461.8	0.05562497	0.05371258	
1462	0.05661438	0.05371019	
1462.2	0.05680714	0.05370781	
1462.4	0.05589068	0.05370542	
1462.6	0.05558464	0.05370304	
1462.8	0.0565537	0.05370066	
1463	0.05717829	0.05369827	
1463.2	0.05849182	0.05369589	
1463.4	0.05872968	0.0536935	
1463.6	0.05926583	0.05369112	
1463.8	0.05967046	0.05368874	
1464	0.06009277	0.05368635	
1464.2	0.05914578	0.05368397	
1464.4	0.05988969	0.05368159	
1464.6	0.06078191	0.0536792	
1464.8	0.06029679	0.05367682	
1465	0.06036926	0.05367444	
1465.2	0.06022991	0.05367205	
1465.4	0.05918876	0.05366967	
1465.6	0.05831814	0.05366729	
1465.8	0.05848085	0.05366491	
1466	0.05952205	0.05366252	
1466.2	0.05891581	0.05366014	
1466.4	0.05849268	0.05365776	
1466.6	0.05922018	0.05365538	
1466.8	0.05981125	0.05365299	
1467	0.05912741	0.05365061	
1467.2	0.05991218	0.05364823	
1467.4	0.05981759	0.05364585	
1467.6	0.05952389	0.05364347	
1467.8	0.05979269	0.05364108	
1468	0.05943709	0.0536387	
1468.2	0.05903373	0.05363632	
1468.4	0.06028108	0.05363394	
1468.6	0.059803	0.05363156	
1468.8	0.05906996	0.05362918	
1469	0.05867335	0.0536268	
1469.2	0.05812207	0.05362442	
1469.4	0.05664053	0.05362204	
1469.6	0.05614288	0.05361966	
1469.8	0.05666128	0.05361727	
1470	0.05739295	0.05361489	
1470.2	0.05658491	0.05361251	
1470.4	0.05613318	0.05361013	
1470.6	0.05565752	0.05360775	
1470.8	0.05494069	0.05360537	
1471	0.05439926	0.05360299	
1471.2	0.05539336	0.05360061	
1471.4	0.0553064	0.05359823	
1471.6	0.05498138	0.05359585	
1471.8	0.05531242	0.05359348	
1472	0.05510258	0.0535911	
1472.2	0.05538989	0.05358872	
1472.4	0.05566924	0.05358634	
1472.6	0.05536733	0.05358396	
1472.8	0.05539597	0.05358158	
1473	0.0553399	0.0535792	
1473.2	0.05624534	0.05357682	
1473.4	0.05640276	0.05357444	
1473.6	0.05724894	0.05357206	
1473.8	0.05713421	0.05356969	
1474	0.05724225	0.05356731	
1474.2	0.05657101	0.05356493	
1474.4	0.05538778	0.05356255	
1474.6	0.05496829	0.05356017	
1474.8	0.05452619	0.0535578	
1475	0.05413969	0.05355542	
1475.2	0.054311	0.05355304	
1475.4	0.05419959	0.05355066	
1475.6	0.05407268	0.05354829	
1475.8	0.05476964	0.05354591	
1476	0.05458288	0.05354353	
1476.2	0.05491247	0.05354115	
1476.4	0.05486952	0.05353878	
1476.6	0.05529601	0.0535364	
1476.8	0.05554652	0.05353402	
1477	0.0560591	0.05353165	
1477.2	0.05666463	0.05352927	
1477.4	0.05665454	0.05352689	
1477.6	0.05627237	0.05352452	
1477.8	0.05613797	0.05352214	
1478	0.05562123	0.05351976	
1478.2	0.05465872	0.05351739	
1478.4	0.05361459	0.05351501	
1478.6	0.05368175	0.05351264	
1478.8	0.05348366	0.05351026	
1479	0.0528772	0.05350788	
1479.2	0.0540326	0.05350551	
1479.4	0.05451313	0.05350313	
1479.6	0.05456193	0.05350076	
1479.8	0.0544743	0.05349838	
1480	0.05385188	0.05349601	
1480.2	0.05357207	0.05349363	
1480.4	0.05325855	0.05349126	
1480.6	0.05451259	0.05348888	
1480.8	0.05517869	0.05348651	
1481	0.05562107	0.05348413	
1481.2	0.05594484	0.05348176	
1481.4	0.05667251	0.05347938	
1481.6	0.05725652	0.05347701	
1481.8	0.05770965	0.05347464	
1482	0.05752378	0.05347226	
1482.2	0.05704398	0.05346989	
1482.4	0.05640589	0.05346751	
1482.6	0.05704339	0.05346514	
1482.8	0.05607513	0.05346277	
1483	0.05672627	0.05346039	
1483.2	0.05724385	0.05345802	
1483.4	0.05627709	0.05345565	
1483.6	0.05534989	0.05345327	
1483.8	0.05393595	0.0534509	
1484	0.05337461	0.05344853	
1484.2	0.0528987	0.05344615	
1484.4	0.05301083	0.05344378	
1484.6	0.05356636	0.05344141	
1484.8	0.05317406	0.05343904	
1485	0.05351331	0.05343666	
1485.2	0.05360008	0.05343429	
1485.4	0.05360148	0.05343192	
1485.6	0.05435058	0.05342955	
1485.8	0.05437185	0.05342717	
1486	0.05451653	0.0534248	
1486.2	0.05397767	0.05342243	
1486.4	0.0547806	0.05342006	
1486.6	0.05539943	0.05341769	
1486.8	0.05554994	0.05341532	
1487	0.05673004	0.05341294	
1487.2	0.05648284	0.05341057	
1487.4	0.05626647	0.0534082	
1487.6	0.05650938	0.05340583	
1487.8	0.05641787	0.05340346	
1488	0.05623257	0.05340109	
1488.2	0.05546159	0.05339872	
1488.4	0.0551427	0.05339635	
1488.6	0.05503546	0.05339398	
1488.8	0.05535372	0.05339161	
1489	0.0553241	0.05338924	
1489.2	0.05473377	0.05338687	
1489.4	0.05400113	0.0533845	
1489.6	0.05371692	0.05338213	
1489.8	0.05325481	0.05337976	
1490	0.05239318	0.05337739	
1490.2	0.05288682	0.05337502	
1490.4	0.05291871	0.05337265	
1490.6	0.05154459	0.05337028	
1490.8	0.05158523	0.05336791	
1491	0.05017049	0.05336554	
1491.2	0.05014811	0.05336317	
1491.4	0.0497404	0.0533608	
1491.6	0.0500098	0.05335843	
1491.8	0.04934211	0.05335606	
1492	0.04936354	0.05335369	
1492.2	0.05005853	0.05335132	
1492.4	0.05097466	0.05334895	
1492.6	0.05110564	0.05334659	
1492.8	0.05187081	0.05334422	
1493	0.0521272	0.05334185	
1493.2	0.05320547	0.05333948	
1493.4	0.05359879	0.05333711	
1493.6	0.0537444	0.05333475	
1493.8	0.054071	0.05333238	
1494	0.05480361	0.05333001	
1494.2	0.05569256	0.05332764	
1494.4	0.05540011	0.05332527	
1494.6	0.05518599	0.05332291	
1494.8	0.05510605	0.05332054	
1495	0.05449158	0.05331817	
1495.2	0.05558832	0.05331581	
1495.4	0.05536884	0.05331344	
1495.6	0.05598581	0.05331107	
1495.8	0.05515458	0.0533087	
1496	0.05583993	0.05330634	
1496.2	0.05634964	0.05330397	
1496.4	0.05590385	0.0533016	
1496.6	0.05605285	0.05329924	
1496.8	0.05641956	0.05329687	
1497	0.05708006	0.05329451	
1497.2	0.05671839	0.05329214	
1497.4	0.05681287	0.05328977	
1497.6	0.05689714	0.05328741	
1497.8	0.05768272	0.05328504	
1498	0.05870475	0.05328268	
1498.2	0.05851247	0.05328031	
1498.4	0.05835592	0.05327795	
1498.6	0.05858239	0.05327558	
1498.8	0.05805937	0.05327321	
1499	0.05826874	0.05327085	
1499.2	0.0578485	0.05326848	
1499.4	0.05703237	0.05326612	
1499.6	0.05705661	0.05326375	
1499.8	0.05593304	0.05326139	
1500	0.05575739	0.05325903	
1500.2	0.0555931	0.05325666	
1500.4	0.05514623	0.0532543	
1500.6	0.0551329	0.05325193	
1500.8	0.05496551	0.05324957	
1501	0.05504893	0.0532472	
1501.2	0.0542526	0.05324484	
1501.4	0.05537987	0.05324248	
1501.6	0.05585181	0.05324011	
1501.8	0.05650674	0.05323775	
1502	0.0572964	0.05323538	
1502.2	0.05739442	0.05323302	
1502.4	0.0575848	0.05323066	
1502.6	0.05838748	0.05322829	
1502.8	0.05768767	0.05322593	
1503	0.0573553	0.05322357	
1503.2	0.05759607	0.05322121	
1503.4	0.05829802	0.05321884	
1503.6	0.05825432	0.05321648	
1503.8	0.05728214	0.05321412	
1504	0.05746187	0.05321176	
1504.2	0.05754574	0.05320939	
1504.4	0.05673885	0.05320703	
1504.6	0.05609908	0.05320467	
1504.8	0.05540831	0.05320231	
1505	0.05471139	0.05319994	
1505.2	0.05396461	0.05319758	
1505.4	0.05330183	0.05319522	
1505.6	0.05316265	0.05319286	
1505.8	0.05312635	0.0531905	
1506	0.0528045	0.05318814	
1506.2	0.05268124	0.05318577	
1506.4	0.05285163	0.05318341	
1506.6	0.05333159	0.05318105	
1506.8	0.05368005	0.05317869	
1507	0.05480563	0.05317633	
1507.2	0.05546025	0.05317397	
1507.4	0.05606744	0.05317161	
1507.6	0.05549905	0.05316925	
1507.8	0.05568115	0.05316689	
1508	0.05626163	0.05316453	
1508.2	0.05533952	0.05316217	
1508.4	0.05535948	0.05315981	
1508.6	0.05549106	0.05315745	
1508.8	0.05557711	0.05315509	
1509	0.05561201	0.05315273	
1509.2	0.05517069	0.05315037	
1509.4	0.05489747	0.05314801	
1509.6	0.05474642	0.05314565	
1509.8	0.05477712	0.05314329	
1510	0.05397594	0.05314093	
1510.2	0.05415258	0.05313857	
1510.4	0.05492259	0.05313621	
1510.6	0.05613083	0.05313385	
1510.8	0.0563332	0.05313149	
1511	0.05628101	0.05312913	
1511.2	0.05575892	0.05312677	
1511.4	0.05616225	0.05312442	
1511.6	0.05532427	0.05312206	
1511.8	0.05576658	0.0531197	
1512	0.05503155	0.05311734	
1512.2	0.05498466	0.05311498	
1512.4	0.05595364	0.05311262	
1512.6	0.05624062	0.05311027	
1512.8	0.05625507	0.05310791	
1513	0.05670853	0.05310555	
1513.2	0.05730242	0.05310319	
1513.4	0.05833905	0.05310083	
1513.6	0.05835201	0.05309848	
1513.8	0.05870288	0.05309612	
1514	0.0578002	0.05309376	
1514.2	0.05870985	0.05309141	
1514.4	0.05972738	0.05308905	
1514.6	0.05975993	0.05308669	
1514.8	0.05902601	0.05308433	
1515	0.05887133	0.05308198	
1515.2	0.05878518	0.05307962	
1515.4	0.05854188	0.05307726	
1515.6	0.05811944	0.05307491	
1515.8	0.05747479	0.05307255	
1516	0.05654417	0.0530702	
1516.2	0.05654005	0.05306784	
1516.4	0.05675592	0.05306548	
1516.6	0.05703196	0.05306313	
1516.8	0.0567404	0.05306077	
1517	0.05664079	0.05305842	
1517.2	0.05750207	0.05305606	
1517.4	0.05706531	0.0530537	
1517.6	0.05628053	0.05305135	
1517.8	0.05586067	0.05304899	
1518	0.05576263	0.05304664	
1518.2	0.05639711	0.05304428	
1518.4	0.0558785	0.05304193	
1518.6	0.05496092	0.05303957	
1518.8	0.05354399	0.05303722	
1519	0.05325985	0.05303486	
1519.2	0.05345234	0.05303251	
1519.4	0.05312138	0.05303016	
1519.6	0.05300312	0.0530278	
1519.8	0.05244993	0.05302545	
1520	0.05245155	0.05302309	
1520.2	0.05217379	0.05302074	
1520.4	0.05242565	0.05301838	
1520.6	0.05236087	0.05301603	
1520.8	0.05215881	0.05301368	
1521	0.05309578	0.05301132	
1521.2	0.05378696	0.05300897	
1521.4	0.05343512	0.05300662	
1521.6	0.05471954	0.05300426	
1521.8	0.05458753	0.05300191	
1522	0.05484203	0.05299956	
1522.2	0.05459397	0.0529972	
1522.4	0.05431868	0.05299485	
1522.6	0.05414822	0.0529925	
1522.8	0.05423563	0.05299015	
1523	0.05527202	0.05298779	
1523.2	0.05534587	0.05298544	
1523.4	0.05601738	0.05298309	
1523.6	0.05654774	0.05298074	
1523.8	0.05638437	0.05297838	
1524	0.05606169	0.05297603	
1524.2	0.05520931	0.05297368	
1524.4	0.05587565	0.05297133	
1524.6	0.05626779	0.05296898	
1524.8	0.05596617	0.05296662	
1525	0.05578282	0.05296427	
1525.2	0.05497971	0.05296192	
1525.4	0.0541029	0.05295957	
1525.6	0.05378668	0.05295722	
1525.8	0.05269173	0.05295487	
1526	0.05275689	0.05295252	
1526.2	0.05177828	0.05295017	
1526.4	0.05060974	0.05294782	
1526.6	0.05021966	0.05294546	
1526.8	0.04949318	0.05294311	
1527	0.04874078	0.05294076	
1527.2	0.04856225	0.05293841	
1527.4	0.04882445	0.05293606	
1527.6	0.04859135	0.05293371	
1527.8	0.04855292	0.05293136	
1528	0.04857992	0.05292901	
1528.2	0.04901799	0.05292666	
1528.4	0.05024263	0.05292431	
1528.6	0.05127843	0.05292196	
1528.8	0.05179577	0.05291961	
1529	0.05269781	0.05291726	
1529.2	0.05370517	0.05291491	
1529.4	0.0536779	0.05291257	
1529.6	0.05472401	0.05291022	
1529.8	0.0555265	0.05290787	
1530	0.05582683	0.05290552	
1530.2	0.05562892	0.05290317	
1530.4	0.05568901	0.05290082	
1530.6	0.05647348	0.05289847	
1530.8	0.05591144	0.05289612	
1531	0.05560784	0.05289378	
1531.2	0.05575382	0.05289143	
1531.4	0.05605502	0.05288908	
1531.6	0.05527265	0.05288673	
1531.8	0.05579362	0.05288438	
1532	0.05575828	0.05288203	
1532.2	0.05582127	0.05287969	
1532.4	0.05569251	0.05287734	
1532.6	0.05624763	0.05287499	
1532.8	0.05502741	0.05287264	
1533	0.0546059	0.0528703	
1533.2	0.05401198	0.05286795	
1533.4	0.0531494	0.0528656	
1533.6	0.05389526	0.05286326	
1533.8	0.05403114	0.05286091	
1534	0.05502166	0.05285856	
1534.2	0.05553925	0.05285622	
1534.4	0.0558925	0.05285387	
1534.6	0.05663102	0.05285152	
1534.8	0.05575996	0.05284918	
1535	0.05692482	0.05284683	
1535.2	0.05799523	0.05284448	
1535.4	0.05817151	0.05284214	
1535.6	0.05829214	0.05283979	
1535.8	0.05964868	0.05283744	
1536	0.05944008	0.0528351	
1536.2	0.05849363	0.05283275	
1536.4	0.05815894	0.05283041	
1536.6	0.05779648	0.05282806	
1536.8	0.05670333	0.05282572	
1537	0.05517975	0.05282337	
1537.2	0.05372992	0.05282103	
1537.4	0.05289764	0.05281868	
1537.6	0.05255785	0.05281634	
1537.8	0.05149583	0.05281399	
1538	0.05229208	0.05281165	
1538.2	0.05143223	0.0528093	
1538.4	0.05076233	0.05280696	
1538.6	0.05108493	0.05280461	
1538.8	0.05007931	0.05280227	
1539	0.050608	0.05279992	
1539.2	0.0504422	0.05279758	
1539.4	0.05048388	0.05279524	
1539.6	0.05059676	0.05279289	
1539.8	0.05141792	0.05279055	
1540	0.0516049	0.05278821	
1540.2	0.05070334	0.05278586	
1540.4	0.0508869	0.05278352	
1540.6	0.05069105	0.05278117	
1540.8	0.05069341	0.05277883	
1541	0.05084218	0.05277649	
1541.2	0.05153664	0.05277414	
1541.4	0.05226373	0.0527718	
1541.6	0.05355916	0.05276946	
1541.8	0.0543122	0.05276712	
1542	0.05542559	0.05276477	
1542.2	0.0557771	0.05276243	
1542.4	0.05583135	0.05276009	
1542.6	0.0559348	0.05275775	
1542.8	0.05556428	0.0527554	
1543	0.05634199	0.05275306	
1543.2	0.05636197	0.05275072	
1543.4	0.0565797	0.05274838	
1543.6	0.05603822	0.05274604	
1543.8	0.05598024	0.05274369	
1544	0.05434788	0.05274135	
1544.2	0.05302328	0.05273901	
1544.4	0.05270447	0.05273667	
1544.6	0.0525911	0.05273433	
1544.8	0.0526172	0.05273199	
1545	0.05325848	0.05272965	
1545.2	0.05258543	0.0527273	
1545.4	0.05270999	0.05272496	
1545.6	0.05196532	0.05272262	
1545.8	0.051585	0.05272028	
1546	0.05256341	0.05271794	
1546.2	0.05343161	0.0527156	
1546.4	0.05330345	0.05271326	
1546.6	0.05403024	0.05271092	
1546.8	0.05545445	0.05270858	
1547	0.05557105	0.05270624	
1547.2	0.05508415	0.0527039	
1547.4	0.05558952	0.05270156	
1547.6	0.0554525	0.05269922	
1547.8	0.05467853	0.05269688	
1548	0.05515927	0.05269454	
1548.2	0.05599769	0.0526922	
1548.4	0.05605935	0.05268986	
1548.6	0.0563886	0.05268752	
1548.8	0.05610315	0.05268518	
1549	0.05585644	0.05268285	
1549.2	0.05506306	0.05268051	
1549.4	0.05522913	0.05267817	
1549.6	0.05450967	0.05267583	
1549.8	0.05570459	0.05267349	
1550	0.0563792	0.05267115	
1550.2	0.05618679	0.05266881	
1550.4	0.05612897	0.05266648	
1550.6	0.0566082	0.05266414	
1550.8	0.05617939	0.0526618	
1551	0.05574592	0.05265946	
1551.2	0.05489933	0.05265712	
1551.4	0.05497581	0.05265479	
1551.6	0.0545703	0.05265245	
1551.8	0.05412682	0.05265011	
1552	0.05457996	0.05264777	
1552.2	0.05441894	0.05264543	
1552.4	0.05406599	0.0526431	
1552.6	0.05335769	0.05264076	
1552.8	0.05193324	0.05263842	
1553	0.05228639	0.05263609	
1553.2	0.05192834	0.05263375	
1553.4	0.05234746	0.05263141	
1553.6	0.05202544	0.05262908	
1553.8	0.05221706	0.05262674	
1554	0.05143994	0.0526244	
1554.2	0.05159375	0.05262207	
1554.4	0.05261511	0.05261973	
1554.6	0.05352916	0.05261739	
1554.8	0.05339472	0.05261506	
1555	0.05356661	0.05261272	
1555.2	0.05297437	0.05261039	
1555.4	0.05368352	0.05260805	
1555.6	0.05305048	0.05260572	
1555.8	0.05380729	0.05260338	
1556	0.05381708	0.05260104	
1556.2	0.05414363	0.05259871	
1556.4	0.05420318	0.05259637	
1556.6	0.05351677	0.05259404	
1556.8	0.05357184	0.0525917	
1557	0.05435605	0.05258937	
1557.2	0.05315087	0.05258703	
1557.4	0.05362142	0.0525847	
1557.6	0.05327305	0.05258236	
1557.8	0.05280218	0.05258003	
1558	0.05232179	0.0525777	
1558.2	0.05275272	0.05257536	
1558.4	0.05296684	0.05257303	
1558.6	0.05265688	0.05257069	
1558.8	0.05187926	0.05256836	
1559	0.05162625	0.05256603	
1559.2	0.05144804	0.05256369	
1559.4	0.05123243	0.05256136	
1559.6	0.05091711	0.05255902	
1559.8	0.05131998	0.05255669	
