Conc1	1.5E-07	
Start1	360	
Stop1	1559.8	
Kobs	0.00022198762659549	
Error Kobs	2.5506481892688E-06	
Koff	0	
Error Koff	0	
Time1	Data1	Fit1	
360	0	0	
360.2	0.00023222	0.00002924	
360.4	0.00031405	0.00005848	
360.6	0.00036778	0.00008771	
360.8	0.00007581	0.00011693	
361	-0.0000586	0.00014615	
361.2	0.00069598	0.00017536	
361.4	0.00030482	0.00020456	
361.6	0.00079382	0.00023376	
361.8	0.00118542	0.00026295	
362	0.00204531	0.00029213	
362.2	0.00327897	0.00032131	
362.4	0.00387831	0.00035048	
362.6	0.00392748	0.00037964	
362.8	0.00407022	0.0004088	
363	0.00445859	0.00043795	
363.2	0.0047795	0.00046709	
363.4	0.00518646	0.00049623	
363.6	0.00535737	0.00052536	
363.8	0.00567028	0.00055448	
364	0.00651568	0.0005836	
364.2	0.00722701	0.00061271	
364.4	0.00669449	0.00064181	
364.6	0.0060699	0.00067091	
364.8	0.0053641	0.0007	
365	0.0052232	0.00072908	
365.2	0.0057325	0.00075816	
365.4	0.00492926	0.00078723	
365.6	0.00563158	0.00081629	
365.8	0.0055412	0.00084535	
366	0.00595928	0.0008744	
366.2	0.00613373	0.00090345	
366.4	0.00610813	0.00093248	
366.6	0.00595812	0.00096151	
366.8	0.00583065	0.00099054	
367	0.00676942	0.00101956	
367.2	0.00756884	0.00104857	
367.4	0.00720385	0.00107757	
367.6	0.00708838	0.00110657	
367.8	0.00733551	0.00113556	
368	0.00687676	0.00116454	
368.2	0.00642804	0.00119352	
368.4	0.00648746	0.00122249	
368.6	0.00652272	0.00125146	
368.8	0.00700373	0.00128042	
369	0.00793326	0.00130937	
369.2	0.0079602	0.00133831	
369.4	0.00796957	0.00136725	
369.6	0.0073621	0.00139618	
369.8	0.00702024	0.00142511	
370	0.00630403	0.00145403	
370.2	0.00607256	0.00148294	
370.4	0.00604296	0.00151184	
370.6	0.0065571	0.00154074	
370.8	0.00617434	0.00156963	
371	0.00609114	0.00159852	
371.2	0.00538756	0.0016274	
371.4	0.00433834	0.00165627	
371.6	0.00410013	0.00168514	
371.8	0.00376039	0.001714	
372	0.00393784	0.00174285	
372.2	0.00492351	0.00177169	
372.4	0.00622299	0.00180053	
372.6	0.00647898	0.00182937	
372.8	0.00803791	0.00185819	
373	0.00905669	0.00188701	
373.2	0.00902875	0.00191583	
373.4	0.01022887	0.00194463	
373.6	0.01009886	0.00197343	
373.8	0.011487	0.00200223	
374	0.01127419	0.00203101	
374.2	0.01179011	0.00205979	
374.4	0.01234472	0.00208857	
374.6	0.01284518	0.00211733	
374.8	0.01229377	0.0021461	
375	0.01177411	0.00217485	
375.2	0.01138457	0.0022036	
375.4	0.01043917	0.00223234	
375.6	0.00995924	0.00226107	
375.8	0.0090631	0.0022898	
376	0.0087754	0.00231852	
376.2	0.00859749	0.00234724	
376.4	0.00812562	0.00237595	
376.6	0.00793622	0.00240465	
376.8	0.00831398	0.00243334	
377	0.00766154	0.00246203	
377.2	0.00783314	0.00249071	
377.4	0.00800692	0.00251939	
377.6	0.00802328	0.00254806	
377.8	0.00873554	0.00257672	
378	0.00753665	0.00260538	
378.2	0.00748162	0.00263403	
378.4	0.00722933	0.00266267	
378.6	0.00685117	0.00269131	
378.8	0.0077023	0.00271994	
379	0.00880722	0.00274856	
379.2	0.00905197	0.00277718	
379.4	0.0087442	0.00280579	
379.6	0.00884183	0.00283439	
379.8	0.00872925	0.00286299	
380	0.01062809	0.00289158	
380.2	0.01156633	0.00292016	
380.4	0.01176239	0.00294874	
380.6	0.01241491	0.00297731	
380.8	0.01241905	0.00300588	
381	0.01253812	0.00303444	
381.2	0.01316534	0.00306299	
381.4	0.01326684	0.00309153	
381.6	0.01310053	0.00312007	
381.8	0.01246649	0.00314861	
382	0.01118655	0.00317713	
382.2	0.01067849	0.00320565	
382.4	0.00930354	0.00323416	
382.6	0.00921251	0.00326267	
382.8	0.01005327	0.00329117	
383	0.00953241	0.00331966	
383.2	0.00826175	0.00334815	
383.4	0.00754865	0.00337663	
383.6	0.00866366	0.0034051	
383.8	0.00872178	0.00343357	
384	0.0096125	0.00346203	
384.2	0.00849206	0.00349049	
384.4	0.00761434	0.00351893	
384.6	0.00759154	0.00354738	
384.8	0.00872854	0.00357581	
385	0.00928589	0.00360424	
385.2	0.01039646	0.00363266	
385.4	0.01149734	0.00366108	
385.6	0.01157982	0.00368949	
385.8	0.01233768	0.00371789	
386	0.01278749	0.00374628	
386.2	0.01279408	0.00377467	
386.4	0.01359595	0.00380306	
386.6	0.0147311	0.00383143	
386.8	0.01576889	0.0038598	
387	0.01539546	0.00388817	
387.2	0.01596156	0.00391653	
387.4	0.01621709	0.00394488	
387.6	0.01619025	0.00397322	
387.8	0.01476463	0.00400156	
388	0.01384314	0.00402989	
388.2	0.01256981	0.00405822	
388.4	0.01276962	0.00408653	
388.6	0.01267912	0.00411485	
388.8	0.01310124	0.00414315	
389	0.01280121	0.00417145	
389.2	0.01203063	0.00419974	
389.4	0.01121788	0.00422803	
389.6	0.01057781	0.00425631	
389.8	0.01090956	0.00428458	
390	0.01045037	0.00431285	
390.2	0.01022819	0.00434111	
390.4	0.0108325	0.00436937	
390.6	0.01142258	0.00439761	
390.8	0.01182626	0.00442585	
391	0.01189001	0.00445409	
391.2	0.01149491	0.00448232	
391.4	0.01091335	0.00451054	
391.6	0.01101739	0.00453876	
391.8	0.01098131	0.00456696	
392	0.0110116	0.00459517	
392.2	0.01078011	0.00462336	
392.4	0.01134811	0.00465155	
392.6	0.01030786	0.00467974	
392.8	0.01037249	0.00470791	
393	0.01021375	0.00473608	
393.2	0.00980426	0.00476425	
393.4	0.01103691	0.00479241	
393.6	0.01146237	0.00482056	
393.8	0.01189312	0.0048487	
394	0.01249425	0.00487684	
394.2	0.01303794	0.00490497	
394.4	0.01323128	0.0049331	
394.6	0.01393183	0.00496122	
394.8	0.01311916	0.00498933	
395	0.01249377	0.00501744	
395.2	0.01081478	0.00504554	
395.4	0.01100959	0.00507363	
395.6	0.01175396	0.00510172	
395.8	0.01131239	0.0051298	
396	0.0110656	0.00515787	
396.2	0.0102118	0.00518594	
396.4	0.01012608	0.005214	
396.6	0.00993084	0.00524206	
396.8	0.01062721	0.00527011	
397	0.01091809	0.00529815	
397.2	0.0110256	0.00532619	
397.4	0.01149744	0.00535422	
397.6	0.01132008	0.00538224	
397.8	0.01232558	0.00541026	
398	0.01295596	0.00543827	
398.2	0.01278936	0.00546627	
398.4	0.012917	0.00549427	
398.6	0.01382101	0.00552226	
398.8	0.01305294	0.00555025	
399	0.01243216	0.00557822	
399.2	0.01284214	0.0056062	
399.4	0.0136736	0.00563416	
399.6	0.01502427	0.00566212	
399.8	0.01395842	0.00569007	
400	0.01401401	0.00571802	
400.2	0.01364108	0.00574596	
400.4	0.0134664	0.0057739	
400.6	0.01254797	0.00580182	
400.8	0.01175254	0.00582975	
401	0.0112375	0.00585766	
401.2	0.0111401	0.00588557	
401.4	0.01192029	0.00591347	
401.6	0.01211567	0.00594137	
401.8	0.0125019	0.00596926	
402	0.01227233	0.00599714	
402.2	0.01179186	0.00602502	
402.4	0.01257365	0.00605289	
402.6	0.01274972	0.00608075	
402.8	0.01251403	0.00610861	
403	0.01278294	0.00613646	
403.2	0.01373841	0.00616431	
403.4	0.01377838	0.00619214	
403.6	0.01419455	0.00621998	
403.8	0.0137789	0.0062478	
404	0.01499155	0.00627562	
404.2	0.01474109	0.00630344	
404.4	0.01458403	0.00633124	
404.6	0.01405434	0.00635904	
404.8	0.01408547	0.00638684	
405	0.0150898	0.00641463	
405.2	0.01567874	0.00644241	
405.4	0.01583614	0.00647018	
405.6	0.01571553	0.00649795	
405.8	0.01526741	0.00652572	
406	0.01438211	0.00655347	
406.2	0.0139232	0.00658122	
406.4	0.01463943	0.00660897	
406.6	0.01469604	0.0066367	
406.8	0.0147922	0.00666444	
407	0.01443564	0.00669216	
407.2	0.01446896	0.00671988	
407.4	0.01398509	0.00674759	
407.6	0.01404876	0.0067753	
407.8	0.01421217	0.006803	
408	0.01558086	0.00683069	
408.2	0.01484436	0.00685838	
408.4	0.0143731	0.00688606	
408.6	0.01412045	0.00691373	
408.8	0.0141905	0.0069414	
409	0.01498409	0.00696906	
409.2	0.01479356	0.00699672	
409.4	0.01556657	0.00702437	
409.6	0.01574561	0.00705201	
409.8	0.01469202	0.00707965	
410	0.01419728	0.00710728	
410.2	0.01424258	0.0071349	
410.4	0.01401134	0.00716252	
410.6	0.01409643	0.00719013	
410.8	0.01416631	0.00721773	
411	0.01461004	0.00724533	
411.2	0.01486691	0.00727293	
411.4	0.01460238	0.00730051	
411.6	0.01475495	0.00732809	
411.8	0.01477501	0.00735566	
412	0.01477912	0.00738323	
412.2	0.01274659	0.00741079	
412.4	0.01241155	0.00743835	
412.6	0.01185534	0.0074659	
412.8	0.01191034	0.00749344	
413	0.01269099	0.00752097	
413.2	0.01235441	0.0075485	
413.4	0.01233382	0.00757603	
413.6	0.01195852	0.00760355	
413.8	0.01138242	0.00763106	
414	0.01173466	0.00765856	
414.2	0.01215305	0.00768606	
414.4	0.01232296	0.00771355	
414.6	0.01295493	0.00774104	
414.8	0.01323502	0.00776852	
415	0.01338253	0.00779599	
415.2	0.01410772	0.00782346	
415.4	0.01426046	0.00785092	
415.6	0.0149283	0.00787837	
415.8	0.01447578	0.00790582	
416	0.01375447	0.00793326	
416.2	0.01311272	0.0079607	
416.4	0.01316283	0.00798813	
416.6	0.01292032	0.00801555	
416.8	0.01353109	0.00804297	
417	0.01366928	0.00807038	
417.2	0.01353808	0.00809778	
417.4	0.01410039	0.00812518	
417.6	0.01414741	0.00815257	
417.8	0.01357878	0.00817996	
418	0.01338034	0.00820734	
418.2	0.01244655	0.00823471	
418.4	0.01238407	0.00826208	
418.6	0.01229887	0.00828944	
418.8	0.01137631	0.0083168	
419	0.01233877	0.00834414	
419.2	0.01331469	0.00837149	
419.4	0.01319671	0.00839882	
419.6	0.01368995	0.00842615	
419.8	0.01308127	0.00845348	
420	0.01296433	0.00848079	
420.2	0.01290022	0.0085081	
420.4	0.01371713	0.00853541	
420.6	0.01409497	0.00856271	
420.8	0.01422493	0.00859	
421	0.01384683	0.00861729	
421.2	0.01468929	0.00864457	
421.4	0.01459626	0.00867184	
421.6	0.0136777	0.00869911	
421.8	0.0140888	0.00872637	
422	0.01425	0.00875362	
422.2	0.01415087	0.00878087	
422.4	0.01433908	0.00880811	
422.6	0.01422188	0.00883535	
422.8	0.01501694	0.00886258	
423	0.01500705	0.00888981	
423.2	0.01493818	0.00891702	
423.4	0.01397882	0.00894424	
423.6	0.01433212	0.00897144	
423.8	0.01471003	0.00899864	
424	0.01430045	0.00902583	
424.2	0.01415223	0.00905302	
424.4	0.01447548	0.0090802	
424.6	0.01307745	0.00910738	
424.8	0.01277556	0.00913454	
425	0.01342158	0.00916171	
425.2	0.01426977	0.00918886	
425.4	0.0140274	0.00921601	
425.6	0.01421787	0.00924315	
425.8	0.01513969	0.00927029	
426	0.01529634	0.00929742	
426.2	0.0151482	0.00932455	
426.4	0.01520446	0.00935167	
426.6	0.01523626	0.00937878	
426.8	0.01519191	0.00940589	
427	0.01394429	0.00943299	
427.2	0.01360176	0.00946008	
427.4	0.01295668	0.00948717	
427.6	0.01369014	0.00951425	
427.8	0.01374494	0.00954133	
428	0.01299331	0.0095684	
428.2	0.0131334	0.00959546	
428.4	0.01396376	0.00962252	
428.6	0.014637	0.00964957	
428.8	0.01510841	0.00967661	
429	0.01593863	0.00970365	
429.2	0.01629865	0.00973068	
429.4	0.01671356	0.00975771	
429.6	0.01773655	0.00978473	
429.8	0.01804923	0.00981174	
430	0.01830766	0.00983875	
430.2	0.01787462	0.00986575	
430.4	0.01731946	0.00989275	
430.6	0.01657719	0.00991974	
430.8	0.0160539	0.00994672	
431	0.0155543	0.0099737	
431.2	0.01432363	0.01000067	
431.4	0.0145774	0.01002763	
431.6	0.01485073	0.01005459	
431.8	0.01586054	0.01008154	
432	0.0157068	0.01010849	
432.2	0.01648215	0.01013543	
432.4	0.01724783	0.01016237	
432.6	0.01781011	0.01018929	
432.8	0.01696543	0.01021622	
433	0.01775466	0.01024313	
433.2	0.01737595	0.01027004	
433.4	0.01688746	0.01029694	
433.6	0.01722017	0.01032384	
433.8	0.01706455	0.01035073	
434	0.0173537	0.01037762	
434.2	0.01666734	0.0104045	
434.4	0.01616215	0.01043137	
434.6	0.0164987	0.01045824	
434.8	0.0154324	0.0104851	
435	0.0148924	0.01051195	
435.2	0.01492741	0.0105388	
435.4	0.01543138	0.01056564	
435.6	0.01581448	0.01059248	
435.8	0.01626289	0.01061931	
436	0.01608534	0.01064613	
436.2	0.01674378	0.01067295	
436.4	0.01759296	0.01069976	
436.6	0.01784245	0.01072657	
436.8	0.01754263	0.01075337	
437	0.01772599	0.01078016	
437.2	0.01729921	0.01080695	
437.4	0.01740858	0.01083373	
437.6	0.01802277	0.0108605	
437.8	0.01854775	0.01088727	
438	0.01855551	0.01091403	
438.2	0.01808908	0.01094079	
438.4	0.01820068	0.01096754	
438.6	0.0178768	0.01099429	
438.8	0.01701432	0.01102102	
439	0.01711343	0.01104776	
439.2	0.01724129	0.01107448	
439.4	0.01751633	0.0111012	
439.6	0.01780718	0.01112792	
439.8	0.01752965	0.01115463	
440	0.017975	0.01118133	
440.2	0.0174371	0.01120802	
440.4	0.01848547	0.01123471	
440.6	0.01807274	0.0112614	
440.8	0.01807627	0.01128807	
441	0.01744521	0.01131475	
441.2	0.01731129	0.01134141	
441.4	0.01644904	0.01136807	
441.6	0.01712858	0.01139472	
441.8	0.01693157	0.01142137	
442	0.01618512	0.01144801	
442.2	0.01676296	0.01147465	
442.4	0.01702709	0.01150128	
442.6	0.01711834	0.0115279	
442.8	0.01759843	0.01155452	
443	0.01745356	0.01158113	
443.2	0.01788743	0.01160773	
443.4	0.01789067	0.01163433	
443.6	0.0182669	0.01166092	
443.8	0.01773197	0.01168751	
444	0.01852357	0.01171409	
444.2	0.01878029	0.01174066	
444.4	0.02000788	0.01176723	
444.6	0.0193049	0.01179379	
444.8	0.01945352	0.01182035	
445	0.01954658	0.0118469	
445.2	0.0203679	0.01187345	
445.4	0.01941491	0.01189998	
445.6	0.02039457	0.01192652	
445.8	0.01912393	0.01195304	
446	0.0193142	0.01197956	
446.2	0.01982883	0.01200608	
446.4	0.0193488	0.01203258	
446.6	0.01905164	0.01205909	
446.8	0.01880617	0.01208558	
447	0.01843208	0.01211207	
447.2	0.01768477	0.01213855	
447.4	0.01732606	0.01216503	
447.6	0.01881486	0.0121915	
447.8	0.01891289	0.01221797	
448	0.01962131	0.01224443	
448.2	0.02067965	0.01227088	
448.4	0.02088374	0.01229733	
448.6	0.02133582	0.01232377	
448.8	0.0217296	0.01235021	
449	0.02167908	0.01237664	
449.2	0.02192118	0.01240306	
449.4	0.02116182	0.01242948	
449.6	0.02124387	0.01245589	
449.8	0.0202303	0.0124823	
450	0.02061369	0.01250869	
450.2	0.01974048	0.01253509	
450.4	0.01963742	0.01256148	
450.6	0.01901555	0.01258786	
450.8	0.01900148	0.01261423	
451	0.01913738	0.0126406	
451.2	0.0183324	0.01266697	
451.4	0.01907415	0.01269332	
451.6	0.01992891	0.01271967	
451.8	0.02008957	0.01274602	
452	0.02083618	0.01277236	
452.2	0.02105082	0.01279869	
452.4	0.02033751	0.01282502	
452.6	0.01955408	0.01285134	
452.8	0.02006791	0.01287766	
453	0.01980126	0.01290397	
453.2	0.01990167	0.01293027	
453.4	0.01967791	0.01295657	
453.6	0.02005093	0.01298286	
453.8	0.01969595	0.01300914	
454	0.01974604	0.01303542	
454.2	0.01878018	0.0130617	
454.4	0.01842236	0.01308796	
454.6	0.01798729	0.01311422	
454.8	0.01840027	0.01314048	
455	0.01895876	0.01316673	
455.2	0.01857349	0.01319297	
455.4	0.01912626	0.01321921	
455.6	0.01889065	0.01324544	
455.8	0.01848963	0.01327167	
456	0.017569	0.01329789	
456.2	0.01678669	0.0133241	
456.4	0.01622592	0.01335031	
456.6	0.01581057	0.01337651	
456.8	0.01687161	0.01340271	
457	0.01629384	0.0134289	
457.2	0.01700103	0.01345508	
457.4	0.01791113	0.01348126	
457.6	0.01920886	0.01350743	
457.8	0.01926692	0.0135336	
458	0.0198224	0.01355975	
458.2	0.02012708	0.01358591	
458.4	0.02069805	0.01361206	
458.6	0.02196381	0.0136382	
458.8	0.02313898	0.01366434	
459	0.02388627	0.01369047	
459.2	0.02284294	0.01371659	
459.4	0.02340877	0.01374271	
459.6	0.02278567	0.01376882	
459.8	0.02300748	0.01379493	
460	0.02262893	0.01382103	
460.2	0.02237533	0.01384712	
460.4	0.0217754	0.01387321	
460.6	0.02198114	0.01389929	
460.8	0.02160591	0.01392537	
461	0.02122467	0.01395144	
461.2	0.02193317	0.0139775	
461.4	0.02241331	0.01400356	
461.6	0.02413496	0.01402962	
461.8	0.02369693	0.01405566	
462	0.02337065	0.0140817	
462.2	0.02406542	0.01410774	
462.4	0.0236459	0.01413377	
462.6	0.02311317	0.01415979	
462.8	0.02353372	0.01418581	
463	0.02277914	0.01421182	
463.2	0.02156108	0.01423783	
463.4	0.02229716	0.01426382	
463.6	0.02119652	0.01428982	
463.8	0.02068165	0.01431581	
464	0.02010842	0.01434179	
464.2	0.01909184	0.01436776	
464.4	0.01939818	0.01439373	
464.6	0.01922023	0.0144197	
464.8	0.01888289	0.01444566	
465	0.01980471	0.01447161	
465.2	0.02150114	0.01449755	
465.4	0.02209108	0.01452349	
465.6	0.02222625	0.01454943	
465.8	0.02143743	0.01457536	
466	0.02136611	0.01460128	
466.2	0.02126643	0.0146272	
466.4	0.02006226	0.01465311	
466.6	0.02004908	0.01467901	
466.8	0.02028251	0.01470491	
467	0.01967087	0.0147308	
467.2	0.01912746	0.01475669	
467.4	0.01913144	0.01478257	
467.6	0.01917871	0.01480845	
467.8	0.01972189	0.01483432	
468	0.01984717	0.01486018	
468.2	0.01976623	0.01488604	
468.4	0.02059104	0.01491189	
468.6	0.02035739	0.01493774	
468.8	0.02104686	0.01496358	
469	0.02141157	0.01498941	
469.2	0.02174763	0.01501524	
469.4	0.02198478	0.01504106	
469.6	0.02139632	0.01506688	
469.8	0.02198037	0.01509269	
470	0.022133	0.01511849	
470.2	0.0219024	0.01514429	
470.4	0.02143878	0.01517008	
470.6	0.02158148	0.01519587	
470.8	0.02140518	0.01522165	
471	0.02208703	0.01524743	
471.2	0.02252382	0.0152732	
471.4	0.02338326	0.01529896	
471.6	0.02334487	0.01532472	
471.8	0.02252687	0.01535047	
472	0.02209599	0.01537622	
472.2	0.02137397	0.01540196	
472.4	0.02075348	0.01542769	
472.6	0.01975274	0.01545342	
472.8	0.01902022	0.01547914	
473	0.01879337	0.01550486	
473.2	0.01857458	0.01553057	
473.4	0.01867667	0.01555628	
473.6	0.01837079	0.01558197	
473.8	0.0186704	0.01560767	
474	0.01859581	0.01563336	
474.2	0.01847534	0.01565904	
474.4	0.01804976	0.01568471	
474.6	0.01790099	0.01571038	
474.8	0.0190987	0.01573605	
475	0.0208219	0.0157617	
475.2	0.02109754	0.01578736	
475.4	0.02205545	0.015813	
475.6	0.02188552	0.01583864	
475.8	0.0221998	0.01586428	
476	0.02373881	0.01588991	
476.2	0.02381742	0.01591553	
476.4	0.02424389	0.01594115	
476.6	0.02400376	0.01596676	
476.8	0.02422106	0.01599237	
477	0.02395436	0.01601796	
477.2	0.02423075	0.01604356	
477.4	0.02474138	0.01606915	
477.6	0.02424115	0.01609473	
477.8	0.02408569	0.01612031	
478	0.02431747	0.01614588	
478.2	0.02420218	0.01617144	
478.4	0.023826	0.016197	
478.6	0.02352465	0.01622255	
478.8	0.02400583	0.0162481	
479	0.02407046	0.01627364	
479.2	0.02355854	0.01629918	
479.4	0.02365165	0.01632471	
479.6	0.02332749	0.01635023	
479.8	0.02318827	0.01637575	
480	0.02290531	0.01640126	
480.2	0.02197933	0.01642677	
480.4	0.02100437	0.01645227	
480.6	0.0213605	0.01647776	
480.8	0.02157799	0.01650325	
481	0.02075004	0.01652874	
481.2	0.02257096	0.01655421	
481.4	0.0219854	0.01657969	
481.6	0.02172624	0.01660515	
481.8	0.02287652	0.01663061	
482	0.02300457	0.01665607	
482.2	0.02305588	0.01668152	
482.4	0.02320634	0.01670696	
482.6	0.02294543	0.0167324	
482.8	0.02395248	0.01675783	
483	0.02528949	0.01678325	
483.2	0.02590281	0.01680867	
483.4	0.02549631	0.01683409	
483.6	0.02577692	0.01685949	
483.8	0.02477979	0.0168849	
484	0.02479764	0.01691029	
484.2	0.02371958	0.01693568	
484.4	0.02372455	0.01696107	
484.6	0.0243235	0.01698645	
484.8	0.0243396	0.01701182	
485	0.02398348	0.01703719	
485.2	0.02437109	0.01706255	
485.4	0.02270995	0.01708791	
485.6	0.02321268	0.01711326	
485.8	0.02316932	0.0171386	
486	0.02236424	0.01716394	
486.2	0.0219764	0.01718927	
486.4	0.02277929	0.0172146	
486.6	0.02300632	0.01723992	
486.8	0.02429305	0.01726524	
487	0.02445958	0.01729055	
487.2	0.02441392	0.01731585	
487.4	0.02499261	0.01734115	
487.6	0.02501226	0.01736644	
487.8	0.02475671	0.01739173	
488	0.02476654	0.01741701	
488.2	0.02341986	0.01744228	
488.4	0.02362452	0.01746755	
488.6	0.02343713	0.01749282	
488.8	0.02345679	0.01751807	
489	0.02318099	0.01754333	
489.2	0.02296782	0.01756857	
489.4	0.02334776	0.01759381	
489.6	0.02424789	0.01761905	
489.8	0.02351596	0.01764428	
490	0.02287206	0.0176695	
490.2	0.02173729	0.01769472	
490.4	0.02261687	0.01771993	
490.6	0.0221281	0.01774514	
490.8	0.02197176	0.01777034	
491	0.0216081	0.01779553	
491.2	0.0220357	0.01782072	
491.4	0.02274814	0.0178459	
491.6	0.02232635	0.01787108	
491.8	0.02297203	0.01789625	
492	0.02295642	0.01792142	
492.2	0.02404608	0.01794658	
492.4	0.02419785	0.01797173	
492.6	0.02488066	0.01799688	
492.8	0.02585067	0.01802203	
493	0.02676756	0.01804716	
493.2	0.02601485	0.0180723	
493.4	0.02649107	0.01809742	
493.6	0.02632672	0.01812254	
493.8	0.02546778	0.01814766	
494	0.02457864	0.01817276	
494.2	0.02339014	0.01819787	
494.4	0.02352313	0.01822296	
494.6	0.02234611	0.01824806	
494.8	0.02171004	0.01827314	
495	0.02255395	0.01829822	
495.2	0.0221744	0.0183233	
495.4	0.02255623	0.01834837	
495.6	0.02255663	0.01837343	
495.8	0.02283306	0.01839849	
496	0.02321211	0.01842354	
496.2	0.02425416	0.01844858	
496.4	0.02385279	0.01847362	
496.6	0.02481666	0.01849866	
496.8	0.02617908	0.01852369	
497	0.02640958	0.01854871	
497.2	0.02623281	0.01857373	
497.4	0.02767056	0.01859874	
497.6	0.02762606	0.01862375	
497.8	0.02751211	0.01864875	
498	0.02745955	0.01867374	
498.2	0.02693731	0.01869873	
498.4	0.02674251	0.01872371	
498.6	0.02645824	0.01874869	
498.8	0.0271633	0.01877366	
499	0.02709953	0.01879863	
499.2	0.02604066	0.01882359	
499.4	0.02587254	0.01884854	
499.6	0.02542461	0.01887349	
499.8	0.02434459	0.01889844	
500	0.02478161	0.01892337	
500.2	0.02470248	0.01894831	
500.4	0.02465326	0.01897323	
500.6	0.02608088	0.01899815	
500.8	0.02619565	0.01902307	
501	0.02563852	0.01904798	
501.2	0.02597623	0.01907288	
501.4	0.02622659	0.01909778	
501.6	0.02574097	0.01912267	
501.8	0.02585783	0.01914756	
502	0.02634682	0.01917244	
502.2	0.02637944	0.01919731	
502.4	0.02655136	0.01922218	
502.6	0.02713842	0.01924705	
502.8	0.0277897	0.01927191	
503	0.02836358	0.01929676	
503.2	0.02910384	0.0193216	
503.4	0.02903298	0.01934645	
503.6	0.02918117	0.01937128	
503.8	0.02862595	0.01939611	
504	0.02835256	0.01942094	
504.2	0.02843089	0.01944575	
504.4	0.02884379	0.01947057	
504.6	0.02814338	0.01949538	
504.8	0.02695162	0.01952018	
505	0.02568665	0.01954497	
505.2	0.02561155	0.01956976	
505.4	0.02523588	0.01959455	
505.6	0.02431143	0.01961933	
505.8	0.02393271	0.0196441	
506	0.02480387	0.01966887	
506.2	0.02459984	0.01969363	
506.4	0.02430749	0.01971839	
506.6	0.02479994	0.01974314	
506.8	0.02519016	0.01976788	
507	0.02611334	0.01979262	
507.2	0.02675187	0.01981736	
507.4	0.02696077	0.01984209	
507.6	0.02709793	0.01986681	
507.8	0.02721695	0.01989153	
508	0.02688398	0.01991624	
508.2	0.02768381	0.01994094	
508.4	0.02767329	0.01996564	
508.6	0.02625172	0.01999034	
508.8	0.02588093	0.02001503	
509	0.02495568	0.02003971	
509.2	0.02495829	0.02006439	
509.4	0.02414726	0.02008906	
509.6	0.02467787	0.02011373	
509.8	0.02486349	0.02013839	
510	0.02642987	0.02016304	
510.2	0.02608683	0.02018769	
510.4	0.02661917	0.02021234	
510.6	0.0263975	0.02023697	
510.8	0.02664487	0.02026161	
511	0.02696059	0.02028623	
511.2	0.02705308	0.02031086	
511.4	0.02700412	0.02033547	
511.6	0.02644335	0.02036008	
511.8	0.0265842	0.02038469	
512	0.02566407	0.02040929	
512.2	0.02528969	0.02043388	
512.4	0.02477265	0.02045847	
512.6	0.02334609	0.02048305	
512.8	0.02356979	0.02050763	
513	0.02324801	0.0205322	
513.2	0.02266109	0.02055676	
513.4	0.02260732	0.02058132	
513.6	0.02378752	0.02060588	
513.8	0.02427724	0.02063043	
514	0.02459711	0.02065497	
514.2	0.02488688	0.02067951	
514.4	0.02526547	0.02070404	
514.6	0.0245473	0.02072856	
514.8	0.02533438	0.02075309	
515	0.02533563	0.0207776	
515.2	0.02527427	0.02080211	
515.4	0.02610871	0.02082661	
515.6	0.02628385	0.02085111	
515.8	0.0262139	0.02087561	
516	0.02553005	0.02090009	
516.2	0.02588147	0.02092457	
516.4	0.02628611	0.02094905	
516.6	0.02667899	0.02097352	
516.8	0.02720746	0.02099799	
517	0.02698271	0.02102245	
517.2	0.0265737	0.0210469	
517.4	0.02684453	0.02107135	
517.6	0.0268862	0.02109579	
517.8	0.02718876	0.02112023	
518	0.02632826	0.02114466	
518.2	0.0269151	0.02116909	
518.4	0.02658667	0.02119351	
518.6	0.02712638	0.02121792	
518.8	0.02731732	0.02124233	
519	0.02754069	0.02126673	
519.2	0.0275113	0.02129113	
519.4	0.02834642	0.02131552	
519.6	0.02791792	0.02133991	
519.8	0.02692431	0.02136429	
520	0.02600361	0.02138867	
520.2	0.02621509	0.02141304	
520.4	0.02640933	0.0214374	
520.6	0.02681327	0.02146176	
520.8	0.0261277	0.02148612	
521	0.0269573	0.02151047	
521.2	0.02732703	0.02153481	
521.4	0.02738929	0.02155915	
521.6	0.02756887	0.02158348	
521.8	0.02763063	0.0216078	
522	0.02794428	0.02163212	
522.2	0.02819548	0.02165644	
522.4	0.02870563	0.02168075	
522.6	0.02913535	0.02170505	
522.8	0.02908171	0.02172935	
523	0.02969857	0.02175364	
523.2	0.02863521	0.02177793	
523.4	0.02911887	0.02180221	
523.6	0.028374	0.02182649	
523.8	0.0277344	0.02185076	
524	0.02764422	0.02187502	
524.2	0.02809124	0.02189928	
524.4	0.02829824	0.02192354	
524.6	0.02792038	0.02194779	
524.8	0.02775704	0.02197203	
525	0.02890747	0.02199627	
525.2	0.02855495	0.0220205	
525.4	0.02878353	0.02204472	
525.6	0.02922317	0.02206895	
525.8	0.02961958	0.02209316	
526	0.03019425	0.02211737	
526.2	0.03015434	0.02214158	
526.4	0.03084788	0.02216577	
526.6	0.03064632	0.02218997	
526.8	0.03019694	0.02221416	
527	0.03055159	0.02223834	
527.2	0.02986725	0.02226251	
527.4	0.03022787	0.02228669	
527.6	0.0296046	0.02231085	
527.8	0.02969616	0.02233501	
528	0.02929518	0.02235917	
528.2	0.02826368	0.02238332	
528.4	0.02793231	0.02240746	
528.6	0.02712348	0.0224316	
528.8	0.02720281	0.02245573	
529	0.02700103	0.02247986	
529.2	0.02656374	0.02250398	
529.4	0.02722349	0.0225281	
529.6	0.02743576	0.02255221	
529.8	0.02771169	0.02257631	
530	0.02845176	0.02260041	
530.2	0.02915074	0.02262451	
530.4	0.02986494	0.0226486	
530.6	0.02979482	0.02267268	
530.8	0.03001736	0.02269676	
531	0.03123289	0.02272083	
531.2	0.03113067	0.0227449	
531.4	0.03183279	0.02276896	
531.6	0.03162739	0.02279301	
531.8	0.0314396	0.02281706	
532	0.03177875	0.02284111	
532.2	0.03153601	0.02286515	
532.4	0.03165372	0.02288918	
532.6	0.0310438	0.02291321	
532.8	0.03049653	0.02293723	
533	0.03032585	0.02296125	
533.2	0.03020421	0.02298526	
533.4	0.03020874	0.02300927	
533.6	0.03017137	0.02303327	
533.8	0.02952261	0.02305727	
534	0.02942019	0.02308126	
534.2	0.02897661	0.02310524	
534.4	0.02961719	0.02312922	
534.6	0.02970754	0.0231532	
534.8	0.03016284	0.02317716	
535	0.03024091	0.02320113	
535.2	0.03032496	0.02322508	
535.4	0.03139752	0.02324904	
535.6	0.03046528	0.02327298	
535.8	0.02989604	0.02329692	
536	0.03122235	0.02332086	
536.2	0.03031735	0.02334479	
536.4	0.03055906	0.02336871	
536.6	0.03050319	0.02339263	
536.8	0.03025685	0.02341655	
537	0.03109435	0.02344046	
537.2	0.0304672	0.02346436	
537.4	0.02984401	0.02348826	
537.6	0.02965821	0.02351215	
537.8	0.02914347	0.02353604	
538	0.02919395	0.02355992	
538.2	0.02970814	0.02358379	
538.4	0.03011592	0.02360766	
538.6	0.03022965	0.02363153	
538.8	0.03043656	0.02365539	
539	0.03030061	0.02367924	
539.2	0.03083494	0.02370309	
539.4	0.03063824	0.02372693	
539.6	0.03005507	0.02375077	
539.8	0.03002055	0.0237746	
540	0.03093201	0.02379843	
540.2	0.03079127	0.02382225	
540.4	0.03174054	0.02384607	
540.6	0.03149472	0.02386988	
540.8	0.03168571	0.02389368	
541	0.03240613	0.02391748	
541.2	0.03091645	0.02394128	
541.4	0.03170914	0.02396507	
541.6	0.0325781	0.02398885	
541.8	0.0328691	0.02401263	
542	0.03281083	0.0240364	
542.2	0.03242573	0.02406017	
542.4	0.03212193	0.02408393	
542.6	0.03182441	0.02410768	
542.8	0.0317243	0.02413144	
543	0.03111771	0.02415518	
543.2	0.03096681	0.02417892	
543.4	0.03140304	0.02420266	
543.6	0.03090061	0.02422639	
543.8	0.03012689	0.02425011	
544	0.03006938	0.02427383	
544.2	0.03064653	0.02429754	
544.4	0.02998128	0.02432125	
544.6	0.02931434	0.02434495	
544.8	0.0296136	0.02436865	
545	0.0298085	0.02439234	
545.2	0.02947276	0.02441603	
545.4	0.03050712	0.02443971	
545.6	0.02993179	0.02446338	
545.8	0.03021241	0.02448705	
546	0.02980365	0.02451072	
546.2	0.03005069	0.02453437	
546.4	0.03017066	0.02455803	
546.6	0.03020577	0.02458168	
546.8	0.0306923	0.02460532	
547	0.03046451	0.02462896	
547.2	0.03115888	0.02465259	
547.4	0.03137993	0.02467622	
547.6	0.03061674	0.02469984	
547.8	0.03107118	0.02472345	
548	0.03206299	0.02474706	
548.2	0.03197046	0.02477067	
548.4	0.03123509	0.02479427	
548.6	0.03220932	0.02481786	
548.8	0.03200864	0.02484145	
549	0.03221041	0.02486504	
549.2	0.0325196	0.02488862	
549.4	0.03223907	0.02491219	
549.6	0.03212858	0.02493576	
549.8	0.03236947	0.02495932	
550	0.03147059	0.02498288	
550.2	0.03134007	0.02500643	
550.4	0.03042389	0.02502997	
550.6	0.02974509	0.02505351	
550.8	0.02974099	0.02507705	
551	0.02986301	0.02510058	
551.2	0.03101963	0.0251241	
551.4	0.03129483	0.02514762	
551.6	0.0313722	0.02517114	
551.8	0.0319229	0.02519465	
552	0.03268585	0.02521815	
552.2	0.03248945	0.02524165	
552.4	0.03274395	0.02526514	
552.6	0.03409062	0.02528863	
552.8	0.0333069	0.02531211	
553	0.03330197	0.02533559	
553.2	0.03434662	0.02535906	
553.4	0.0341142	0.02538252	
553.6	0.03386197	0.02540598	
553.8	0.03307396	0.02542944	
554	0.03246186	0.02545289	
554.2	0.0325581	0.02547633	
554.4	0.03253679	0.02549977	
554.6	0.03238102	0.02552321	
554.8	0.03355595	0.02554663	
555	0.03352102	0.02557006	
555.2	0.03407384	0.02559348	
555.4	0.03367206	0.02561689	
555.6	0.03319812	0.0256403	
555.8	0.03421136	0.0256637	
556	0.03435713	0.02568709	
556.2	0.03356074	0.02571048	
556.4	0.03327921	0.02573387	
556.6	0.03323845	0.02575725	
556.8	0.03270954	0.02578063	
557	0.03240975	0.025804	
557.2	0.03308151	0.02582736	
557.4	0.03281283	0.02585072	
557.6	0.03213081	0.02587407	
557.8	0.03235363	0.02589742	
558	0.03156058	0.02592077	
558.2	0.03179125	0.0259441	
558.4	0.03185525	0.02596744	
558.6	0.03140621	0.02599076	
558.8	0.0316123	0.02601408	
559	0.03061852	0.0260374	
559.2	0.03089769	0.02606071	
559.4	0.03131794	0.02608402	
559.6	0.03120391	0.02610732	
559.8	0.03281407	0.02613062	
560	0.03263865	0.02615391	
560.2	0.03163875	0.02617719	
560.4	0.0319225	0.02620047	
560.6	0.03258702	0.02622374	
560.8	0.03309335	0.02624701	
561	0.03293446	0.02627028	
561.2	0.033448	0.02629353	
561.4	0.03325221	0.02631679	
561.6	0.03260072	0.02634003	
561.8	0.03187747	0.02636328	
562	0.03088499	0.02638651	
562.2	0.03073307	0.02640975	
562.4	0.03062671	0.02643297	
562.6	0.02974852	0.02645619	
562.8	0.02965509	0.02647941	
563	0.02879848	0.02650262	
563.2	0.02947071	0.02652583	
563.4	0.03000225	0.02654903	
563.6	0.03075656	0.02657222	
563.8	0.03192072	0.02659541	
564	0.03127659	0.02661859	
564.2	0.03180316	0.02664177	
564.4	0.03271513	0.02666495	
564.6	0.0335015	0.02668812	
564.8	0.03379191	0.02671128	
565	0.03423848	0.02673444	
565.2	0.0339911	0.02675759	
565.4	0.03359239	0.02678074	
565.6	0.03381954	0.02680388	
565.8	0.03279614	0.02682701	
566	0.03300342	0.02685015	
566.2	0.03270798	0.02687327	
566.4	0.03269439	0.02689639	
566.6	0.03230222	0.02691951	
566.8	0.03201838	0.02694262	
567	0.03153193	0.02696572	
567.2	0.03180445	0.02698882	
567.4	0.03119599	0.02701192	
567.6	0.03153111	0.02703501	
567.8	0.0308842	0.02705809	
568	0.03083647	0.02708117	
568.2	0.03118199	0.02710424	
568.4	0.03005208	0.02712731	
568.6	0.02929836	0.02715038	
568.8	0.02915357	0.02717343	
569	0.02890109	0.02719649	
569.2	0.02849058	0.02721953	
569.4	0.02899298	0.02724258	
569.6	0.02932268	0.02726561	
569.8	0.02965994	0.02728864	
570	0.03071877	0.02731167	
570.2	0.03218274	0.02733469	
570.4	0.03281871	0.02735771	
570.6	0.03409671	0.02738072	
570.8	0.03392869	0.02740372	
571	0.03449908	0.02742672	
571.2	0.03448049	0.02744972	
571.4	0.03449631	0.02747271	
571.6	0.03558095	0.02749569	
571.8	0.03490504	0.02751867	
572	0.03469854	0.02754164	
572.2	0.03371006	0.02756461	
572.4	0.03260366	0.02758758	
572.6	0.0325972	0.02761053	
572.8	0.03356428	0.02763349	
573	0.03304025	0.02765643	
573.2	0.03290661	0.02767938	
573.4	0.03307249	0.02770231	
573.6	0.03341133	0.02772525	
573.8	0.03445356	0.02774817	
574	0.03443967	0.0277711	
574.2	0.03537288	0.02779401	
574.4	0.03584961	0.02781692	
574.6	0.03603289	0.02783983	
574.8	0.03530705	0.02786273	
575	0.03621559	0.02788562	
575.2	0.0356104	0.02790851	
575.4	0.03632185	0.0279314	
575.6	0.03660683	0.02795428	
575.8	0.03566081	0.02797715	
576	0.03554852	0.02800002	
576.2	0.0343946	0.02802289	
576.4	0.03477322	0.02804575	
576.6	0.03505041	0.0280686	
576.8	0.03559625	0.02809145	
577	0.03462909	0.02811429	
577.2	0.0339434	0.02813713	
577.4	0.03286421	0.02815996	
577.6	0.03317675	0.02818279	
577.8	0.03329373	0.02820561	
578	0.03261121	0.02822843	
578.2	0.03323915	0.02825124	
578.4	0.03367674	0.02827405	
578.6	0.03337568	0.02829685	
578.8	0.03380258	0.02831965	
579	0.03458969	0.02834244	
579.2	0.03432928	0.02836523	
579.4	0.03503697	0.02838801	
579.6	0.03507509	0.02841078	
579.8	0.03459738	0.02843355	
580	0.03418761	0.02845632	
580.2	0.03378773	0.02847908	
580.4	0.03481444	0.02850183	
580.6	0.0347715	0.02852458	
580.8	0.03543623	0.02854733	
581	0.03477307	0.02857007	
581.2	0.03379361	0.0285928	
581.4	0.03329886	0.02861553	
581.6	0.03370186	0.02863826	
581.8	0.03303901	0.02866098	
582	0.03253805	0.02868369	
582.2	0.03284023	0.0287064	
582.4	0.03282367	0.0287291	
582.6	0.03296065	0.0287518	
582.8	0.03288834	0.02877449	
583	0.03250264	0.02879718	
583.2	0.03265499	0.02881986	
583.4	0.03273041	0.02884254	
583.6	0.03266572	0.02886521	
583.8	0.03235696	0.02888788	
584	0.03276401	0.02891054	
584.2	0.03396996	0.0289332	
584.4	0.03425611	0.02895585	
584.6	0.03493304	0.0289785	
584.8	0.03572227	0.02900114	
585	0.03511443	0.02902377	
585.2	0.03475753	0.0290464	
585.4	0.03424223	0.02906903	
585.6	0.0337912	0.02909165	
585.8	0.03358796	0.02911427	
586	0.03299846	0.02913688	
586.2	0.03260778	0.02915948	
586.4	0.03222724	0.02918208	
586.6	0.03226794	0.02920468	
586.8	0.03167851	0.02922727	
587	0.03182706	0.02924985	
587.2	0.03272332	0.02927243	
587.4	0.03243134	0.029295	
587.6	0.03268459	0.02931757	
587.8	0.03346895	0.02934014	
588	0.03415442	0.0293627	
588.2	0.03502798	0.02938525	
588.4	0.03501472	0.0294078	
588.6	0.03591997	0.02943034	
588.8	0.03590118	0.02945288	
589	0.03492632	0.02947541	
589.2	0.03573417	0.02949794	
589.4	0.03530727	0.02952047	
589.6	0.03591757	0.02954298	
589.8	0.03584782	0.0295655	
590	0.03664142	0.029588	
590.2	0.03649089	0.02961051	
590.4	0.03627762	0.029633	
590.6	0.03700285	0.0296555	
590.8	0.03613057	0.02967798	
591	0.03644136	0.02970046	
591.2	0.03623482	0.02972294	
591.4	0.03588679	0.02974541	
591.6	0.03632673	0.02976788	
591.8	0.03660374	0.02979034	
592	0.03659752	0.0298128	
592.2	0.03670019	0.02983525	
592.4	0.03639294	0.02985769	
592.6	0.03545389	0.02988014	
592.8	0.03421763	0.02990257	
593	0.03336648	0.029925	
593.2	0.03434162	0.02994743	
593.4	0.03408271	0.02996985	
593.6	0.03480417	0.02999226	
593.8	0.03430643	0.03001467	
594	0.03491813	0.03003708	
594.2	0.03325951	0.03005948	
594.4	0.03369595	0.03008187	
594.6	0.03369799	0.03010426	
594.8	0.03283447	0.03012665	
595	0.03303343	0.03014903	
595.2	0.03304591	0.0301714	
595.4	0.03417132	0.03019377	
595.6	0.03466619	0.03021614	
595.8	0.03542981	0.0302385	
596	0.03546702	0.03026085	
596.2	0.03546382	0.0302832	
596.4	0.03553922	0.03030554	
596.6	0.03495298	0.03032788	
596.8	0.03514393	0.03035022	
597	0.03568869	0.03037255	
597.2	0.03725694	0.03039487	
597.4	0.0374896	0.03041719	
597.6	0.03756795	0.0304395	
597.8	0.03776854	0.03046181	
598	0.03685818	0.03048411	
598.2	0.03643723	0.03050641	
598.4	0.03671155	0.0305287	
598.6	0.03667939	0.03055099	
598.8	0.03641871	0.03057328	
599	0.03573618	0.03059555	
599.2	0.03492292	0.03061783	
599.4	0.03460871	0.03064009	
599.6	0.03355057	0.03066236	
599.8	0.03411287	0.03068462	
600	0.03408666	0.03070687	
600.2	0.03390051	0.03072912	
600.4	0.03440314	0.03075136	
600.6	0.03469576	0.0307736	
600.8	0.03513318	0.03079583	
601	0.03596144	0.03081805	
601.2	0.03634237	0.03084028	
601.4	0.03667982	0.03086249	
601.6	0.03706059	0.03088471	
601.8	0.03695875	0.03090691	
602	0.03598973	0.03092912	
602.2	0.03659448	0.03095131	
602.4	0.03651368	0.0309735	
602.6	0.0369192	0.03099569	
602.8	0.03571979	0.03101787	
603	0.03496802	0.03104005	
603.2	0.03383868	0.03106222	
603.4	0.03385623	0.03108439	
603.6	0.03422791	0.03110655	
603.8	0.03501337	0.03112871	
604	0.03508475	0.03115086	
604.2	0.03538842	0.031173	
604.4	0.03641704	0.03119514	
604.6	0.03626765	0.03121728	
604.8	0.03649873	0.03123941	
605	0.03746459	0.03126154	
605.2	0.03721734	0.03128366	
605.4	0.03769464	0.03130578	
605.6	0.03760245	0.03132789	
605.8	0.03744133	0.03134999	
606	0.03742302	0.03137209	
606.2	0.03722898	0.03139419	
606.4	0.03713213	0.03141628	
606.6	0.03780644	0.03143837	
606.8	0.03790279	0.03146045	
607	0.03796736	0.03148252	
607.2	0.03809509	0.03150459	
607.4	0.0385341	0.03152666	
607.6	0.03833853	0.03154872	
607.8	0.03894605	0.03157078	
608	0.03914452	0.03159283	
608.2	0.03857827	0.03161487	
608.4	0.03904477	0.03163691	
608.6	0.03918978	0.03165895	
608.8	0.03967774	0.03168098	
609	0.03957184	0.03170301	
609.2	0.03885391	0.03172503	
609.4	0.03870116	0.03174704	
609.6	0.03907262	0.03176905	
609.8	0.03956187	0.03179106	
610	0.0392555	0.03181306	
610.2	0.03903294	0.03183505	
610.4	0.03875367	0.03185704	
610.6	0.03881828	0.03187903	
610.8	0.03749466	0.03190101	
611	0.03634182	0.03192299	
611.2	0.03637556	0.03194496	
611.4	0.03534138	0.03196692	
611.6	0.03418849	0.03198888	
611.8	0.03456608	0.03201084	
612	0.03367982	0.03203279	
612.2	0.03355379	0.03205473	
612.4	0.03450777	0.03207667	
612.6	0.03464228	0.03209861	
612.8	0.03423303	0.03212054	
613	0.03500762	0.03214247	
613.2	0.03670419	0.03216439	
613.4	0.03722685	0.0321863	
613.6	0.03788888	0.03220821	
613.8	0.03865188	0.03223012	
614	0.03890537	0.03225202	
614.2	0.03921628	0.03227391	
614.4	0.03821565	0.0322958	
614.6	0.0384058	0.03231769	
614.8	0.03788129	0.03233957	
615	0.03810013	0.03236145	
615.2	0.03878634	0.03238332	
615.4	0.03820983	0.03240518	
615.6	0.03843026	0.03242704	
615.8	0.03888987	0.0324489	
616	0.037632	0.03247075	
616.2	0.03739387	0.03249259	
616.4	0.03709373	0.03251444	
616.6	0.03789845	0.03253627	
616.8	0.03768119	0.0325581	
617	0.03891409	0.03257993	
617.2	0.03928932	0.03260175	
617.4	0.03924622	0.03262356	
617.6	0.03971141	0.03264538	
617.8	0.04109127	0.03266718	
618	0.04160846	0.03268898	
618.2	0.0417911	0.03271078	
618.4	0.04180368	0.03273257	
618.6	0.04201044	0.03275435	
618.8	0.04192598	0.03277614	
619	0.04178277	0.03279791	
619.2	0.04179966	0.03281968	
619.4	0.04109867	0.03284145	
619.6	0.04023544	0.03286321	
619.8	0.03937387	0.03288497	
620	0.03844243	0.03290672	
620.2	0.03781242	0.03292846	
620.4	0.0375536	0.03295021	
620.6	0.03727875	0.03297194	
620.8	0.03600734	0.03299367	
621	0.03548069	0.0330154	
621.2	0.03522088	0.03303712	
621.4	0.03552969	0.03305884	
621.6	0.0356456	0.03308055	
621.8	0.03611879	0.03310226	
622	0.03584248	0.03312396	
622.2	0.03580904	0.03314566	
622.4	0.03578381	0.03316735	
622.6	0.0362566	0.03318903	
622.8	0.03762677	0.03321072	
623	0.03712211	0.03323239	
623.2	0.03738046	0.03325407	
623.4	0.03776163	0.03327573	
623.6	0.038715	0.0332974	
623.8	0.03919883	0.03331905	
624	0.03957325	0.03334071	
624.2	0.039037	0.03336235	
624.4	0.03939318	0.033384	
624.6	0.03906901	0.03340563	
624.8	0.03797933	0.03342727	
625	0.03786139	0.03344889	
625.2	0.03699248	0.03347052	
625.4	0.03740741	0.03349213	
625.6	0.03767145	0.03351375	
625.8	0.03712717	0.03353536	
626	0.03626004	0.03355696	
626.2	0.03600006	0.03357856	
626.4	0.03608117	0.03360015	
626.6	0.03640451	0.03362174	
626.8	0.03656086	0.03364332	
627	0.0362472	0.0336649	
627.2	0.03742272	0.03368647	
627.4	0.03875186	0.03370804	
627.6	0.03930657	0.03372961	
627.8	0.03903092	0.03375117	
628	0.03942535	0.03377272	
628.2	0.03915761	0.03379427	
628.4	0.04000004	0.03381581	
628.6	0.04018679	0.03383735	
628.8	0.04003058	0.03385889	
629	0.04058108	0.03388042	
629.2	0.03986109	0.03390194	
629.4	0.04183473	0.03392346	
629.6	0.04127804	0.03394497	
629.8	0.04066954	0.03396648	
630	0.04058814	0.03398799	
630.2	0.03974944	0.03400949	
630.4	0.03884811	0.03403098	
630.6	0.03855363	0.03405248	
630.8	0.03904582	0.03407396	
631	0.0398179	0.03409544	
631.2	0.03921214	0.03411692	
631.4	0.03945518	0.03413839	
631.6	0.03844588	0.03415985	
631.8	0.0376827	0.03418131	
632	0.03749835	0.03420277	
632.2	0.0381119	0.03422422	
632.4	0.03956676	0.03424567	
632.6	0.03955476	0.03426711	
632.8	0.03989246	0.03428854	
633	0.04052511	0.03430998	
633.2	0.04062953	0.0343314	
633.4	0.0416753	0.03435282	
633.6	0.0414198	0.03437424	
633.8	0.04164188	0.03439565	
634	0.0430192	0.03441706	
634.2	0.0421874	0.03443846	
634.4	0.04257657	0.03445986	
634.6	0.04332433	0.03448125	
634.8	0.04326465	0.03450264	
635	0.04405198	0.03452402	
635.2	0.04285064	0.0345454	
635.4	0.04319438	0.03456677	
635.6	0.04138516	0.03458814	
635.8	0.04043168	0.03460951	
636	0.03960481	0.03463086	
636.2	0.03953391	0.03465222	
636.4	0.03954525	0.03467357	
636.6	0.03794679	0.03469491	
636.8	0.03752282	0.03471625	
637	0.03716936	0.03473758	
637.2	0.03631138	0.03475891	
637.4	0.03651384	0.03478024	
637.6	0.03721627	0.03480156	
637.8	0.03771409	0.03482287	
638	0.03905686	0.03484418	
638.2	0.03848423	0.03486549	
638.4	0.03937645	0.03488679	
638.6	0.03957203	0.03490808	
638.8	0.03963315	0.03492937	
639	0.04068778	0.03495066	
639.2	0.04017114	0.03497194	
639.4	0.04005462	0.03499321	
639.6	0.0387409	0.03501449	
639.8	0.03827197	0.03503575	
640	0.03825681	0.03505701	
640.2	0.03841663	0.03507827	
640.4	0.03855977	0.03509952	
640.6	0.03793093	0.03512077	
640.8	0.03782773	0.03514201	
641	0.03783041	0.03516325	
641.2	0.0376653	0.03518448	
641.4	0.03881816	0.03520571	
641.6	0.04021225	0.03522693	
641.8	0.04084902	0.03524815	
642	0.04196132	0.03526936	
642.2	0.04223331	0.03529057	
642.4	0.0432361	0.03531177	
642.6	0.04296321	0.03533297	
642.8	0.04304803	0.03535416	
643	0.0426114	0.03537535	
643.2	0.04206239	0.03539654	
643.4	0.04145183	0.03541772	
643.6	0.04131811	0.03543889	
643.8	0.04067585	0.03546006	
644	0.04002809	0.03548122	
644.2	0.03923739	0.03550238	
644.4	0.03857771	0.03552354	
644.6	0.03783221	0.03554469	
644.8	0.03734333	0.03556583	
645	0.03723272	0.03558697	
645.2	0.03716334	0.03560811	
645.4	0.03815322	0.03562924	
645.6	0.03775158	0.03565037	
645.8	0.03823128	0.03567149	
646	0.03876523	0.03569261	
646.2	0.03796402	0.03571372	
646.4	0.0384976	0.03573482	
646.6	0.03868955	0.03575593	
646.8	0.03890676	0.03577702	
647	0.03890687	0.03579812	
647.2	0.03940674	0.0358192	
647.4	0.0401571	0.03584029	
647.6	0.04116616	0.03586136	
647.8	0.04137468	0.03588244	
648	0.04197891	0.03590351	
648.2	0.04252038	0.03592457	
648.4	0.04296569	0.03594563	
648.6	0.04311697	0.03596668	
648.8	0.04307411	0.03598773	
649	0.0420204	0.03600878	
649.2	0.04130069	0.03602982	
649.4	0.0412655	0.03605085	
649.6	0.04003838	0.03607188	
649.8	0.04053923	0.03609291	
650	0.03934891	0.03611393	
650.2	0.03942527	0.03613494	
650.4	0.03956054	0.03615595	
650.6	0.03944955	0.03617696	
650.8	0.03918179	0.03619796	
651	0.03929914	0.03621896	
651.2	0.03962325	0.03623995	
651.4	0.04038604	0.03626094	
651.6	0.04155757	0.03628192	
651.8	0.04169493	0.0363029	
652	0.04237595	0.03632387	
652.2	0.0417896	0.03634484	
652.4	0.04229819	0.0363658	
652.6	0.04241333	0.03638676	
652.8	0.04197063	0.03640771	
653	0.04099096	0.03642866	
653.2	0.04114846	0.0364496	
653.4	0.04106228	0.03647054	
653.6	0.04059159	0.03649148	
653.8	0.04002732	0.03651241	
654	0.03993943	0.03653333	
654.2	0.04038529	0.03655425	
654.4	0.03991797	0.03657517	
654.6	0.04037305	0.03659608	
654.8	0.04089922	0.03661698	
655	0.04044157	0.03663789	
655.2	0.04066983	0.03665878	
655.4	0.0416508	0.03667967	
655.6	0.04229339	0.03670056	
655.8	0.04186261	0.03672144	
656	0.0429107	0.03674232	
656.2	0.04195462	0.03676319	
656.4	0.04325292	0.03678406	
656.6	0.04354937	0.03680492	
656.8	0.04246181	0.03682578	
657	0.04276893	0.03684663	
657.2	0.04333173	0.03686748	
657.4	0.04310929	0.03688833	
657.6	0.04316635	0.03690917	
657.8	0.04275192	0.03693	
658	0.04329436	0.03695083	
658.2	0.04291376	0.03697166	
658.4	0.04325806	0.03699248	
658.6	0.04308404	0.03701329	
658.8	0.04266109	0.0370341	
659	0.04220735	0.03705491	
659.2	0.04279252	0.03707571	
659.4	0.04317179	0.03709651	
659.6	0.04304059	0.0371173	
659.8	0.04294777	0.03713809	
660	0.04023536	0.03715887	
660.2	0.04022698	0.03715722	
660.4	0.03999778	0.03715557	
660.6	0.03976751	0.03715392	
660.8	0.03925325	0.03715227	
661	0.03927454	0.03715062	
661.2	0.039319	0.03714897	
661.4	0.03992674	0.03714732	
661.6	0.03974776	0.03714567	
661.8	0.04043421	0.03714402	
662	0.0400425	0.03714237	
662.2	0.0404773	0.03714073	
662.4	0.03979353	0.03713908	
662.6	0.04035941	0.03713743	
662.8	0.04033566	0.03713578	
663	0.04031195	0.03713413	
663.2	0.04105633	0.03713248	
663.4	0.0420581	0.03713083	
663.6	0.04219153	0.03712918	
663.8	0.04191992	0.03712754	
664	0.04238222	0.03712589	
664.2	0.04274617	0.03712424	
664.4	0.04272607	0.03712259	
664.6	0.04214161	0.03712094	
664.8	0.04227463	0.0371193	
665	0.0421822	0.03711765	
665.2	0.04133548	0.037116	
665.4	0.04161647	0.03711435	
665.6	0.04111973	0.0371127	
665.8	0.04093466	0.03711106	
666	0.04025505	0.03710941	
666.2	0.03996163	0.03710776	
666.4	0.03886051	0.03710611	
666.6	0.03854876	0.03710447	
666.8	0.03834745	0.03710282	
667	0.0386838	0.03710117	
667.2	0.03958422	0.03709952	
667.4	0.03961658	0.03709788	
667.6	0.03878171	0.03709623	
667.8	0.03850033	0.03709458	
668	0.03946104	0.03709294	
668.2	0.03953741	0.03709129	
668.4	0.04005966	0.03708964	
668.6	0.04000052	0.037088	
668.8	0.0411823	0.03708635	
669	0.0403643	0.0370847	
669.2	0.04039959	0.03708306	
669.4	0.04182922	0.03708141	
669.6	0.04228404	0.03707976	
669.8	0.04200321	0.03707812	
670	0.04137296	0.03707647	
670.2	0.04104421	0.03707483	
670.4	0.04091499	0.03707318	
670.6	0.04062097	0.03707153	
670.8	0.04073309	0.03706989	
671	0.04115551	0.03706824	
671.2	0.04204251	0.0370666	
671.4	0.04168559	0.03706495	
671.6	0.04129684	0.03706331	
671.8	0.0409484	0.03706166	
672	0.04187289	0.03706001	
672.2	0.04156468	0.03705837	
672.4	0.04157317	0.03705672	
672.6	0.04056327	0.03705508	
672.8	0.03985872	0.03705343	
673	0.03933229	0.03705179	
673.2	0.03976161	0.03705014	
673.4	0.0399625	0.0370485	
673.6	0.04003618	0.03704685	
673.8	0.03923225	0.03704521	
674	0.03956866	0.03704356	
674.2	0.03984249	0.03704192	
674.4	0.03967523	0.03704028	
674.6	0.03987302	0.03703863	
674.8	0.04052224	0.03703699	
675	0.04026852	0.03703534	
675.2	0.04030632	0.0370337	
675.4	0.04052711	0.03703205	
675.6	0.04041796	0.03703041	
675.8	0.03983983	0.03702877	
676	0.04004813	0.03702712	
676.2	0.03994676	0.03702548	
676.4	0.03869492	0.03702383	
676.6	0.03796137	0.03702219	
676.8	0.03788574	0.03702055	
677	0.03873082	0.0370189	
677.2	0.03936633	0.03701726	
677.4	0.03920112	0.03701562	
677.6	0.03984795	0.03701397	
677.8	0.04065381	0.03701233	
678	0.04074093	0.03701069	
678.2	0.03911595	0.03700904	
678.4	0.03959262	0.0370074	
678.6	0.03915465	0.03700576	
678.8	0.03948561	0.03700411	
679	0.03802577	0.03700247	
679.2	0.03784425	0.03700083	
679.4	0.03768813	0.03699919	
679.6	0.03777167	0.03699754	
679.8	0.03725352	0.0369959	
680	0.03710343	0.03699426	
680.2	0.03759823	0.03699262	
680.4	0.03636948	0.03699097	
680.6	0.03635918	0.03698933	
680.8	0.03635218	0.03698769	
681	0.03683041	0.03698605	
681.2	0.03745166	0.0369844	
681.4	0.0375277	0.03698276	
681.6	0.03874836	0.03698112	
681.8	0.04016381	0.03697948	
682	0.03991967	0.03697784	
682.2	0.04012402	0.0369762	
682.4	0.04113475	0.03697455	
682.6	0.04065278	0.03697291	
682.8	0.04089834	0.03697127	
683	0.03971165	0.03696963	
683.2	0.03879484	0.03696799	
683.4	0.0385773	0.03696635	
683.6	0.03861229	0.03696471	
683.8	0.03784237	0.03696306	
684	0.03695729	0.03696142	
684.2	0.03738143	0.03695978	
684.4	0.03676181	0.03695814	
684.6	0.03749008	0.0369565	
684.8	0.03736561	0.03695486	
685	0.03743407	0.03695322	
685.2	0.03817241	0.03695158	
685.4	0.03887611	0.03694994	
685.6	0.03930125	0.0369483	
685.8	0.04011609	0.03694666	
686	0.03998707	0.03694502	
686.2	0.03974307	0.03694338	
686.4	0.03940172	0.03694174	
686.6	0.0393983	0.0369401	
686.8	0.0392612	0.03693846	
687	0.03946294	0.03693682	
687.2	0.03878723	0.03693518	
687.4	0.03917877	0.03693354	
687.6	0.03968057	0.0369319	
687.8	0.0394118	0.03693026	
688	0.03869965	0.03692862	
688.2	0.03999476	0.03692698	
688.4	0.04002745	0.03692534	
688.6	0.04036951	0.0369237	
688.8	0.03993952	0.03692206	
689	0.04082415	0.03692042	
689.2	0.04094232	0.03691878	
689.4	0.04018022	0.03691714	
689.6	0.03981764	0.0369155	
689.8	0.03946483	0.03691387	
690	0.03908774	0.03691223	
690.2	0.0381831	0.03691059	
690.4	0.03814876	0.03690895	
690.6	0.03854947	0.03690731	
690.8	0.03839328	0.03690567	
691	0.03939705	0.03690403	
691.2	0.03848292	0.03690239	
691.4	0.03877472	0.03690076	
691.6	0.03863768	0.03689912	
691.8	0.03759759	0.03689748	
692	0.0381639	0.03689584	
692.2	0.03915692	0.0368942	
692.4	0.03885169	0.03689257	
692.6	0.04008083	0.03689093	
692.8	0.04070143	0.03688929	
693	0.04138859	0.03688765	
693.2	0.04044758	0.03688601	
693.4	0.0403636	0.03688438	
693.6	0.04043554	0.03688274	
693.8	0.0395618	0.0368811	
694	0.03931971	0.03687946	
694.2	0.03912932	0.03687783	
694.4	0.0393506	0.03687619	
694.6	0.03981527	0.03687455	
694.8	0.03998642	0.03687292	
695	0.04020425	0.03687128	
695.2	0.03862908	0.03686964	
695.4	0.03865418	0.036868	
695.6	0.03790482	0.03686637	
695.8	0.03824247	0.03686473	
696	0.03904218	0.03686309	
696.2	0.03892562	0.03686146	
696.4	0.03822429	0.03685982	
696.6	0.0387505	0.03685819	
696.8	0.03844856	0.03685655	
697	0.03831209	0.03685491	
697.2	0.03708881	0.03685328	
697.4	0.0372776	0.03685164	
697.6	0.03684794	0.03685	
697.8	0.03653715	0.03684837	
698	0.0365338	0.03684673	
698.2	0.03683257	0.0368451	
698.4	0.03665776	0.03684346	
698.6	0.03717621	0.03684182	
698.8	0.03760215	0.03684019	
699	0.03722673	0.03683855	
699.2	0.03638393	0.03683692	
699.4	0.0363396	0.03683528	
699.6	0.03671978	0.03683365	
699.8	0.03735171	0.03683201	
700	0.03728002	0.03683038	
700.2	0.0372371	0.03682874	
700.4	0.03702099	0.03682711	
700.6	0.03694715	0.03682547	
700.8	0.03688494	0.03682384	
701	0.03680387	0.0368222	
701.2	0.03650381	0.03682057	
701.4	0.03750919	0.03681893	
701.6	0.03739901	0.0368173	
701.8	0.03632105	0.03681566	
702	0.03537718	0.03681403	
702.2	0.03550492	0.03681239	
702.4	0.03499948	0.03681076	
702.6	0.03456399	0.03680913	
702.8	0.03442154	0.03680749	
703	0.03457016	0.03680586	
703.2	0.03467702	0.03680422	
703.4	0.03501184	0.03680259	
703.6	0.03641306	0.03680096	
703.8	0.03751436	0.03679932	
704	0.03766243	0.03679769	
704.2	0.03828063	0.03679605	
704.4	0.03797407	0.03679442	
704.6	0.03760042	0.03679279	
704.8	0.03872976	0.03679115	
705	0.03855191	0.03678952	
705.2	0.03868636	0.03678789	
705.4	0.03893703	0.03678625	
705.6	0.03795677	0.03678462	
705.8	0.03666179	0.03678299	
706	0.03700768	0.03678135	
706.2	0.03737163	0.03677972	
706.4	0.03673713	0.03677809	
706.6	0.03687477	0.03677646	
706.8	0.03657714	0.03677482	
707	0.03736609	0.03677319	
707.2	0.03694233	0.03677156	
707.4	0.03663185	0.03676992	
707.6	0.03715761	0.03676829	
707.8	0.03566999	0.03676666	
708	0.03441608	0.03676503	
708.2	0.03339878	0.0367634	
708.4	0.03258058	0.03676176	
708.6	0.03276129	0.03676013	
708.8	0.03324483	0.0367585	
709	0.03330863	0.03675687	
709.2	0.03408884	0.03675524	
709.4	0.0346485	0.0367536	
709.6	0.03499451	0.03675197	
709.8	0.03613264	0.03675034	
710	0.03771999	0.03674871	
710.2	0.03875883	0.03674708	
710.4	0.04110433	0.03674545	
710.6	0.04265973	0.03674381	
710.8	0.04266209	0.03674218	
711	0.04449717	0.03674055	
711.2	0.04446629	0.03673892	
711.4	0.04397677	0.03673729	
711.6	0.04280734	0.03673566	
711.8	0.04168957	0.03673403	
712	0.04035209	0.0367324	
712.2	0.03902784	0.03673077	
712.4	0.03788162	0.03672913	
712.6	0.03747548	0.0367275	
712.8	0.03758129	0.03672587	
713	0.03702716	0.03672424	
713.2	0.03725725	0.03672261	
713.4	0.03724916	0.03672098	
713.6	0.03713544	0.03671935	
713.8	0.03718547	0.03671772	
714	0.0374947	0.03671609	
714.2	0.03841713	0.03671446	
714.4	0.03954901	0.03671283	
714.6	0.03965708	0.0367112	
714.8	0.03973687	0.03670957	
715	0.04002514	0.03670794	
715.2	0.03955769	0.03670631	
715.4	0.03819243	0.03670468	
715.6	0.03730263	0.03670305	
715.8	0.03724654	0.03670142	
716	0.03654936	0.03669979	
716.2	0.03618024	0.03669817	
716.4	0.0363873	0.03669654	
716.6	0.03706926	0.03669491	
716.8	0.03728663	0.03669328	
717	0.03652917	0.03669165	
717.2	0.03774961	0.03669002	
717.4	0.03813062	0.03668839	
717.6	0.03773139	0.03668676	
717.8	0.03811633	0.03668513	
718	0.03779108	0.0366835	
718.2	0.03838707	0.03668188	
718.4	0.03848551	0.03668025	
718.6	0.03828554	0.03667862	
718.8	0.0382776	0.03667699	
719	0.03757387	0.03667536	
719.2	0.03745608	0.03667373	
719.4	0.03684867	0.03667211	
719.6	0.03730067	0.03667048	
719.8	0.03693095	0.03666885	
720	0.03678292	0.03666722	
720.2	0.03529873	0.03666559	
720.4	0.03530692	0.03666397	
720.6	0.03405654	0.03666234	
720.8	0.03316945	0.03666071	
721	0.03346431	0.03665908	
721.2	0.03449074	0.03665745	
721.4	0.03506362	0.03665583	
721.6	0.03543835	0.0366542	
721.8	0.03602531	0.03665257	
722	0.03616882	0.03665095	
722.2	0.03713083	0.03664932	
722.4	0.03678358	0.03664769	
722.6	0.03704089	0.03664606	
722.8	0.03767656	0.03664444	
723	0.03745698	0.03664281	
723.2	0.03803462	0.03664118	
723.4	0.03760543	0.03663956	
723.6	0.03752376	0.03663793	
723.8	0.03680173	0.0366363	
724	0.03667562	0.03663468	
724.2	0.03582488	0.03663305	
724.4	0.03591694	0.03663142	
724.6	0.03561455	0.0366298	
724.8	0.03494229	0.03662817	
725	0.0347476	0.03662655	
725.2	0.03420694	0.03662492	
725.4	0.03410674	0.03662329	
725.6	0.03388352	0.03662167	
725.8	0.03304475	0.03662004	
726	0.03378922	0.03661842	
726.2	0.03327174	0.03661679	
726.4	0.03260442	0.03661516	
726.6	0.03372552	0.03661354	
726.8	0.0336609	0.03661191	
727	0.0340291	0.03661029	
727.2	0.03477485	0.03660866	
727.4	0.03489572	0.03660704	
727.6	0.03626774	0.03660541	
727.8	0.03672338	0.03660379	
728	0.03761605	0.03660216	
728.2	0.03852179	0.03660054	
728.4	0.03877982	0.03659891	
728.6	0.03897949	0.03659729	
728.8	0.03811381	0.03659566	
729	0.03761291	0.03659404	
729.2	0.03789059	0.03659241	
729.4	0.03646677	0.03659079	
729.6	0.03516237	0.03658916	
729.8	0.03514007	0.03658754	
730	0.03519466	0.03658591	
730.2	0.03412581	0.03658429	
730.4	0.03393022	0.03658267	
730.6	0.03412548	0.03658104	
730.8	0.03334255	0.03657942	
731	0.03316684	0.03657779	
731.2	0.03374902	0.03657617	
731.4	0.0332608	0.03657455	
731.6	0.03397919	0.03657292	
731.8	0.03418633	0.0365713	
732	0.03538305	0.03656968	
732.2	0.03534447	0.03656805	
732.4	0.0355393	0.03656643	
732.6	0.03704779	0.0365648	
732.8	0.03690423	0.03656318	
733	0.03680128	0.03656156	
733.2	0.03711732	0.03655993	
733.4	0.03661191	0.03655831	
733.6	0.03696546	0.03655669	
733.8	0.03739735	0.03655507	
734	0.03693882	0.03655344	
734.2	0.03731506	0.03655182	
734.4	0.03644734	0.0365502	
734.6	0.03596611	0.03654857	
734.8	0.03530367	0.03654695	
735	0.03472775	0.03654533	
735.2	0.0349628	0.03654371	
735.4	0.03473091	0.03654208	
735.6	0.03555141	0.03654046	
735.8	0.0350634	0.03653884	
736	0.03575614	0.03653722	
736.2	0.03549057	0.0365356	
736.4	0.03648857	0.03653397	
736.6	0.03668869	0.03653235	
736.8	0.03576711	0.03653073	
737	0.03538676	0.03652911	
737.2	0.03485615	0.03652749	
737.4	0.03472962	0.03652586	
737.6	0.03400879	0.03652424	
737.8	0.0342137	0.03652262	
738	0.03428186	0.036521	
738.2	0.03420196	0.03651938	
738.4	0.03401114	0.03651776	
738.6	0.03457554	0.03651614	
738.8	0.03436736	0.03651451	
739	0.03520988	0.03651289	
739.2	0.03667337	0.03651127	
739.4	0.03796917	0.03650965	
739.6	0.03768596	0.03650803	
739.8	0.03766023	0.03650641	
740	0.03831076	0.03650479	
740.2	0.03850196	0.03650317	
740.4	0.03777259	0.03650155	
740.6	0.03685827	0.03649993	
740.8	0.03600235	0.03649831	
741	0.0358547	0.03649669	
741.2	0.03516027	0.03649507	
741.4	0.03516891	0.03649345	
741.6	0.03442264	0.03649183	
741.8	0.03391509	0.03649021	
742	0.03279884	0.03648859	
742.2	0.03301837	0.03648697	
742.4	0.03290124	0.03648535	
742.6	0.03302961	0.03648373	
742.8	0.03294793	0.03648211	
743	0.03313497	0.03648049	
743.2	0.03337849	0.03647887	
743.4	0.03363276	0.03647725	
743.6	0.03316575	0.03647563	
743.8	0.03316883	0.03647401	
744	0.03401181	0.03647239	
744.2	0.03468673	0.03647077	
744.4	0.03483215	0.03646915	
744.6	0.03506401	0.03646753	
744.8	0.03593751	0.03646591	
745	0.03641661	0.03646429	
745.2	0.03605741	0.03646267	
745.4	0.03647842	0.03646106	
745.6	0.03669212	0.03645944	
745.8	0.03677163	0.03645782	
746	0.03723609	0.0364562	
746.2	0.03799024	0.03645458	
746.4	0.03769607	0.03645296	
746.6	0.03814707	0.03645134	
746.8	0.03710213	0.03644973	
747	0.03647798	0.03644811	
747.2	0.03571599	0.03644649	
747.4	0.03598115	0.03644487	
747.6	0.03523046	0.03644325	
747.8	0.03466614	0.03644164	
748	0.03510665	0.03644002	
748.2	0.03511599	0.0364384	
748.4	0.03464385	0.03643678	
748.6	0.03337131	0.03643516	
748.8	0.03343932	0.03643355	
749	0.03354327	0.03643193	
749.2	0.03390836	0.03643031	
749.4	0.03464161	0.03642869	
749.6	0.03578195	0.03642708	
749.8	0.03642561	0.03642546	
750	0.03685463	0.03642384	
750.2	0.037224	0.03642223	
750.4	0.03741471	0.03642061	
750.6	0.03757355	0.03641899	
750.8	0.03755812	0.03641737	
751	0.03770816	0.03641576	
751.2	0.03814227	0.03641414	
751.4	0.03794908	0.03641252	
751.6	0.03823612	0.03641091	
751.8	0.03890476	0.03640929	
752	0.03925041	0.03640767	
752.2	0.0380202	0.03640606	
752.4	0.03742229	0.03640444	
752.6	0.03654035	0.03640283	
752.8	0.03685252	0.03640121	
753	0.03713371	0.03639959	
753.2	0.03715066	0.03639798	
753.4	0.03738006	0.03639636	
753.6	0.03763008	0.03639475	
753.8	0.03645815	0.03639313	
754	0.03591861	0.03639151	
754.2	0.03599117	0.0363899	
754.4	0.03567817	0.03638828	
754.6	0.03601232	0.03638667	
754.8	0.03658296	0.03638505	
755	0.03567459	0.03638344	
755.2	0.03588518	0.03638182	
755.4	0.03569197	0.03638021	
755.6	0.0366873	0.03637859	
755.8	0.03710105	0.03637698	
756	0.0358823	0.03637536	
756.2	0.03393818	0.03637375	
756.4	0.0352969	0.03637213	
756.6	0.03579904	0.03637052	
756.8	0.0359649	0.0363689	
757	0.0358861	0.03636729	
757.2	0.03605449	0.03636567	
757.4	0.03588128	0.03636406	
757.6	0.03534097	0.03636244	
757.8	0.03468777	0.03636083	
758	0.03517835	0.03635921	
758.2	0.03581737	0.0363576	
758.4	0.03523645	0.03635599	
758.6	0.03545918	0.03635437	
758.8	0.03523981	0.03635276	
759	0.03463083	0.03635114	
759.2	0.03448219	0.03634953	
759.4	0.03544568	0.03634792	
759.6	0.0362431	0.0363463	
759.8	0.03644207	0.03634469	
760	0.03576325	0.03634308	
760.2	0.03592178	0.03634146	
760.4	0.03751639	0.03633985	
760.6	0.03713231	0.03633824	
760.8	0.03623688	0.03633662	
761	0.03623348	0.03633501	
761.2	0.03737826	0.0363334	
761.4	0.03734749	0.03633178	
761.6	0.0365092	0.03633017	
761.8	0.03661182	0.03632856	
762	0.03627463	0.03632694	
762.2	0.03596524	0.03632533	
762.4	0.03437412	0.03632372	
762.6	0.03445368	0.03632211	
762.8	0.03440935	0.03632049	
763	0.03474812	0.03631888	
763.2	0.03411194	0.03631727	
763.4	0.03581551	0.03631566	
763.6	0.03625614	0.03631404	
763.8	0.0361164	0.03631243	
764	0.03581423	0.03631082	
764.2	0.03514135	0.03630921	
764.4	0.0347332	0.0363076	
764.6	0.0342131	0.03630598	
764.8	0.0340917	0.03630437	
765	0.03445555	0.03630276	
765.2	0.03457107	0.03630115	
765.4	0.03410261	0.03629954	
765.6	0.03394994	0.03629792	
765.8	0.03460859	0.03629631	
766	0.03421315	0.0362947	
766.2	0.03465128	0.03629309	
766.4	0.03461384	0.03629148	
766.6	0.0350832	0.03628987	
766.8	0.03486107	0.03628826	
767	0.0355086	0.03628665	
767.2	0.03547211	0.03628503	
767.4	0.03569536	0.03628342	
767.6	0.03534036	0.03628181	
767.8	0.03503922	0.0362802	
768	0.03474424	0.03627859	
768.2	0.0348311	0.03627698	
768.4	0.03508788	0.03627537	
768.6	0.0351895	0.03627376	
768.8	0.03463795	0.03627215	
769	0.0347682	0.03627054	
769.2	0.03392824	0.03626893	
769.4	0.0335294	0.03626732	
769.6	0.03354491	0.03626571	
769.8	0.0343231	0.0362641	
770	0.03500477	0.03626249	
770.2	0.03539532	0.03626088	
770.4	0.03546403	0.03625927	
770.6	0.03565116	0.03625766	
770.8	0.03573508	0.03625605	
771	0.03735362	0.03625444	
771.2	0.03732145	0.03625283	
771.4	0.03686274	0.03625122	
771.6	0.03718924	0.03624961	
771.8	0.03822781	0.036248	
772	0.03829534	0.03624639	
772.2	0.03916274	0.03624478	
772.4	0.03975942	0.03624317	
772.6	0.03917579	0.03624156	
772.8	0.03824752	0.03623996	
773	0.0385167	0.03623835	
773.2	0.03724876	0.03623674	
773.4	0.03679676	0.03623513	
773.6	0.03705667	0.03623352	
773.8	0.03778369	0.03623191	
774	0.03726279	0.0362303	
774.2	0.03710444	0.03622869	
774.4	0.03821912	0.03622709	
774.6	0.03805238	0.03622548	
774.8	0.03834281	0.03622387	
775	0.03818109	0.03622226	
775.2	0.03754858	0.03622065	
775.4	0.03729781	0.03621905	
775.6	0.03744415	0.03621744	
775.8	0.03772692	0.03621583	
776	0.03698239	0.03621422	
776.2	0.03711829	0.03621261	
776.4	0.03705442	0.03621101	
776.6	0.03589505	0.0362094	
776.8	0.03574488	0.03620779	
777	0.03519966	0.03620618	
777.2	0.03425632	0.03620458	
777.4	0.03393983	0.03620297	
777.6	0.03316158	0.03620136	
777.8	0.03318106	0.03619975	
778	0.03257203	0.03619815	
778.2	0.03319757	0.03619654	
778.4	0.03441135	0.03619493	
778.6	0.03372123	0.03619333	
778.8	0.03443233	0.03619172	
779	0.0346904	0.03619011	
779.2	0.03461547	0.03618851	
779.4	0.03453543	0.0361869	
779.6	0.03461629	0.03618529	
779.8	0.0337833	0.03618369	
780	0.03306866	0.03618208	
780.2	0.03312799	0.03618047	
780.4	0.0333524	0.03617887	
780.6	0.03262659	0.03617726	
780.8	0.03241015	0.03617565	
781	0.03201799	0.03617405	
781.2	0.03284296	0.03617244	
781.4	0.03276149	0.03617084	
781.6	0.03224719	0.03616923	
781.8	0.03339069	0.03616762	
782	0.03340857	0.03616602	
782.2	0.03372586	0.03616441	
782.4	0.03489922	0.03616281	
782.6	0.03441014	0.0361612	
782.8	0.03471655	0.0361596	
783	0.03554079	0.03615799	
783.2	0.03475216	0.03615639	
783.4	0.03475776	0.03615478	
783.6	0.03420372	0.03615318	
783.8	0.03388267	0.03615157	
784	0.03465249	0.03614997	
784.2	0.03497077	0.03614836	
784.4	0.03432701	0.03614676	
784.6	0.03489872	0.03614515	
784.8	0.03578459	0.03614355	
785	0.03638778	0.03614194	
785.2	0.03722962	0.03614034	
785.4	0.03745459	0.03613873	
785.6	0.03762669	0.03613713	
785.8	0.03840568	0.03613552	
786	0.03829585	0.03613392	
786.2	0.03923921	0.03613232	
786.4	0.03966744	0.03613071	
786.6	0.03940816	0.03612911	
786.8	0.04021782	0.0361275	
787	0.04040542	0.0361259	
787.2	0.03856057	0.0361243	
787.4	0.03768216	0.03612269	
787.6	0.0368004	0.03612109	
787.8	0.03624247	0.03611948	
788	0.0353498	0.03611788	
788.2	0.03353386	0.03611628	
788.4	0.03311287	0.03611467	
788.6	0.03332657	0.03611307	
788.8	0.0327711	0.03611147	
789	0.03276733	0.03610986	
789.2	0.03233556	0.03610826	
789.4	0.03279768	0.03610666	
789.6	0.03283478	0.03610505	
789.8	0.03416573	0.03610345	
790	0.03537289	0.03610185	
790.2	0.03696819	0.03610025	
790.4	0.037262	0.03609864	
790.6	0.03782483	0.03609704	
790.8	0.03907765	0.03609544	
791	0.03887976	0.03609384	
791.2	0.0395278	0.03609223	
791.4	0.04001899	0.03609063	
791.6	0.04090705	0.03608903	
791.8	0.04054929	0.03608743	
792	0.04005265	0.03608582	
792.2	0.03956145	0.03608422	
792.4	0.03928103	0.03608262	
792.6	0.03903862	0.03608102	
792.8	0.03788084	0.03607942	
793	0.03755673	0.03607781	
793.2	0.03596963	0.03607621	
793.4	0.0358685	0.03607461	
793.6	0.03512886	0.03607301	
793.8	0.03509099	0.03607141	
794	0.03450662	0.03606981	
794.2	0.03393092	0.0360682	
794.4	0.03265433	0.0360666	
794.6	0.03201858	0.036065	
794.8	0.03217335	0.0360634	
795	0.03266494	0.0360618	
795.2	0.03428561	0.0360602	
795.4	0.03500765	0.0360586	
795.6	0.03677337	0.036057	
795.8	0.03643265	0.0360554	
796	0.03699626	0.0360538	
796.2	0.03678685	0.03605219	
796.4	0.03660624	0.03605059	
796.6	0.03702882	0.03604899	
796.8	0.03667187	0.03604739	
797	0.03736816	0.03604579	
797.2	0.03734765	0.03604419	
797.4	0.03739105	0.03604259	
797.6	0.0370529	0.03604099	
797.8	0.03662241	0.03603939	
798	0.03536367	0.03603779	
798.2	0.03359711	0.03603619	
798.4	0.03315745	0.03603459	
798.6	0.03228887	0.03603299	
798.8	0.03205573	0.03603139	
799	0.03325897	0.03602979	
799.2	0.03335189	0.03602819	
799.4	0.03385174	0.03602659	
799.6	0.03426721	0.03602499	
799.8	0.03397738	0.0360234	
800	0.03418746	0.0360218	
800.2	0.03306824	0.0360202	
800.4	0.03318149	0.0360186	
800.6	0.03257259	0.036017	
800.8	0.03346667	0.0360154	
801	0.03395506	0.0360138	
801.2	0.03381436	0.0360122	
801.4	0.03351287	0.0360106	
801.6	0.03362205	0.036009	
801.8	0.03462518	0.03600741	
802	0.03513767	0.03600581	
802.2	0.03602233	0.03600421	
802.4	0.03720153	0.03600261	
802.6	0.03639093	0.03600101	
802.8	0.03641778	0.03599941	
803	0.03709356	0.03599781	
803.2	0.03777118	0.03599622	
803.4	0.03927021	0.03599462	
803.6	0.0391525	0.03599302	
803.8	0.03835548	0.03599142	
804	0.037943	0.03598982	
804.2	0.0370335	0.03598823	
804.4	0.03678545	0.03598663	
804.6	0.03581976	0.03598503	
804.8	0.03599447	0.03598343	
805	0.03546899	0.03598184	
805.2	0.03454598	0.03598024	
805.4	0.03417814	0.03597864	
805.6	0.03444404	0.03597704	
805.8	0.03539943	0.03597545	
806	0.03602741	0.03597385	
806.2	0.03573826	0.03597225	
806.4	0.03502973	0.03597066	
806.6	0.03337034	0.03596906	
806.8	0.03382402	0.03596746	
807	0.03371465	0.03596586	
807.2	0.03396449	0.03596427	
807.4	0.03336354	0.03596267	
807.6	0.03254348	0.03596107	
807.8	0.03249707	0.03595948	
808	0.03203292	0.03595788	
808.2	0.03145598	0.03595628	
808.4	0.03110421	0.03595469	
808.6	0.03006408	0.03595309	
808.8	0.02934484	0.0359515	
809	0.02940172	0.0359499	
809.2	0.02993249	0.0359483	
809.4	0.0302753	0.03594671	
809.6	0.03138699	0.03594511	
809.8	0.03195917	0.03594352	
810	0.03211224	0.03594192	
810.2	0.03211245	0.03594032	
810.4	0.03234607	0.03593873	
810.6	0.03198942	0.03593713	
810.8	0.03283044	0.03593554	
811	0.03214274	0.03593394	
811.2	0.03201176	0.03593235	
811.4	0.03192322	0.03593075	
811.6	0.03161172	0.03592916	
811.8	0.03226304	0.03592756	
812	0.03197189	0.03592597	
812.2	0.03173372	0.03592437	
812.4	0.03235388	0.03592278	
812.6	0.03180869	0.03592118	
812.8	0.03233832	0.03591959	
813	0.0333269	0.03591799	
813.2	0.03447041	0.0359164	
813.4	0.03384279	0.0359148	
813.6	0.03554939	0.03591321	
813.8	0.0360318	0.03591161	
814	0.03628448	0.03591002	
814.2	0.03673977	0.03590843	
814.4	0.03666432	0.03590683	
814.6	0.03537287	0.03590524	
814.8	0.03442896	0.03590364	
815	0.03265422	0.03590205	
815.2	0.03168487	0.03590046	
815.4	0.031633	0.03589886	
815.6	0.03181696	0.03589727	
815.8	0.03245369	0.03589567	
816	0.03235061	0.03589408	
816.2	0.03233083	0.03589249	
816.4	0.03322096	0.03589089	
816.6	0.032729	0.0358893	
816.8	0.03306553	0.03588771	
817	0.03308268	0.03588611	
817.2	0.03327859	0.03588452	
817.4	0.03346048	0.03588293	
817.6	0.03439353	0.03588133	
817.8	0.03362535	0.03587974	
818	0.03336069	0.03587815	
818.2	0.03342719	0.03587655	
818.4	0.03349339	0.03587496	
818.6	0.03205134	0.03587337	
818.8	0.03235717	0.03587178	
819	0.03187823	0.03587018	
819.2	0.03224026	0.03586859	
819.4	0.03247239	0.035867	
819.6	0.03300168	0.03586541	
819.8	0.03349946	0.03586381	
820	0.03422035	0.03586222	
820.2	0.03536846	0.03586063	
820.4	0.03599238	0.03585904	
820.6	0.03616087	0.03585745	
820.8	0.03647127	0.03585585	
821	0.03648011	0.03585426	
821.2	0.03585985	0.03585267	
821.4	0.03600079	0.03585108	
821.6	0.03538608	0.03584949	
821.8	0.03497984	0.0358479	
822	0.0352657	0.0358463	
822.2	0.03557405	0.03584471	
822.4	0.03488241	0.03584312	
822.6	0.03366556	0.03584153	
822.8	0.03410251	0.03583994	
823	0.03289668	0.03583835	
823.2	0.03290457	0.03583676	
823.4	0.0324063	0.03583517	
823.6	0.03260274	0.03583357	
823.8	0.03321942	0.03583198	
824	0.03287122	0.03583039	
824.2	0.0346882	0.0358288	
824.4	0.03498598	0.03582721	
824.6	0.03577846	0.03582562	
824.8	0.03647273	0.03582403	
825	0.03674324	0.03582244	
825.2	0.0367252	0.03582085	
825.4	0.03704282	0.03581926	
825.6	0.03547691	0.03581767	
825.8	0.03489943	0.03581608	
826	0.03422788	0.03581449	
826.2	0.03391465	0.0358129	
826.4	0.03256575	0.03581131	
826.6	0.03271954	0.03580972	
826.8	0.03205746	0.03580813	
827	0.03167406	0.03580654	
827.2	0.0312345	0.03580495	
827.4	0.02938986	0.03580336	
827.6	0.02924568	0.03580177	
827.8	0.02939283	0.03580018	
828	0.02921769	0.03579859	
828.2	0.03173424	0.035797	
828.4	0.03155183	0.03579541	
828.6	0.03280549	0.03579382	
828.8	0.03317524	0.03579223	
829	0.0336733	0.03579065	
829.2	0.03423696	0.03578906	
829.4	0.03420181	0.03578747	
829.6	0.0338332	0.03578588	
829.8	0.03497983	0.03578429	
830	0.03402343	0.0357827	
830.2	0.03473414	0.03578111	
830.4	0.03524222	0.03577952	
830.6	0.03600571	0.03577794	
830.8	0.03521141	0.03577635	
831	0.03546415	0.03577476	
831.2	0.0337845	0.03577317	
831.4	0.0335856	0.03577158	
831.6	0.03423778	0.03576999	
831.8	0.03409859	0.03576841	
832	0.03419871	0.03576682	
832.2	0.03482333	0.03576523	
832.4	0.03419001	0.03576364	
832.6	0.034717	0.03576205	
832.8	0.03375877	0.03576047	
833	0.03392374	0.03575888	
833.2	0.0343718	0.03575729	
833.4	0.03396409	0.0357557	
833.6	0.03426652	0.03575412	
833.8	0.0349553	0.03575253	
834	0.03443264	0.03575094	
834.2	0.03558475	0.03574935	
834.4	0.03636939	0.03574777	
834.6	0.0361161	0.03574618	
834.8	0.03574163	0.03574459	
835	0.03535249	0.03574301	
835.2	0.03463837	0.03574142	
835.4	0.0352611	0.03573983	
835.6	0.03491354	0.03573825	
835.8	0.03444678	0.03573666	
836	0.03404993	0.03573507	
836.2	0.03311672	0.03573349	
836.4	0.03250898	0.0357319	
836.6	0.03179258	0.03573031	
836.8	0.0306971	0.03572873	
837	0.03117605	0.03572714	
837.2	0.03130586	0.03572555	
837.4	0.03119146	0.03572397	
837.6	0.03169055	0.03572238	
837.8	0.03221686	0.0357208	
838	0.03196036	0.03571921	
838.2	0.03266708	0.03571762	
838.4	0.03288785	0.03571604	
838.6	0.03240113	0.03571445	
838.8	0.03277382	0.03571287	
839	0.03283241	0.03571128	
839.2	0.03331731	0.0357097	
839.4	0.03352317	0.03570811	
839.6	0.03398785	0.03570653	
839.8	0.0335682	0.03570494	
840	0.03345882	0.03570336	
840.2	0.03297613	0.03570177	
840.4	0.03283389	0.03570019	
840.6	0.03262676	0.0356986	
840.8	0.03288559	0.03569702	
841	0.03343916	0.03569543	
841.2	0.03286174	0.03569385	
841.4	0.03247403	0.03569226	
841.6	0.03151773	0.03569068	
841.8	0.03131716	0.03568909	
842	0.03146531	0.03568751	
842.2	0.03214362	0.03568592	
842.4	0.03201447	0.03568434	
842.6	0.03197012	0.03568275	
842.8	0.03192974	0.03568117	
843	0.03225559	0.03567959	
843.2	0.03286848	0.035678	
843.4	0.03283923	0.03567642	
843.6	0.03332796	0.03567483	
843.8	0.03338715	0.03567325	
844	0.03381478	0.03567167	
844.2	0.03352626	0.03567008	
844.4	0.03299234	0.0356685	
844.6	0.03332857	0.03566692	
844.8	0.03345284	0.03566533	
845	0.03348286	0.03566375	
845.2	0.03240399	0.03566217	
845.4	0.0321627	0.03566058	
845.6	0.03175363	0.035659	
845.8	0.03246046	0.03565742	
846	0.03253902	0.03565583	
846.2	0.03307453	0.03565425	
846.4	0.03303095	0.03565267	
846.6	0.03293789	0.03565108	
846.8	0.0323829	0.0356495	
847	0.03315126	0.03564792	
847.2	0.03343854	0.03564634	
847.4	0.03294925	0.03564475	
847.6	0.03290025	0.03564317	
847.8	0.03279734	0.03564159	
848	0.03265788	0.03564001	
848.2	0.03251252	0.03563842	
848.4	0.03285399	0.03563684	
848.6	0.03334188	0.03563526	
848.8	0.0333432	0.03563368	
849	0.0329485	0.0356321	
849.2	0.03293251	0.03563051	
849.4	0.03370783	0.03562893	
849.6	0.0335968	0.03562735	
849.8	0.0342191	0.03562577	
850	0.03407729	0.03562419	
850.2	0.03480388	0.03562261	
850.4	0.0335752	0.03562102	
850.6	0.03372945	0.03561944	
850.8	0.03378653	0.03561786	
851	0.03456597	0.03561628	
851.2	0.03439024	0.0356147	
851.4	0.03331937	0.03561312	
851.6	0.03389766	0.03561154	
851.8	0.03398375	0.03560995	
852	0.03379139	0.03560837	
852.2	0.03441324	0.03560679	
852.4	0.03477795	0.03560521	
852.6	0.03487618	0.03560363	
852.8	0.0352009	0.03560205	
853	0.03465768	0.03560047	
853.2	0.03556428	0.03559889	
853.4	0.03575442	0.03559731	
853.6	0.03601219	0.03559573	
853.8	0.03668585	0.03559415	
854	0.03661337	0.03559257	
854.2	0.03592258	0.03559099	
854.4	0.03559924	0.03558941	
854.6	0.03680759	0.03558783	
854.8	0.03651824	0.03558625	
855	0.03631613	0.03558467	
855.2	0.03590616	0.03558309	
855.4	0.03448929	0.03558151	
855.6	0.03432914	0.03557993	
855.8	0.0331399	0.03557835	
856	0.03270637	0.03557677	
856.2	0.03298288	0.03557519	
856.4	0.0325004	0.03557361	
856.6	0.03221029	0.03557203	
856.8	0.03124071	0.03557045	
857	0.03096334	0.03556887	
857.2	0.03093657	0.03556729	
857.4	0.0306684	0.03556571	
857.6	0.03104524	0.03556414	
857.8	0.03165141	0.03556256	
858	0.03167221	0.03556098	
858.2	0.03194151	0.0355594	
858.4	0.03311137	0.03555782	
858.6	0.03331367	0.03555624	
858.8	0.03315526	0.03555466	
859	0.03340864	0.03555308	
859.2	0.03372185	0.03555151	
859.4	0.03297568	0.03554993	
859.6	0.03274821	0.03554835	
859.8	0.03316682	0.03554677	
860	0.03373172	0.03554519	
860.2	0.0333905	0.03554362	
860.4	0.03363324	0.03554204	
860.6	0.03318568	0.03554046	
860.8	0.03189933	0.03553888	
861	0.03257708	0.0355373	
861.2	0.031569	0.03553573	
861.4	0.03144286	0.03553415	
861.6	0.03190958	0.03553257	
861.8	0.03330733	0.03553099	
862	0.03374509	0.03552942	
862.2	0.03479179	0.03552784	
862.4	0.03545824	0.03552626	
862.6	0.03552006	0.03552468	
862.8	0.03566189	0.03552311	
863	0.03606761	0.03552153	
863.2	0.03654509	0.03551995	
863.4	0.03642291	0.03551838	
863.6	0.03648559	0.0355168	
863.8	0.0373475	0.03551522	
864	0.03785685	0.03551364	
864.2	0.03747012	0.03551207	
864.4	0.03708348	0.03551049	
864.6	0.03610719	0.03550891	
864.8	0.03495011	0.03550734	
865	0.03521306	0.03550576	
865.2	0.0346165	0.03550419	
865.4	0.03486202	0.03550261	
865.6	0.03482145	0.03550103	
865.8	0.03475492	0.03549946	
866	0.03435058	0.03549788	
866.2	0.03450787	0.03549631	
866.4	0.03375294	0.03549473	
866.6	0.03225201	0.03549315	
866.8	0.03205389	0.03549158	
867	0.03243347	0.03549	
867.2	0.03236729	0.03548843	
867.4	0.0322632	0.03548685	
867.6	0.03284804	0.03548528	
867.8	0.03301708	0.0354837	
868	0.0335639	0.03548212	
868.2	0.03402721	0.03548055	
868.4	0.03415655	0.03547897	
868.6	0.03420658	0.0354774	
868.8	0.03446193	0.03547582	
869	0.03490218	0.03547425	
869.2	0.03437456	0.03547267	
869.4	0.03453218	0.0354711	
869.6	0.03417706	0.03546952	
869.8	0.0336993	0.03546795	
870	0.03468068	0.03546637	
870.2	0.03432935	0.0354648	
870.4	0.03366898	0.03546323	
870.6	0.03321737	0.03546165	
870.8	0.03458238	0.03546008	
871	0.03404118	0.0354585	
871.2	0.03347199	0.03545693	
871.4	0.03350564	0.03545535	
871.6	0.03432159	0.03545378	
871.8	0.03383671	0.03545221	
872	0.03443753	0.03545063	
872.2	0.03382159	0.03544906	
872.4	0.03239513	0.03544748	
872.6	0.03182635	0.03544591	
872.8	0.03146046	0.03544434	
873	0.03082684	0.03544276	
873.2	0.03003276	0.03544119	
873.4	0.03042686	0.03543962	
873.6	0.03015959	0.03543804	
873.8	0.03006311	0.03543647	
874	0.03038683	0.0354349	
874.2	0.0295196	0.03543332	
874.4	0.03012794	0.03543175	
874.6	0.03048881	0.03543018	
874.8	0.03132828	0.0354286	
875	0.03161195	0.03542703	
875.2	0.03187985	0.03542546	
875.4	0.03241041	0.03542389	
875.6	0.03309713	0.03542231	
875.8	0.03261283	0.03542074	
876	0.03310233	0.03541917	
876.2	0.03241054	0.0354176	
876.4	0.03185018	0.03541602	
876.6	0.03195712	0.03541445	
876.8	0.03157392	0.03541288	
877	0.03175805	0.03541131	
877.2	0.03235643	0.03540973	
877.4	0.03165024	0.03540816	
877.6	0.03137718	0.03540659	
877.8	0.03115146	0.03540502	
878	0.03164265	0.03540345	
878.2	0.0324755	0.03540187	
878.4	0.03304678	0.0354003	
878.6	0.03388959	0.03539873	
878.8	0.03453564	0.03539716	
879	0.0344547	0.03539559	
879.2	0.03410004	0.03539402	
879.4	0.03502758	0.03539244	
879.6	0.03505791	0.03539087	
879.8	0.03457383	0.0353893	
880	0.03432993	0.03538773	
880.2	0.03406807	0.03538616	
880.4	0.03358158	0.03538459	
880.6	0.03267384	0.03538302	
880.8	0.03231556	0.03538145	
881	0.03218719	0.03537988	
881.2	0.03134525	0.03537831	
881.4	0.03011111	0.03537673	
881.6	0.02960224	0.03537516	
881.8	0.02864384	0.03537359	
882	0.02873936	0.03537202	
882.2	0.02873079	0.03537045	
882.4	0.02780252	0.03536888	
882.6	0.02898738	0.03536731	
882.8	0.02890187	0.03536574	
883	0.02916325	0.03536417	
883.2	0.0301482	0.0353626	
883.4	0.03071334	0.03536103	
883.6	0.03073997	0.03535946	
883.8	0.03156871	0.03535789	
884	0.03248213	0.03535632	
884.2	0.03317978	0.03535475	
884.4	0.03232094	0.03535318	
884.6	0.03254631	0.03535161	
884.8	0.03320419	0.03535004	
885	0.03266768	0.03534847	
885.2	0.03275953	0.03534691	
885.4	0.03254872	0.03534534	
885.6	0.03166371	0.03534377	
885.8	0.03170309	0.0353422	
886	0.03209809	0.03534063	
886.2	0.03186805	0.03533906	
886.4	0.03194061	0.03533749	
886.6	0.03252663	0.03533592	
886.8	0.0320314	0.03533435	
887	0.03268568	0.03533278	
887.2	0.03201708	0.03533122	
887.4	0.03132498	0.03532965	
887.6	0.03052161	0.03532808	
887.8	0.03034212	0.03532651	
888	0.0300884	0.03532494	
888.2	0.02946773	0.03532337	
888.4	0.02891317	0.03532181	
888.6	0.02968828	0.03532024	
888.8	0.02983436	0.03531867	
889	0.02947936	0.0353171	
889.2	0.03027382	0.03531553	
889.4	0.02995069	0.03531397	
889.6	0.03036069	0.0353124	
889.8	0.0308888	0.03531083	
890	0.03076397	0.03530926	
890.2	0.03088238	0.03530769	
890.4	0.03214797	0.03530613	
890.6	0.03209414	0.03530456	
890.8	0.03292731	0.03530299	
891	0.03289229	0.03530142	
891.2	0.03294545	0.03529986	
891.4	0.0338614	0.03529829	
891.6	0.03420899	0.03529672	
891.8	0.03467247	0.03529516	
892	0.03537528	0.03529359	
892.2	0.03541775	0.03529202	
892.4	0.03477113	0.03529046	
892.6	0.03478513	0.03528889	
892.8	0.0341452	0.03528732	
893	0.0328831	0.03528576	
893.2	0.03228556	0.03528419	
893.4	0.03196445	0.03528262	
893.6	0.03155583	0.03528106	
893.8	0.03141798	0.03527949	
894	0.03124145	0.03527792	
894.2	0.03166503	0.03527636	
894.4	0.03249904	0.03527479	
894.6	0.03294776	0.03527322	
894.8	0.03341589	0.03527166	
895	0.03426161	0.03527009	
895.2	0.03603691	0.03526853	
895.4	0.03617823	0.03526696	
895.6	0.03522426	0.0352654	
895.8	0.03568712	0.03526383	
896	0.03592835	0.03526226	
896.2	0.03529321	0.0352607	
896.4	0.0346114	0.03525913	
896.6	0.03454537	0.03525757	
896.8	0.03338032	0.035256	
897	0.03362164	0.03525444	
897.2	0.03343674	0.03525287	
897.4	0.03288388	0.03525131	
897.6	0.0320658	0.03524974	
897.8	0.03259349	0.03524818	
898	0.03355576	0.03524661	
898.2	0.03460105	0.03524505	
898.4	0.03564171	0.03524348	
898.6	0.03634056	0.03524192	
898.8	0.03642641	0.03524035	
899	0.03696165	0.03523879	
899.2	0.03670932	0.03523722	
899.4	0.03607323	0.03523566	
899.6	0.03579778	0.0352341	
899.8	0.03597091	0.03523253	
900	0.0353026	0.03523097	
900.2	0.03502279	0.0352294	
900.4	0.03484006	0.03522784	
900.6	0.034774	0.03522627	
900.8	0.03492699	0.03522471	
901	0.03504077	0.03522315	
901.2	0.03379094	0.03522158	
901.4	0.03342466	0.03522002	
901.6	0.03357317	0.03521846	
901.8	0.03489583	0.03521689	
902	0.03476092	0.03521533	
902.2	0.03491116	0.03521376	
902.4	0.03412534	0.0352122	
902.6	0.03354876	0.03521064	
902.8	0.03333779	0.03520908	
903	0.03215901	0.03520751	
903.2	0.03175125	0.03520595	
903.4	0.03232011	0.03520439	
903.6	0.03223116	0.03520282	
903.8	0.03183904	0.03520126	
904	0.03205614	0.0351997	
904.2	0.03192563	0.03519813	
904.4	0.03204718	0.03519657	
904.6	0.03324983	0.03519501	
904.8	0.03338218	0.03519345	
905	0.03297687	0.03519188	
905.2	0.03287626	0.03519032	
905.4	0.03362514	0.03518876	
905.6	0.03315511	0.0351872	
905.8	0.03286893	0.03518563	
906	0.03136151	0.03518407	
906.2	0.03166983	0.03518251	
906.4	0.03062908	0.03518095	
906.6	0.0309402	0.03517939	
906.8	0.03136313	0.03517783	
907	0.03097925	0.03517626	
907.2	0.0314767	0.0351747	
907.4	0.0325651	0.03517314	
907.6	0.03250259	0.03517158	
907.8	0.03322196	0.03517002	
908	0.03336892	0.03516846	
908.2	0.0329656	0.03516689	
908.4	0.03256817	0.03516533	
908.6	0.03282227	0.03516377	
908.8	0.03283401	0.03516221	
909	0.03261061	0.03516065	
909.2	0.03222041	0.03515909	
909.4	0.03189966	0.03515753	
909.6	0.03063803	0.03515597	
909.8	0.03000997	0.03515441	
910	0.03052476	0.03515284	
910.2	0.03091678	0.03515128	
910.4	0.03080739	0.03514972	
910.6	0.03104319	0.03514816	
910.8	0.03181973	0.0351466	
911	0.03081157	0.03514504	
911.2	0.03090788	0.03514348	
911.4	0.03094891	0.03514192	
911.6	0.03125421	0.03514036	
911.8	0.03269794	0.0351388	
912	0.0330496	0.03513724	
912.2	0.03284357	0.03513568	
912.4	0.03308008	0.03513412	
912.6	0.03447849	0.03513256	
912.8	0.03531921	0.035131	
913	0.03480787	0.03512944	
913.2	0.03480355	0.03512788	
913.4	0.03457089	0.03512632	
913.6	0.03437676	0.03512476	
913.8	0.03530119	0.0351232	
914	0.03574897	0.03512164	
914.2	0.03446646	0.03512009	
914.4	0.03365494	0.03511853	
914.6	0.03271754	0.03511697	
914.8	0.03201507	0.03511541	
915	0.03044533	0.03511385	
915.2	0.02974382	0.03511229	
915.4	0.02879149	0.03511073	
915.6	0.02970278	0.03510917	
915.8	0.03023258	0.03510761	
916	0.02971753	0.03510606	
916.2	0.02976962	0.0351045	
916.4	0.03010269	0.03510294	
916.6	0.03022087	0.03510138	
916.8	0.03056009	0.03509982	
917	0.03068745	0.03509826	
917.2	0.03049397	0.0350967	
917.4	0.03039631	0.03509515	
917.6	0.03063281	0.03509359	
917.8	0.03024558	0.03509203	
918	0.03040822	0.03509047	
918.2	0.0305278	0.03508891	
918.4	0.03075389	0.03508736	
918.6	0.03122357	0.0350858	
918.8	0.03216622	0.03508424	
919	0.03330924	0.03508268	
919.2	0.03278433	0.03508113	
919.4	0.0340633	0.03507957	
919.6	0.03510538	0.03507801	
919.8	0.03447054	0.03507645	
920	0.03457961	0.0350749	
920.2	0.03451297	0.03507334	
920.4	0.03433223	0.03507178	
920.6	0.0345348	0.03507023	
920.8	0.03574085	0.03506867	
921	0.03589482	0.03506711	
921.2	0.0345628	0.03506555	
921.4	0.03382597	0.035064	
921.6	0.03450365	0.03506244	
921.8	0.03421495	0.03506088	
922	0.03522226	0.03505933	
922.2	0.03518545	0.03505777	
922.4	0.0349624	0.03505621	
922.6	0.03488272	0.03505466	
922.8	0.03535689	0.0350531	
923	0.03443911	0.03505155	
923.2	0.03359137	0.03504999	
923.4	0.03380739	0.03504843	
923.6	0.03284839	0.03504688	
923.8	0.03157984	0.03504532	
924	0.0307443	0.03504377	
924.2	0.02935746	0.03504221	
924.4	0.02965746	0.03504065	
924.6	0.02936016	0.0350391	
924.8	0.03004739	0.03503754	
925	0.03040015	0.03503599	
925.2	0.02979281	0.03503443	
925.4	0.0303497	0.03503288	
925.6	0.03045212	0.03503132	
925.8	0.03010233	0.03502977	
926	0.03093862	0.03502821	
926.2	0.03207232	0.03502666	
926.4	0.03254286	0.0350251	
926.6	0.03258395	0.03502355	
926.8	0.03273458	0.03502199	
927	0.03317405	0.03502044	
927.2	0.0332842	0.03501888	
927.4	0.0323225	0.03501733	
927.6	0.03279144	0.03501577	
927.8	0.03200897	0.03501422	
928	0.03141068	0.03501266	
928.2	0.03100838	0.03501111	
928.4	0.03136637	0.03500955	
928.6	0.03127557	0.035008	
928.8	0.0320911	0.03500644	
929	0.03222423	0.03500489	
929.2	0.03188891	0.03500334	
929.4	0.03051963	0.03500178	
929.6	0.03002117	0.03500023	
929.8	0.03104345	0.03499867	
930	0.03186415	0.03499712	
930.2	0.03211249	0.03499557	
930.4	0.03247085	0.03499401	
930.6	0.03204324	0.03499246	
930.8	0.03169597	0.03499091	
931	0.031737	0.03498935	
931.2	0.03094758	0.0349878	
931.4	0.0304733	0.03498625	
931.6	0.03090138	0.03498469	
931.8	0.03018875	0.03498314	
932	0.03054811	0.03498159	
932.2	0.0309146	0.03498003	
932.4	0.0311236	0.03497848	
932.6	0.0314427	0.03497693	
932.8	0.03142287	0.03497537	
933	0.03141415	0.03497382	
933.2	0.0314585	0.03497227	
933.4	0.03106458	0.03497072	
933.6	0.03255402	0.03496916	
933.8	0.032701	0.03496761	
934	0.03279711	0.03496606	
934.2	0.03260666	0.03496451	
934.4	0.03273754	0.03496295	
934.6	0.03233114	0.0349614	
934.8	0.03184553	0.03495985	
935	0.03126504	0.0349583	
935.2	0.03062512	0.03495675	
935.4	0.02938908	0.03495519	
935.6	0.0288609	0.03495364	
935.8	0.02925079	0.03495209	
936	0.02892134	0.03495054	
936.2	0.02945225	0.03494899	
936.4	0.0298585	0.03494744	
936.6	0.03013724	0.03494588	
936.8	0.03020039	0.03494433	
937	0.03062538	0.03494278	
937.2	0.03105832	0.03494123	
937.4	0.03133086	0.03493968	
937.6	0.03131107	0.03493813	
937.8	0.03025088	0.03493658	
938	0.03067368	0.03493502	
938.2	0.03163307	0.03493347	
938.4	0.03257841	0.03493192	
938.6	0.03291982	0.03493037	
938.8	0.03346773	0.03492882	
939	0.03391926	0.03492727	
939.2	0.03413796	0.03492572	
939.4	0.03411685	0.03492417	
939.6	0.03429943	0.03492262	
939.8	0.03594947	0.03492107	
940	0.03589524	0.03491952	
940.2	0.03671627	0.03491797	
940.4	0.0368001	0.03491642	
940.6	0.03563696	0.03491487	
940.8	0.03578037	0.03491332	
941	0.03580729	0.03491177	
941.2	0.0352324	0.03491022	
941.4	0.03450364	0.03490867	
941.6	0.03388469	0.03490712	
941.8	0.03408028	0.03490557	
942	0.03491019	0.03490402	
942.2	0.03476417	0.03490247	
942.4	0.03392397	0.03490092	
942.6	0.03380756	0.03489937	
942.8	0.0338501	0.03489782	
943	0.03356782	0.03489627	
943.2	0.03249228	0.03489472	
943.4	0.03252699	0.03489317	
943.6	0.03296831	0.03489162	
943.8	0.03354121	0.03489007	
944	0.03266847	0.03488852	
944.2	0.03185841	0.03488698	
944.4	0.03201771	0.03488543	
944.6	0.03206898	0.03488388	
944.8	0.0337863	0.03488233	
945	0.0339115	0.03488078	
945.2	0.03379125	0.03487923	
945.4	0.03423985	0.03487768	
945.6	0.03370473	0.03487614	
945.8	0.03384379	0.03487459	
946	0.03385474	0.03487304	
946.2	0.03427143	0.03487149	
946.4	0.03440268	0.03486994	
946.6	0.03444842	0.03486839	
946.8	0.033234	0.03486685	
947	0.03333309	0.0348653	
947.2	0.03290959	0.03486375	
947.4	0.03298384	0.0348622	
947.6	0.03197228	0.03486065	
947.8	0.03074342	0.03485911	
948	0.02951819	0.03485756	
948.2	0.02915908	0.03485601	
948.4	0.02835289	0.03485446	
948.6	0.02843403	0.03485292	
948.8	0.02831199	0.03485137	
949	0.0273744	0.03484982	
949.2	0.02754678	0.03484827	
949.4	0.02718422	0.03484673	
949.6	0.02739861	0.03484518	
949.8	0.02878805	0.03484363	
950	0.03007753	0.03484209	
950.2	0.03191063	0.03484054	
950.4	0.03166747	0.03483899	
950.6	0.03153669	0.03483745	
950.8	0.03197848	0.0348359	
951	0.03263389	0.03483435	
951.2	0.03261611	0.03483281	
951.4	0.03225621	0.03483126	
951.6	0.03189544	0.03482971	
951.8	0.03165447	0.03482817	
952	0.03112373	0.03482662	
952.2	0.03182971	0.03482508	
952.4	0.03132457	0.03482353	
952.6	0.03254865	0.03482198	
952.8	0.03222909	0.03482044	
953	0.03218133	0.03481889	
953.2	0.03301694	0.03481735	
953.4	0.03255176	0.0348158	
953.6	0.03406157	0.03481425	
953.8	0.03417656	0.03481271	
954	0.03469905	0.03481116	
954.2	0.03520394	0.03480962	
954.4	0.03396357	0.03480807	
954.6	0.03389568	0.03480653	
954.8	0.03346154	0.03480498	
955	0.03278142	0.03480344	
955.2	0.03209299	0.03480189	
955.4	0.0320526	0.03480035	
955.6	0.0316164	0.0347988	
955.8	0.03065487	0.03479726	
956	0.03092842	0.03479571	
956.2	0.03172662	0.03479417	
956.4	0.03213994	0.03479262	
956.6	0.03154186	0.03479108	
956.8	0.03145159	0.03478953	
957	0.03171704	0.03478799	
957.2	0.03199566	0.03478644	
957.4	0.03171886	0.0347849	
957.6	0.03339246	0.03478335	
957.8	0.03330922	0.03478181	
958	0.03440653	0.03478027	
958.2	0.03438909	0.03477872	
958.4	0.03410406	0.03477718	
958.6	0.03444415	0.03477563	
958.8	0.03452215	0.03477409	
959	0.03470461	0.03477255	
959.2	0.03415681	0.034771	
959.4	0.03402342	0.03476946	
959.6	0.03317372	0.03476791	
959.8	0.03215248	0.03476637	
960	0.03240656	0.03476483	
960.2	0.03203116	0.03476328	
960.4	0.03232826	0.03476174	
960.6	0.03113179	0.0347602	
960.8	0.03125655	0.03475865	
961	0.03025484	0.03475711	
961.2	0.02968944	0.03475557	
961.4	0.02927801	0.03475402	
961.6	0.02924977	0.03475248	
961.8	0.02925423	0.03475094	
962	0.02954656	0.0347494	
962.2	0.02952219	0.03474785	
962.4	0.03030614	0.03474631	
962.6	0.03082298	0.03474477	
962.8	0.03169541	0.03474323	
963	0.03236344	0.03474168	
963.2	0.03246764	0.03474014	
963.4	0.03256235	0.0347386	
963.6	0.03269013	0.03473706	
963.8	0.03248357	0.03473551	
964	0.03263153	0.03473397	
964.2	0.03201274	0.03473243	
964.4	0.03250612	0.03473089	
964.6	0.03157072	0.03472935	
964.8	0.03143537	0.0347278	
965	0.03063003	0.03472626	
965.2	0.0302582	0.03472472	
965.4	0.02987955	0.03472318	
965.6	0.02976258	0.03472164	
965.8	0.02948969	0.0347201	
966	0.02845563	0.03471855	
966.2	0.02881239	0.03471701	
966.4	0.028715	0.03471547	
966.6	0.02859355	0.03471393	
966.8	0.0293503	0.03471239	
967	0.03022125	0.03471085	
967.2	0.03051301	0.03470931	
967.4	0.03089764	0.03470777	
967.6	0.03086803	0.03470622	
967.8	0.03028013	0.03470468	
968	0.03085172	0.03470314	
968.2	0.03110918	0.0347016	
968.4	0.03226045	0.03470006	
968.6	0.03247826	0.03469852	
968.8	0.03264375	0.03469698	
969	0.03243584	0.03469544	
969.2	0.03288679	0.0346939	
969.4	0.03280086	0.03469236	
969.6	0.03236175	0.03469082	
969.8	0.03127599	0.03468928	
970	0.03135654	0.03468774	
970.2	0.03132208	0.0346862	
970.4	0.03083731	0.03468466	
970.6	0.03095803	0.03468312	
970.8	0.03159206	0.03468158	
971	0.03236643	0.03468004	
971.2	0.03286224	0.0346785	
971.4	0.03248983	0.03467696	
971.6	0.03160435	0.03467542	
971.8	0.03080416	0.03467388	
972	0.03155365	0.03467234	
972.2	0.03171903	0.0346708	
972.4	0.03248786	0.03466926	
972.6	0.03279579	0.03466772	
972.8	0.03300637	0.03466619	
973	0.03260138	0.03466465	
973.2	0.0327523	0.03466311	
973.4	0.03242436	0.03466157	
973.6	0.03264778	0.03466003	
973.8	0.03207247	0.03465849	
974	0.03269188	0.03465695	
974.2	0.03311036	0.03465541	
974.4	0.03327241	0.03465387	
974.6	0.03327693	0.03465234	
974.8	0.03336766	0.0346508	
975	0.03298393	0.03464926	
975.2	0.03270319	0.03464772	
975.4	0.03202148	0.03464618	
975.6	0.0317293	0.03464464	
975.8	0.03208926	0.03464311	
976	0.03373341	0.03464157	
976.2	0.03440129	0.03464003	
976.4	0.0347455	0.03463849	
976.6	0.03488148	0.03463696	
976.8	0.03412503	0.03463542	
977	0.03310336	0.03463388	
977.2	0.03312825	0.03463234	
977.4	0.03305142	0.0346308	
977.6	0.03294365	0.03462927	
977.8	0.03200527	0.03462773	
978	0.03281309	0.03462619	
978.2	0.03307689	0.03462465	
978.4	0.03296011	0.03462312	
978.6	0.03284296	0.03462158	
978.8	0.03313538	0.03462004	
979	0.03369203	0.03461851	
979.2	0.03425574	0.03461697	
979.4	0.03511679	0.03461543	
979.6	0.03522927	0.0346139	
979.8	0.0357273	0.03461236	
980	0.03564099	0.03461082	
980.2	0.03430532	0.03460929	
980.4	0.03355382	0.03460775	
980.6	0.03254482	0.03460621	
980.8	0.03147641	0.03460468	
981	0.0315244	0.03460314	
981.2	0.03082454	0.0346016	
981.4	0.03072422	0.03460007	
981.6	0.03014568	0.03459853	
981.8	0.02988751	0.034597	
982	0.03042787	0.03459546	
982.2	0.03068498	0.03459392	
982.4	0.03158443	0.03459239	
982.6	0.03271974	0.03459085	
982.8	0.03370717	0.03458932	
983	0.03388701	0.03458778	
983.2	0.03430836	0.03458624	
983.4	0.03519212	0.03458471	
983.6	0.035501	0.03458317	
983.8	0.03615603	0.03458164	
984	0.03536871	0.0345801	
984.2	0.03491019	0.03457857	
984.4	0.035061	0.03457703	
984.6	0.03459057	0.0345755	
984.8	0.03424032	0.03457396	
985	0.03425223	0.03457243	
985.2	0.03346331	0.03457089	
985.4	0.03335034	0.03456936	
985.6	0.03312391	0.03456782	
985.8	0.0330109	0.03456629	
986	0.03302422	0.03456475	
986.2	0.03228563	0.03456322	
986.4	0.03244715	0.03456168	
986.6	0.03325812	0.03456015	
986.8	0.03254017	0.03455862	
987	0.03242501	0.03455708	
987.2	0.0337586	0.03455555	
987.4	0.03447637	0.03455401	
987.6	0.03429519	0.03455248	
987.8	0.03388831	0.03455095	
988	0.03395533	0.03454941	
988.2	0.03459095	0.03454788	
988.4	0.03536748	0.03454634	
988.6	0.03489745	0.03454481	
988.8	0.03490677	0.03454328	
989	0.03588326	0.03454174	
989.2	0.03622347	0.03454021	
989.4	0.03621228	0.03453868	
989.6	0.03637277	0.03453714	
989.8	0.03641844	0.03453561	
990	0.03689437	0.03453408	
990.2	0.03580045	0.03453254	
990.4	0.03602948	0.03453101	
990.6	0.03587478	0.03452948	
990.8	0.03516771	0.03452794	
991	0.03490272	0.03452641	
991.2	0.03451961	0.03452488	
991.4	0.03286603	0.03452334	
991.6	0.03130906	0.03452181	
991.8	0.03069086	0.03452028	
992	0.03132942	0.03451875	
992.2	0.0301192	0.03451721	
992.4	0.0304576	0.03451568	
992.6	0.02930452	0.03451415	
992.8	0.0294899	0.03451262	
993	0.02950656	0.03451109	
993.2	0.02945113	0.03450955	
993.4	0.02959149	0.03450802	
993.6	0.03034681	0.03450649	
993.8	0.03233646	0.03450496	
994	0.0333934	0.03450342	
994.2	0.03369531	0.03450189	
994.4	0.03374912	0.03450036	
994.6	0.03389998	0.03449883	
994.8	0.0339796	0.0344973	
995	0.03273973	0.03449577	
995.2	0.03276584	0.03449423	
995.4	0.03281511	0.0344927	
995.6	0.03227916	0.03449117	
995.8	0.0324838	0.03448964	
996	0.03200889	0.03448811	
996.2	0.03192693	0.03448658	
996.4	0.03262902	0.03448505	
996.6	0.03262381	0.03448352	
996.8	0.03274884	0.03448199	
997	0.03357463	0.03448045	
997.2	0.03367004	0.03447892	
997.4	0.03420529	0.03447739	
997.6	0.03484863	0.03447586	
997.8	0.03505084	0.03447433	
998	0.03419385	0.0344728	
998.2	0.03355799	0.03447127	
998.4	0.03257356	0.03446974	
998.6	0.03277132	0.03446821	
998.8	0.03261037	0.03446668	
999	0.03248466	0.03446515	
999.2	0.03283915	0.03446362	
999.4	0.03281881	0.03446209	
999.6	0.03177643	0.03446056	
999.8	0.03224804	0.03445903	
1000	0.03141789	0.0344575	
1000.2	0.03269933	0.03445597	
1000.4	0.032547	0.03445444	
1000.6	0.03315356	0.03445291	
1000.8	0.0332594	0.03445138	
1001	0.03300688	0.03444985	
1001.2	0.03260311	0.03444832	
1001.4	0.03226255	0.03444679	
1001.6	0.03116059	0.03444526	
1001.8	0.03011014	0.03444373	
1002	0.03005516	0.0344422	
1002.2	0.03037225	0.03444068	
1002.4	0.03095866	0.03443915	
1002.6	0.03105787	0.03443762	
1002.8	0.03099162	0.03443609	
1003	0.03211496	0.03443456	
1003.2	0.03178324	0.03443303	
1003.4	0.03196796	0.0344315	
1003.6	0.03244811	0.03442997	
1003.8	0.03314377	0.03442845	
1004	0.03353969	0.03442692	
1004.2	0.03491368	0.03442539	
1004.4	0.03456365	0.03442386	
1004.6	0.03513346	0.03442233	
1004.8	0.03508008	0.0344208	
1005	0.0335985	0.03441928	
1005.2	0.0337156	0.03441775	
1005.4	0.03286375	0.03441622	
1005.6	0.03321373	0.03441469	
1005.8	0.03377457	0.03441316	
1006	0.03464263	0.03441164	
1006.2	0.03471946	0.03441011	
1006.4	0.03431632	0.03440858	
1006.6	0.03305881	0.03440705	
1006.8	0.03351258	0.03440552	
1007	0.03377164	0.034404	
1007.2	0.03385826	0.03440247	
1007.4	0.0344466	0.03440094	
1007.6	0.03523029	0.03439942	
1007.8	0.03536053	0.03439789	
1008	0.03539858	0.03439636	
1008.2	0.03554573	0.03439483	
1008.4	0.03449145	0.03439331	
1008.6	0.03414255	0.03439178	
1008.8	0.03324641	0.03439025	
1009	0.03213724	0.03438873	
1009.2	0.03207465	0.0343872	
1009.4	0.03172759	0.03438567	
1009.6	0.03191724	0.03438415	
1009.8	0.03088025	0.03438262	
1010	0.03066622	0.03438109	
1010.2	0.02961204	0.03437957	
1010.4	0.02917317	0.03437804	
1010.6	0.02913458	0.03437651	
1010.8	0.02974843	0.03437499	
1011	0.03004226	0.03437346	
1011.2	0.03053489	0.03437194	
1011.4	0.03077114	0.03437041	
1011.6	0.03051144	0.03436888	
1011.8	0.03082446	0.03436736	
1012	0.03079218	0.03436583	
1012.2	0.03158962	0.03436431	
1012.4	0.03141251	0.03436278	
1012.6	0.03094012	0.03436126	
1012.8	0.03059495	0.03435973	
1013	0.030278	0.0343582	
1013.2	0.03014482	0.03435668	
1013.4	0.03016313	0.03435515	
1013.6	0.02975136	0.03435363	
1013.8	0.02999005	0.0343521	
1014	0.02995517	0.03435058	
1014.2	0.03103727	0.03434905	
1014.4	0.03190174	0.03434753	
1014.6	0.03210219	0.034346	
1014.8	0.03231308	0.03434448	
1015	0.03270799	0.03434295	
1015.2	0.03271562	0.03434143	
1015.4	0.03351127	0.0343399	
1015.6	0.03280075	0.03433838	
1015.8	0.03404844	0.03433685	
1016	0.03411875	0.03433533	
1016.2	0.03466505	0.03433381	
1016.4	0.03372641	0.03433228	
1016.6	0.0332066	0.03433076	
1016.8	0.03331975	0.03432923	
1017	0.03362484	0.03432771	
1017.2	0.03359777	0.03432619	
1017.4	0.03311747	0.03432466	
1017.6	0.03231799	0.03432314	
1017.8	0.03320259	0.03432161	
1018	0.03228491	0.03432009	
1018.2	0.03254033	0.03431857	
1018.4	0.03132703	0.03431704	
1018.6	0.02990476	0.03431552	
1018.8	0.02952498	0.034314	
1019	0.03002257	0.03431247	
1019.2	0.0296456	0.03431095	
1019.4	0.02937807	0.03430943	
1019.6	0.0300671	0.0343079	
1019.8	0.03108343	0.03430638	
1020	0.03074839	0.03430486	
1020.2	0.03116908	0.03430333	
1020.4	0.0316539	0.03430181	
1020.6	0.03303431	0.03430029	
1020.8	0.03395572	0.03429876	
1021	0.03504581	0.03429724	
1021.2	0.0349604	0.03429572	
1021.4	0.03577408	0.0342942	
1021.6	0.0359839	0.03429267	
1021.8	0.03691458	0.03429115	
1022	0.03673516	0.03428963	
1022.2	0.03624745	0.03428811	
1022.4	0.0349971	0.03428658	
1022.6	0.0340876	0.03428506	
1022.8	0.03342326	0.03428354	
1023	0.03345517	0.03428202	
1023.2	0.03245883	0.0342805	
1023.4	0.03155932	0.03427897	
1023.6	0.03232449	0.03427745	
1023.8	0.03170421	0.03427593	
1024	0.03187118	0.03427441	
1024.2	0.03245652	0.03427289	
1024.4	0.03237395	0.03427137	
1024.6	0.03210773	0.03426984	
1024.8	0.03147391	0.03426832	
1025	0.03157074	0.0342668	
1025.2	0.03118062	0.03426528	
1025.4	0.03142268	0.03426376	
1025.6	0.03069902	0.03426224	
1025.8	0.03125603	0.03426072	
1026	0.03154061	0.03425919	
1026.2	0.03088313	0.03425767	
1026.4	0.03024421	0.03425615	
1026.6	0.03013028	0.03425463	
1026.8	0.02972908	0.03425311	
1027	0.03021462	0.03425159	
1027.2	0.03055351	0.03425007	
1027.4	0.03171312	0.03424855	
1027.6	0.03304639	0.03424703	
1027.8	0.03360294	0.03424551	
1028	0.03481781	0.03424399	
1028.2	0.03487919	0.03424247	
1028.4	0.03416398	0.03424095	
1028.6	0.03370611	0.03423943	
1028.8	0.03326515	0.03423791	
1029	0.03428537	0.03423639	
1029.2	0.03475376	0.03423487	
1029.4	0.034114	0.03423335	
1029.6	0.03433858	0.03423183	
1029.8	0.03444217	0.03423031	
1030	0.03458277	0.03422879	
1030.2	0.03381821	0.03422727	
1030.4	0.03339587	0.03422575	
1030.6	0.03253675	0.03422423	
1030.8	0.03262675	0.03422271	
1031	0.03271642	0.03422119	
1031.2	0.03334302	0.03421967	
1031.4	0.0329994	0.03421815	
1031.6	0.03198808	0.03421663	
1031.8	0.03155542	0.03421511	
1032	0.03080402	0.03421359	
1032.2	0.02990493	0.03421208	
1032.4	0.02957932	0.03421056	
1032.6	0.02931337	0.03420904	
1032.8	0.02944777	0.03420752	
1033	0.03057846	0.034206	
1033.2	0.03057991	0.03420448	
1033.4	0.03063264	0.03420296	
1033.6	0.03202069	0.03420144	
1033.8	0.03134366	0.03419993	
1034	0.03193813	0.03419841	
1034.2	0.03164317	0.03419689	
1034.4	0.03122354	0.03419537	
1034.6	0.03124123	0.03419385	
1034.8	0.03082861	0.03419234	
1035	0.03063995	0.03419082	
1035.2	0.03049413	0.0341893	
1035.4	0.02913194	0.03418778	
1035.6	0.0293108	0.03418626	
1035.8	0.02934001	0.03418475	
1036	0.03014584	0.03418323	
1036.2	0.03083713	0.03418171	
1036.4	0.03063634	0.03418019	
1036.6	0.03047099	0.03417868	
1036.8	0.0304332	0.03417716	
1037	0.03041745	0.03417564	
1037.2	0.03068507	0.03417412	
1037.4	0.03150322	0.03417261	
1037.6	0.03192837	0.03417109	
1037.8	0.03126356	0.03416957	
1038	0.03216754	0.03416805	
1038.2	0.03271001	0.03416654	
1038.4	0.03243914	0.03416502	
1038.6	0.03269028	0.0341635	
1038.8	0.0316947	0.03416199	
1039	0.03221158	0.03416047	
1039.2	0.03213926	0.03415895	
1039.4	0.03179358	0.03415744	
1039.6	0.03193899	0.03415592	
1039.8	0.03273029	0.0341544	
1040	0.03318851	0.03415289	
1040.2	0.03245415	0.03415137	
1040.4	0.03137548	0.03414986	
1040.6	0.0310728	0.03414834	
1040.8	0.03061601	0.03414682	
1041	0.0302715	0.03414531	
1041.2	0.03040879	0.03414379	
1041.4	0.03053425	0.03414228	
1041.6	0.03104166	0.03414076	
1041.8	0.03169783	0.03413924	
1042	0.03246734	0.03413773	
1042.2	0.03262667	0.03413621	
1042.4	0.0317654	0.0341347	
1042.6	0.03119129	0.03413318	
1042.8	0.0308977	0.03413167	
1043	0.03075735	0.03413015	
1043.2	0.03031367	0.03412864	
1043.4	0.02973186	0.03412712	
1043.6	0.02952661	0.03412561	
1043.8	0.03014584	0.03412409	
1044	0.0302806	0.03412258	
1044.2	0.03017064	0.03412106	
1044.4	0.02973985	0.03411955	
1044.6	0.02962912	0.03411803	
1044.8	0.02979007	0.03411652	
1045	0.02951336	0.034115	
1045.2	0.0294561	0.03411349	
1045.4	0.0307315	0.03411197	
1045.6	0.03184086	0.03411046	
1045.8	0.03111127	0.03410894	
1046	0.03094346	0.03410743	
1046.2	0.02999183	0.03410592	
1046.4	0.03031713	0.0341044	
1046.6	0.03010132	0.03410289	
1046.8	0.0299271	0.03410137	
1047	0.02911548	0.03409986	
1047.2	0.02914504	0.03409835	
1047.4	0.02984611	0.03409683	
1047.6	0.03016522	0.03409532	
1047.8	0.0306152	0.0340938	
1048	0.03165473	0.03409229	
1048.2	0.03228976	0.03409078	
1048.4	0.03254128	0.03408926	
1048.6	0.03312501	0.03408775	
1048.8	0.03394362	0.03408624	
1049	0.03426688	0.03408472	
1049.2	0.0346785	0.03408321	
1049.4	0.03579207	0.0340817	
1049.6	0.0353632	0.03408018	
1049.8	0.0344475	0.03407867	
1050	0.03485855	0.03407716	
1050.2	0.0343387	0.03407564	
1050.4	0.03414901	0.03407413	
1050.6	0.03358493	0.03407262	
1050.8	0.03182971	0.03407111	
1051	0.03111804	0.03406959	
1051.2	0.03120631	0.03406808	
1051.4	0.031673	0.03406657	
1051.6	0.02994255	0.03406506	
1051.8	0.02915359	0.03406354	
1052	0.02910493	0.03406203	
1052.2	0.02932128	0.03406052	
1052.4	0.02999137	0.03405901	
1052.6	0.02954331	0.03405749	
1052.8	0.02997708	0.03405598	
1053	0.03014214	0.03405447	
1053.2	0.03082162	0.03405296	
1053.4	0.03130399	0.03405145	
1053.6	0.03142989	0.03404994	
1053.8	0.03263731	0.03404842	
1054	0.03322198	0.03404691	
1054.2	0.03349971	0.0340454	
1054.4	0.03278363	0.03404389	
1054.6	0.03238578	0.03404238	
1054.8	0.03111546	0.03404087	
1055	0.0310216	0.03403935	
1055.2	0.03124864	0.03403784	
1055.4	0.03039576	0.03403633	
1055.6	0.02926951	0.03403482	
1055.8	0.02920202	0.03403331	
1056	0.02967279	0.0340318	
1056.2	0.02971802	0.03403029	
1056.4	0.02892187	0.03402878	
1056.6	0.02854952	0.03402727	
1056.8	0.0290726	0.03402576	
1057	0.02955691	0.03402425	
1057.2	0.02993878	0.03402273	
1057.4	0.02963237	0.03402122	
1057.6	0.03005994	0.03401971	
1057.8	0.0304109	0.0340182	
1058	0.02924255	0.03401669	
1058.2	0.02876364	0.03401518	
1058.4	0.02777068	0.03401367	
1058.6	0.0269112	0.03401216	
1058.8	0.02737755	0.03401065	
1059	0.02741024	0.03400914	
1059.2	0.02817036	0.03400763	
1059.4	0.02830755	0.03400612	
1059.6	0.02924014	0.03400461	
1059.8	0.03042994	0.0340031	
1060	0.0310716	0.03400159	
1060.2	0.03088523	0.03400008	
1060.4	0.03194313	0.03399858	
1060.6	0.0331053	0.03399707	
1060.8	0.03331877	0.03399556	
1061	0.03366263	0.03399405	
1061.2	0.03392491	0.03399254	
1061.4	0.03366352	0.03399103	
1061.6	0.03266829	0.03398952	
1061.8	0.03198695	0.03398801	
1062	0.03083362	0.0339865	
1062.2	0.03029677	0.03398499	
1062.4	0.02907859	0.03398348	
1062.6	0.02874376	0.03398198	
1062.8	0.02876699	0.03398047	
1063	0.02737914	0.03397896	
1063.2	0.02716845	0.03397745	
1063.4	0.02667024	0.03397594	
1063.6	0.02650818	0.03397443	
1063.8	0.02640017	0.03397292	
1064	0.02628727	0.03397142	
1064.2	0.02645728	0.03396991	
1064.4	0.02739442	0.0339684	
1064.6	0.0280495	0.03396689	
1064.8	0.02857875	0.03396538	
1065	0.02961709	0.03396388	
1065.2	0.03027639	0.03396237	
1065.4	0.03033098	0.03396086	
1065.6	0.02967884	0.03395935	
1065.8	0.0301269	0.03395784	
1066	0.03024036	0.03395634	
1066.2	0.03072127	0.03395483	
1066.4	0.03119583	0.03395332	
1066.6	0.03224276	0.03395181	
1066.8	0.03149504	0.03395031	
1067	0.03081347	0.0339488	
1067.2	0.03064546	0.03394729	
1067.4	0.03011578	0.03394579	
1067.6	0.03008725	0.03394428	
1067.8	0.03007333	0.03394277	
1068	0.03029973	0.03394126	
1068.2	0.03090914	0.03393976	
1068.4	0.0312585	0.03393825	
1068.6	0.03122373	0.03393674	
1068.8	0.03120214	0.03393524	
1069	0.03072216	0.03393373	
1069.2	0.02979254	0.03393222	
1069.4	0.02904648	0.03393072	
1069.6	0.02869288	0.03392921	
1069.8	0.02945427	0.0339277	
1070	0.02959535	0.0339262	
1070.2	0.02995685	0.03392469	
1070.4	0.03052321	0.03392319	
1070.6	0.03040807	0.03392168	
1070.8	0.03006502	0.03392017	
1071	0.03036697	0.03391867	
1071.2	0.03085278	0.03391716	
1071.4	0.03078815	0.03391566	
1071.6	0.03150476	0.03391415	
1071.8	0.03174846	0.03391265	
1072	0.03159906	0.03391114	
1072.2	0.03178105	0.03390963	
1072.4	0.03120438	0.03390813	
1072.6	0.03044148	0.03390662	
1072.8	0.03033597	0.03390512	
1073	0.02882672	0.03390361	
1073.2	0.02867065	0.03390211	
1073.4	0.02844024	0.0339006	
1073.6	0.02901627	0.0338991	
1073.8	0.0292055	0.03389759	
1074	0.02857681	0.03389609	
1074.2	0.028353	0.03389458	
1074.4	0.02805259	0.03389308	
1074.6	0.02741612	0.03389157	
1074.8	0.02767013	0.03389007	
1075	0.02813161	0.03388856	
1075.2	0.02934102	0.03388706	
1075.4	0.02936521	0.03388555	
1075.6	0.03056765	0.03388405	
1075.8	0.03057812	0.03388255	
1076	0.03110825	0.03388104	
1076.2	0.03040271	0.03387954	
1076.4	0.03070332	0.03387803	
1076.6	0.03063946	0.03387653	
1076.8	0.03048543	0.03387502	
1077	0.0298169	0.03387352	
1077.2	0.03026003	0.03387202	
1077.4	0.03021826	0.03387051	
1077.6	0.03046215	0.03386901	
1077.8	0.03087198	0.03386751	
1078	0.03022296	0.033866	
1078.2	0.0289426	0.0338645	
1078.4	0.02794847	0.033863	
1078.6	0.0275839	0.03386149	
1078.8	0.02805928	0.03385999	
1079	0.02809339	0.03385849	
1079.2	0.02796245	0.03385698	
1079.4	0.02828806	0.03385548	
1079.6	0.02872921	0.03385398	
1079.8	0.02881835	0.03385247	
1080	0.02932511	0.03385097	
1080.2	0.02915785	0.03384947	
1080.4	0.02926225	0.03384796	
1080.6	0.02977118	0.03384646	
1080.8	0.02975767	0.03384496	
1081	0.02996019	0.03384346	
1081.2	0.03037504	0.03384195	
1081.4	0.03024662	0.03384045	
1081.6	0.03091473	0.03383895	
1081.8	0.03111236	0.03383745	
1082	0.03051849	0.03383594	
1082.2	0.02946497	0.03383444	
1082.4	0.02945605	0.03383294	
1082.6	0.03024629	0.03383144	
1082.8	0.03046176	0.03382994	
1083	0.03030638	0.03382843	
1083.2	0.03004341	0.03382693	
1083.4	0.03153544	0.03382543	
1083.6	0.03206828	0.03382393	
1083.8	0.03253319	0.03382243	
1084	0.03283947	0.03382093	
1084.2	0.03263647	0.03381942	
1084.4	0.03322865	0.03381792	
1084.6	0.03369491	0.03381642	
1084.8	0.03420895	0.03381492	
1085	0.03356901	0.03381342	
1085.2	0.03290443	0.03381192	
1085.4	0.03285781	0.03381042	
1085.6	0.03270132	0.03380891	
1085.8	0.03179609	0.03380741	
1086	0.03146372	0.03380591	
1086.2	0.03055039	0.03380441	
1086.4	0.03045342	0.03380291	
1086.6	0.0302124	0.03380141	
1086.8	0.02892733	0.03379991	
1087	0.02858093	0.03379841	
1087.2	0.02791988	0.03379691	
1087.4	0.0280147	0.03379541	
1087.6	0.02795452	0.03379391	
1087.8	0.02792144	0.03379241	
1088	0.02790747	0.03379091	
1088.2	0.02841712	0.03378941	
1088.4	0.02933042	0.03378791	
1088.6	0.02944851	0.03378641	
1088.8	0.0304866	0.03378491	
1089	0.03038398	0.03378341	
1089.2	0.03114451	0.03378191	
1089.4	0.0322578	0.03378041	
1089.6	0.03231556	0.03377891	
1089.8	0.03205092	0.03377741	
1090	0.03244563	0.03377591	
1090.2	0.03247023	0.03377441	
1090.4	0.03309606	0.03377291	
1090.6	0.0323104	0.03377141	
1090.8	0.03123734	0.03376991	
1091	0.03142625	0.03376841	
1091.2	0.0308603	0.03376691	
1091.4	0.0307	0.03376541	
1091.6	0.03060103	0.03376391	
1091.8	0.03096673	0.03376242	
1092	0.03046061	0.03376092	
1092.2	0.0304965	0.03375942	
1092.4	0.03019735	0.03375792	
1092.6	0.03086703	0.03375642	
1092.8	0.03105371	0.03375492	
1093	0.03124635	0.03375342	
1093.2	0.03168348	0.03375192	
1093.4	0.03177469	0.03375043	
1093.6	0.03105028	0.03374893	
1093.8	0.0309123	0.03374743	
1094	0.03079292	0.03374593	
1094.2	0.03104564	0.03374443	
1094.4	0.03105315	0.03374293	
1094.6	0.03003775	0.03374144	
1094.8	0.03002815	0.03373994	
1095	0.03040057	0.03373844	
1095.2	0.03001608	0.03373694	
1095.4	0.02892782	0.03373544	
1095.6	0.02867079	0.03373395	
1095.8	0.0288266	0.03373245	
1096	0.02835088	0.03373095	
1096.2	0.02796521	0.03372945	
1096.4	0.02814438	0.03372796	
1096.6	0.02875247	0.03372646	
1096.8	0.02838903	0.03372496	
1097	0.02892085	0.03372346	
1097.2	0.02933961	0.03372197	
1097.4	0.02968907	0.03372047	
1097.6	0.02951062	0.03371897	
1097.8	0.03015696	0.03371748	
1098	0.03075113	0.03371598	
1098.2	0.03203583	0.03371448	
1098.4	0.03298904	0.03371299	
1098.6	0.03290016	0.03371149	
1098.8	0.03347523	0.03370999	
1099	0.03290988	0.0337085	
1099.2	0.03266224	0.033707	
1099.4	0.0316857	0.0337055	
1099.6	0.03176122	0.03370401	
1099.8	0.03144372	0.03370251	
1100	0.03087994	0.03370101	
1100.2	0.02994223	0.03369952	
1100.4	0.03009443	0.03369802	
1100.6	0.02903993	0.03369652	
1100.8	0.02876003	0.03369503	
1101	0.02948456	0.03369353	
1101.2	0.02921153	0.03369204	
1101.4	0.02948434	0.03369054	
1101.6	0.02981935	0.03368905	
1101.8	0.03108351	0.03368755	
1102	0.03121689	0.03368605	
1102.2	0.03125033	0.03368456	
1102.4	0.03127087	0.03368306	
1102.6	0.03072588	0.03368157	
1102.8	0.03135188	0.03368007	
1103	0.03072859	0.03367858	
1103.2	0.03037992	0.03367708	
1103.4	0.02958481	0.03367559	
1103.6	0.02914124	0.03367409	
1103.8	0.02885064	0.0336726	
1104	0.02857747	0.0336711	
1104.2	0.02709201	0.03366961	
1104.4	0.02668811	0.03366811	
1104.6	0.02627431	0.03366662	
1104.8	0.0267949	0.03366512	
1105	0.02756631	0.03366363	
1105.2	0.02814769	0.03366213	
1105.4	0.02899432	0.03366064	
1105.6	0.02933536	0.03365914	
1105.8	0.0288782	0.03365765	
1106	0.02785326	0.03365616	
1106.2	0.02902767	0.03365466	
1106.4	0.0294985	0.03365317	
1106.6	0.02972015	0.03365167	
1106.8	0.03002556	0.03365018	
1107	0.02974337	0.03364869	
1107.2	0.02915227	0.03364719	
1107.4	0.02898464	0.0336457	
1107.6	0.02848352	0.0336442	
1107.8	0.02842138	0.03364271	
1108	0.02805041	0.03364122	
1108.2	0.02721541	0.03363972	
1108.4	0.02751133	0.03363823	
1108.6	0.02855584	0.03363674	
1108.8	0.02907106	0.03363524	
1109	0.0297928	0.03363375	
1109.2	0.02922958	0.03363226	
1109.4	0.02848607	0.03363076	
1109.6	0.02812584	0.03362927	
1109.8	0.02802733	0.03362778	
1110	0.02778401	0.03362628	
1110.2	0.02894882	0.03362479	
1110.4	0.02897415	0.0336233	
1110.6	0.02950054	0.03362181	
1110.8	0.02998057	0.03362031	
1111	0.02944836	0.03361882	
1111.2	0.02894839	0.03361733	
1111.4	0.02956296	0.03361584	
1111.6	0.02934521	0.03361434	
1111.8	0.03003632	0.03361285	
1112	0.03010404	0.03361136	
1112.2	0.03033296	0.03360987	
1112.4	0.03088558	0.03360837	
1112.6	0.03111575	0.03360688	
1112.8	0.03054898	0.03360539	
1113	0.03009075	0.0336039	
1113.2	0.0291567	0.03360241	
1113.4	0.02872639	0.03360091	
1113.6	0.02868442	0.03359942	
1113.8	0.02883419	0.03359793	
1114	0.0291721	0.03359644	
1114.2	0.03021044	0.03359495	
1114.4	0.03139907	0.03359346	
1114.6	0.032305	0.03359196	
1114.8	0.03257946	0.03359047	
1115	0.03284085	0.03358898	
1115.2	0.0336408	0.03358749	
1115.4	0.03487786	0.033586	
1115.6	0.03490108	0.03358451	
1115.8	0.03491003	0.03358302	
1116	0.03486922	0.03358153	
1116.2	0.03507602	0.03358004	
1116.4	0.03515505	0.03357854	
1116.6	0.03401808	0.03357705	
1116.8	0.03335753	0.03357556	
1117	0.03367779	0.03357407	
1117.2	0.03281739	0.03357258	
1117.4	0.03257813	0.03357109	
1117.6	0.03192128	0.0335696	
1117.8	0.03167585	0.03356811	
1118	0.03123122	0.03356662	
1118.2	0.0312905	0.03356513	
1118.4	0.03164993	0.03356364	
1118.6	0.03152886	0.03356215	
1118.8	0.03080731	0.03356066	
1119	0.0308046	0.03355917	
1119.2	0.02989867	0.03355768	
1119.4	0.02954048	0.03355619	
1119.6	0.02948904	0.0335547	
1119.8	0.02945338	0.03355321	
1120	0.02991056	0.03355172	
1120.2	0.02997625	0.03355023	
1120.4	0.03002926	0.03354874	
1120.6	0.02966635	0.03354725	
1120.8	0.03014414	0.03354576	
1121	0.03162392	0.03354427	
1121.2	0.03177893	0.03354278	
1121.4	0.03216296	0.0335413	
1121.6	0.0313033	0.03353981	
1121.8	0.03162083	0.03353832	
1122	0.03184002	0.03353683	
1122.2	0.0326283	0.03353534	
1122.4	0.03257868	0.03353385	
1122.6	0.0326092	0.03353236	
1122.8	0.03208708	0.03353087	
1123	0.03185218	0.03352938	
1123.2	0.03172406	0.0335279	
1123.4	0.03167976	0.03352641	
1123.6	0.03236457	0.03352492	
1123.8	0.03234429	0.03352343	
1124	0.03133569	0.03352194	
1124.2	0.03107958	0.03352045	
1124.4	0.03147084	0.03351897	
1124.6	0.03164297	0.03351748	
1124.8	0.03121209	0.03351599	
1125	0.03179027	0.0335145	
1125.2	0.03173588	0.03351301	
1125.4	0.03164149	0.03351153	
1125.6	0.0309429	0.03351004	
1125.8	0.03129787	0.03350855	
1126	0.03106205	0.03350706	
1126.2	0.03035976	0.03350557	
1126.4	0.03038366	0.03350409	
1126.6	0.03065245	0.0335026	
1126.8	0.03075146	0.03350111	
1127	0.03073274	0.03349962	
1127.2	0.03103378	0.03349814	
1127.4	0.03129398	0.03349665	
1127.6	0.03104185	0.03349516	
1127.8	0.03043855	0.03349368	
1128	0.02991261	0.03349219	
1128.2	0.03058265	0.0334907	
1128.4	0.029933	0.03348922	
1128.6	0.02999172	0.03348773	
1128.8	0.02930913	0.03348624	
1129	0.0300909	0.03348476	
1129.2	0.03034544	0.03348327	
1129.4	0.0300897	0.03348178	
1129.6	0.029361	0.0334803	
1129.8	0.02895785	0.03347881	
1130	0.02794991	0.03347732	
1130.2	0.02770864	0.03347584	
1130.4	0.02783217	0.03347435	
1130.6	0.02868398	0.03347286	
1130.8	0.02949125	0.03347138	
1131	0.02980192	0.03346989	
1131.2	0.02986013	0.03346841	
1131.4	0.03050668	0.03346692	
1131.6	0.03047694	0.03346543	
1131.8	0.03030578	0.03346395	
1132	0.0307709	0.03346246	
1132.2	0.03064794	0.03346098	
1132.4	0.03077975	0.03345949	
1132.6	0.03204614	0.03345801	
1132.8	0.03263476	0.03345652	
1133	0.03297944	0.03345504	
1133.2	0.03290718	0.03345355	
1133.4	0.03317148	0.03345206	
1133.6	0.03261557	0.03345058	
1133.8	0.0326027	0.03344909	
1134	0.03296438	0.03344761	
1134.2	0.03387454	0.03344612	
1134.4	0.03424708	0.03344464	
1134.6	0.03519513	0.03344315	
1134.8	0.03509334	0.03344167	
1135	0.03476961	0.03344019	
1135.2	0.0351387	0.0334387	
1135.4	0.03572696	0.03343722	
1135.6	0.03487343	0.03343573	
1135.8	0.03352586	0.03343425	
1136	0.03359156	0.03343276	
1136.2	0.03330662	0.03343128	
1136.4	0.0333399	0.03342979	
1136.6	0.03294563	0.03342831	
1136.8	0.03308011	0.03342683	
1137	0.03251614	0.03342534	
1137.2	0.03254357	0.03342386	
1137.4	0.03326068	0.03342237	
1137.6	0.03270311	0.03342089	
1137.8	0.03314077	0.03341941	
1138	0.03375127	0.03341792	
1138.2	0.03418903	0.03341644	
1138.4	0.03393846	0.03341496	
1138.6	0.0328569	0.03341347	
1138.8	0.03286871	0.03341199	
1139	0.03257	0.03341051	
1139.2	0.0327651	0.03340902	
1139.4	0.03201058	0.03340754	
1139.6	0.03088436	0.03340606	
1139.8	0.03024908	0.03340457	
1140	0.03039682	0.03340309	
1140.2	0.02905355	0.03340161	
1140.4	0.02792975	0.03340012	
1140.6	0.0274656	0.03339864	
1140.8	0.02730727	0.03339716	
1141	0.02678204	0.03339568	
1141.2	0.02661648	0.03339419	
1141.4	0.02692406	0.03339271	
1141.6	0.02696889	0.03339123	
1141.8	0.0266311	0.03338975	
1142	0.02712471	0.03338826	
1142.2	0.02799993	0.03338678	
1142.4	0.02833791	0.0333853	
1142.6	0.02908932	0.03338382	
1142.8	0.02980864	0.03338233	
1143	0.03103784	0.03338085	
1143.2	0.03099983	0.03337937	
1143.4	0.0314525	0.03337789	
1143.6	0.03205301	0.03337641	
1143.8	0.0328146	0.03337492	
1144	0.03288513	0.03337344	
1144.2	0.03234746	0.03337196	
1144.4	0.03230613	0.03337048	
1144.6	0.03235398	0.033369	
1144.8	0.0321606	0.03336752	
1145	0.03237256	0.03336603	
1145.2	0.03234217	0.03336455	
1145.4	0.03302491	0.03336307	
1145.6	0.03288749	0.03336159	
1145.8	0.03292658	0.03336011	
1146	0.0338657	0.03335863	
1146.2	0.03363691	0.03335715	
1146.4	0.0341337	0.03335567	
1146.6	0.03349718	0.03335419	
1146.8	0.03261895	0.03335271	
1147	0.03355102	0.03335122	
1147.2	0.03157224	0.03334974	
1147.4	0.03194194	0.03334826	
1147.6	0.03112283	0.03334678	
1147.8	0.03068202	0.0333453	
1148	0.0300137	0.03334382	
1148.2	0.03016511	0.03334234	
1148.4	0.0290766	0.03334086	
1148.6	0.02927982	0.03333938	
1148.8	0.02907234	0.0333379	
1149	0.02973704	0.03333642	
1149.2	0.03036226	0.03333494	
1149.4	0.03120001	0.03333346	
1149.6	0.03156787	0.03333198	
1149.8	0.03227519	0.0333305	
1150	0.03237378	0.03332902	
1150.2	0.03221935	0.03332754	
1150.4	0.03276784	0.03332606	
1150.6	0.03265131	0.03332458	
1150.8	0.03323256	0.0333231	
1151	0.03409912	0.03332162	
1151.2	0.0330682	0.03332014	
1151.4	0.03324308	0.03331866	
1151.6	0.0330118	0.03331719	
1151.8	0.0334554	0.03331571	
1152	0.03347109	0.03331423	
1152.2	0.03377579	0.03331275	
1152.4	0.0329016	0.03331127	
1152.6	0.03406357	0.03330979	
1152.8	0.03378101	0.03330831	
1153	0.03517345	0.03330683	
1153.2	0.03521386	0.03330535	
1153.4	0.03441569	0.03330388	
1153.6	0.03456514	0.0333024	
1153.8	0.03482503	0.03330092	
1154	0.03440878	0.03329944	
1154.2	0.0339077	0.03329796	
1154.4	0.03396565	0.03329648	
1154.6	0.03444535	0.033295	
1154.8	0.0345043	0.03329353	
1155	0.03427776	0.03329205	
1155.2	0.03354927	0.03329057	
1155.4	0.03331473	0.03328909	
1155.6	0.03286344	0.03328761	
1155.8	0.03215554	0.03328614	
1156	0.03189159	0.03328466	
1156.2	0.03216819	0.03328318	
1156.4	0.0316243	0.0332817	
1156.6	0.03177775	0.03328023	
1156.8	0.03142872	0.03327875	
1157	0.03222726	0.03327727	
1157.2	0.03177941	0.03327579	
1157.4	0.03209915	0.03327432	
1157.6	0.03307749	0.03327284	
1157.8	0.03322914	0.03327136	
1158	0.03249464	0.03326988	
1158.2	0.03189431	0.03326841	
1158.4	0.03226407	0.03326693	
1158.6	0.03290859	0.03326545	
1158.8	0.03277232	0.03326398	
1159	0.03141315	0.0332625	
1159.2	0.03107669	0.03326102	
1159.4	0.03059356	0.03325955	
1159.6	0.0313887	0.03325807	
1159.8	0.03097818	0.03325659	
1160	0.03102132	0.03325512	
1160.2	0.03061188	0.03325364	
1160.4	0.03123319	0.03325216	
1160.6	0.03172734	0.03325069	
1160.8	0.0322626	0.03324921	
1161	0.03309273	0.03324774	
1161.2	0.03371145	0.03324626	
1161.4	0.03381338	0.03324478	
1161.6	0.03446567	0.03324331	
1161.8	0.03425861	0.03324183	
1162	0.03442183	0.03324036	
1162.2	0.03402309	0.03323888	
1162.4	0.03459156	0.0332374	
1162.6	0.03503934	0.03323593	
1162.8	0.03426056	0.03323445	
1163	0.03394683	0.03323298	
1163.2	0.03407219	0.0332315	
1163.4	0.03481449	0.03323003	
1163.6	0.03548547	0.03322855	
1163.8	0.03463386	0.03322708	
1164	0.03478583	0.0332256	
1164.2	0.03482638	0.03322413	
1164.4	0.03578627	0.03322265	
1164.6	0.03521662	0.03322118	
1164.8	0.03423601	0.0332197	
1165	0.03400296	0.03321823	
1165.2	0.03368461	0.03321675	
1165.4	0.03329829	0.03321528	
1165.6	0.03252332	0.0332138	
1165.8	0.03143356	0.03321233	
1166	0.03116097	0.03321085	
1166.2	0.03044999	0.03320938	
1166.4	0.03048858	0.0332079	
1166.6	0.03021588	0.03320643	
1166.8	0.02994384	0.03320496	
1167	0.03066336	0.03320348	
1167.2	0.0304202	0.03320201	
1167.4	0.03071857	0.03320053	
1167.6	0.03059374	0.03319906	
1167.8	0.03155154	0.03319759	
1168	0.03223935	0.03319611	
1168.2	0.03317583	0.03319464	
1168.4	0.03263309	0.03319316	
1168.6	0.03279898	0.03319169	
1168.8	0.0324522	0.03319022	
1169	0.03266757	0.03318874	
1169.2	0.03242478	0.03318727	
1169.4	0.03217363	0.0331858	
1169.6	0.0320676	0.03318432	
1169.8	0.03315887	0.03318285	
1170	0.03360678	0.03318138	
1170.2	0.03306102	0.0331799	
1170.4	0.0329183	0.03317843	
1170.6	0.03243368	0.03317696	
1170.8	0.0332507	0.03317548	
1171	0.03387975	0.03317401	
1171.2	0.03288724	0.03317254	
1171.4	0.0324072	0.03317107	
1171.6	0.03238176	0.03316959	
1171.8	0.03248523	0.03316812	
1172	0.03158604	0.03316665	
1172.2	0.03077121	0.03316518	
1172.4	0.02997431	0.0331637	
1172.6	0.03070445	0.03316223	
1172.8	0.02963699	0.03316076	
1173	0.02900428	0.03315929	
1173.2	0.02883319	0.03315781	
1173.4	0.0289787	0.03315634	
1173.6	0.02886963	0.03315487	
1173.8	0.02845521	0.0331534	
1174	0.02768712	0.03315193	
1174.2	0.0273901	0.03315045	
1174.4	0.0274276	0.03314898	
1174.6	0.0282261	0.03314751	
1174.8	0.02988629	0.03314604	
1175	0.02993655	0.03314457	
1175.2	0.03026587	0.0331431	
1175.4	0.03095155	0.03314162	
1175.6	0.03171035	0.03314015	
1175.8	0.03222927	0.03313868	
1176	0.03242788	0.03313721	
1176.2	0.03311059	0.03313574	
1176.4	0.03342694	0.03313427	
1176.6	0.03395536	0.0331328	
1176.8	0.03379169	0.03313133	
1177	0.03365041	0.03312986	
1177.2	0.03387269	0.03312838	
1177.4	0.03361263	0.03312691	
1177.6	0.03224975	0.03312544	
1177.8	0.0319693	0.03312397	
1178	0.03114048	0.0331225	
1178.2	0.0307085	0.03312103	
1178.4	0.03029716	0.03311956	
1178.6	0.03136246	0.03311809	
1178.8	0.03150379	0.03311662	
1179	0.03153527	0.03311515	
1179.2	0.03208263	0.03311368	
1179.4	0.03233123	0.03311221	
1179.6	0.032402	0.03311074	
1179.8	0.03261346	0.03310927	
1180	0.03230257	0.0331078	
1180.2	0.03288287	0.03310633	
1180.4	0.03257676	0.03310486	
1180.6	0.03327963	0.03310339	
1180.8	0.03345129	0.03310192	
1181	0.03325781	0.03310045	
1181.2	0.03292993	0.03309898	
1181.4	0.03305539	0.03309751	
1181.6	0.03253628	0.03309604	
1181.8	0.03213688	0.03309457	
1182	0.03175557	0.0330931	
1182.2	0.03229706	0.03309163	
1182.4	0.03261546	0.03309017	
1182.6	0.03330172	0.0330887	
1182.8	0.03266244	0.03308723	
1183	0.03306695	0.03308576	
1183.2	0.03259813	0.03308429	
1183.4	0.03232913	0.03308282	
1183.6	0.03280037	0.03308135	
1183.8	0.03355273	0.03307988	
1184	0.03309222	0.03307841	
1184.2	0.03259497	0.03307695	
1184.4	0.03174483	0.03307548	
1184.6	0.03095132	0.03307401	
1184.8	0.03098143	0.03307254	
1185	0.02988544	0.03307107	
1185.2	0.02949399	0.0330696	
1185.4	0.03034538	0.03306814	
1185.6	0.03024338	0.03306667	
1185.8	0.02986825	0.0330652	
1186	0.03044631	0.03306373	
1186.2	0.03125475	0.03306226	
1186.4	0.03108999	0.0330608	
1186.6	0.03086344	0.03305933	
1186.8	0.0306647	0.03305786	
1187	0.03106529	0.03305639	
1187.2	0.03073259	0.03305493	
1187.4	0.03210747	0.03305346	
1187.6	0.03294873	0.03305199	
1187.8	0.03276791	0.03305052	
1188	0.0312697	0.03304906	
1188.2	0.02989335	0.03304759	
1188.4	0.03017155	0.03304612	
1188.6	0.02978757	0.03304465	
1188.8	0.03018332	0.03304319	
1189	0.02951731	0.03304172	
1189.2	0.03074786	0.03304025	
1189.4	0.03096098	0.03303879	
1189.6	0.03100202	0.03303732	
1189.8	0.03123761	0.03303585	
1190	0.03164731	0.03303439	
1190.2	0.03218513	0.03303292	
1190.4	0.03156678	0.03303145	
1190.6	0.03106793	0.03302999	
1190.8	0.0317691	0.03302852	
1191	0.031624	0.03302705	
1191.2	0.03118981	0.03302559	
1191.4	0.03149713	0.03302412	
1191.6	0.03100743	0.03302265	
1191.8	0.03055742	0.03302119	
1192	0.02968641	0.03301972	
1192.2	0.03012623	0.03301826	
1192.4	0.03097817	0.03301679	
1192.6	0.03113128	0.03301533	
1192.8	0.03142136	0.03301386	
1193	0.03208687	0.03301239	
1193.2	0.03251905	0.03301093	
1193.4	0.03257479	0.03300946	
1193.6	0.03286225	0.033008	
1193.8	0.03282987	0.03300653	
1194	0.03280281	0.03300507	
1194.2	0.03332959	0.0330036	
1194.4	0.03312057	0.03300214	
1194.6	0.03371339	0.03300067	
1194.8	0.0340423	0.03299921	
1195	0.03363945	0.03299774	
1195.2	0.03299272	0.03299628	
1195.4	0.0332301	0.03299481	
1195.6	0.03352362	0.03299335	
1195.8	0.03354112	0.03299188	
1196	0.03396546	0.03299042	
1196.2	0.03401221	0.03298895	
1196.4	0.03328158	0.03298749	
1196.6	0.03340919	0.03298602	
1196.8	0.03317613	0.03298456	
1197	0.03260918	0.03298309	
1197.2	0.03130764	0.03298163	
1197.4	0.03094475	0.03298016	
1197.6	0.02951801	0.0329787	
1197.8	0.02942843	0.03297724	
1198	0.02969682	0.03297577	
1198.2	0.02946416	0.03297431	
1198.4	0.02944143	0.03297284	
1198.6	0.02981942	0.03297138	
1198.8	0.03029015	0.03296992	
1199	0.03082866	0.03296845	
1199.2	0.03131387	0.03296699	
1199.4	0.03208583	0.03296553	
1199.6	0.03168036	0.03296406	
1199.8	0.03205008	0.0329626	
1200	0.03245092	0.03296114	
1200.2	0.03262548	0.03295967	
1200.4	0.0325635	0.03295821	
1200.6	0.03207357	0.03295675	
1200.8	0.0315131	0.03295528	
1201	0.03097671	0.03295382	
1201.2	0.03028093	0.03295236	
1201.4	0.0303834	0.03295089	
1201.6	0.03011348	0.03294943	
1201.8	0.03076307	0.03294797	
1202	0.02983232	0.0329465	
1202.2	0.02957444	0.03294504	
1202.4	0.03041221	0.03294358	
1202.6	0.03037953	0.03294212	
1202.8	0.03134592	0.03294065	
1203	0.03132399	0.03293919	
1203.2	0.03166538	0.03293773	
1203.4	0.03168922	0.03293627	
1203.6	0.03089676	0.0329348	
1203.8	0.03176042	0.03293334	
1204	0.03188755	0.03293188	
1204.2	0.03279539	0.03293042	
1204.4	0.03161308	0.03292896	
1204.6	0.03123727	0.03292749	
1204.8	0.03181516	0.03292603	
1205	0.03100016	0.03292457	
1205.2	0.03059975	0.03292311	
1205.4	0.03079035	0.03292165	
1205.6	0.02992465	0.03292019	
1205.8	0.02982028	0.03291872	
1206	0.02912816	0.03291726	
1206.2	0.0294066	0.0329158	
1206.4	0.03019385	0.03291434	
1206.6	0.02955023	0.03291288	
1206.8	0.02985306	0.03291142	
1207	0.03016164	0.03290996	
1207.2	0.03079119	0.03290849	
1207.4	0.03131584	0.03290703	
1207.6	0.03138923	0.03290557	
1207.8	0.03234044	0.03290411	
1208	0.0319417	0.03290265	
1208.2	0.03276613	0.03290119	
1208.4	0.03233098	0.03289973	
1208.6	0.0325642	0.03289827	
1208.8	0.03198397	0.03289681	
1209	0.03116883	0.03289535	
1209.2	0.03152277	0.03289389	
1209.4	0.0317849	0.03289243	
1209.6	0.0313002	0.03289097	
1209.8	0.03212315	0.03288951	
1210	0.03246652	0.03288805	
1210.2	0.03215292	0.03288659	
1210.4	0.03323479	0.03288513	
1210.6	0.03310943	0.03288367	
1210.8	0.0335933	0.03288221	
1211	0.03363359	0.03288075	
1211.2	0.0345085	0.03287929	
1211.4	0.03423721	0.03287783	
1211.6	0.03382005	0.03287637	
1211.8	0.03327205	0.03287491	
1212	0.03288048	0.03287345	
1212.2	0.03266497	0.03287199	
1212.4	0.0312575	0.03287053	
1212.6	0.03107735	0.03286907	
1212.8	0.02973943	0.03286761	
1213	0.02940216	0.03286615	
1213.2	0.02912365	0.03286469	
1213.4	0.02940726	0.03286323	
1213.6	0.02908365	0.03286177	
1213.8	0.02944133	0.03286032	
1214	0.02971473	0.03285886	
1214.2	0.0297209	0.0328574	
1214.4	0.03088287	0.03285594	
1214.6	0.03131604	0.03285448	
1214.8	0.03181809	0.03285302	
1215	0.03180436	0.03285156	
1215.2	0.03228132	0.0328501	
1215.4	0.03198477	0.03284865	
1215.6	0.03191586	0.03284719	
1215.8	0.03184622	0.03284573	
1216	0.03067857	0.03284427	
1216.2	0.02937595	0.03284281	
1216.4	0.02825655	0.03284135	
1216.6	0.02915877	0.0328399	
1216.8	0.02814641	0.03283844	
1217	0.02890849	0.03283698	
1217.2	0.02870723	0.03283552	
1217.4	0.0298656	0.03283407	
1217.6	0.03053411	0.03283261	
1217.8	0.0315004	0.03283115	
1218	0.03206191	0.03282969	
1218.2	0.03242294	0.03282823	
1218.4	0.03289163	0.03282678	
1218.6	0.03403221	0.03282532	
1218.8	0.03467844	0.03282386	
1219	0.03408595	0.03282241	
1219.2	0.03409386	0.03282095	
1219.4	0.03430216	0.03281949	
1219.6	0.03364016	0.03281803	
1219.8	0.03303955	0.03281658	
1220	0.03169025	0.03281512	
1220.2	0.03186619	0.03281366	
1220.4	0.0313486	0.03281221	
1220.6	0.0319847	0.03281075	
1220.8	0.03249927	0.03280929	
1221	0.03285166	0.03280784	
1221.2	0.03181794	0.03280638	
1221.4	0.03165628	0.03280492	
1221.6	0.0308306	0.03280347	
1221.8	0.02945422	0.03280201	
1222	0.02836406	0.03280055	
1222.2	0.02761191	0.0327991	
1222.4	0.02834183	0.03279764	
1222.6	0.0287742	0.03279619	
1222.8	0.02876923	0.03279473	
1223	0.0285877	0.03279327	
1223.2	0.02920665	0.03279182	
1223.4	0.03037123	0.03279036	
1223.6	0.0307183	0.03278891	
1223.8	0.03098164	0.03278745	
1224	0.03191439	0.03278599	
1224.2	0.03266429	0.03278454	
1224.4	0.03271523	0.03278308	
1224.6	0.03446717	0.03278163	
1224.8	0.03502823	0.03278017	
1225	0.03421592	0.03277872	
1225.2	0.03355349	0.03277726	
1225.4	0.03298212	0.03277581	
1225.6	0.03266945	0.03277435	
1225.8	0.03286124	0.0327729	
1226	0.03271542	0.03277144	
1226.2	0.03219909	0.03276999	
1226.4	0.03380218	0.03276853	
1226.6	0.03350483	0.03276708	
1226.8	0.03336831	0.03276562	
1227	0.03275104	0.03276417	
1227.2	0.03277142	0.03276271	
1227.4	0.03304924	0.03276126	
1227.6	0.03236533	0.0327598	
1227.8	0.0327497	0.03275835	
1228	0.03354641	0.0327569	
1228.2	0.03396507	0.03275544	
1228.4	0.03385429	0.03275399	
1228.6	0.03448946	0.03275253	
1228.8	0.03354086	0.03275108	
1229	0.0328817	0.03274962	
1229.2	0.03225807	0.03274817	
1229.4	0.03192039	0.03274672	
1229.6	0.03124033	0.03274526	
1229.8	0.03053985	0.03274381	
1230	0.03045786	0.03274236	
1230.2	0.02960291	0.0327409	
1230.4	0.0305278	0.03273945	
1230.6	0.0300755	0.03273799	
1230.8	0.02967251	0.03273654	
1231	0.02988675	0.03273509	
1231.2	0.03047888	0.03273363	
1231.4	0.03028848	0.03273218	
1231.6	0.0313438	0.03273073	
1231.8	0.03293237	0.03272927	
1232	0.03377115	0.03272782	
1232.2	0.03408865	0.03272637	
1232.4	0.03414995	0.03272492	
1232.6	0.03329433	0.03272346	
1232.8	0.03215944	0.03272201	
1233	0.03138369	0.03272056	
1233.2	0.03080816	0.0327191	
1233.4	0.03075907	0.03271765	
1233.6	0.0303398	0.0327162	
1233.8	0.03074996	0.03271475	
1234	0.03150798	0.03271329	
1234.2	0.03120009	0.03271184	
1234.4	0.03191531	0.03271039	
1234.6	0.03239678	0.03270894	
1234.8	0.03190803	0.03270749	
1235	0.031874	0.03270603	
1235.2	0.0319635	0.03270458	
1235.4	0.03228844	0.03270313	
1235.6	0.03355962	0.03270168	
1235.8	0.03352324	0.03270023	
1236	0.0326785	0.03269877	
1236.2	0.03185931	0.03269732	
1236.4	0.03147209	0.03269587	
1236.6	0.03004613	0.03269442	
1236.8	0.02958359	0.03269297	
1237	0.02897459	0.03269152	
1237.2	0.02927689	0.03269006	
1237.4	0.02928853	0.03268861	
1237.6	0.02923012	0.03268716	
1237.8	0.02917382	0.03268571	
1238	0.02888807	0.03268426	
1238.2	0.02975712	0.03268281	
1238.4	0.03028638	0.03268136	
1238.6	0.03016805	0.03267991	
1238.8	0.02987073	0.03267846	
1239	0.03027301	0.03267701	
1239.2	0.03156234	0.03267555	
1239.4	0.03247145	0.0326741	
1239.6	0.03337194	0.03267265	
1239.8	0.03234631	0.0326712	
1240	0.03290237	0.03266975	
1240.2	0.03295915	0.0326683	
1240.4	0.03304701	0.03266685	
1240.6	0.03317573	0.0326654	
1240.8	0.03314605	0.03266395	
1241	0.03251916	0.0326625	
1241.2	0.03277472	0.03266105	
1241.4	0.03253607	0.0326596	
1241.6	0.03234855	0.03265815	
1241.8	0.03221906	0.0326567	
1242	0.03127313	0.03265525	
1242.2	0.03238644	0.0326538	
1242.4	0.03186323	0.03265235	
1242.6	0.03106559	0.0326509	
1242.8	0.03144585	0.03264945	
1243	0.03204598	0.032648	
1243.2	0.0328461	0.03264655	
1243.4	0.03274147	0.0326451	
1243.6	0.03256943	0.03264365	
1243.8	0.03158335	0.0326422	
1244	0.03300316	0.03264076	
1244.2	0.03261954	0.03263931	
1244.4	0.03323658	0.03263786	
1244.6	0.03357201	0.03263641	
1244.8	0.03364034	0.03263496	
1245	0.03370106	0.03263351	
1245.2	0.03390146	0.03263206	
1245.4	0.03505834	0.03263061	
1245.6	0.03471365	0.03262916	
1245.8	0.03359056	0.03262772	
1246	0.03295737	0.03262627	
1246.2	0.03376069	0.03262482	
1246.4	0.03313905	0.03262337	
1246.6	0.03312324	0.03262192	
1246.8	0.0325397	0.03262047	
1247	0.03265486	0.03261903	
1247.2	0.03195125	0.03261758	
1247.4	0.03093675	0.03261613	
1247.6	0.03085274	0.03261468	
1247.8	0.03036875	0.03261323	
1248	0.03039351	0.03261179	
1248.2	0.03029547	0.03261034	
1248.4	0.02988494	0.03260889	
1248.6	0.03043469	0.03260744	
1248.8	0.03020572	0.03260599	
1249	0.02990367	0.03260455	
1249.2	0.02951765	0.0326031	
1249.4	0.0297056	0.03260165	
1249.6	0.02864378	0.0326002	
1249.8	0.02889337	0.03259876	
1250	0.02958375	0.03259731	
1250.2	0.02994561	0.03259586	
1250.4	0.03015011	0.03259442	
1250.6	0.03030697	0.03259297	
1250.8	0.02987135	0.03259152	
1251	0.03053447	0.03259007	
1251.2	0.03101543	0.03258863	
1251.4	0.03174889	0.03258718	
1251.6	0.03235474	0.03258573	
1251.8	0.03194806	0.03258429	
1252	0.03219569	0.03258284	
1252.2	0.03269263	0.03258139	
1252.4	0.03249267	0.03257995	
1252.6	0.03387964	0.0325785	
1252.8	0.03238885	0.03257705	
1253	0.03221385	0.03257561	
1253.2	0.03216566	0.03257416	
1253.4	0.03189488	0.03257272	
1253.6	0.03173912	0.03257127	
1253.8	0.03185482	0.03256982	
1254	0.03115579	0.03256838	
1254.2	0.03099165	0.03256693	
1254.4	0.03132346	0.03256549	
1254.6	0.03103653	0.03256404	
1254.8	0.03083786	0.03256259	
1255	0.03162438	0.03256115	
1255.2	0.03195407	0.0325597	
1255.4	0.03165498	0.03255826	
1255.6	0.03181356	0.03255681	
1255.8	0.03185451	0.03255537	
1256	0.03318074	0.03255392	
1256.2	0.03350948	0.03255248	
1256.4	0.03437088	0.03255103	
1256.6	0.03469753	0.03254959	
1256.8	0.03373871	0.03254814	
1257	0.03324726	0.0325467	
1257.2	0.03254776	0.03254525	
1257.4	0.03182251	0.03254381	
1257.6	0.03136984	0.03254236	
1257.8	0.03056517	0.03254092	
1258	0.03002691	0.03253947	
1258.2	0.03051351	0.03253803	
1258.4	0.03079759	0.03253658	
1258.6	0.03043154	0.03253514	
1258.8	0.0303719	0.03253369	
1259	0.02982347	0.03253225	
1259.2	0.03027992	0.0325308	
1259.4	0.03011871	0.03252936	
1259.6	0.03066604	0.03252792	
1259.8	0.03100523	0.03252647	
1260	0.0325642	0.03252503	
1260.2	0.03328763	0.03252358	
1260.4	0.03365847	0.03252214	
1260.6	0.03364273	0.0325207	
1260.8	0.03296511	0.03251925	
1261	0.03170912	0.03251781	
1261.2	0.03126575	0.03251636	
1261.4	0.03140186	0.03251492	
1261.6	0.03110721	0.03251348	
1261.8	0.03068669	0.03251203	
1262	0.03057644	0.03251059	
1262.2	0.03168136	0.03250915	
1262.4	0.0316594	0.0325077	
1262.6	0.0317514	0.03250626	
1262.8	0.03174785	0.03250482	
1263	0.03144477	0.03250337	
1263.2	0.0318936	0.03250193	
1263.4	0.03150439	0.03250049	
1263.6	0.03125532	0.03249905	
1263.8	0.03121909	0.0324976	
1264	0.03149099	0.03249616	
1264.2	0.0322622	0.03249472	
1264.4	0.03106585	0.03249327	
1264.6	0.03132115	0.03249183	
1264.8	0.03096548	0.03249039	
1265	0.03021343	0.03248895	
1265.2	0.02996685	0.0324875	
1265.4	0.02973398	0.03248606	
1265.6	0.02938824	0.03248462	
1265.8	0.0287061	0.03248318	
1266	0.02878625	0.03248174	
1266.2	0.02981456	0.03248029	
1266.4	0.03061224	0.03247885	
1266.6	0.03091264	0.03247741	
1266.8	0.03063839	0.03247597	
1267	0.03006479	0.03247453	
1267.2	0.03012885	0.03247308	
1267.4	0.03022431	0.03247164	
1267.6	0.02855033	0.0324702	
1267.8	0.0284798	0.03246876	
1268	0.02899333	0.03246732	
1268.2	0.03075625	0.03246588	
1268.4	0.03087278	0.03246444	
1268.6	0.032099	0.03246299	
1268.8	0.0321875	0.03246155	
1269	0.03193883	0.03246011	
1269.2	0.03144606	0.03245867	
1269.4	0.03034707	0.03245723	
1269.6	0.02987461	0.03245579	
1269.8	0.02920471	0.03245435	
1270	0.03036834	0.03245291	
1270.2	0.03100782	0.03245147	
1270.4	0.03141662	0.03245002	
1270.6	0.03158557	0.03244858	
1270.8	0.03196435	0.03244714	
1271	0.03151927	0.0324457	
1271.2	0.03192073	0.03244426	
1271.4	0.03177004	0.03244282	
1271.6	0.03116894	0.03244138	
1271.8	0.03231693	0.03243994	
1272	0.03356495	0.0324385	
1272.2	0.03451771	0.03243706	
1272.4	0.03469514	0.03243562	
1272.6	0.03534671	0.03243418	
1272.8	0.03441148	0.03243274	
1273	0.03437138	0.0324313	
1273.2	0.0328759	0.03242986	
1273.4	0.03231713	0.03242842	
1273.6	0.0318787	0.03242698	
1273.8	0.03190856	0.03242554	
1274	0.03194443	0.0324241	
1274.2	0.03102757	0.03242266	
1274.4	0.03058166	0.03242122	
1274.6	0.03120547	0.03241978	
1274.8	0.03150441	0.03241834	
1275	0.03125984	0.03241691	
1275.2	0.03189291	0.03241547	
1275.4	0.03135513	0.03241403	
1275.6	0.03097088	0.03241259	
1275.8	0.03093588	0.03241115	
1276	0.03081549	0.03240971	
1276.2	0.03100862	0.03240827	
1276.4	0.03105797	0.03240683	
1276.6	0.03136425	0.03240539	
1276.8	0.0309563	0.03240396	
1277	0.03148516	0.03240252	
1277.2	0.03148485	0.03240108	
1277.4	0.03147328	0.03239964	
1277.6	0.03088396	0.0323982	
1277.8	0.03040772	0.03239676	
1278	0.0289369	0.03239532	
1278.2	0.02844994	0.03239389	
1278.4	0.02874098	0.03239245	
1278.6	0.02970219	0.03239101	
1278.8	0.03026068	0.03238957	
1279	0.02998565	0.03238813	
1279.2	0.02958026	0.0323867	
1279.4	0.02967909	0.03238526	
1279.6	0.02982199	0.03238382	
1279.8	0.02939078	0.03238238	
1280	0.03043854	0.03238094	
1280.2	0.03068976	0.03237951	
1280.4	0.03079287	0.03237807	
1280.6	0.03072103	0.03237663	
1280.8	0.03132782	0.03237519	
1281	0.03123986	0.03237376	
1281.2	0.03117671	0.03237232	
1281.4	0.03109959	0.03237088	
1281.6	0.03129145	0.03236945	
1281.8	0.0308479	0.03236801	
1282	0.03020223	0.03236657	
1282.2	0.03049973	0.03236513	
1282.4	0.02984872	0.0323637	
1282.6	0.03027599	0.03236226	
1282.8	0.03033093	0.03236082	
1283	0.03015887	0.03235939	
1283.2	0.03058702	0.03235795	
1283.4	0.03141211	0.03235651	
1283.6	0.03190967	0.03235508	
1283.8	0.03213134	0.03235364	
1284	0.03292035	0.03235221	
1284.2	0.03313778	0.03235077	
1284.4	0.03298632	0.03234933	
1284.6	0.0326479	0.0323479	
1284.8	0.03356751	0.03234646	
1285	0.03325422	0.03234502	
1285.2	0.03307293	0.03234359	
1285.4	0.03318529	0.03234215	
1285.6	0.03349474	0.03234072	
1285.8	0.03234897	0.03233928	
1286	0.0309993	0.03233784	
1286.2	0.03006226	0.03233641	
1286.4	0.02979402	0.03233497	
1286.6	0.03037044	0.03233354	
1286.8	0.03008388	0.0323321	
1287	0.03038236	0.03233067	
1287.2	0.03047032	0.03232923	
1287.4	0.03074562	0.0323278	
1287.6	0.0322319	0.03232636	
1287.8	0.03179708	0.03232493	
1288	0.03187301	0.03232349	
1288.2	0.03183077	0.03232206	
1288.4	0.03165422	0.03232062	
1288.6	0.0323982	0.03231919	
1288.8	0.03278562	0.03231775	
1289	0.03230074	0.03231632	
1289.2	0.03220012	0.03231488	
1289.4	0.0323493	0.03231345	
1289.6	0.03235332	0.03231201	
1289.8	0.03194439	0.03231058	
1290	0.03133153	0.03230914	
1290.2	0.0318413	0.03230771	
1290.4	0.03242035	0.03230627	
1290.6	0.03236806	0.03230484	
1290.8	0.03203355	0.03230341	
1291	0.0319178	0.03230197	
1291.2	0.03105814	0.03230054	
1291.4	0.03072202	0.0322991	
1291.6	0.03094584	0.03229767	
1291.8	0.029623	0.03229624	
1292	0.03000693	0.0322948	
1292.2	0.02968023	0.03229337	
1292.4	0.03072965	0.03229193	
1292.6	0.03037691	0.0322905	
1292.8	0.03126519	0.03228907	
1293	0.03113802	0.03228763	
1293.2	0.0315129	0.0322862	
1293.4	0.03216687	0.03228477	
1293.6	0.03269186	0.03228333	
1293.8	0.0337973	0.0322819	
1294	0.03361246	0.03228047	
1294.2	0.03467029	0.03227903	
1294.4	0.03462548	0.0322776	
1294.6	0.034152	0.03227617	
1294.8	0.03358683	0.03227473	
1295	0.03393505	0.0322733	
1295.2	0.03332535	0.03227187	
1295.4	0.03292421	0.03227044	
1295.6	0.03322807	0.032269	
1295.8	0.03273775	0.03226757	
1296	0.03348043	0.03226614	
1296.2	0.03345917	0.03226471	
1296.4	0.03339465	0.03226327	
1296.6	0.03355916	0.03226184	
1296.8	0.03392558	0.03226041	
1297	0.0327674	0.03225898	
1297.2	0.03339201	0.03225754	
1297.4	0.03370435	0.03225611	
1297.6	0.03307226	0.03225468	
1297.8	0.03284437	0.03225325	
1298	0.03216155	0.03225182	
1298.2	0.03195316	0.03225038	
1298.4	0.03117496	0.03224895	
1298.6	0.0305059	0.03224752	
1298.8	0.03088085	0.03224609	
1299	0.03123708	0.03224466	
1299.2	0.03081679	0.03224323	
1299.4	0.03095165	0.03224179	
1299.6	0.03132168	0.03224036	
1299.8	0.03229258	0.03223893	
1300	0.03311657	0.0322375	
1300.2	0.03348958	0.03223607	
1300.4	0.03317251	0.03223464	
1300.6	0.03441512	0.03223321	
1300.8	0.03482472	0.03223178	
1301	0.03513289	0.03223034	
1301.2	0.03521291	0.03222891	
1301.4	0.03467203	0.03222748	
1301.6	0.03416573	0.03222605	
1301.8	0.03427887	0.03222462	
1302	0.03386803	0.03222319	
1302.2	0.0335827	0.03222176	
1302.4	0.03360404	0.03222033	
1302.6	0.03409897	0.0322189	
1302.8	0.03428109	0.03221747	
1303	0.0342059	0.03221604	
1303.2	0.03402958	0.03221461	
1303.4	0.03490118	0.03221318	
1303.6	0.03517594	0.03221175	
1303.8	0.03613517	0.03221032	
1304	0.03587237	0.03220889	
1304.2	0.03597655	0.03220746	
1304.4	0.03646647	0.03220603	
1304.6	0.03675463	0.0322046	
1304.8	0.03635483	0.03220317	
1305	0.03555156	0.03220174	
1305.2	0.03449915	0.03220031	
1305.4	0.03415931	0.03219888	
1305.6	0.03341422	0.03219745	
1305.8	0.03293648	0.03219602	
1306	0.03215019	0.03219459	
1306.2	0.03263182	0.03219316	
1306.4	0.03225969	0.03219173	
1306.6	0.03222409	0.0321903	
1306.8	0.03138391	0.03218887	
1307	0.03134967	0.03218744	
1307.2	0.03115035	0.03218602	
1307.4	0.03270543	0.03218459	
1307.6	0.03281109	0.03218316	
1307.8	0.03336001	0.03218173	
1308	0.03361197	0.0321803	
1308.2	0.03347042	0.03217887	
1308.4	0.03382102	0.03217744	
1308.6	0.03251446	0.03217601	
1308.8	0.03232141	0.03217459	
1309	0.03187836	0.03217316	
1309.2	0.03106297	0.03217173	
1309.4	0.03064153	0.0321703	
1309.6	0.03056823	0.03216887	
1309.8	0.03036285	0.03216744	
1310	0.03084959	0.03216602	
1310.2	0.03154325	0.03216459	
1310.4	0.03043463	0.03216316	
1310.6	0.03108307	0.03216173	
1310.8	0.03084759	0.0321603	
1311	0.03102203	0.03215888	
1311.2	0.03078461	0.03215745	
1311.4	0.03250741	0.03215602	
1311.6	0.03232161	0.03215459	
1311.8	0.03234706	0.03215317	
1312	0.03228294	0.03215174	
1312.2	0.03199891	0.03215031	
1312.4	0.03139335	0.03214888	
1312.6	0.0305941	0.03214746	
1312.8	0.03044186	0.03214603	
1313	0.03055646	0.0321446	
1313.2	0.03086583	0.03214317	
1313.4	0.03136133	0.03214175	
1313.6	0.03300744	0.03214032	
1313.8	0.03354391	0.03213889	
1314	0.03465115	0.03213747	
1314.2	0.03546226	0.03213604	
1314.4	0.03577098	0.03213461	
1314.6	0.03615546	0.03213319	
1314.8	0.03541738	0.03213176	
1315	0.03527926	0.03213033	
1315.2	0.03490829	0.03212891	
1315.4	0.03517744	0.03212748	
1315.6	0.03380855	0.03212605	
1315.8	0.03380561	0.03212463	
1316	0.03318739	0.0321232	
1316.2	0.03334827	0.03212178	
1316.4	0.03212002	0.03212035	
1316.6	0.03142644	0.03211892	
1316.8	0.03038684	0.0321175	
1317	0.02976904	0.03211607	
1317.2	0.02968035	0.03211465	
1317.4	0.029668	0.03211322	
1317.6	0.03025445	0.03211179	
1317.8	0.03000449	0.03211037	
1318	0.03038778	0.03210894	
1318.2	0.03136979	0.03210752	
1318.4	0.0310738	0.03210609	
1318.6	0.03027092	0.03210467	
1318.8	0.03024602	0.03210324	
1319	0.03037617	0.03210182	
1319.2	0.03006045	0.03210039	
1319.4	0.03012609	0.03209897	
1319.6	0.03025237	0.03209754	
1319.8	0.03112285	0.03209612	
1320	0.03147646	0.03209469	
1320.2	0.03174655	0.03209327	
1320.4	0.03093267	0.03209184	
1320.6	0.03104135	0.03209042	
1320.8	0.03054564	0.03208899	
1321	0.03035058	0.03208757	
1321.2	0.03046701	0.03208614	
1321.4	0.03022526	0.03208472	
1321.6	0.03066092	0.03208329	
1321.8	0.03160297	0.03208187	
1322	0.03222581	0.03208044	
1322.2	0.03313545	0.03207902	
1322.4	0.03336397	0.0320776	
1322.6	0.03302654	0.03207617	
1322.8	0.03325124	0.03207475	
1323	0.03242946	0.03207332	
1323.2	0.03155644	0.0320719	
1323.4	0.03145868	0.03207048	
1323.6	0.03164832	0.03206905	
1323.8	0.0311129	0.03206763	
1324	0.03061698	0.03206621	
1324.2	0.03073269	0.03206478	
1324.4	0.0305876	0.03206336	
1324.6	0.03008803	0.03206193	
1324.8	0.02971055	0.03206051	
1325	0.02946592	0.03205909	
1325.2	0.02955011	0.03205766	
1325.4	0.03078619	0.03205624	
1325.6	0.03219511	0.03205482	
1325.8	0.03333853	0.03205339	
1326	0.03418949	0.03205197	
1326.2	0.03454907	0.03205055	
1326.4	0.03508213	0.03204913	
1326.6	0.03471941	0.0320477	
1326.8	0.03517183	0.03204628	
1327	0.03477483	0.03204486	
1327.2	0.03397767	0.03204343	
1327.4	0.03420249	0.03204201	
1327.6	0.03353368	0.03204059	
1327.8	0.03260063	0.03203917	
1328	0.03331019	0.03203774	
1328.2	0.0334156	0.03203632	
1328.4	0.03214281	0.0320349	
1328.6	0.03159667	0.03203348	
1328.8	0.03209597	0.03203206	
1329	0.0319255	0.03203063	
1329.2	0.03258864	0.03202921	
1329.4	0.0325212	0.03202779	
1329.6	0.03229468	0.03202637	
1329.8	0.03232763	0.03202495	
1330	0.03204336	0.03202352	
1330.2	0.03165607	0.0320221	
1330.4	0.03191361	0.03202068	
1330.6	0.031615	0.03201926	
1330.8	0.03117009	0.03201784	
1331	0.03095129	0.03201642	
1331.2	0.02991273	0.03201499	
1331.4	0.03012095	0.03201357	
1331.6	0.02919544	0.03201215	
1331.8	0.03022495	0.03201073	
1332	0.03119728	0.03200931	
1332.2	0.02994896	0.03200789	
1332.4	0.02997471	0.03200647	
1332.6	0.03056156	0.03200505	
1332.8	0.03089528	0.03200363	
1333	0.03065996	0.0320022	
1333.2	0.03092125	0.03200078	
1333.4	0.03084916	0.03199936	
1333.6	0.03097762	0.03199794	
1333.8	0.03109615	0.03199652	
1334	0.03052694	0.0319951	
1334.2	0.03047978	0.03199368	
1334.4	0.03005906	0.03199226	
1334.6	0.0296376	0.03199084	
1334.8	0.02941625	0.03198942	
1335	0.02936271	0.031988	
1335.2	0.0281874	0.03198658	
1335.4	0.02859334	0.03198516	
1335.6	0.02927404	0.03198374	
1335.8	0.0300309	0.03198232	
1336	0.03056805	0.0319809	
1336.2	0.03046703	0.03197948	
1336.4	0.03160888	0.03197806	
1336.6	0.03239836	0.03197664	
1336.8	0.0324732	0.03197522	
1337	0.03383286	0.0319738	
1337.2	0.03456943	0.03197238	
1337.4	0.03504317	0.03197096	
1337.6	0.03381066	0.03196954	
1337.8	0.03361472	0.03196812	
1338	0.03254278	0.0319667	
1338.2	0.03202557	0.03196528	
1338.4	0.0318659	0.03196387	
1338.6	0.03115488	0.03196245	
1338.8	0.03031155	0.03196103	
1339	0.02972074	0.03195961	
1339.2	0.02995025	0.03195819	
1339.4	0.03041447	0.03195677	
1339.6	0.03014948	0.03195535	
1339.8	0.03039066	0.03195393	
1340	0.03231316	0.03195251	
1340.2	0.03255938	0.0319511	
1340.4	0.03379135	0.03194968	
1340.6	0.03398647	0.03194826	
1340.8	0.03466738	0.03194684	
1341	0.03529344	0.03194542	
1341.2	0.03483855	0.031944	
1341.4	0.03433348	0.03194259	
1341.6	0.03337921	0.03194117	
1341.8	0.03336486	0.03193975	
1342	0.0324809	0.03193833	
1342.2	0.03150001	0.03193691	
1342.4	0.03123343	0.0319355	
1342.6	0.03077863	0.03193408	
1342.8	0.02985542	0.03193266	
1343	0.02964758	0.03193124	
1343.2	0.02987497	0.03192982	
1343.4	0.02983203	0.03192841	
1343.6	0.02943326	0.03192699	
1343.8	0.03023132	0.03192557	
1344	0.03060575	0.03192415	
1344.2	0.03069267	0.03192274	
1344.4	0.03122722	0.03192132	
1344.6	0.03155257	0.0319199	
1344.8	0.03140729	0.03191849	
1345	0.03120344	0.03191707	
1345.2	0.03108544	0.03191565	
1345.4	0.03133701	0.03191423	
1345.6	0.03134681	0.03191282	
1345.8	0.03154477	0.0319114	
1346	0.03136141	0.03190998	
1346.2	0.03140309	0.03190857	
1346.4	0.03232714	0.03190715	
1346.6	0.0328109	0.03190573	
1346.8	0.03172302	0.03190432	
1347	0.0321433	0.0319029	
1347.2	0.03244721	0.03190149	
1347.4	0.03172373	0.03190007	
1347.6	0.03034416	0.03189865	
1347.8	0.02999294	0.03189724	
1348	0.02987616	0.03189582	
1348.2	0.03084681	0.0318944	
1348.4	0.03010266	0.03189299	
1348.6	0.03068613	0.03189157	
1348.8	0.03060711	0.03189016	
1349	0.03147395	0.03188874	
1349.2	0.03199769	0.03188732	
1349.4	0.03346875	0.03188591	
1349.6	0.03382979	0.03188449	
1349.8	0.03486239	0.03188308	
1350	0.03485286	0.03188166	
1350.2	0.03541519	0.03188025	
1350.4	0.03585766	0.03187883	
1350.6	0.03527417	0.03187742	
1350.8	0.03463166	0.031876	
1351	0.03473644	0.03187459	
1351.2	0.03391818	0.03187317	
1351.4	0.03346281	0.03187176	
1351.6	0.03313691	0.03187034	
1351.8	0.03290509	0.03186893	
1352	0.03305917	0.03186751	
1352.2	0.03316352	0.0318661	
1352.4	0.03199925	0.03186468	
1352.6	0.03279944	0.03186327	
1352.8	0.03270926	0.03186185	
1353	0.03277411	0.03186044	
1353.2	0.03215237	0.03185902	
1353.4	0.03210903	0.03185761	
1353.6	0.03170699	0.03185619	
1353.8	0.03191326	0.03185478	
1354	0.03176272	0.03185337	
1354.2	0.03238536	0.03185195	
1354.4	0.03339073	0.03185054	
1354.6	0.03256394	0.03184912	
1354.8	0.03311436	0.03184771	
1355	0.03355204	0.0318463	
1355.2	0.0335786	0.03184488	
1355.4	0.03426069	0.03184347	
1355.6	0.03383975	0.03184205	
1355.8	0.03386678	0.03184064	
1356	0.03416624	0.03183923	
1356.2	0.03427017	0.03183781	
1356.4	0.03325306	0.0318364	
1356.6	0.03324209	0.03183499	
1356.8	0.03317799	0.03183357	
1357	0.03346332	0.03183216	
1357.2	0.03211322	0.03183075	
1357.4	0.03218925	0.03182933	
1357.6	0.03214741	0.03182792	
1357.8	0.0319748	0.03182651	
1358	0.03207752	0.03182509	
1358.2	0.03220475	0.03182368	
1358.4	0.03204269	0.03182227	
1358.6	0.03054017	0.03182086	
1358.8	0.0315398	0.03181944	
1359	0.03098731	0.03181803	
1359.2	0.02996906	0.03181662	
1359.4	0.0297938	0.0318152	
1359.6	0.02914393	0.03181379	
1359.8	0.03020737	0.03181238	
1360	0.03065731	0.03181097	
1360.2	0.03101968	0.03180956	
1360.4	0.03054648	0.03180814	
1360.6	0.03144792	0.03180673	
1360.8	0.0315733	0.03180532	
1361	0.03113946	0.03180391	
1361.2	0.03044998	0.03180249	
1361.4	0.03024971	0.03180108	
1361.6	0.03008095	0.03179967	
1361.8	0.030206	0.03179826	
1362	0.03082781	0.03179685	
1362.2	0.03107552	0.03179544	
1362.4	0.03006883	0.03179402	
1362.6	0.03034428	0.03179261	
1362.8	0.03137198	0.0317912	
1363	0.03105775	0.03178979	
1363.2	0.03099771	0.03178838	
1363.4	0.03117988	0.03178697	
1363.6	0.03142024	0.03178556	
1363.8	0.03240998	0.03178414	
1364	0.03167042	0.03178273	
1364.2	0.03170571	0.03178132	
1364.4	0.0313019	0.03177991	
1364.6	0.03128703	0.0317785	
1364.8	0.03021912	0.03177709	
1365	0.03035989	0.03177568	
1365.2	0.03003249	0.03177427	
1365.4	0.02915612	0.03177286	
1365.6	0.02987567	0.03177145	
1365.8	0.03006944	0.03177004	
1366	0.03102859	0.03176863	
1366.2	0.03164007	0.03176722	
1366.4	0.03200714	0.03176581	
1366.6	0.03275068	0.03176439	
1366.8	0.03357657	0.03176298	
1367	0.03372812	0.03176157	
1367.2	0.03395667	0.03176016	
1367.4	0.03385249	0.03175875	
1367.6	0.03337153	0.03175734	
1367.8	0.03265659	0.03175593	
1368	0.03197801	0.03175452	
1368.2	0.03262673	0.03175311	
1368.4	0.0324585	0.0317517	
1368.6	0.03246084	0.0317503	
1368.8	0.03183319	0.03174889	
1369	0.03175697	0.03174748	
1369.2	0.03097913	0.03174607	
1369.4	0.03077236	0.03174466	
1369.6	0.03113753	0.03174325	
1369.8	0.03132769	0.03174184	
1370	0.0318369	0.03174043	
1370.2	0.03184604	0.03173902	
1370.4	0.0316679	0.03173761	
1370.6	0.03157908	0.0317362	
1370.8	0.03289302	0.03173479	
1371	0.03249866	0.03173338	
1371.2	0.03271675	0.03173198	
1371.4	0.03213234	0.03173057	
1371.6	0.03062728	0.03172916	
1371.8	0.0310321	0.03172775	
1372	0.03069379	0.03172634	
1372.2	0.03102098	0.03172493	
1372.4	0.03052713	0.03172352	
1372.6	0.03101489	0.03172212	
1372.8	0.03047657	0.03172071	
1373	0.03042139	0.0317193	
1373.2	0.03013545	0.03171789	
1373.4	0.02963118	0.03171648	
1373.6	0.02951846	0.03171507	
1373.8	0.02936967	0.03171367	
1374	0.02948261	0.03171226	
1374.2	0.02999424	0.03171085	
1374.4	0.03057747	0.03170944	
1374.6	0.03133211	0.03170803	
1374.8	0.03157926	0.03170663	
1375	0.03080094	0.03170522	
1375.2	0.03042297	0.03170381	
1375.4	0.03046777	0.0317024	
1375.6	0.0301163	0.031701	
1375.8	0.03061865	0.03169959	
1376	0.02976604	0.03169818	
1376.2	0.03041099	0.03169677	
1376.4	0.03051713	0.03169537	
1376.6	0.03093921	0.03169396	
1376.8	0.03073174	0.03169255	
1377	0.03118665	0.03169115	
1377.2	0.03072455	0.03168974	
1377.4	0.02977104	0.03168833	
1377.6	0.02963436	0.03168693	
1377.8	0.02962667	0.03168552	
1378	0.03039786	0.03168411	
1378.2	0.03030051	0.0316827	
1378.4	0.02948738	0.0316813	
1378.6	0.02839609	0.03167989	
1378.8	0.02809414	0.03167849	
1379	0.02818898	0.03167708	
1379.2	0.02770209	0.03167567	
1379.4	0.02833566	0.03167427	
1379.6	0.02878032	0.03167286	
1379.8	0.0288077	0.03167145	
1380	0.02982395	0.03167005	
1380.2	0.03051281	0.03166864	
1380.4	0.03098906	0.03166724	
1380.6	0.0323543	0.03166583	
1380.8	0.0328225	0.03166442	
1381	0.03287502	0.03166302	
1381.2	0.03331246	0.03166161	
1381.4	0.03322742	0.03166021	
1381.6	0.03388165	0.0316588	
1381.8	0.03348193	0.0316574	
1382	0.03419973	0.03165599	
1382.2	0.03347458	0.03165458	
1382.4	0.03234803	0.03165318	
1382.6	0.03127107	0.03165177	
1382.8	0.03070606	0.03165037	
1383	0.03050686	0.03164896	
1383.2	0.03087408	0.03164756	
1383.4	0.03093426	0.03164615	
1383.6	0.0317367	0.03164475	
1383.8	0.03100814	0.03164334	
1384	0.03090737	0.03164194	
1384.2	0.03015861	0.03164053	
1384.4	0.03019377	0.03163913	
1384.6	0.0307504	0.03163772	
1384.8	0.03055058	0.03163632	
1385	0.03128475	0.03163492	
1385.2	0.03209486	0.03163351	
1385.4	0.03233347	0.03163211	
1385.6	0.0327179	0.0316307	
1385.8	0.03270158	0.0316293	
1386	0.0336169	0.03162789	
1386.2	0.03315471	0.03162649	
1386.4	0.03265458	0.03162509	
1386.6	0.03268374	0.03162368	
1386.8	0.03369024	0.03162228	
1387	0.03496333	0.03162087	
1387.2	0.03566868	0.03161947	
1387.4	0.03544031	0.03161807	
1387.6	0.03476556	0.03161666	
1387.8	0.03403493	0.03161526	
1388	0.0331851	0.03161385	
1388.2	0.03227127	0.03161245	
1388.4	0.03196223	0.03161105	
1388.6	0.03111246	0.03160964	
1388.8	0.03104515	0.03160824	
1389	0.03085864	0.03160684	
1389.2	0.03104879	0.03160543	
1389.4	0.03205243	0.03160403	
1389.6	0.03179742	0.03160263	
1389.8	0.03113328	0.03160123	
1390	0.03127365	0.03159982	
1390.2	0.03143348	0.03159842	
1390.4	0.03164706	0.03159702	
1390.6	0.03307132	0.03159561	
1390.8	0.03368952	0.03159421	
1391	0.03332232	0.03159281	
1391.2	0.03353177	0.03159141	
1391.4	0.03367046	0.03159	
1391.6	0.03298245	0.0315886	
1391.8	0.03329473	0.0315872	
1392	0.03296894	0.0315858	
1392.2	0.03242522	0.03158439	
1392.4	0.03226402	0.03158299	
1392.6	0.03191858	0.03158159	
1392.8	0.03268578	0.03158019	
1393	0.03363572	0.03157878	
1393.2	0.0343643	0.03157738	
1393.4	0.03439799	0.03157598	
1393.6	0.03353504	0.03157458	
1393.8	0.03335034	0.03157318	
1394	0.03371775	0.03157178	
1394.2	0.03353526	0.03157037	
1394.4	0.03401281	0.03156897	
1394.6	0.03475892	0.03156757	
1394.8	0.03340664	0.03156617	
1395	0.03304251	0.03156477	
1395.2	0.03334953	0.03156337	
1395.4	0.03358748	0.03156197	
1395.6	0.03327749	0.03156056	
1395.8	0.03320886	0.03155916	
1396	0.03365031	0.03155776	
1396.2	0.03304349	0.03155636	
1396.4	0.03339738	0.03155496	
1396.6	0.03283827	0.03155356	
1396.8	0.03344968	0.03155216	
1397	0.0333763	0.03155076	
1397.2	0.0315735	0.03154936	
1397.4	0.03092966	0.03154796	
1397.6	0.03009731	0.03154655	
1397.8	0.03017329	0.03154515	
1398	0.02902635	0.03154375	
1398.2	0.02890783	0.03154235	
1398.4	0.02858792	0.03154095	
1398.6	0.02892529	0.03153955	
1398.8	0.02838511	0.03153815	
1399	0.02957705	0.03153675	
1399.2	0.02933812	0.03153535	
1399.4	0.02942478	0.03153395	
1399.6	0.02995506	0.03153255	
1399.8	0.03131141	0.03153115	
1400	0.03229542	0.03152975	
1400.2	0.03253775	0.03152835	
1400.4	0.0319628	0.03152695	
1400.6	0.03121986	0.03152555	
1400.8	0.03181868	0.03152415	
1401	0.03080323	0.03152275	
1401.2	0.0305062	0.03152135	
1401.4	0.03067588	0.03151995	
1401.6	0.03057582	0.03151856	
1401.8	0.03098633	0.03151716	
1402	0.03112867	0.03151576	
1402.2	0.03141448	0.03151436	
1402.4	0.03139131	0.03151296	
1402.6	0.03206879	0.03151156	
1402.8	0.03104208	0.03151016	
1403	0.03090432	0.03150876	
1403.2	0.02956879	0.03150736	
1403.4	0.02992907	0.03150596	
1403.6	0.0304358	0.03150457	
1403.8	0.03092819	0.03150317	
1404	0.03098221	0.03150177	
1404.2	0.03110732	0.03150037	
1404.4	0.03030098	0.03149897	
1404.6	0.03107913	0.03149757	
1404.8	0.03177374	0.03149617	
1405	0.03154659	0.03149478	
1405.2	0.03209557	0.03149338	
1405.4	0.0322651	0.03149198	
1405.6	0.03362222	0.03149058	
1405.8	0.03370614	0.03148918	
1406	0.03407756	0.03148778	
1406.2	0.03311927	0.03148639	
1406.4	0.0329103	0.03148499	
1406.6	0.03213097	0.03148359	
1406.8	0.0299701	0.03148219	
1407	0.02881921	0.0314808	
1407.2	0.02732898	0.0314794	
1407.4	0.02762059	0.031478	
1407.6	0.02653606	0.0314766	
1407.8	0.02696314	0.03147521	
1408	0.02736613	0.03147381	
1408.2	0.02675658	0.03147241	
1408.4	0.02680025	0.03147101	
1408.6	0.02771319	0.03146962	
1408.8	0.0286129	0.03146822	
1409	0.02839436	0.03146682	
1409.2	0.02939184	0.03146543	
1409.4	0.02988572	0.03146403	
1409.6	0.03024468	0.03146263	
1409.8	0.02986703	0.03146123	
1410	0.03047241	0.03145984	
1410.2	0.03089201	0.03145844	
1410.4	0.03101467	0.03145704	
1410.6	0.03006453	0.03145565	
1410.8	0.02944192	0.03145425	
1411	0.02945617	0.03145285	
1411.2	0.02960491	0.03145146	
1411.4	0.02969461	0.03145006	
1411.6	0.02878085	0.03144867	
1411.8	0.02889521	0.03144727	
1412	0.02845502	0.03144587	
1412.2	0.02791558	0.03144448	
1412.4	0.02871085	0.03144308	
1412.6	0.0290368	0.03144169	
1412.8	0.02949144	0.03144029	
1413	0.02919754	0.03143889	
1413.2	0.02993532	0.0314375	
1413.4	0.02969114	0.0314361	
1413.6	0.02927015	0.03143471	
1413.8	0.0300305	0.03143331	
1414	0.03119462	0.03143192	
1414.2	0.03174531	0.03143052	
1414.4	0.03140337	0.03142912	
1414.6	0.03176881	0.03142773	
1414.8	0.03227357	0.03142633	
1415	0.03225526	0.03142494	
1415.2	0.0322323	0.03142354	
1415.4	0.03230181	0.03142215	
1415.6	0.03222337	0.03142075	
1415.8	0.03185669	0.03141936	
1416	0.03188738	0.03141796	
1416.2	0.03178379	0.03141657	
1416.4	0.03167234	0.03141517	
1416.6	0.0314911	0.03141378	
1416.8	0.03236397	0.03141238	
1417	0.03199047	0.03141099	
1417.2	0.03212499	0.0314096	
1417.4	0.03221303	0.0314082	
1417.6	0.03189271	0.03140681	
1417.8	0.03223369	0.03140541	
1418	0.03218173	0.03140402	
1418.2	0.03244929	0.03140262	
1418.4	0.03245021	0.03140123	
1418.6	0.03235108	0.03139984	
1418.8	0.03149692	0.03139844	
1419	0.03205336	0.03139705	
1419.2	0.03202788	0.03139565	
1419.4	0.03165183	0.03139426	
1419.6	0.03059873	0.03139287	
1419.8	0.02998001	0.03139147	
1420	0.02895321	0.03139008	
1420.2	0.02877619	0.03138868	
1420.4	0.02832218	0.03138729	
1420.6	0.02882724	0.0313859	
1420.8	0.02999117	0.0313845	
1421	0.02962621	0.03138311	
1421.2	0.03050155	0.03138172	
1421.4	0.03109984	0.03138032	
1421.6	0.03105399	0.03137893	
1421.8	0.03089494	0.03137754	
1422	0.031496	0.03137614	
1422.2	0.03261488	0.03137475	
1422.4	0.03229429	0.03137336	
1422.6	0.03184439	0.03137197	
1422.8	0.03277884	0.03137057	
1423	0.03349788	0.03136918	
1423.2	0.03328442	0.03136779	
1423.4	0.03259266	0.0313664	
1423.6	0.03121916	0.031365	
1423.8	0.03040116	0.03136361	
1424	0.02957196	0.03136222	
1424.2	0.02997935	0.03136083	
1424.4	0.0295741	0.03135943	
1424.6	0.03010739	0.03135804	
1424.8	0.03064045	0.03135665	
1425	0.03020776	0.03135526	
1425.2	0.0296583	0.03135386	
1425.4	0.02863655	0.03135247	
1425.6	0.02826216	0.03135108	
1425.8	0.0273821	0.03134969	
1426	0.02697291	0.0313483	
1426.2	0.02731178	0.03134691	
1426.4	0.02709807	0.03134551	
1426.6	0.02792632	0.03134412	
1426.8	0.02874878	0.03134273	
1427	0.02906428	0.03134134	
1427.2	0.02909589	0.03133995	
1427.4	0.02833359	0.03133856	
1427.6	0.0284214	0.03133716	
1427.8	0.02862054	0.03133577	
1428	0.02905175	0.03133438	
1428.2	0.03031687	0.03133299	
1428.4	0.03091129	0.0313316	
1428.6	0.0311221	0.03133021	
1428.8	0.03103385	0.03132882	
1429	0.03122247	0.03132743	
1429.2	0.03076977	0.03132604	
1429.4	0.03110414	0.03132465	
1429.6	0.03127821	0.03132325	
1429.8	0.03007526	0.03132186	
1430	0.02996928	0.03132047	
1430.2	0.03024305	0.03131908	
1430.4	0.03039991	0.03131769	
1430.6	0.0306493	0.0313163	
1430.8	0.02951787	0.03131491	
1431	0.02979111	0.03131352	
1431.2	0.02944315	0.03131213	
1431.4	0.02966259	0.03131074	
1431.6	0.03048789	0.03130935	
1431.8	0.03083071	0.03130796	
1432	0.03136962	0.03130657	
1432.2	0.03225174	0.03130518	
1432.4	0.03257095	0.03130379	
1432.6	0.03311556	0.0313024	
1432.8	0.03338285	0.03130101	
1433	0.03467351	0.03129962	
1433.2	0.03517593	0.03129823	
1433.4	0.03540627	0.03129684	
1433.6	0.03508306	0.03129545	
1433.8	0.03437191	0.03129406	
1434	0.0346791	0.03129267	
1434.2	0.03453629	0.03129129	
1434.4	0.03387718	0.0312899	
1434.6	0.03270583	0.03128851	
1434.8	0.03177131	0.03128712	
1435	0.03192001	0.03128573	
1435.2	0.03130505	0.03128434	
1435.4	0.03063639	0.03128295	
1435.6	0.03018768	0.03128156	
1435.8	0.02968541	0.03128017	
1436	0.02930623	0.03127878	
1436.2	0.02906552	0.0312774	
1436.4	0.02932091	0.03127601	
1436.6	0.02928805	0.03127462	
1436.8	0.02948673	0.03127323	
1437	0.03003642	0.03127184	
1437.2	0.03084034	0.03127045	
1437.4	0.03081282	0.03126907	
1437.6	0.03212437	0.03126768	
1437.8	0.03233571	0.03126629	
1438	0.03350202	0.0312649	
1438.2	0.0336741	0.03126351	
1438.4	0.03423273	0.03126212	
1438.6	0.03424541	0.03126074	
1438.8	0.03429251	0.03125935	
1439	0.03471359	0.03125796	
1439.2	0.0351467	0.03125657	
1439.4	0.03483473	0.03125519	
1439.6	0.03494808	0.0312538	
1439.8	0.03518432	0.03125241	
1440	0.03474146	0.03125102	
1440.2	0.03459316	0.03124964	
1440.4	0.03433193	0.03124825	
1440.6	0.03437752	0.03124686	
1440.8	0.03456812	0.03124547	
1441	0.03418818	0.03124409	
1441.2	0.0336826	0.0312427	
1441.4	0.03300463	0.03124131	
1441.6	0.03283399	0.03123993	
1441.8	0.03125242	0.03123854	
1442	0.0309122	0.03123715	
1442.2	0.03025929	0.03123576	
1442.4	0.03009152	0.03123438	
1442.6	0.02886457	0.03123299	
1442.8	0.02899559	0.0312316	
1443	0.02913646	0.03123022	
1443.2	0.02899807	0.03122883	
1443.4	0.02858208	0.03122744	
1443.6	0.02869436	0.03122606	
1443.8	0.02896843	0.03122467	
1444	0.0279099	0.03122329	
1444.2	0.02910104	0.0312219	
1444.4	0.0293198	0.03122051	
1444.6	0.03037693	0.03121913	
1444.8	0.03114905	0.03121774	
1445	0.03095379	0.03121636	
1445.2	0.03046359	0.03121497	
1445.4	0.03032518	0.03121358	
1445.6	0.03025839	0.0312122	
1445.8	0.03062937	0.03121081	
1446	0.03073912	0.03120943	
1446.2	0.03101122	0.03120804	
1446.4	0.03179047	0.03120666	
1446.6	0.03176675	0.03120527	
1446.8	0.03223308	0.03120388	
1447	0.03203282	0.0312025	
1447.2	0.03230947	0.03120111	
1447.4	0.03209123	0.03119973	
1447.6	0.03223967	0.03119834	
1447.8	0.03171682	0.03119696	
1448	0.0310022	0.03119557	
1448.2	0.03139539	0.03119419	
1448.4	0.03135073	0.0311928	
1448.6	0.03195041	0.03119142	
1448.8	0.03184977	0.03119003	
1449	0.03174071	0.03118865	
1449.2	0.03213608	0.03118726	
1449.4	0.03190101	0.03118588	
1449.6	0.03210233	0.0311845	
1449.8	0.03191845	0.03118311	
1450	0.0315665	0.03118173	
1450.2	0.03250139	0.03118034	
1450.4	0.03310032	0.03117896	
1450.6	0.03259895	0.03117757	
1450.8	0.03355436	0.03117619	
1451	0.03341733	0.03117481	
1451.2	0.03336866	0.03117342	
1451.4	0.03272898	0.03117204	
1451.6	0.03247493	0.03117065	
1451.8	0.03172923	0.03116927	
1452	0.03113801	0.03116789	
1452.2	0.0307656	0.0311665	
1452.4	0.03035636	0.03116512	
1452.6	0.03064656	0.03116373	
1452.8	0.03046925	0.03116235	
1453	0.03040676	0.03116097	
1453.2	0.0299106	0.03115958	
1453.4	0.0293603	0.0311582	
1453.6	0.02952781	0.03115682	
1453.8	0.02884811	0.03115543	
1454	0.02962952	0.03115405	
1454.2	0.03000089	0.03115267	
1454.4	0.03005341	0.03115128	
1454.6	0.03044736	0.0311499	
1454.8	0.03175255	0.03114852	
1455	0.03121894	0.03114714	
1455.2	0.03152166	0.03114575	
1455.4	0.03096241	0.03114437	
1455.6	0.03111398	0.03114299	
1455.8	0.03118238	0.0311416	
1456	0.03045842	0.03114022	
1456.2	0.03075532	0.03113884	
1456.4	0.03080319	0.03113746	
1456.6	0.03115089	0.03113608	
1456.8	0.03097479	0.03113469	
1457	0.03048084	0.03113331	
1457.2	0.03019365	0.03113193	
1457.4	0.02991284	0.03113055	
1457.6	0.03042727	0.03112916	
1457.8	0.0295607	0.03112778	
1458	0.03015261	0.0311264	
1458.2	0.03067835	0.03112502	
1458.4	0.03074695	0.03112364	
1458.6	0.03042683	0.03112225	
1458.8	0.02972014	0.03112087	
1459	0.02941921	0.03111949	
1459.2	0.02991889	0.03111811	
1459.4	0.02973001	0.03111673	
1459.6	0.02960588	0.03111535	
1459.8	0.02962206	0.03111397	
1460	0.02929706	0.03111258	
1460.2	0.02965597	0.0311112	
1460.4	0.02941949	0.03110982	
1460.6	0.02911128	0.03110844	
1460.8	0.02894363	0.03110706	
1461	0.02935343	0.03110568	
1461.2	0.02931364	0.0311043	
1461.4	0.02915482	0.03110292	
1461.6	0.02968055	0.03110154	
1461.8	0.02964298	0.03110015	
1462	0.03013334	0.03109877	
1462.2	0.03175457	0.03109739	
1462.4	0.03156706	0.03109601	
1462.6	0.03129841	0.03109463	
1462.8	0.03175643	0.03109325	
1463	0.03334408	0.03109187	
1463.2	0.03339221	0.03109049	
1463.4	0.03333118	0.03108911	
1463.6	0.03265412	0.03108773	
1463.8	0.03259276	0.03108635	
1464	0.03280955	0.03108497	
1464.2	0.03329986	0.03108359	
1464.4	0.03391185	0.03108221	
1464.6	0.03403529	0.03108083	
1464.8	0.03383774	0.03107945	
1465	0.03393383	0.03107807	
1465.2	0.03321695	0.03107669	
1465.4	0.03274047	0.03107531	
1465.6	0.03266111	0.03107393	
1465.8	0.03280891	0.03107255	
1466	0.03329516	0.03107117	
1466.2	0.03401241	0.03106979	
1466.4	0.03312041	0.03106841	
1466.6	0.0329295	0.03106703	
1466.8	0.03274557	0.03106565	
1467	0.03179094	0.03106427	
1467.2	0.03129767	0.0310629	
1467.4	0.0312364	0.03106152	
1467.6	0.03050951	0.03106014	
1467.8	0.03104271	0.03105876	
1468	0.03122511	0.03105738	
1468.2	0.03202088	0.031056	
1468.4	0.03220689	0.03105462	
1468.6	0.03197689	0.03105324	
1468.8	0.03172833	0.03105186	
1469	0.03159661	0.03105049	
1469.2	0.03142796	0.03104911	
1469.4	0.03039807	0.03104773	
1469.6	0.02982722	0.03104635	
1469.8	0.02964149	0.03104497	
1470	0.03005728	0.03104359	
1470.2	0.02932381	0.03104222	
1470.4	0.02943206	0.03104084	
1470.6	0.02864018	0.03103946	
1470.8	0.0277834	0.03103808	
1471	0.0275787	0.0310367	
1471.2	0.02862039	0.03103533	
1471.4	0.02835183	0.03103395	
1471.6	0.02816133	0.03103257	
1471.8	0.02888224	0.03103119	
1472	0.0292735	0.03102981	
1472.2	0.03048008	0.03102844	
1472.4	0.03030574	0.03102706	
1472.6	0.03075242	0.03102568	
1472.8	0.03084853	0.0310243	
1473	0.03067414	0.03102293	
1473.2	0.03120247	0.03102155	
1473.4	0.03158794	0.03102017	
1473.6	0.03228937	0.0310188	
1473.8	0.03300603	0.03101742	
1474	0.03333309	0.03101604	
1474.2	0.03326691	0.03101466	
1474.4	0.03301783	0.03101329	
1474.6	0.03194498	0.03101191	
1474.8	0.03182164	0.03101053	
1475	0.03163415	0.03100916	
1475.2	0.03179903	0.03100778	
1475.4	0.03137258	0.0310064	
1475.6	0.0311774	0.03100503	
1475.8	0.03173955	0.03100365	
1476	0.0312114	0.03100227	
1476.2	0.03140504	0.0310009	
1476.4	0.03107921	0.03099952	
1476.6	0.03098765	0.03099814	
1476.8	0.03037383	0.03099677	
1477	0.0305251	0.03099539	
1477.2	0.03100958	0.03099402	
1477.4	0.03103734	0.03099264	
1477.6	0.02991743	0.03099126	
1477.8	0.0300082	0.03098989	
1478	0.02945075	0.03098851	
1478.2	0.028737	0.03098714	
1478.4	0.0277403	0.03098576	
1478.6	0.0277846	0.03098439	
1478.8	0.02810356	0.03098301	
1479	0.0276974	0.03098163	
1479.2	0.02882582	0.03098026	
1479.4	0.0299192	0.03097888	
1479.6	0.03136463	0.03097751	
1479.8	0.03221114	0.03097613	
1480	0.0326046	0.03097476	
1480.2	0.03367872	0.03097338	
1480.4	0.03321329	0.03097201	
1480.6	0.03393065	0.03097063	
1480.8	0.03416889	0.03096926	
1481	0.0345512	0.03096788	
1481.2	0.03414861	0.03096651	
1481.4	0.03395524	0.03096513	
1481.6	0.03308074	0.03096376	
1481.8	0.03369571	0.03096238	
1482	0.03331233	0.03096101	
1482.2	0.03251764	0.03095963	
1482.4	0.03208146	0.03095826	
1482.6	0.03199852	0.03095689	
1482.8	0.03175537	0.03095551	
1483	0.0320037	0.03095414	
1483.2	0.03241719	0.03095276	
1483.4	0.03293382	0.03095139	
1483.6	0.0326217	0.03095001	
1483.8	0.03192949	0.03094864	
1484	0.03151675	0.03094727	
1484.2	0.03122661	0.03094589	
1484.4	0.03099412	0.03094452	
1484.6	0.0316098	0.03094314	
1484.8	0.03120313	0.03094177	
1485	0.0313078	0.0309404	
1485.2	0.03090899	0.03093902	
1485.4	0.02998409	0.03093765	
1485.6	0.03040587	0.03093628	
1485.8	0.03088294	0.0309349	
1486	0.03092466	0.03093353	
1486.2	0.03087722	0.03093216	
1486.4	0.03096909	0.03093078	
1486.6	0.03143001	0.03092941	
1486.8	0.0317583	0.03092804	
1487	0.03259271	0.03092666	
1487.2	0.03230724	0.03092529	
1487.4	0.03298909	0.03092392	
1487.6	0.0330997	0.03092254	
1487.8	0.03351632	0.03092117	
1488	0.03356105	0.0309198	
1488.2	0.0334863	0.03091843	
1488.4	0.03368861	0.03091705	
1488.6	0.0339263	0.03091568	
1488.8	0.03402091	0.03091431	
1489	0.0335793	0.03091294	
1489.2	0.03280265	0.03091156	
1489.4	0.03165344	0.03091019	
1489.6	0.03159065	0.03090882	
1489.8	0.03074839	0.03090745	
1490	0.02958902	0.03090607	
1490.2	0.02978643	0.0309047	
1490.4	0.02894488	0.03090333	
1490.6	0.02785211	0.03090196	
1490.8	0.02726164	0.03090059	
1491	0.02588432	0.03089921	
1491.2	0.02588053	0.03089784	
1491.4	0.02560948	0.03089647	
1491.6	0.02575416	0.0308951	
1491.8	0.02561609	0.03089373	
1492	0.02570052	0.03089236	
1492.2	0.02582418	0.03089098	
1492.4	0.02657905	0.03088961	
1492.6	0.02687128	0.03088824	
1492.8	0.02656506	0.03088687	
1493	0.02689197	0.0308855	
1493.2	0.0273103	0.03088413	
1493.4	0.02678313	0.03088276	
1493.6	0.02676316	0.03088138	
1493.8	0.02692765	0.03088001	
1494	0.02830365	0.03087864	
1494.2	0.02904617	0.03087727	
1494.4	0.02876468	0.0308759	
1494.6	0.02896198	0.03087453	
1494.8	0.02953525	0.03087316	
1495	0.02967342	0.03087179	
1495.2	0.03161891	0.03087042	
1495.4	0.03193672	0.03086905	
1495.6	0.03305082	0.03086768	
1495.8	0.03261011	0.03086631	
1496	0.03242044	0.03086494	
1496.2	0.0326347	0.03086357	
1496.4	0.03259572	0.0308622	
1496.6	0.03252631	0.03086083	
1496.8	0.03231061	0.03085946	
1497	0.03188327	0.03085809	
1497.2	0.03066164	0.03085672	
1497.4	0.03059954	0.03085535	
1497.6	0.03131931	0.03085398	
1497.8	0.03256328	0.03085261	
1498	0.03398215	0.03085124	
1498.2	0.03354868	0.03084987	
1498.4	0.03333525	0.0308485	
1498.6	0.03322754	0.03084713	
1498.8	0.0330473	0.03084576	
1499	0.03372992	0.03084439	
1499.2	0.03334811	0.03084302	
1499.4	0.03267151	0.03084165	
1499.6	0.03251844	0.03084028	
1499.8	0.03111298	0.03083891	
1500	0.03136322	0.03083754	
1500.2	0.03125743	0.03083617	
1500.4	0.03133495	0.0308348	
1500.6	0.03164782	0.03083344	
1500.8	0.03162349	0.03083207	
1501	0.03166182	0.0308307	
1501.2	0.03170091	0.03082933	
1501.4	0.03221046	0.03082796	
1501.6	0.03246028	0.03082659	
1501.8	0.03290179	0.03082522	
1502	0.03268726	0.03082385	
1502.2	0.03188741	0.03082249	
1502.4	0.03141699	0.03082112	
1502.6	0.03202322	0.03081975	
1502.8	0.03086094	0.03081838	
1503	0.03048291	0.03081701	
1503.2	0.0295347	0.03081564	
1503.4	0.02949983	0.03081428	
1503.6	0.02924587	0.03081291	
1503.8	0.02928157	0.03081154	
1504	0.03030534	0.03081017	
1504.2	0.02942393	0.0308088	
1504.4	0.03006118	0.03080744	
1504.6	0.03001038	0.03080607	
1504.8	0.02986286	0.0308047	
1505	0.02997842	0.03080333	
1505.2	0.02939999	0.03080197	
1505.4	0.02851711	0.0308006	
1505.6	0.02939005	0.03079923	
1505.8	0.03018143	0.03079786	
1506	0.03065964	0.0307965	
1506.2	0.03092304	0.03079513	
1506.4	0.03168517	0.03079376	
1506.6	0.03125582	0.03079239	
1506.8	0.03021053	0.03079103	
1507	0.03108888	0.03078966	
1507.2	0.03130959	0.03078829	
1507.4	0.03108689	0.03078693	
1507.6	0.03019179	0.03078556	
1507.8	0.03074116	0.03078419	
1508	0.0301888	0.03078283	
1508.2	0.02896376	0.03078146	
1508.4	0.02930235	0.03078009	
1508.6	0.02934412	0.03077873	
1508.8	0.03007712	0.03077736	
1509	0.03067673	0.03077599	
1509.2	0.03087107	0.03077463	
1509.4	0.03046081	0.03077326	
1509.6	0.03142437	0.03077189	
1509.8	0.03187359	0.03077053	
1510	0.03217043	0.03076916	
1510.2	0.03215712	0.0307678	
1510.4	0.03262097	0.03076643	
1510.6	0.03326464	0.03076506	
1510.8	0.03355133	0.0307637	
1511	0.03400591	0.03076233	
1511.2	0.03369845	0.03076097	
1511.4	0.03347032	0.0307596	
1511.6	0.03390396	0.03075824	
1511.8	0.03435497	0.03075687	
1512	0.03368192	0.0307555	
1512.2	0.03375383	0.03075414	
1512.4	0.03382485	0.03075277	
1512.6	0.03403649	0.03075141	
1512.8	0.03370788	0.03075004	
1513	0.03352489	0.03074868	
1513.2	0.03371456	0.03074731	
1513.4	0.03368372	0.03074595	
1513.6	0.03373088	0.03074458	
1513.8	0.03413431	0.03074322	
1514	0.03324789	0.03074185	
1514.2	0.03409752	0.03074049	
1514.4	0.03462143	0.03073912	
1514.6	0.03505104	0.03073776	
1514.8	0.03498116	0.03073639	
1515	0.03484447	0.03073503	
1515.2	0.0346371	0.03073367	
1515.4	0.0345979	0.0307323	
1515.6	0.03454423	0.03073094	
1515.8	0.03341059	0.03072957	
1516	0.03341339	0.03072821	
1516.2	0.03247991	0.03072684	
1516.4	0.03209209	0.03072548	
1516.6	0.03135437	0.03072412	
1516.8	0.03029225	0.03072275	
1517	0.02995074	0.03072139	
1517.2	0.0307518	0.03072002	
1517.4	0.03008309	0.03071866	
1517.6	0.02973982	0.0307173	
1517.8	0.02962501	0.03071593	
1518	0.02916942	0.03071457	
1518.2	0.03043349	0.0307132	
1518.4	0.0302548	0.03071184	
1518.6	0.03028363	0.03071048	
1518.8	0.02865029	0.03070911	
1519	0.0275276	0.03070775	
1519.2	0.02782493	0.03070639	
1519.4	0.02775805	0.03070502	
1519.6	0.02783693	0.03070366	
1519.8	0.0283948	0.0307023	
1520	0.0291142	0.03070093	
1520.2	0.02753344	0.03069957	
1520.4	0.02776736	0.03069821	
1520.6	0.02711978	0.03069685	
1520.8	0.02760607	0.03069548	
1521	0.02793098	0.03069412	
1521.2	0.02858719	0.03069276	
1521.4	0.0286349	0.03069139	
1521.6	0.02934504	0.03069003	
1521.8	0.02885454	0.03068867	
1522	0.02938297	0.03068731	
1522.2	0.02907179	0.03068594	
1522.4	0.02845717	0.03068458	
1522.6	0.0272081	0.03068322	
1522.8	0.02665879	0.03068186	
1523	0.0276543	0.0306805	
1523.2	0.02811529	0.03067913	
1523.4	0.02862049	0.03067777	
1523.6	0.0294486	0.03067641	
1523.8	0.02999854	0.03067505	
1524	0.03047853	0.03067369	
1524.2	0.03003493	0.03067232	
1524.4	0.03116678	0.03067096	
1524.6	0.03195955	0.0306696	
1524.8	0.03254488	0.03066824	
1525	0.03154998	0.03066688	
1525.2	0.0318567	0.03066552	
1525.4	0.03188784	0.03066415	
1525.6	0.03181658	0.03066279	
1525.8	0.03072592	0.03066143	
1526	0.03112328	0.03066007	
1526.2	0.02990205	0.03065871	
1526.4	0.02907955	0.03065735	
1526.6	0.02913355	0.03065599	
1526.8	0.02876451	0.03065463	
1527	0.02784582	0.03065327	
1527.2	0.02755395	0.0306519	
1527.4	0.02801963	0.03065054	
1527.6	0.02794312	0.03064918	
1527.8	0.02860518	0.03064782	
1528	0.02900296	0.03064646	
1528.2	0.0296804	0.0306451	
1528.4	0.03074131	0.03064374	
1528.6	0.03136703	0.03064238	
1528.8	0.03099018	0.03064102	
1529	0.03063998	0.03063966	
1529.2	0.03128523	0.0306383	
1529.4	0.0303228	0.03063694	
1529.6	0.03017908	0.03063558	
1529.8	0.03014333	0.03063422	
1530	0.03071861	0.03063286	
1530.2	0.03068552	0.0306315	
1530.4	0.03017743	0.03063014	
1530.6	0.03066472	0.03062878	
1530.8	0.02996749	0.03062742	
1531	0.02990625	0.03062606	
1531.2	0.03042372	0.0306247	
1531.4	0.03081555	0.03062334	
1531.6	0.03041092	0.03062198	
1531.8	0.03144433	0.03062062	
1532	0.03110646	0.03061926	
1532.2	0.03161316	0.0306179	
1532.4	0.03170482	0.03061654	
1532.6	0.03185842	0.03061518	
1532.8	0.03102161	0.03061382	
1533	0.03079275	0.03061246	
1533.2	0.02980556	0.03061111	
1533.4	0.02899812	0.03060975	
1533.6	0.02886732	0.03060839	
1533.8	0.02979168	0.03060703	
1534	0.03077991	0.03060567	
1534.2	0.03215524	0.03060431	
1534.4	0.0320171	0.03060295	
1534.6	0.03279806	0.03060159	
1534.8	0.03206002	0.03060023	
1535	0.03225152	0.03059888	
1535.2	0.03258212	0.03059752	
1535.4	0.03269895	0.03059616	
1535.6	0.0319133	0.0305948	
1535.8	0.03183335	0.03059344	
1536	0.03080395	0.03059208	
1536.2	0.02961845	0.03059073	
1536.4	0.02963441	0.03058937	
1536.6	0.02887794	0.03058801	
1536.8	0.02778032	0.03058665	
1537	0.02728371	0.03058529	
1537.2	0.02580691	0.03058394	
1537.4	0.02580337	0.03058258	
1537.6	0.02523067	0.03058122	
1537.8	0.026404	0.03057986	
1538	0.02808711	0.03057851	
1538.2	0.02842763	0.03057715	
1538.4	0.02753256	0.03057579	
1538.6	0.02792932	0.03057443	
1538.8	0.02739116	0.03057308	
1539	0.02812309	0.03057172	
1539.2	0.02866499	0.03057036	
1539.4	0.02867489	0.030569	
1539.6	0.02799287	0.03056765	
1539.8	0.02833935	0.03056629	
1540	0.02798797	0.03056493	
1540.2	0.02692492	0.03056358	
1540.4	0.02700673	0.03056222	
1540.6	0.02621541	0.03056086	
1540.8	0.0261998	0.0305595	
1541	0.02696342	0.03055815	
1541.2	0.0270239	0.03055679	
1541.4	0.02769693	0.03055543	
1541.6	0.02901182	0.03055408	
1541.8	0.03004009	0.03055272	
1542	0.03065457	0.03055137	
1542.2	0.03079969	0.03055001	
1542.4	0.03093067	0.03054865	
1542.6	0.03105285	0.0305473	
1542.8	0.03111333	0.03054594	
1543	0.03179989	0.03054458	
1543.2	0.03203735	0.03054323	
1543.4	0.03198337	0.03054187	
1543.6	0.03233939	0.03054052	
1543.8	0.03229934	0.03053916	
1544	0.03129047	0.0305378	
1544.2	0.03071122	0.03053645	
1544.4	0.03044297	0.03053509	
1544.6	0.03038243	0.03053374	
1544.8	0.03061537	0.03053238	
1545	0.03043476	0.03053103	
1545.2	0.03008973	0.03052967	
1545.4	0.02969088	0.03052832	
1545.6	0.0287862	0.03052696	
1545.8	0.0273863	0.0305256	
1546	0.027555	0.03052425	
1546.2	0.02767481	0.03052289	
1546.4	0.02700353	0.03052154	
1546.6	0.02677016	0.03052018	
1546.8	0.02806488	0.03051883	
1547	0.02852073	0.03051747	
1547.2	0.0289688	0.03051612	
1547.4	0.02968007	0.03051476	
1547.6	0.03081616	0.03051341	
1547.8	0.0310216	0.03051205	
1548	0.03147596	0.0305107	
1548.2	0.03285405	0.03050935	
1548.4	0.03288781	0.03050799	
1548.6	0.03305391	0.03050664	
1548.8	0.03236014	0.03050528	
1549	0.03133179	0.03050393	
1549.2	0.03084767	0.03050257	
1549.4	0.02959335	0.03050122	
1549.6	0.0280455	0.03049987	
1549.8	0.02820277	0.03049851	
1550	0.02799191	0.03049716	
1550.2	0.0276709	0.0304958	
1550.4	0.02790144	0.03049445	
1550.6	0.02804653	0.0304931	
1550.8	0.02938207	0.03049174	
1551	0.02959233	0.03049039	
1551.2	0.02979298	0.03048903	
1551.4	0.03035805	0.03048768	
1551.6	0.03056395	0.03048633	
1551.8	0.02991919	0.03048497	
1552	0.03027691	0.03048362	
1552.2	0.03156052	0.03048227	
1552.4	0.0316357	0.03048091	
1552.6	0.03160724	0.03047956	
1552.8	0.03087134	0.03047821	
1553	0.03125002	0.03047685	
1553.2	0.03037514	0.0304755	
1553.4	0.03087923	0.03047415	
1553.6	0.03098886	0.03047279	
1553.8	0.03174707	0.03047144	
1554	0.03124002	0.03047009	
1554.2	0.03169926	0.03046874	
1554.4	0.03213893	0.03046738	
1554.6	0.032468	0.03046603	
1554.8	0.03261635	0.03046468	
1555	0.03200593	0.03046333	
1555.2	0.03115548	0.03046197	
1555.4	0.03141203	0.03046062	
1555.6	0.03073851	0.03045927	
1555.8	0.03075582	0.03045792	
1556	0.03109068	0.03045656	
1556.2	0.03094588	0.03045521	
1556.4	0.03111407	0.03045386	
1556.6	0.03036902	0.03045251	
1556.8	0.02974873	0.03045116	
1557	0.02967188	0.0304498	
1557.2	0.02852303	0.03044845	
1557.4	0.02965243	0.0304471	
1557.6	0.0293334	0.03044575	
1557.8	0.02888679	0.0304444	
1558	0.02815039	0.03044305	
1558.2	0.02846216	0.03044169	
1558.4	0.02876731	0.03044034	
1558.6	0.02917195	0.03043899	
1558.8	0.02915249	0.03043764	
1559	0.02989878	0.03043629	
1559.2	0.03070851	0.03043494	
1559.4	0.03209357	0.03043359	
1559.6	0.03271246	0.03043223	
1559.8	0.03330029	0.03043088	
