fit_group_id,sample_id,experiment_id,curve_id,observation_id,time,time_unit,response,reference_response,blank_response,blank_reference_response,response_unit,concentration,concentration_unit,phase,association_start,dissociation_start
mAb-X-SCK,mAb-X,run-1,mAb-X-A1,A1-0,0.0,s,-0.15038869450267095,-0.0739588665764546,-0.15513686215632508,-0.13167866532028935,RU,0.5,nM,baseline,60.0,180.0
mAb-X-SCK,mAb-X,run-1,mAb-X-A1,A1-1,1.0,s,0.23760831657563675,0.14796803196996644,-0.07780398818175596,0.030541615271346974,RU,0.5,nM,baseline,60.0,180.0
mAb-X-SCK,mAb-X,run-1,mAb-X-A1,A1-2,2.0,s,-0.20985206876284654,-0.20917671398093118,0.22825406792379963,-0.17548320045536928,RU,0.5,nM,baseline,60.0,180.0
mAb-X-SCK,mAb-X,run-1,mAb-X-A1,A1-3,3.0,s,0.18212046811860547,0.03528599018370461,-0.12417732447883678,0.05176554370794278,RU,0.5,nM,baseline,60.0,180.0
mAb-X-SCK,mAb-X,run-1,mAb-X-A1,A1-4,4.0,s,0.00519143365398767,0.01717421847649402,0.01820872906423318,-0.33732640191299584,RU,0.5,nM,baseline,60.0,180.0
mAb-X-SCK,mAb-X,run-1,mAb-X-A1,A1-5,5.0,s,0.21705297566156373,-0.07497092999096819,0.26361250879229936,0.19471319781049803,RU,0.5,nM,baseline,60.0,180.0
mAb-X-SCK,mAb-X,run-1,mAb-X-A1,A1-6,6.0,s,-0.02079049783963938,0.010557750323741183,0.14196371153743645,0.06647021194514142,RU,0.5,nM,baseline,60.0,180.0
mAb-X-SCK,mAb-X,run-1,mAb-X-A1,A1-7,7.0,s,0.10321492413481456,0.14332397603054578,0.11316172919807999,-0.023754867384304303,RU,0.5,nM,baseline,60.0,180.0
mAb-X-SCK,mAb-X,run-1,mAb-X-A1,A1-8,8.0,s,0.004704983897591088,-0.15549070892604838,-0.28423592420204713,-0.18736409835830883,RU,0.5,nM,baseline,60.0,180.0
mAb-X-SCK,mAb-X,run-1,mAb-X-A1,A1-9,9.0,s,0.18831736757959838,0.02998341333238929,0.10485989241973605,0.03872983704209026,RU,0.5,nM,baseline,60.0,180.0
mAb-X-SCK,mAb-X,run-1,mAb-X-A1,A1-10,10.0,s,0.07982018499561955,-0.15265267774465438,0.0905880221429623,0.05585080280545875,RU,0.5,nM,baseline,60.0,180.0
mAb-X-SCK,mAb-X,run-1,mAb-X-A1,A1-11,11.0,s,0.003949427198522405,0.022769565219192305,0.06798989761125951,0.04477825639857194,RU,0.5,nM,baseline,60.0,180.0
mAb-X-SCK,mAb-X,run-1,mAb-X-A1,A1-12,12.0,s,0.10149131998217298,0.5131572371594318,-0.08943472268244337,-0.039134270298368294,RU,0.5,nM,baseline,60.0,180.0
mAb-X-SCK,mAb-X,run-1,mAb-X-A1,A1-13,13.0,s,0.001677561703812603,-0.015292231398659178,-0.015842567799423654,0.08089733662017977,RU,0.5,nM,baseline,60.0,180.0
mAb-X-SCK,mAb-X,run-1,mAb-X-A1,A1-14,14.0,s,0.07103331975273564,0.19415054390210254,-0.16338043695723714,0.038074184925256355,RU,0.5,nM,baseline,60.0,180.0
mAb-X-SCK,mAb-X,run-1,mAb-X-A1,A1-15,15.0,s,-0.0625253407247813,-0.02119499215105335,-0.1505790279748037,-0.027076681906058327,RU,0.5,nM,baseline,60.0,180.0
mAb-X-SCK,mAb-X,run-1,mAb-X-A1,A1-16,16.0,s,0.17470493900006429,-0.1431443501510054,-0.062311476945554264,0.2595133524556909,RU,0.5,nM,baseline,60.0,180.0
mAb-X-SCK,mAb-X,run-1,mAb-X-A1,A1-17,17.0,s,-0.11070886015925152,0.07719356498103758,-0.10516495949115878,0.09628642134015822,RU,0.5,nM,baseline,60.0,180.0
mAb-X-SCK,mAb-X,run-1,mAb-X-A1,A1-18,18.0,s,-0.12968609782568669,-0.21828411085750313,-0.08443633383659392,-0.020707081712030156,RU,0.5,nM,baseline,60.0,180.0
mAb-X-SCK,mAb-X,run-1,mAb-X-A1,A1-19,19.0,s,0.1278590043861284,0.24343262563412732,-0.21817693022196452,0.08588963693362658,RU,0.5,nM,baseline,60.0,180.0
mAb-X-SCK,mAb-X,run-1,mAb-X-A1,A1-20,20.0,s,0.30032756823297857,-0.09614783767926748,0.024678452605839184,-0.09347903605416595,RU,0.5,nM,baseline,60.0,180.0
mAb-X-SCK,mAb-X,run-1,mAb-X-A1,A1-21,21.0,s,0.07254544465092015,0.03825852074223446,0.0801379070323825,0.014104183154553846,RU,0.5,nM,baseline,60.0,180.0
mAb-X-SCK,mAb-X,run-1,mAb-X-A1,A1-22,22.0,s,0.262095314913021,0.10694858384033225,-0.009793231014229756,0.12085263219276028,RU,0.5,nM,baseline,60.0,180.0
mAb-X-SCK,mAb-X,run-1,mAb-X-A1,A1-23,23.0,s,0.036409812414937966,-0.033055106772833145,0.014179964390815224,0.08290121483660849,RU,0.5,nM,baseline,60.0,180.0
mAb-X-SCK,mAb-X,run-1,mAb-X-A1,A1-24,24.0,s,-0.03538977840780666,0.06775953328155293,-0.07654985450826,-0.16426357527663737,RU,0.5,nM,baseline,60.0,180.0
mAb-X-SCK,mAb-X,run-1,mAb-X-A1,A1-25,25.0,s,0.2756457164093038,-0.19615673944322978,0.14852552930066795,-0.1592102722241791,RU,0.5,nM,baseline,60.0,180.0
mAb-X-SCK,mAb-X,run-1,mAb-X-A1,A1-26,26.0,s,-0.16399481633992619,0.08352987162309873,-0.20918954355139924,-0.04121370474822489,RU,0.5,nM,baseline,60.0,180.0
mAb-X-SCK,mAb-X,run-1,mAb-X-A1,A1-27,27.0,s,-0.19158417723890936,-0.32604006584499096,0.15129713259920635,0.01318559210451843,RU,0.5,nM,baseline,60.0,180.0
mAb-X-SCK,mAb-X,run-1,mAb-X-A1,A1-28,28.0,s,0.14526553211244495,0.034160375976155385,-0.1825640312649886,0.27254259367534867,RU,0.5,nM,baseline,60.0,180.0
mAb-X-SCK,mAb-X,run-1,mAb-X-A1,A1-29,29.0,s,0.19981177474045636,0.05256076373677528,-0.03684291125039805,0.012894617428307702,RU,0.5,nM,baseline,60.0,180.0
mAb-X-SCK,mAb-X,run-1,mAb-X-A1,A1-30,30.0,s,0.13735060543913205,0.10375209741334966,-0.2771932098505011,-0.018113782855529763,RU,0.5,nM,baseline,60.0,180.0
mAb-X-SCK,mAb-X,run-1,mAb-X-A1,A1-31,31.0,s,0.19962729029638432,0.011710480916235246,-0.14722457412622544,-0.01565257911311307,RU,0.5,nM,baseline,60.0,180.0
mAb-X-SCK,mAb-X,run-1,mAb-X-A1,A1-32,32.0,s,-0.09993551361039385,0.030820045685251863,0.06319712225120881,-0.06970243343320041,RU,0.5,nM,baseline,60.0,180.0
mAb-X-SCK,mAb-X,run-1,mAb-X-A1,A1-33,33.0,s,0.04403223091521925,-0.11485398964336697,0.08706780166478442,-0.143757469654499,RU,0.5,nM,baseline,60.0,180.0
mAb-X-SCK,mAb-X,run-1,mAb-X-A1,A1-34,34.0,s,0.04564241671470065,0.09746219361613634,0.16803625760421126,0.26977411434604676,RU,0.5,nM,baseline,60.0,180.0
mAb-X-SCK,mAb-X,run-1,mAb-X-A1,A1-35,35.0,s,0.21688642268773692,-0.28366239092397855,0.33340820432651047,-0.14141871358302133,RU,0.5,nM,baseline,60.0,180.0
mAb-X-SCK,mAb-X,run-1,mAb-X-A1,A1-36,36.0,s,0.19822315068056662,-0.03397538226484543,-0.03797952435927218,-0.16165272069918743,RU,0.5,nM,baseline,60.0,180.0
mAb-X-SCK,mAb-X,run-1,mAb-X-A1,A1-37,37.0,s,-0.06806869425357685,-0.0373417493137811,0.10061034188510024,0.11472198740322917,RU,0.5,nM,baseline,60.0,180.0
mAb-X-SCK,mAb-X,run-1,mAb-X-A1,A1-38,38.0,s,0.4778713765893947,-0.2267897755315756,-0.030785657071886713,0.25613677397473616,RU,0.5,nM,baseline,60.0,180.0
mAb-X-SCK,mAb-X,run-1,mAb-X-A1,A1-39,39.0,s,0.0684047760804557,-0.18112782740033026,0.0285058969100249,0.09486404995041324,RU,0.5,nM,baseline,60.0,180.0
mAb-X-SCK,mAb-X,run-1,mAb-X-A1,A1-40,40.0,s,-0.06463205016473876,0.10453425980586366,0.03486686791474398,-0.10364382369968417,RU,0.5,nM,baseline,60.0,180.0
mAb-X-SCK,mAb-X,run-1,mAb-X-A1,A1-41,41.0,s,0.16395249848828525,-0.13018587998215667,0.11824895479063707,-0.11675312628839624,RU,0.5,nM,baseline,60.0,180.0
mAb-X-SCK,mAb-X,run-1,mAb-X-A1,A1-42,42.0,s,0.228899991009354,-0.12472306549394249,0.289778553802632,-0.10176598233488103,RU,0.5,nM,baseline,60.0,180.0
mAb-X-SCK,mAb-X,run-1,mAb-X-A1,A1-43,43.0,s,0.21788378428961586,0.12490787494280287,0.04506531112233198,0.02041694716635221,RU,0.5,nM,baseline,60.0,180.0
mAb-X-SCK,mAb-X,run-1,mAb-X-A1,A1-44,44.0,s,0.17305365895708003,0.20155529558921542,0.2736938940023064,0.09624945618179177,RU,0.5,nM,baseline,60.0,180.0
mAb-X-SCK,mAb-X,run-1,mAb-X-A1,A1-45,45.0,s,0.05659465060446907,0.0038152735741399596,0.0883882798764345,-0.19698699674747927,RU,0.5,nM,baseline,60.0,180.0
mAb-X-SCK,mAb-X,run-1,mAb-X-A1,A1-46,46.0,s,0.28100311553543145,0.2176330453362572,0.053326339502356636,-0.021811011061011385,RU,0.5,nM,baseline,60.0,180.0
mAb-X-SCK,mAb-X,run-1,mAb-X-A1,A1-47,47.0,s,0.136280023370544,0.12485998145086151,0.21049032616108632,0.026696792986746275,RU,0.5,nM,baseline,60.0,180.0
mAb-X-SCK,mAb-X,run-1,mAb-X-A1,A1-48,48.0,s,0.034751531186541215,-0.4753701941450968,0.07538414155066084,-0.2754750326002098,RU,0.5,nM,baseline,60.0,180.0
mAb-X-SCK,mAb-X,run-1,mAb-X-A1,A1-49,49.0,s,-0.12611047830092745,0.31997876363309713,0.20541239483187534,0.22593043303204993,RU,0.5,nM,baseline,60.0,180.0
mAb-X-SCK,mAb-X,run-1,mAb-X-A1,A1-50,50.0,s,0.08457849869997992,-0.3034572036261452,-0.028364479000869747,0.20059940742668664,RU,0.5,nM,baseline,60.0,180.0
mAb-X-SCK,mAb-X,run-1,mAb-X-A1,A1-51,51.0,s,0.09619345642379605,0.34575331168939655,0.032880080035819784,-0.11042922634613156,RU,0.5,nM,baseline,60.0,180.0
mAb-X-SCK,mAb-X,run-1,mAb-X-A1,A1-52,52.0,s,0.2307140894827801,-0.13133814910312508,0.21502606962685927,-0.2428086788049566,RU,0.5,nM,baseline,60.0,180.0
mAb-X-SCK,mAb-X,run-1,mAb-X-A1,A1-53,53.0,s,0.10916901984540771,-0.16837755734426718,0.2585123026239851,-0.08289512192673787,RU,0.5,nM,baseline,60.0,180.0
mAb-X-SCK,mAb-X,run-1,mAb-X-A1,A1-54,54.0,s,0.314818089717228,0.032617028235616456,-0.1887894710253606,0.13034640985614898,RU,0.5,nM,baseline,60.0,180.0
mAb-X-SCK,mAb-X,run-1,mAb-X-A1,A1-55,55.0,s,0.10688155952892527,0.001054352444487211,0.29598924801027826,-0.08586300609153263,RU,0.5,nM,baseline,60.0,180.0
mAb-X-SCK,mAb-X,run-1,mAb-X-A1,A1-56,56.0,s,0.2721849988007984,-0.05409828684498715,0.41311266380927375,-0.049306507413682574,RU,0.5,nM,baseline,60.0,180.0
mAb-X-SCK,mAb-X,run-1,mAb-X-A1,A1-57,57.0,s,0.0070101564116655385,-0.03136134517513425,0.0034817732671690443,-0.14235814665098567,RU,0.5,nM,baseline,60.0,180.0
mAb-X-SCK,mAb-X,run-1,mAb-X-A1,A1-58,58.0,s,0.023979828978901968,0.16186087912836059,0.09262374666078482,0.004161090406525796,RU,0.5,nM,baseline,60.0,180.0
mAb-X-SCK,mAb-X,run-1,mAb-X-A1,A1-59,59.0,s,0.3015566197491281,-0.3433478329337012,0.14839678805528847,-0.05897915375837023,RU,0.5,nM,baseline,60.0,180.0
mAb-X-SCK,mAb-X,run-1,mAb-X-A1,A1-60,60.0,s,0.12793000393174425,0.025346298013511515,0.02598341943002458,-0.019404638239358746,RU,0.5,nM,association,60.0,180.0
mAb-X-SCK,mAb-X,run-1,mAb-X-A1,A1-61,61.0,s,0.10218398451847963,-0.10035857948210782,0.2694616587348646,-0.006482105007363002,RU,0.5,nM,association,60.0,180.0
mAb-X-SCK,mAb-X,run-1,mAb-X-A1,A1-62,62.0,s,0.3904369989843776,-0.004900126439772279,0.061722313186008834,-0.07404832066994009,RU,0.5,nM,association,60.0,180.0
mAb-X-SCK,mAb-X,run-1,mAb-X-A1,A1-63,63.0,s,0.4050282546841535,0.16628525127895594,0.42413199522522466,-0.2658284152973785,RU,0.5,nM,association,60.0,180.0
mAb-X-SCK,mAb-X,run-1,mAb-X-A1,A1-64,64.0,s,-0.04787441095496919,0.16748644102910018,0.12786947957972394,-0.07983166213229263,RU,0.5,nM,association,60.0,180.0
mAb-X-SCK,mAb-X,run-1,mAb-X-A1,A1-65,65.0,s,0.28404743757414747,0.2875081903621286,0.1469727275049397,-0.10224127988301022,RU,0.5,nM,association,60.0,180.0
mAb-X-SCK,mAb-X,run-1,mAb-X-A1,A1-66,66.0,s,0.4944939046947395,0.08206592265345114,0.15782768384835827,0.010760836322300916,RU,0.5,nM,association,60.0,180.0
mAb-X-SCK,mAb-X,run-1,mAb-X-A1,A1-67,67.0,s,0.3278783900272403,0.32148517503686797,-0.05685726651785411,-0.10033556517246785,RU,0.5,nM,association,60.0,180.0
mAb-X-SCK,mAb-X,run-1,mAb-X-A1,A1-68,68.0,s,0.47141222427378826,-0.12016517048572282,0.32791019209921346,0.3518362123326975,RU,0.5,nM,association,60.0,180.0
mAb-X-SCK,mAb-X,run-1,mAb-X-A1,A1-69,69.0,s,0.19434624995892982,-0.03973824870493978,0.5293329306493495,-0.2028287635542033,RU,0.5,nM,association,60.0,180.0
mAb-X-SCK,mAb-X,run-1,mAb-X-A1,A1-70,70.0,s,0.49979799533175107,-0.25468304152484017,0.004698417161851237,-0.033188585920955915,RU,0.5,nM,association,60.0,180.0
mAb-X-SCK,mAb-X,run-1,mAb-X-A1,A1-71,71.0,s,0.5404761348684822,0.20181940035980378,-0.02513126525269954,0.12323339023847345,RU,0.5,nM,association,60.0,180.0
mAb-X-SCK,mAb-X,run-1,mAb-X-A1,A1-72,72.0,s,0.38422404958802386,-0.09457726618488806,0.3814926912985642,0.034761373038585994,RU,0.5,nM,association,60.0,180.0
mAb-X-SCK,mAb-X,run-1,mAb-X-A1,A1-73,73.0,s,0.34881975721450914,-0.01343577086176169,0.3100042626854513,-0.21000881186450757,RU,0.5,nM,association,60.0,180.0
mAb-X-SCK,mAb-X,run-1,mAb-X-A1,A1-74,74.0,s,0.4335381048436776,0.09165874823435934,0.1772136443328457,-0.04707126557837563,RU,0.5,nM,association,60.0,180.0
mAb-X-SCK,mAb-X,run-1,mAb-X-A1,A1-75,75.0,s,0.3281154948168324,0.20795069788050463,0.050504196098596674,-0.0641343927764299,RU,0.5,nM,association,60.0,180.0
mAb-X-SCK,mAb-X,run-1,mAb-X-A1,A1-76,76.0,s,0.428577696022967,0.21018235555912412,0.3440423043589344,-0.24152519253915852,RU,0.5,nM,association,60.0,180.0
mAb-X-SCK,mAb-X,run-1,mAb-X-A1,A1-77,77.0,s,0.3185602456613878,0.08923862382237997,0.15484997627768218,0.11048066586642817,RU,0.5,nM,association,60.0,180.0
mAb-X-SCK,mAb-X,run-1,mAb-X-A1,A1-78,78.0,s,0.49466755055249334,-0.08730157037005735,0.19634570152392694,-0.041426910822698094,RU,0.5,nM,association,60.0,180.0
mAb-X-SCK,mAb-X,run-1,mAb-X-A1,A1-79,79.0,s,0.34147348696833835,-0.008332430848398797,0.27386697209524846,-0.046602796191617606,RU,0.5,nM,association,60.0,180.0
mAb-X-SCK,mAb-X,run-1,mAb-X-A1,A1-80,80.0,s,0.6217254374712703,-0.016165942507644027,0.24435611422141965,0.04739203682940651,RU,0.5,nM,association,60.0,180.0
mAb-X-SCK,mAb-X,run-1,mAb-X-A1,A1-81,81.0,s,0.3661069212028264,0.1750290999595306,0.10239198087125881,-0.1796023497932977,RU,0.5,nM,association,60.0,180.0
mAb-X-SCK,mAb-X,run-1,mAb-X-A1,A1-82,82.0,s,0.6683034457381364,-0.08521510299745443,0.15480959905162836,0.032128305278333484,RU,0.5,nM,association,60.0,180.0
mAb-X-SCK,mAb-X,run-1,mAb-X-A1,A1-83,83.0,s,0.3733737951322617,0.3299084810340176,0.3197131857311627,0.13306002744485795,RU,0.5,nM,association,60.0,180.0
mAb-X-SCK,mAb-X,run-1,mAb-X-A1,A1-84,84.0,s,0.36933474218001283,-0.005352008724928484,0.02817672454554432,-0.16059404254107792,RU,0.5,nM,association,60.0,180.0
mAb-X-SCK,mAb-X,run-1,mAb-X-A1,A1-85,85.0,s,0.6164842986231673,0.16210710412312743,-0.03159512902025713,-0.010028150787222275,RU,0.5,nM,association,60.0,180.0
mAb-X-SCK,mAb-X,run-1,mAb-X-A1,A1-86,86.0,s,0.3874323056767871,0.03933278287639725,-0.004446270418730025,-0.06730990678798074,RU,0.5,nM,association,60.0,180.0
mAb-X-SCK,mAb-X,run-1,mAb-X-A1,A1-87,87.0,s,0.33334048483912126,0.009758693560434503,0.09155190579996493,0.053135939377222476,RU,0.5,nM,association,60.0,180.0
mAb-X-SCK,mAb-X,run-1,mAb-X-A1,A1-88,88.0,s,0.5859588242142064,0.29226470618580336,-0.015369391954867667,0.2975258502783183,RU,0.5,nM,association,60.0,180.0
mAb-X-SCK,mAb-X,run-1,mAb-X-A1,A1-89,89.0,s,0.5348164066983487,0.2278513457921464,0.2131532811920858,0.09669422020040525,RU,0.5,nM,association,60.0,180.0
mAb-X-SCK,mAb-X,run-1,mAb-X-A1,A1-90,90.0,s,0.7012428800169708,0.0988602749668364,0.15543033508156767,-0.33309800590030797,RU,0.5,nM,association,60.0,180.0
mAb-X-SCK,mAb-X,run-1,mAb-X-A1,A1-91,91.0,s,0.5309424266408306,0.1537677466462784,0.20930267656812998,0.033049217612046725,RU,0.5,nM,association,60.0,180.0
mAb-X-SCK,mAb-X,run-1,mAb-X-A1,A1-92,92.0,s,0.7239062968006028,0.08464322460749399,0.13934945340698107,0.11569946401406228,RU,0.5,nM,association,60.0,180.0
mAb-X-SCK,mAb-X,run-1,mAb-X-A1,A1-93,93.0,s,0.4557778487192864,0.16407744116400816,0.43109918625058413,0.02359511434582212,RU,0.5,nM,association,60.0,180.0
mAb-X-SCK,mAb-X,run-1,mAb-X-A1,A1-94,94.0,s,0.44021096669472487,0.0173283179374727,0.08520906004074977,-0.23108911416854255,RU,0.5,nM,association,60.0,180.0
mAb-X-SCK,mAb-X,run-1,mAb-X-A1,A1-95,95.0,s,0.4831226719626571,0.040366818079235506,0.040475510153308025,-0.026621988575341957,RU,0.5,nM,association,60.0,180.0
mAb-X-SCK,mAb-X,run-1,mAb-X-A1,A1-96,96.0,s,0.5240475243036459,-0.03556297087740384,0.2942792292434656,-0.11159141494284097,RU,0.5,nM,association,60.0,180.0
mAb-X-SCK,mAb-X,run-1,mAb-X-A1,A1-97,97.0,s,0.8077954190409466,0.11458662822006482,0.18550940627310403,-0.28067949621789023,RU,0.5,nM,association,60.0,180.0
mAb-X-SCK,mAb-X,run-1,mAb-X-A1,A1-98,98.0,s,0.5771683483386625,-0.005630188855208038,0.022198971060628764,-0.07597377042790988,RU,0.5,nM,association,60.0,180.0
mAb-X-SCK,mAb-X,run-1,mAb-X-A1,A1-99,99.0,s,0.9751016870101281,-0.16117664474581783,0.46203298260733655,0.060055704915529695,RU,0.5,nM,association,60.0,180.0
mAb-X-SCK,mAb-X,run-1,mAb-X-A1,A1-100,100.0,s,0.9121475084586386,-0.20628938936620367,0.18712124246601744,-0.10430744369453646,RU,0.5,nM,association,60.0,180.0
mAb-X-SCK,mAb-X,run-1,mAb-X-A1,A1-101,101.0,s,0.7336631833415477,0.33485788761514235,0.3067807984617898,-0.1270054166015739,RU,0.5,nM,association,60.0,180.0
mAb-X-SCK,mAb-X,run-1,mAb-X-A1,A1-102,102.0,s,0.8964931726961107,0.10132390394090984,0.18031523566510255,-0.005794031167035058,RU,0.5,nM,association,60.0,180.0
mAb-X-SCK,mAb-X,run-1,mAb-X-A1,A1-103,103.0,s,0.4475625617347301,-0.03271694934169138,0.14535649275325901,-0.11256747008249218,RU,0.5,nM,association,60.0,180.0
mAb-X-SCK,mAb-X,run-1,mAb-X-A1,A1-104,104.0,s,0.9063053375893418,-0.02314675327215561,0.33267803392043677,-0.0301334387931184,RU,0.5,nM,association,60.0,180.0
mAb-X-SCK,mAb-X,run-1,mAb-X-A1,A1-105,105.0,s,0.4877547083246672,-0.043442759201952064,0.2076845848708977,-0.13275767084311524,RU,0.5,nM,association,60.0,180.0
mAb-X-SCK,mAb-X,run-1,mAb-X-A1,A1-106,106.0,s,0.5328736268676614,-0.016681093611873907,0.2679017586949495,-0.044008008548733026,RU,0.5,nM,association,60.0,180.0
mAb-X-SCK,mAb-X,run-1,mAb-X-A1,A1-107,107.0,s,0.9277874196517384,-0.08429689790027999,0.2954605737819386,-0.025920445071388548,RU,0.5,nM,association,60.0,180.0
mAb-X-SCK,mAb-X,run-1,mAb-X-A1,A1-108,108.0,s,0.8263476070842461,0.4167573979966826,0.12184836901682027,0.03253942698112737,RU,0.5,nM,association,60.0,180.0
mAb-X-SCK,mAb-X,run-1,mAb-X-A1,A1-109,109.0,s,0.6035166375747048,0.2119497182520083,-0.09461228361016141,0.016757018447146877,RU,0.5,nM,association,60.0,180.0
mAb-X-SCK,mAb-X,run-1,mAb-X-A1,A1-110,110.0,s,0.5614497350279917,0.1332229675739457,-0.06061990473424764,0.14492530514986285,RU,0.5,nM,association,60.0,180.0
mAb-X-SCK,mAb-X,run-1,mAb-X-A1,A1-111,111.0,s,0.5822813713590964,0.07937368806810038,-0.04002575898403979,0.18562772423463147,RU,0.5,nM,association,60.0,180.0
mAb-X-SCK,mAb-X,run-1,mAb-X-A1,A1-112,112.0,s,0.8408407124551371,0.024768613004903385,-0.025637644172013446,-0.16797679538200555,RU,0.5,nM,association,60.0,180.0
mAb-X-SCK,mAb-X,run-1,mAb-X-A1,A1-113,113.0,s,0.9326253223116165,-0.1561296216620977,0.3354597837211357,0.008452642727536092,RU,0.5,nM,association,60.0,180.0
mAb-X-SCK,mAb-X,run-1,mAb-X-A1,A1-114,114.0,s,0.7325809788847363,0.1683889667367775,0.20506670147916572,-0.10881941270500245,RU,0.5,nM,association,60.0,180.0
mAb-X-SCK,mAb-X,run-1,mAb-X-A1,A1-115,115.0,s,0.7796541192428152,0.05849557242548767,0.19664868228312093,0.21326576311495335,RU,0.5,nM,association,60.0,180.0
mAb-X-SCK,mAb-X,run-1,mAb-X-A1,A1-116,116.0,s,0.8460726363582676,0.2357639552185885,0.2137858678860254,0.022652871495746293,RU,0.5,nM,association,60.0,180.0
mAb-X-SCK,mAb-X,run-1,mAb-X-A1,A1-117,117.0,s,0.7245265329392669,-0.09158734033906264,0.18377921932634023,-0.16257568531476732,RU,0.5,nM,association,60.0,180.0
mAb-X-SCK,mAb-X,run-1,mAb-X-A1,A1-118,118.0,s,0.9378110769670488,-0.001814826271738651,0.2583608419808716,-0.12016834129534236,RU,0.5,nM,association,60.0,180.0
mAb-X-SCK,mAb-X,run-1,mAb-X-A1,A1-119,119.0,s,0.8944342374349631,-0.2922908714121232,0.16991691876863613,-0.027241085254526072,RU,0.5,nM,association,60.0,180.0
mAb-X-SCK,mAb-X,run-1,mAb-X-A1,A1-120,120.0,s,1.0557915872568764,-0.27831699517309616,0.16613963630329692,0.37979646824235946,RU,0.5,nM,association,60.0,180.0
mAb-X-SCK,mAb-X,run-1,mAb-X-A1,A1-121,121.0,s,1.3135600880938219,0.03949035234352173,0.15609233721539878,0.33762077002318286,RU,0.5,nM,association,60.0,180.0
mAb-X-SCK,mAb-X,run-1,mAb-X-A1,A1-122,122.0,s,0.8031519460255243,-0.005775220646110163,0.2736706381671828,-0.27415480795065567,RU,0.5,nM,association,60.0,180.0
mAb-X-SCK,mAb-X,run-1,mAb-X-A1,A1-123,123.0,s,0.7780892601870304,0.21960168612559833,0.117781648678775,0.2307185391668741,RU,0.5,nM,association,60.0,180.0
mAb-X-SCK,mAb-X,run-1,mAb-X-A1,A1-124,124.0,s,0.5404889980766967,0.11970618596977009,0.535733755241946,0.10567686442969551,RU,0.5,nM,association,60.0,180.0
mAb-X-SCK,mAb-X,run-1,mAb-X-A1,A1-125,125.0,s,0.9981753814955742,0.14438489779468153,0.4186624694147414,-0.11452675894796983,RU,0.5,nM,association,60.0,180.0
mAb-X-SCK,mAb-X,run-1,mAb-X-A1,A1-126,126.0,s,0.8491639404920486,0.1783815825612775,0.17719667539835704,-0.07526071458913797,RU,0.5,nM,association,60.0,180.0
mAb-X-SCK,mAb-X,run-1,mAb-X-A1,A1-127,127.0,s,1.131124698040837,0.13311436757502143,0.4720848182014823,-0.02321489530120037,RU,0.5,nM,association,60.0,180.0
mAb-X-SCK,mAb-X,run-1,mAb-X-A1,A1-128,128.0,s,0.9128356329783571,0.16332871333862942,0.3018088034130903,-0.05006540522621845,RU,0.5,nM,association,60.0,180.0
mAb-X-SCK,mAb-X,run-1,mAb-X-A1,A1-129,129.0,s,1.0143595489277566,-0.08289893405706887,0.25352086267730395,0.22746631823388228,RU,0.5,nM,association,60.0,180.0
mAb-X-SCK,mAb-X,run-1,mAb-X-A1,A1-130,130.0,s,1.1330508823442127,-0.029844450527111335,0.5692972477318938,0.12374885933753106,RU,0.5,nM,association,60.0,180.0
mAb-X-SCK,mAb-X,run-1,mAb-X-A1,A1-131,131.0,s,0.9582112673317078,0.1392152178048679,0.10854310584623492,-0.18651249446163662,RU,0.5,nM,association,60.0,180.0
mAb-X-SCK,mAb-X,run-1,mAb-X-A1,A1-132,132.0,s,0.9873705029124925,0.05964309010660394,0.3949925276724645,0.14624291678823523,RU,0.5,nM,association,60.0,180.0
mAb-X-SCK,mAb-X,run-1,mAb-X-A1,A1-133,133.0,s,1.0001148321948383,0.37670751747126974,0.3875281096132706,0.10542260474927188,RU,0.5,nM,association,60.0,180.0
mAb-X-SCK,mAb-X,run-1,mAb-X-A1,A1-134,134.0,s,1.0351527659784432,-0.23062342730037794,0.2323006820340761,0.2975553273481222,RU,0.5,nM,association,60.0,180.0
mAb-X-SCK,mAb-X,run-1,mAb-X-A1,A1-135,135.0,s,1.1141218010687206,0.5662910683889949,0.08658118851500601,0.014060558713160847,RU,0.5,nM,association,60.0,180.0
mAb-X-SCK,mAb-X,run-1,mAb-X-A1,A1-136,136.0,s,1.3851844840838883,0.07027390279994383,0.13001597684765112,-0.1038836347495811,RU,0.5,nM,association,60.0,180.0
mAb-X-SCK,mAb-X,run-1,mAb-X-A1,A1-137,137.0,s,0.8533319489142064,0.023308216863224075,0.08597473716233628,0.15901089881757893,RU,0.5,nM,association,60.0,180.0
mAb-X-SCK,mAb-X,run-1,mAb-X-A1,A1-138,138.0,s,1.3100859155586966,0.11948269736830269,0.47801365041208727,-0.0033883105328242737,RU,0.5,nM,association,60.0,180.0
mAb-X-SCK,mAb-X,run-1,mAb-X-A1,A1-139,139.0,s,1.1270657796924652,0.012773570814885497,0.16885218546710656,0.16360400865599137,RU,0.5,nM,association,60.0,180.0
mAb-X-SCK,mAb-X,run-1,mAb-X-A1,A1-140,140.0,s,0.9125893329424377,0.25890025131369815,0.09863717842622063,-0.023825436285804864,RU,0.5,nM,association,60.0,180.0
mAb-X-SCK,mAb-X,run-1,mAb-X-A1,A1-141,141.0,s,1.1164384795478546,-0.0002340518837845168,0.2466629103886491,-0.02143163939609768,RU,0.5,nM,association,60.0,180.0
mAb-X-SCK,mAb-X,run-1,mAb-X-A1,A1-142,142.0,s,1.2175913558482758,0.2342773920493867,0.38052623284211146,-0.20747187593784053,RU,0.5,nM,association,60.0,180.0
mAb-X-SCK,mAb-X,run-1,mAb-X-A1,A1-143,143.0,s,1.2463776884595197,0.3164838775489092,0.1718631380601537,0.09360682434539987,RU,0.5,nM,association,60.0,180.0
mAb-X-SCK,mAb-X,run-1,mAb-X-A1,A1-144,144.0,s,1.0287985058856757,0.136819778469347,0.283867486271311,-0.10358596816055965,RU,0.5,nM,association,60.0,180.0
mAb-X-SCK,mAb-X,run-1,mAb-X-A1,A1-145,145.0,s,1.1692134843528337,0.14740376999277977,0.3175439094704542,-0.0028594605471082956,RU,0.5,nM,association,60.0,180.0
mAb-X-SCK,mAb-X,run-1,mAb-X-A1,A1-146,146.0,s,1.2080817965849497,0.14335879427796622,0.03614803402662092,-0.16534431859598725,RU,0.5,nM,association,60.0,180.0
mAb-X-SCK,mAb-X,run-1,mAb-X-A1,A1-147,147.0,s,1.0897947851241885,0.06891071224312001,0.39356676433005783,-0.2771095591761259,RU,0.5,nM,association,60.0,180.0
mAb-X-SCK,mAb-X,run-1,mAb-X-A1,A1-148,148.0,s,1.452948184203791,0.04785527768668893,0.5035821989692819,0.16697942301907806,RU,0.5,nM,association,60.0,180.0
mAb-X-SCK,mAb-X,run-1,mAb-X-A1,A1-149,149.0,s,1.169523462393369,-0.003758020742537893,0.4954497478481883,0.03693319178601659,RU,0.5,nM,association,60.0,180.0
mAb-X-SCK,mAb-X,run-1,mAb-X-A1,A1-150,150.0,s,1.2209621509052853,0.0824981655993232,0.14265383547070407,-0.09876285437569365,RU,0.5,nM,association,60.0,180.0
mAb-X-SCK,mAb-X,run-1,mAb-X-A1,A1-151,151.0,s,1.1883451329460615,-0.18704276591306584,0.019330578809791665,0.195056070513983,RU,0.5,nM,association,60.0,180.0
mAb-X-SCK,mAb-X,run-1,mAb-X-A1,A1-152,152.0,s,1.4284467544150345,-0.08616306531034092,0.36917719864493526,0.0038592925340574496,RU,0.5,nM,association,60.0,180.0
mAb-X-SCK,mAb-X,run-1,mAb-X-A1,A1-153,153.0,s,1.3370177145342441,-0.1924800450895952,0.18872784518733,-0.002249583489201301,RU,0.5,nM,association,60.0,180.0
mAb-X-SCK,mAb-X,run-1,mAb-X-A1,A1-154,154.0,s,0.9733175650633961,0.19794756476514513,0.3876632617256529,-0.22677332903854996,RU,0.5,nM,association,60.0,180.0
mAb-X-SCK,mAb-X,run-1,mAb-X-A1,A1-155,155.0,s,1.464228278683252,0.0191026844139449,0.24324757874834718,0.07151780159616325,RU,0.5,nM,association,60.0,180.0
mAb-X-SCK,mAb-X,run-1,mAb-X-A1,A1-156,156.0,s,1.5748695547738305,0.11861404577294626,0.3557656281829782,0.03982210297262951,RU,0.5,nM,association,60.0,180.0
mAb-X-SCK,mAb-X,run-1,mAb-X-A1,A1-157,157.0,s,1.1893943300541283,0.08420918594522628,0.17861329502286463,0.12191332445351198,RU,0.5,nM,association,60.0,180.0
mAb-X-SCK,mAb-X,run-1,mAb-X-A1,A1-158,158.0,s,1.2122923135021262,0.022027950187798857,0.30884150265785965,0.0557930777634936,RU,0.5,nM,association,60.0,180.0
mAb-X-SCK,mAb-X,run-1,mAb-X-A1,A1-159,159.0,s,1.347129706427577,0.3319938810221453,-0.04321461928822612,0.0068783429024492386,RU,0.5,nM,association,60.0,180.0
mAb-X-SCK,mAb-X,run-1,mAb-X-A1,A1-160,160.0,s,1.6001236488772328,0.2901396266538,0.22922323656814786,-0.22075846914270472,RU,0.5,nM,association,60.0,180.0
mAb-X-SCK,mAb-X,run-1,mAb-X-A1,A1-161,161.0,s,1.2503139607477887,0.14927514144707238,0.054867531994774565,-0.17645207711624322,RU,0.5,nM,association,60.0,180.0
mAb-X-SCK,mAb-X,run-1,mAb-X-A1,A1-162,162.0,s,1.5130491038100256,0.11674615918584694,0.2982363759551437,0.029224027269694926,RU,0.5,nM,association,60.0,180.0
mAb-X-SCK,mAb-X,run-1,mAb-X-A1,A1-163,163.0,s,1.5194607160058005,0.061837526348314145,0.4970376516873293,0.04150106487163148,RU,0.5,nM,association,60.0,180.0
mAb-X-SCK,mAb-X,run-1,mAb-X-A1,A1-164,164.0,s,1.324187155932572,0.16732563409591858,0.26678808254086206,-0.483205644939084,RU,0.5,nM,association,60.0,180.0
mAb-X-SCK,mAb-X,run-1,mAb-X-A1,A1-165,165.0,s,1.1896476892343277,0.024893067619600792,0.47826776374017177,-0.04279939198193361,RU,0.5,nM,association,60.0,180.0
mAb-X-SCK,mAb-X,run-1,mAb-X-A1,A1-166,166.0,s,1.3283706640577684,0.2688446883300335,0.15027839992229775,0.004276735699135618,RU,0.5,nM,association,60.0,180.0
mAb-X-SCK,mAb-X,run-1,mAb-X-A1,A1-167,167.0,s,1.0958155600847626,0.32791001459529673,0.1634070186437167,0.10311865206496626,RU,0.5,nM,association,60.0,180.0
mAb-X-SCK,mAb-X,run-1,mAb-X-A1,A1-168,168.0,s,1.322587747801262,0.22369262103514714,0.5071395464109612,-0.0764910603303416,RU,0.5,nM,association,60.0,180.0
mAb-X-SCK,mAb-X,run-1,mAb-X-A1,A1-169,169.0,s,1.8029636050577242,0.08754269139122166,0.7476152357561268,-0.008743327092701458,RU,0.5,nM,association,60.0,180.0
mAb-X-SCK,mAb-X,run-1,mAb-X-A1,A1-170,170.0,s,1.5510607828498073,0.23039393727482038,0.3351624476459973,-0.05392262692346132,RU,0.5,nM,association,60.0,180.0
mAb-X-SCK,mAb-X,run-1,mAb-X-A1,A1-171,171.0,s,1.5746492623988086,-0.08140705163353261,0.37149531053543955,-0.04635766851801263,RU,0.5,nM,association,60.0,180.0
mAb-X-SCK,mAb-X,run-1,mAb-X-A1,A1-172,172.0,s,1.6545146095196008,-0.2870087743038462,0.37860269056588336,0.2185640101614734,RU,0.5,nM,association,60.0,180.0
mAb-X-SCK,mAb-X,run-1,mAb-X-A1,A1-173,173.0,s,1.5343132078123412,-0.04221235277719798,0.3846835117990581,-0.0917137876758251,RU,0.5,nM,association,60.0,180.0
mAb-X-SCK,mAb-X,run-1,mAb-X-A1,A1-174,174.0,s,1.5862041001195393,-0.10522291563391163,0.1358229328905042,-0.089917844271217,RU,0.5,nM,association,60.0,180.0
mAb-X-SCK,mAb-X,run-1,mAb-X-A1,A1-175,175.0,s,1.4786290368720616,0.06920185443139558,0.4788318555936416,-0.10280344792124162,RU,0.5,nM,association,60.0,180.0
mAb-X-SCK,mAb-X,run-1,mAb-X-A1,A1-176,176.0,s,1.512562488554818,0.07941121811445793,0.3328570241646079,-0.02072460956773118,RU,0.5,nM,association,60.0,180.0
mAb-X-SCK,mAb-X,run-1,mAb-X-A1,A1-177,177.0,s,1.652231161179601,-0.016914015676857477,0.4467683081013169,0.10568021840178163,RU,0.5,nM,association,60.0,180.0
mAb-X-SCK,mAb-X,run-1,mAb-X-A1,A1-178,178.0,s,1.4321587592135279,-0.018076620101665358,0.3726790758032541,0.06136254226066294,RU,0.5,nM,association,60.0,180.0
mAb-X-SCK,mAb-X,run-1,mAb-X-A1,A1-179,179.0,s,1.7546852989300954,-0.10911128476147137,0.41024849125383106,-0.09512715151487522,RU,0.5,nM,association,60.0,180.0
mAb-X-SCK,mAb-X,run-1,mAb-X-A1,A1-180,180.0,s,1.3043812227966078,0.1525623705926606,0.289040333006023,-0.056072987343204046,RU,0.5,nM,dissociation,60.0,180.0
mAb-X-SCK,mAb-X,run-1,mAb-X-A1,A1-181,181.0,s,1.4420211679838582,-0.24801743461836484,0.387013347611742,-0.010470219027480748,RU,0.5,nM,dissociation,60.0,180.0
mAb-X-SCK,mAb-X,run-1,mAb-X-A1,A1-182,182.0,s,1.6936952735190243,-0.12311081878741989,0.322933688035843,-0.3446823826726624,RU,0.5,nM,dissociation,60.0,180.0
mAb-X-SCK,mAb-X,run-1,mAb-X-A1,A1-183,183.0,s,1.5775095477325705,0.031532755588035574,0.21551623629825878,0.34669391886842493,RU,0.5,nM,dissociation,60.0,180.0
mAb-X-SCK,mAb-X,run-1,mAb-X-A1,A1-184,184.0,s,1.330333926115225,0.10882937643508965,0.3991453865665958,-0.004438598775545987,RU,0.5,nM,dissociation,60.0,180.0
mAb-X-SCK,mAb-X,run-1,mAb-X-A1,A1-185,185.0,s,1.7675522429467585,-0.007947588259157232,0.25288435182988916,-0.10533344021800477,RU,0.5,nM,dissociation,60.0,180.0
mAb-X-SCK,mAb-X,run-1,mAb-X-A1,A1-186,186.0,s,1.4654620346197378,-0.28929246549774756,0.2922753270254388,-0.12338342081344711,RU,0.5,nM,dissociation,60.0,180.0
mAb-X-SCK,mAb-X,run-1,mAb-X-A1,A1-187,187.0,s,1.5952263441130146,-0.0007072427555990209,0.40575044771109847,-0.3122332383806882,RU,0.5,nM,dissociation,60.0,180.0
mAb-X-SCK,mAb-X,run-1,mAb-X-A1,A1-188,188.0,s,1.553003844463197,0.05319392429518228,0.33169834234152373,0.00848455869507973,RU,0.5,nM,dissociation,60.0,180.0
mAb-X-SCK,mAb-X,run-1,mAb-X-A1,A1-189,189.0,s,1.5159793543480682,0.040129998486886774,0.09895498224133092,0.11841567012618659,RU,0.5,nM,dissociation,60.0,180.0
mAb-X-SCK,mAb-X,run-1,mAb-X-A1,A1-190,190.0,s,1.583035233983646,0.02133398380986611,0.7047883860904092,-0.030065460318124078,RU,0.5,nM,dissociation,60.0,180.0
mAb-X-SCK,mAb-X,run-1,mAb-X-A1,A1-191,191.0,s,1.7358283949937945,0.20447076230480554,0.41515818276786187,-0.05026891100393099,RU,0.5,nM,dissociation,60.0,180.0
mAb-X-SCK,mAb-X,run-1,mAb-X-A1,A1-192,192.0,s,1.4607742245051056,-0.11617438965917704,0.37499524281360813,0.10570712110510787,RU,0.5,nM,dissociation,60.0,180.0
mAb-X-SCK,mAb-X,run-1,mAb-X-A1,A1-193,193.0,s,1.4851868354565736,0.013874028288582767,0.34887590307642213,-0.05583782447915107,RU,0.5,nM,dissociation,60.0,180.0
mAb-X-SCK,mAb-X,run-1,mAb-X-A1,A1-194,194.0,s,1.8464702537032736,0.0035572358583752994,0.8091048017550724,-0.09664798012820254,RU,0.5,nM,dissociation,60.0,180.0
mAb-X-SCK,mAb-X,run-1,mAb-X-A1,A1-195,195.0,s,1.462355844347389,0.05377279694469616,0.3914388671872627,0.3235187380398024,RU,0.5,nM,dissociation,60.0,180.0
mAb-X-SCK,mAb-X,run-1,mAb-X-A1,A1-196,196.0,s,1.6684475958567795,-0.14181049208184549,0.3430165297201495,-0.22813718401900632,RU,0.5,nM,dissociation,60.0,180.0
mAb-X-SCK,mAb-X,run-1,mAb-X-A1,A1-197,197.0,s,1.6818460573191851,0.13242750446007207,0.5789082304475657,-0.13062630777771458,RU,0.5,nM,dissociation,60.0,180.0
mAb-X-SCK,mAb-X,run-1,mAb-X-A1,A1-198,198.0,s,1.726860608673812,-0.098510368000147,-0.04550276823356386,0.1125211325261557,RU,0.5,nM,dissociation,60.0,180.0
mAb-X-SCK,mAb-X,run-1,mAb-X-A1,A1-199,199.0,s,1.6105553839030806,-0.017941754182756762,0.3231152618580718,0.25100739866341787,RU,0.5,nM,dissociation,60.0,180.0
mAb-X-SCK,mAb-X,run-1,mAb-X-A1,A1-200,200.0,s,1.5963491073741642,0.03527209197172231,0.5561962801022513,0.0031314534078304914,RU,0.5,nM,dissociation,60.0,180.0
mAb-X-SCK,mAb-X,run-1,mAb-X-A1,A1-201,201.0,s,1.713108076210343,0.4270832276902414,0.29086558442941063,-0.15512419312985762,RU,0.5,nM,dissociation,60.0,180.0
mAb-X-SCK,mAb-X,run-1,mAb-X-A1,A1-202,202.0,s,1.6506374889859836,0.11080502325163777,0.6531895284052514,-0.07381682352272023,RU,0.5,nM,dissociation,60.0,180.0
mAb-X-SCK,mAb-X,run-1,mAb-X-A1,A1-203,203.0,s,1.369703077810334,0.1788650767504509,0.41028845675192777,0.05549272290779355,RU,0.5,nM,dissociation,60.0,180.0
mAb-X-SCK,mAb-X,run-1,mAb-X-A1,A1-204,204.0,s,1.5319616299539671,0.0654685529152209,0.27990662328480714,0.1982514108109064,RU,0.5,nM,dissociation,60.0,180.0
mAb-X-SCK,mAb-X,run-1,mAb-X-A1,A1-205,205.0,s,1.2857351303838698,-0.33192587613841856,0.4882792018364214,0.16902023625692078,RU,0.5,nM,dissociation,60.0,180.0
mAb-X-SCK,mAb-X,run-1,mAb-X-A1,A1-206,206.0,s,1.5381626765275966,0.031293014603195765,0.4459991205528077,0.0903961486093373,RU,0.5,nM,dissociation,60.0,180.0
mAb-X-SCK,mAb-X,run-1,mAb-X-A1,A1-207,207.0,s,1.4611784820141744,0.0121164463902361,0.8298916725047053,0.016495077561739704,RU,0.5,nM,dissociation,60.0,180.0
mAb-X-SCK,mAb-X,run-1,mAb-X-A1,A1-208,208.0,s,1.6210453745380144,-0.046232436910376866,0.27207972872890146,0.06569617408109432,RU,0.5,nM,dissociation,60.0,180.0
mAb-X-SCK,mAb-X,run-1,mAb-X-A1,A1-209,209.0,s,1.8842105337089001,0.04764622426974862,0.34551375565513087,-0.08932539500653124,RU,0.5,nM,dissociation,60.0,180.0
mAb-X-SCK,mAb-X,run-1,mAb-X-A1,A1-210,210.0,s,1.6547183975061888,-0.022567223121306438,0.3508526560232469,-0.08414154898182187,RU,0.5,nM,dissociation,60.0,180.0
mAb-X-SCK,mAb-X,run-1,mAb-X-A1,A1-211,211.0,s,1.516667850112575,0.21461501218205634,0.34072122916967834,0.2297153676708191,RU,0.5,nM,dissociation,60.0,180.0
mAb-X-SCK,mAb-X,run-1,mAb-X-A1,A1-212,212.0,s,1.3542220148640953,-0.03788399288568132,0.5921365959772648,0.024918365881923688,RU,0.5,nM,dissociation,60.0,180.0
mAb-X-SCK,mAb-X,run-1,mAb-X-A1,A1-213,213.0,s,1.6377220183822152,0.1293852589233852,0.5497897426375931,0.045835830438878504,RU,0.5,nM,dissociation,60.0,180.0
mAb-X-SCK,mAb-X,run-1,mAb-X-A1,A1-214,214.0,s,1.5110967877721788,-0.07634690479012729,0.5660959807572619,-0.04229359897947962,RU,0.5,nM,dissociation,60.0,180.0
mAb-X-SCK,mAb-X,run-1,mAb-X-A1,A1-215,215.0,s,1.4507760386984576,-0.05852954756426443,0.33733353854021847,-0.17010276376673064,RU,0.5,nM,dissociation,60.0,180.0
mAb-X-SCK,mAb-X,run-1,mAb-X-A1,A1-216,216.0,s,1.7405098901218226,-0.20278263891449652,0.5074256188930119,0.10145830040164511,RU,0.5,nM,dissociation,60.0,180.0
mAb-X-SCK,mAb-X,run-1,mAb-X-A1,A1-217,217.0,s,1.933954611833665,-0.08541229462055622,0.3116438583994058,-0.0312600792996779,RU,0.5,nM,dissociation,60.0,180.0
mAb-X-SCK,mAb-X,run-1,mAb-X-A1,A1-218,218.0,s,1.5386038680850231,0.05987365787784707,0.5403335560452447,0.031802097708842014,RU,0.5,nM,dissociation,60.0,180.0
mAb-X-SCK,mAb-X,run-1,mAb-X-A1,A1-219,219.0,s,1.627695862367905,-0.29135669075075943,0.5109243498289266,-0.014006491266096464,RU,0.5,nM,dissociation,60.0,180.0
mAb-X-SCK,mAb-X,run-1,mAb-X-A1,A1-220,220.0,s,1.5087377017011203,-0.0034466529580443384,0.47580401283433754,0.09590294210793494,RU,0.5,nM,dissociation,60.0,180.0
mAb-X-SCK,mAb-X,run-1,mAb-X-A1,A1-221,221.0,s,1.3545356819104772,-0.04847806771013593,0.448824323163167,-0.20300242738089477,RU,0.5,nM,dissociation,60.0,180.0
mAb-X-SCK,mAb-X,run-1,mAb-X-A1,A1-222,222.0,s,1.4356785164702928,-0.21428309346913196,0.42102614624558726,-0.18806220276967264,RU,0.5,nM,dissociation,60.0,180.0
mAb-X-SCK,mAb-X,run-1,mAb-X-A1,A1-223,223.0,s,1.654635812258668,0.23970314787439667,0.24260080539212825,0.35185650624616166,RU,0.5,nM,dissociation,60.0,180.0
mAb-X-SCK,mAb-X,run-1,mAb-X-A1,A1-224,224.0,s,1.5649096238027416,0.07038656201477647,0.32996302992410154,0.09512225989023179,RU,0.5,nM,dissociation,60.0,180.0
mAb-X-SCK,mAb-X,run-1,mAb-X-A1,A1-225,225.0,s,1.2344016928413772,0.09091950253483363,0.5901775747465193,-0.14445884868897246,RU,0.5,nM,dissociation,60.0,180.0
mAb-X-SCK,mAb-X,run-1,mAb-X-A1,A1-226,226.0,s,1.5636689641622754,-0.09733586318072865,0.13425591725103053,0.15648476429324934,RU,0.5,nM,dissociation,60.0,180.0
mAb-X-SCK,mAb-X,run-1,mAb-X-A1,A1-227,227.0,s,1.434049264552559,0.26332940800979526,0.3167162680227506,0.05213894943746218,RU,0.5,nM,dissociation,60.0,180.0
mAb-X-SCK,mAb-X,run-1,mAb-X-A1,A1-228,228.0,s,1.607452923575083,0.1867914849432431,0.36058467646173525,-0.007801230084365712,RU,0.5,nM,dissociation,60.0,180.0
mAb-X-SCK,mAb-X,run-1,mAb-X-A1,A1-229,229.0,s,1.5165318078997683,0.1647482607242065,0.5936737115928091,0.08720847664060001,RU,0.5,nM,dissociation,60.0,180.0
mAb-X-SCK,mAb-X,run-1,mAb-X-A1,A1-230,230.0,s,1.578185457885672,0.2876151538325999,0.4508498734034018,-0.21367682588782005,RU,0.5,nM,dissociation,60.0,180.0
mAb-X-SCK,mAb-X,run-1,mAb-X-A1,A1-231,231.0,s,1.459299249099035,-0.177128675700554,0.23940811358064426,0.2207184930115886,RU,0.5,nM,dissociation,60.0,180.0
mAb-X-SCK,mAb-X,run-1,mAb-X-A1,A1-232,232.0,s,1.7921359983380403,0.03472167851926182,0.3489392032028699,-0.031213621697229046,RU,0.5,nM,dissociation,60.0,180.0
mAb-X-SCK,mAb-X,run-1,mAb-X-A1,A1-233,233.0,s,1.4761316517608283,0.08880373982185515,0.5275946287371481,-0.1252323812181082,RU,0.5,nM,dissociation,60.0,180.0
mAb-X-SCK,mAb-X,run-1,mAb-X-A1,A1-234,234.0,s,1.7158064205933903,0.13813667204125993,0.3685771124405499,0.20858569958457257,RU,0.5,nM,dissociation,60.0,180.0
mAb-X-SCK,mAb-X,run-1,mAb-X-A1,A1-235,235.0,s,1.389504650818373,0.1297431707904047,0.5588008278448428,0.07305979479714571,RU,0.5,nM,dissociation,60.0,180.0
mAb-X-SCK,mAb-X,run-1,mAb-X-A1,A1-236,236.0,s,1.3185136518210816,0.03445516276017114,0.5262275887491534,0.15683414714816202,RU,0.5,nM,dissociation,60.0,180.0
mAb-X-SCK,mAb-X,run-1,mAb-X-A1,A1-237,237.0,s,1.6332589789252514,0.11151729931256468,0.19328719190726995,-0.22511290450699628,RU,0.5,nM,dissociation,60.0,180.0
mAb-X-SCK,mAb-X,run-1,mAb-X-A1,A1-238,238.0,s,1.5280681331585855,0.15140405837956306,0.4285789972829451,0.0761694656151586,RU,0.5,nM,dissociation,60.0,180.0
mAb-X-SCK,mAb-X,run-1,mAb-X-A1,A1-239,239.0,s,1.7779388285812907,0.08387251114514188,0.4077622923384532,0.19134441673391114,RU,0.5,nM,dissociation,60.0,180.0
mAb-X-SCK,mAb-X,run-1,mAb-X-A1,A1-240,240.0,s,1.6129248955822701,0.16173501003731014,0.5801751174160763,0.12656363628355177,RU,1.5,nM,association,240.0,360.0
mAb-X-SCK,mAb-X,run-1,mAb-X-A1,A1-241,241.0,s,1.9876925999668256,0.08732835807440109,0.238647869668842,0.061642735652254046,RU,1.5,nM,association,240.0,360.0
mAb-X-SCK,mAb-X,run-1,mAb-X-A1,A1-242,242.0,s,1.888510221014933,0.07996634120745827,0.4710817035971062,-0.3860460426970134,RU,1.5,nM,association,240.0,360.0
mAb-X-SCK,mAb-X,run-1,mAb-X-A1,A1-243,243.0,s,1.9288532833079046,0.031000591862283544,0.5102453920598752,-0.09234118540394068,RU,1.5,nM,association,240.0,360.0
mAb-X-SCK,mAb-X,run-1,mAb-X-A1,A1-244,244.0,s,1.7821103681199584,0.038276942539039044,0.5822884300514252,0.30310579830324724,RU,1.5,nM,association,240.0,360.0
mAb-X-SCK,mAb-X,run-1,mAb-X-A1,A1-245,245.0,s,2.0874151863469144,-0.13556543254114123,0.7164184489526488,-0.04830448880733034,RU,1.5,nM,association,240.0,360.0
mAb-X-SCK,mAb-X,run-1,mAb-X-A1,A1-246,246.0,s,1.9313673292486555,0.3549666573488851,0.4820554697227418,0.027802518747360866,RU,1.5,nM,association,240.0,360.0
mAb-X-SCK,mAb-X,run-1,mAb-X-A1,A1-247,247.0,s,2.208271777091189,0.3105116915726884,0.6279344178139821,0.09255209754345646,RU,1.5,nM,association,240.0,360.0
mAb-X-SCK,mAb-X,run-1,mAb-X-A1,A1-248,248.0,s,2.1962658133202217,0.27588637866239235,0.5190940409073606,-0.10524524662054198,RU,1.5,nM,association,240.0,360.0
mAb-X-SCK,mAb-X,run-1,mAb-X-A1,A1-249,249.0,s,2.1684243211286254,0.19080928372238282,0.4504772027773866,0.033489790403755625,RU,1.5,nM,association,240.0,360.0
mAb-X-SCK,mAb-X,run-1,mAb-X-A1,A1-250,250.0,s,2.035963539719802,0.2962073054409621,0.48568382091361223,-0.12122864003629315,RU,1.5,nM,association,240.0,360.0
mAb-X-SCK,mAb-X,run-1,mAb-X-A1,A1-251,251.0,s,2.230052953332296,0.20906111734319766,0.41215195134403915,-0.13966137428317,RU,1.5,nM,association,240.0,360.0
mAb-X-SCK,mAb-X,run-1,mAb-X-A1,A1-252,252.0,s,2.1142629472293115,-0.04135236524461333,0.7377985590529856,0.055704054342459335,RU,1.5,nM,association,240.0,360.0
mAb-X-SCK,mAb-X,run-1,mAb-X-A1,A1-253,253.0,s,1.8640693116879659,0.2661121152254878,0.8368457643982625,0.14910591587039432,RU,1.5,nM,association,240.0,360.0
mAb-X-SCK,mAb-X,run-1,mAb-X-A1,A1-254,254.0,s,2.213931786140871,0.11110461648431491,0.6133393531309835,-0.3159736659516977,RU,1.5,nM,association,240.0,360.0
mAb-X-SCK,mAb-X,run-1,mAb-X-A1,A1-255,255.0,s,2.112787560661424,0.47066534012332306,0.6421402675067588,-0.2851631305498416,RU,1.5,nM,association,240.0,360.0
mAb-X-SCK,mAb-X,run-1,mAb-X-A1,A1-256,256.0,s,2.2401216778111626,0.07907277601607116,0.6398426598294767,-0.06957920905758809,RU,1.5,nM,association,240.0,360.0
mAb-X-SCK,mAb-X,run-1,mAb-X-A1,A1-257,257.0,s,2.219435638554909,0.2751605622736762,0.6391309020978585,-0.07028859127870399,RU,1.5,nM,association,240.0,360.0
mAb-X-SCK,mAb-X,run-1,mAb-X-A1,A1-258,258.0,s,2.3007941271889933,0.1851361836948281,0.4775836176427002,0.23169835950597678,RU,1.5,nM,association,240.0,360.0
mAb-X-SCK,mAb-X,run-1,mAb-X-A1,A1-259,259.0,s,2.4194186489249487,0.15559187338945396,0.5061626689776427,-0.011403846140376993,RU,1.5,nM,association,240.0,360.0
mAb-X-SCK,mAb-X,run-1,mAb-X-A1,A1-260,260.0,s,2.4712998305839884,0.3553736056029695,0.1435225577797457,0.28104490758102646,RU,1.5,nM,association,240.0,360.0
mAb-X-SCK,mAb-X,run-1,mAb-X-A1,A1-261,261.0,s,2.39382519132954,0.27007507881749904,0.44716571716007514,0.001970879852801823,RU,1.5,nM,association,240.0,360.0
mAb-X-SCK,mAb-X,run-1,mAb-X-A1,A1-262,262.0,s,2.6296725217757664,0.10437545294628732,0.49647665296550403,-0.1853803286822753,RU,1.5,nM,association,240.0,360.0
mAb-X-SCK,mAb-X,run-1,mAb-X-A1,A1-263,263.0,s,2.638055826594695,0.10658781988634647,0.6167056769479782,0.2859231019044384,RU,1.5,nM,association,240.0,360.0
mAb-X-SCK,mAb-X,run-1,mAb-X-A1,A1-264,264.0,s,2.4440249432497305,0.06576556004025458,0.4173315678481353,0.13482879410069432,RU,1.5,nM,association,240.0,360.0
mAb-X-SCK,mAb-X,run-1,mAb-X-A1,A1-265,265.0,s,2.567696970320629,0.24608470825562928,0.631838415970546,0.38089025032923673,RU,1.5,nM,association,240.0,360.0
mAb-X-SCK,mAb-X,run-1,mAb-X-A1,A1-266,266.0,s,2.6670623577878465,0.3701644317641246,0.6390870110502573,0.17411470921405056,RU,1.5,nM,association,240.0,360.0
mAb-X-SCK,mAb-X,run-1,mAb-X-A1,A1-267,267.0,s,2.770286844012066,0.32716883299357546,0.863923368652964,-0.12796412734797855,RU,1.5,nM,association,240.0,360.0
mAb-X-SCK,mAb-X,run-1,mAb-X-A1,A1-268,268.0,s,2.737168272232218,0.05118728154485619,0.6121403924011567,0.0008119700127178283,RU,1.5,nM,association,240.0,360.0
mAb-X-SCK,mAb-X,run-1,mAb-X-A1,A1-269,269.0,s,2.8200657101687763,0.3511708980897358,0.6170904483349312,-0.048071325633037926,RU,1.5,nM,association,240.0,360.0
mAb-X-SCK,mAb-X,run-1,mAb-X-A1,A1-270,270.0,s,2.570372055427484,0.35755239312711823,0.12040093122027612,-0.11708653149389295,RU,1.5,nM,association,240.0,360.0
mAb-X-SCK,mAb-X,run-1,mAb-X-A1,A1-271,271.0,s,2.6413422679269027,0.40598870422352673,0.6286666774150322,0.0942800410319329,RU,1.5,nM,association,240.0,360.0
mAb-X-SCK,mAb-X,run-1,mAb-X-A1,A1-272,272.0,s,2.848226315071788,0.26095955499611784,0.7846157417647682,0.07859680127822267,RU,1.5,nM,association,240.0,360.0
mAb-X-SCK,mAb-X,run-1,mAb-X-A1,A1-273,273.0,s,2.7703385250903216,0.1769925489737169,0.8697572009779297,-0.03740398935629275,RU,1.5,nM,association,240.0,360.0
mAb-X-SCK,mAb-X,run-1,mAb-X-A1,A1-274,274.0,s,2.6939128055117023,0.33067431179370277,0.5883490669295646,-0.19746480135325004,RU,1.5,nM,association,240.0,360.0
mAb-X-SCK,mAb-X,run-1,mAb-X-A1,A1-275,275.0,s,2.895120965791018,0.518881106288188,0.5362062094796671,0.14639898149008077,RU,1.5,nM,association,240.0,360.0
mAb-X-SCK,mAb-X,run-1,mAb-X-A1,A1-276,276.0,s,3.0199083206132418,0.2006581437457954,0.5216858266942599,-0.021028753846392814,RU,1.5,nM,association,240.0,360.0
mAb-X-SCK,mAb-X,run-1,mAb-X-A1,A1-277,277.0,s,2.9052731543692034,0.10470900772739826,0.6981111542547159,0.10807780599586446,RU,1.5,nM,association,240.0,360.0
mAb-X-SCK,mAb-X,run-1,mAb-X-A1,A1-278,278.0,s,2.866810967595122,0.40766146903041095,0.626077646942325,-0.1102740921961871,RU,1.5,nM,association,240.0,360.0
mAb-X-SCK,mAb-X,run-1,mAb-X-A1,A1-279,279.0,s,3.1455643691778796,-0.029397519540947437,0.33738826020593815,0.1643830484901151,RU,1.5,nM,association,240.0,360.0
mAb-X-SCK,mAb-X,run-1,mAb-X-A1,A1-280,280.0,s,3.286397509715576,0.4229997479185869,0.7201766523736884,-0.23083211513635465,RU,1.5,nM,association,240.0,360.0
mAb-X-SCK,mAb-X,run-1,mAb-X-A1,A1-281,281.0,s,3.2648375216872125,0.3033868780003002,0.5273685032804506,0.013165570855214035,RU,1.5,nM,association,240.0,360.0
mAb-X-SCK,mAb-X,run-1,mAb-X-A1,A1-282,282.0,s,2.9957052670976525,0.4341152426709953,0.5265091142142818,0.17863397698622036,RU,1.5,nM,association,240.0,360.0
mAb-X-SCK,mAb-X,run-1,mAb-X-A1,A1-283,283.0,s,3.3280348725398317,-0.017507563772065526,0.2873051476931694,0.25419781204726677,RU,1.5,nM,association,240.0,360.0
mAb-X-SCK,mAb-X,run-1,mAb-X-A1,A1-284,284.0,s,3.3892748346993993,-0.08534831603618848,0.38888082216095676,0.04166934803076814,RU,1.5,nM,association,240.0,360.0
mAb-X-SCK,mAb-X,run-1,mAb-X-A1,A1-285,285.0,s,3.139089745393799,0.24638939994446798,0.40211109280141444,0.01243386514670745,RU,1.5,nM,association,240.0,360.0
mAb-X-SCK,mAb-X,run-1,mAb-X-A1,A1-286,286.0,s,3.2470421418889956,0.32821301469796893,0.5113186150851594,0.043128336937091935,RU,1.5,nM,association,240.0,360.0
mAb-X-SCK,mAb-X,run-1,mAb-X-A1,A1-287,287.0,s,3.12135432184566,0.15539840285230105,0.56148694011325,-0.08977847864504455,RU,1.5,nM,association,240.0,360.0
mAb-X-SCK,mAb-X,run-1,mAb-X-A1,A1-288,288.0,s,3.3708762384115287,0.1861642618939255,0.652474909241798,0.31496570639771715,RU,1.5,nM,association,240.0,360.0
mAb-X-SCK,mAb-X,run-1,mAb-X-A1,A1-289,289.0,s,3.204629999455797,0.36684897393865334,0.3271339627021469,-0.04513120368749695,RU,1.5,nM,association,240.0,360.0
mAb-X-SCK,mAb-X,run-1,mAb-X-A1,A1-290,290.0,s,3.3381573745426825,0.14149255029962332,0.5000275813687367,-0.06245377374659259,RU,1.5,nM,association,240.0,360.0
mAb-X-SCK,mAb-X,run-1,mAb-X-A1,A1-291,291.0,s,3.5699501495990242,0.3397822863658905,0.5810106301825995,-0.17623580573944655,RU,1.5,nM,association,240.0,360.0
mAb-X-SCK,mAb-X,run-1,mAb-X-A1,A1-292,292.0,s,3.327742742537933,0.23693525887022615,0.8074447709468093,-0.024643836416714086,RU,1.5,nM,association,240.0,360.0
mAb-X-SCK,mAb-X,run-1,mAb-X-A1,A1-293,293.0,s,3.831252890459928,0.16469490721007157,0.45852593307654965,0.11946140244256842,RU,1.5,nM,association,240.0,360.0
mAb-X-SCK,mAb-X,run-1,mAb-X-A1,A1-294,294.0,s,3.6202391881973415,0.5042936938018794,0.294991678005751,-0.020460458504826258,RU,1.5,nM,association,240.0,360.0
mAb-X-SCK,mAb-X,run-1,mAb-X-A1,A1-295,295.0,s,3.694779308643466,0.34684170119685287,0.816585110861815,0.09947137335521121,RU,1.5,nM,association,240.0,360.0
mAb-X-SCK,mAb-X,run-1,mAb-X-A1,A1-296,296.0,s,3.341829257535975,0.23397242738129234,0.5618109530465182,0.08960122036112532,RU,1.5,nM,association,240.0,360.0
mAb-X-SCK,mAb-X,run-1,mAb-X-A1,A1-297,297.0,s,3.6510894700860046,0.5081527190951166,0.4913687273116241,-0.10888928126611187,RU,1.5,nM,association,240.0,360.0
mAb-X-SCK,mAb-X,run-1,mAb-X-A1,A1-298,298.0,s,3.6806304264852368,0.09709653275673952,0.38100548689605485,-0.14701170733821045,RU,1.5,nM,association,240.0,360.0
mAb-X-SCK,mAb-X,run-1,mAb-X-A1,A1-299,299.0,s,3.461463365908404,0.26615981949267986,0.41741469889437677,-0.059178724025326715,RU,1.5,nM,association,240.0,360.0
mAb-X-SCK,mAb-X,run-1,mAb-X-A1,A1-300,300.0,s,3.6139203638033583,0.21361143599195107,0.5728457050608128,-0.10652011188404092,RU,1.5,nM,association,240.0,360.0
mAb-X-SCK,mAb-X,run-1,mAb-X-A1,A1-301,301.0,s,3.8281963015270404,0.2660734725962583,0.6559810633865156,0.13899576780385217,RU,1.5,nM,association,240.0,360.0
mAb-X-SCK,mAb-X,run-1,mAb-X-A1,A1-302,302.0,s,3.3354408681666015,0.2703262527330996,0.8402734129237375,0.09908268268951508,RU,1.5,nM,association,240.0,360.0
mAb-X-SCK,mAb-X,run-1,mAb-X-A1,A1-303,303.0,s,3.7967829286132533,0.2458045886232229,0.36691249833132716,-0.16524076794614598,RU,1.5,nM,association,240.0,360.0
mAb-X-SCK,mAb-X,run-1,mAb-X-A1,A1-304,304.0,s,3.6394474987101,0.3970580592628806,0.6008281449940629,-0.03982727804596377,RU,1.5,nM,association,240.0,360.0
mAb-X-SCK,mAb-X,run-1,mAb-X-A1,A1-305,305.0,s,3.674298182265654,0.06175418095941082,0.3634438510818814,-0.06737817642014415,RU,1.5,nM,association,240.0,360.0
mAb-X-SCK,mAb-X,run-1,mAb-X-A1,A1-306,306.0,s,3.8340423043193734,0.29348370684710434,0.36649553019167436,-0.07061458505050822,RU,1.5,nM,association,240.0,360.0
mAb-X-SCK,mAb-X,run-1,mAb-X-A1,A1-307,307.0,s,3.9695023740404496,0.08009127568954413,0.4869693717441376,-0.009139945917537761,RU,1.5,nM,association,240.0,360.0
mAb-X-SCK,mAb-X,run-1,mAb-X-A1,A1-308,308.0,s,3.9063346930150447,0.29188470078438644,0.47266335434097234,0.030622898039708843,RU,1.5,nM,association,240.0,360.0
mAb-X-SCK,mAb-X,run-1,mAb-X-A1,A1-309,309.0,s,3.7653843960218323,0.2309583026356095,0.6397887125835364,-0.20647288555090218,RU,1.5,nM,association,240.0,360.0
mAb-X-SCK,mAb-X,run-1,mAb-X-A1,A1-310,310.0,s,3.9146226126472543,0.16708095712833743,0.6864972644782388,0.07810573227619096,RU,1.5,nM,association,240.0,360.0
mAb-X-SCK,mAb-X,run-1,mAb-X-A1,A1-311,311.0,s,3.933494916661384,0.3529537350830459,0.4868528152674534,0.11935523010307743,RU,1.5,nM,association,240.0,360.0
mAb-X-SCK,mAb-X,run-1,mAb-X-A1,A1-312,312.0,s,3.698597761365731,0.01699126764362871,0.4013059483849166,0.13433723852503615,RU,1.5,nM,association,240.0,360.0
mAb-X-SCK,mAb-X,run-1,mAb-X-A1,A1-313,313.0,s,4.012641058178574,0.44600675284668484,0.6251439731181891,0.1042763784943785,RU,1.5,nM,association,240.0,360.0
mAb-X-SCK,mAb-X,run-1,mAb-X-A1,A1-314,314.0,s,4.28825966848712,0.016722744150240887,0.26579564226440916,-0.09979211048135297,RU,1.5,nM,association,240.0,360.0
mAb-X-SCK,mAb-X,run-1,mAb-X-A1,A1-315,315.0,s,4.085790540344655,0.09526050182233503,0.5082555423841795,0.00926842167992254,RU,1.5,nM,association,240.0,360.0
mAb-X-SCK,mAb-X,run-1,mAb-X-A1,A1-316,316.0,s,4.102750131136539,0.28350027876535816,0.5591986955713569,-0.10251512299835004,RU,1.5,nM,association,240.0,360.0
mAb-X-SCK,mAb-X,run-1,mAb-X-A1,A1-317,317.0,s,4.273671543460404,0.28914477052766674,0.650305217341353,0.16903541218164259,RU,1.5,nM,association,240.0,360.0
mAb-X-SCK,mAb-X,run-1,mAb-X-A1,A1-318,318.0,s,4.355189988725502,0.2091229872075969,0.7904430951609733,0.19142722373188253,RU,1.5,nM,association,240.0,360.0
mAb-X-SCK,mAb-X,run-1,mAb-X-A1,A1-319,319.0,s,4.151839685116321,0.44399089809360115,0.732708856140398,-0.0390664128127902,RU,1.5,nM,association,240.0,360.0
mAb-X-SCK,mAb-X,run-1,mAb-X-A1,A1-320,320.0,s,4.188292779809687,0.15071451540170516,0.8048418203174049,0.15357368015744724,RU,1.5,nM,association,240.0,360.0
mAb-X-SCK,mAb-X,run-1,mAb-X-A1,A1-321,321.0,s,4.24011948029056,0.3117998855213955,0.752498408096162,0.037195345867990365,RU,1.5,nM,association,240.0,360.0
mAb-X-SCK,mAb-X,run-1,mAb-X-A1,A1-322,322.0,s,4.4090651850254154,0.04545274686304679,0.780786954647135,0.08097479347390088,RU,1.5,nM,association,240.0,360.0
mAb-X-SCK,mAb-X,run-1,mAb-X-A1,A1-323,323.0,s,4.514633145800342,0.25088536949082024,0.8268885711715513,0.24428865724825075,RU,1.5,nM,association,240.0,360.0
mAb-X-SCK,mAb-X,run-1,mAb-X-A1,A1-324,324.0,s,4.877735332900266,0.3348966640833211,0.5276284188955314,0.008779787345558928,RU,1.5,nM,association,240.0,360.0
mAb-X-SCK,mAb-X,run-1,mAb-X-A1,A1-325,325.0,s,4.345294629618785,0.0013943953051525904,0.7113870145784924,0.11607651774106258,RU,1.5,nM,association,240.0,360.0
mAb-X-SCK,mAb-X,run-1,mAb-X-A1,A1-326,326.0,s,4.195829596657915,0.34550532488105473,0.3898265903546491,0.23435637084472943,RU,1.5,nM,association,240.0,360.0
mAb-X-SCK,mAb-X,run-1,mAb-X-A1,A1-327,327.0,s,4.444452600406792,0.3642995810022677,0.5454522915607793,0.0667276470549004,RU,1.5,nM,association,240.0,360.0
mAb-X-SCK,mAb-X,run-1,mAb-X-A1,A1-328,328.0,s,4.535029005648823,0.6270034119142487,0.7190815263697512,0.1459825347156825,RU,1.5,nM,association,240.0,360.0
mAb-X-SCK,mAb-X,run-1,mAb-X-A1,A1-329,329.0,s,4.546045141203673,0.13357101657421178,0.568739919775259,-0.12262305965385847,RU,1.5,nM,association,240.0,360.0
mAb-X-SCK,mAb-X,run-1,mAb-X-A1,A1-330,330.0,s,4.238460169867584,0.14448225970669665,0.6157387578747042,0.06860823401433774,RU,1.5,nM,association,240.0,360.0
mAb-X-SCK,mAb-X,run-1,mAb-X-A1,A1-331,331.0,s,4.639126815716125,0.3308811964011212,0.8926386794399173,0.0756338322145391,RU,1.5,nM,association,240.0,360.0
mAb-X-SCK,mAb-X,run-1,mAb-X-A1,A1-332,332.0,s,4.835019882125035,0.2451756589159234,0.6532183216142142,0.007386665671764567,RU,1.5,nM,association,240.0,360.0
mAb-X-SCK,mAb-X,run-1,mAb-X-A1,A1-333,333.0,s,4.928557255990562,0.05445287616716324,0.6820380091548416,-0.0072714621521705,RU,1.5,nM,association,240.0,360.0
mAb-X-SCK,mAb-X,run-1,mAb-X-A1,A1-334,334.0,s,4.500168454454857,0.29000605667221047,0.6670999533215042,0.021780671634418405,RU,1.5,nM,association,240.0,360.0
mAb-X-SCK,mAb-X,run-1,mAb-X-A1,A1-335,335.0,s,4.8086162712841345,0.4074663607782258,0.6936426733847431,-0.03066288779396909,RU,1.5,nM,association,240.0,360.0
mAb-X-SCK,mAb-X,run-1,mAb-X-A1,A1-336,336.0,s,4.843950830496291,0.05362112303929292,0.6804269010951424,-0.3031041818175996,RU,1.5,nM,association,240.0,360.0
mAb-X-SCK,mAb-X,run-1,mAb-X-A1,A1-337,337.0,s,4.713319659836295,0.3861999921891043,0.47139486185952006,0.10635130123167706,RU,1.5,nM,association,240.0,360.0
mAb-X-SCK,mAb-X,run-1,mAb-X-A1,A1-338,338.0,s,4.706201137312131,-0.22729619466906925,0.6389859643313685,-0.2396337989337558,RU,1.5,nM,association,240.0,360.0
mAb-X-SCK,mAb-X,run-1,mAb-X-A1,A1-339,339.0,s,5.027397098287659,0.21469949478233386,0.6876058010679624,-0.15893990010216957,RU,1.5,nM,association,240.0,360.0
mAb-X-SCK,mAb-X,run-1,mAb-X-A1,A1-340,340.0,s,4.831283442064994,0.1345939788480472,0.6020315537796709,-0.059766350666868834,RU,1.5,nM,association,240.0,360.0
mAb-X-SCK,mAb-X,run-1,mAb-X-A1,A1-341,341.0,s,4.831519746959546,0.29749680464780787,0.7209023766121516,0.16301811094988863,RU,1.5,nM,association,240.0,360.0
mAb-X-SCK,mAb-X,run-1,mAb-X-A1,A1-342,342.0,s,4.701556882701408,0.20374796364375297,0.880209787220639,-0.1992455934241094,RU,1.5,nM,association,240.0,360.0
mAb-X-SCK,mAb-X,run-1,mAb-X-A1,A1-343,343.0,s,4.654714144953082,0.2490989833226475,0.8868916471414532,-0.034437368107335206,RU,1.5,nM,association,240.0,360.0
mAb-X-SCK,mAb-X,run-1,mAb-X-A1,A1-344,344.0,s,5.0839518141617335,-0.13406533581834568,0.7344456168237976,0.08708130336359447,RU,1.5,nM,association,240.0,360.0
mAb-X-SCK,mAb-X,run-1,mAb-X-A1,A1-345,345.0,s,4.9982151278271125,0.2974730703164692,0.6181595743557304,-0.10405654565940818,RU,1.5,nM,association,240.0,360.0
mAb-X-SCK,mAb-X,run-1,mAb-X-A1,A1-346,346.0,s,5.000417628084419,0.024240812637942394,0.6230311935976937,-0.1638485391873812,RU,1.5,nM,association,240.0,360.0
mAb-X-SCK,mAb-X,run-1,mAb-X-A1,A1-347,347.0,s,5.036719930957135,0.18766868386204621,0.6016530401711768,0.17731453838731198,RU,1.5,nM,association,240.0,360.0
mAb-X-SCK,mAb-X,run-1,mAb-X-A1,A1-348,348.0,s,5.081230727417202,0.19448349869737452,0.47172343857126176,-0.015419783397616543,RU,1.5,nM,association,240.0,360.0
mAb-X-SCK,mAb-X,run-1,mAb-X-A1,A1-349,349.0,s,5.157159357958629,0.003541906077132645,0.5578221866400889,0.08483417991704696,RU,1.5,nM,association,240.0,360.0
mAb-X-SCK,mAb-X,run-1,mAb-X-A1,A1-350,350.0,s,5.045636836925948,0.011666429609156481,0.7783542530591543,-0.1675322991132492,RU,1.5,nM,association,240.0,360.0
mAb-X-SCK,mAb-X,run-1,mAb-X-A1,A1-351,351.0,s,5.186916441484207,-0.015496696556319828,1.012003564927279,0.07547415147698203,RU,1.5,nM,association,240.0,360.0
mAb-X-SCK,mAb-X,run-1,mAb-X-A1,A1-352,352.0,s,5.10206286531834,0.14755381261137102,0.6489585296512116,-0.03832997435239505,RU,1.5,nM,association,240.0,360.0
mAb-X-SCK,mAb-X,run-1,mAb-X-A1,A1-353,353.0,s,5.2912598966420115,0.16017903961529312,0.9968707555216311,0.0373214865161225,RU,1.5,nM,association,240.0,360.0
mAb-X-SCK,mAb-X,run-1,mAb-X-A1,A1-354,354.0,s,5.472955862783196,0.25955985468399656,0.6962182159600213,0.1500142662819349,RU,1.5,nM,association,240.0,360.0
mAb-X-SCK,mAb-X,run-1,mAb-X-A1,A1-355,355.0,s,5.098490864643929,0.15646408070666828,0.6821099577404548,-0.2269125151058539,RU,1.5,nM,association,240.0,360.0
mAb-X-SCK,mAb-X,run-1,mAb-X-A1,A1-356,356.0,s,5.3686643812453685,0.3547456896130283,0.3983631123215917,-0.07842055942828956,RU,1.5,nM,association,240.0,360.0
mAb-X-SCK,mAb-X,run-1,mAb-X-A1,A1-357,357.0,s,5.300706964658385,0.10533077347438506,0.6331370464564592,0.43810000311874664,RU,1.5,nM,association,240.0,360.0
mAb-X-SCK,mAb-X,run-1,mAb-X-A1,A1-358,358.0,s,5.044815386128859,0.3581465865533836,0.6987044277395162,-0.05460010906384984,RU,1.5,nM,association,240.0,360.0
mAb-X-SCK,mAb-X,run-1,mAb-X-A1,A1-359,359.0,s,5.335115875219903,0.542867376471539,0.580695408790265,0.11993267957945809,RU,1.5,nM,association,240.0,360.0
mAb-X-SCK,mAb-X,run-1,mAb-X-A1,A1-360,360.0,s,5.117032811414793,-0.06333675627565165,0.6907001822885576,0.19358648366158182,RU,1.5,nM,dissociation,240.0,360.0
mAb-X-SCK,mAb-X,run-1,mAb-X-A1,A1-361,361.0,s,5.125241961868701,-0.25348048403955414,0.6604918526140444,-0.10683468687595679,RU,1.5,nM,dissociation,240.0,360.0
mAb-X-SCK,mAb-X,run-1,mAb-X-A1,A1-362,362.0,s,5.16227012653783,0.0132281800947041,0.7110488375992723,0.21303594951813054,RU,1.5,nM,dissociation,240.0,360.0
mAb-X-SCK,mAb-X,run-1,mAb-X-A1,A1-363,363.0,s,5.200741919347151,0.0036419380890018306,0.6478639761397621,0.005881199504993128,RU,1.5,nM,dissociation,240.0,360.0
mAb-X-SCK,mAb-X,run-1,mAb-X-A1,A1-364,364.0,s,5.15350432859908,0.06647272860486451,0.9014301867864193,0.050865832536344115,RU,1.5,nM,dissociation,240.0,360.0
mAb-X-SCK,mAb-X,run-1,mAb-X-A1,A1-365,365.0,s,4.9387018881304785,0.023782767907398663,0.7955748593104057,0.18224664010215577,RU,1.5,nM,dissociation,240.0,360.0
mAb-X-SCK,mAb-X,run-1,mAb-X-A1,A1-366,366.0,s,5.190083241889852,0.06369651703817047,0.5171684338218157,0.03520480982249231,RU,1.5,nM,dissociation,240.0,360.0
mAb-X-SCK,mAb-X,run-1,mAb-X-A1,A1-367,367.0,s,5.221329689840497,-0.06487049535053493,0.5214589625922705,-0.2874982556521006,RU,1.5,nM,dissociation,240.0,360.0
mAb-X-SCK,mAb-X,run-1,mAb-X-A1,A1-368,368.0,s,5.1577110606084435,0.1653795008937885,0.7094805514354706,0.3184882309928637,RU,1.5,nM,dissociation,240.0,360.0
mAb-X-SCK,mAb-X,run-1,mAb-X-A1,A1-369,369.0,s,5.347429720634357,0.18700160955126283,1.1470222214104486,0.4462500333474956,RU,1.5,nM,dissociation,240.0,360.0
mAb-X-SCK,mAb-X,run-1,mAb-X-A1,A1-370,370.0,s,5.4872884698569555,-0.24167807614105435,0.7658782749089874,-0.15730818237944924,RU,1.5,nM,dissociation,240.0,360.0
mAb-X-SCK,mAb-X,run-1,mAb-X-A1,A1-371,371.0,s,5.011622552493248,0.12755431701938236,0.9195535125753362,0.0531118242720364,RU,1.5,nM,dissociation,240.0,360.0
mAb-X-SCK,mAb-X,run-1,mAb-X-A1,A1-372,372.0,s,5.483523287025669,0.11760834238806576,0.809394779924065,0.18402324405445655,RU,1.5,nM,dissociation,240.0,360.0
mAb-X-SCK,mAb-X,run-1,mAb-X-A1,A1-373,373.0,s,5.241456033251643,-0.16237747508931083,0.804220171791745,-0.1738637650976755,RU,1.5,nM,dissociation,240.0,360.0
mAb-X-SCK,mAb-X,run-1,mAb-X-A1,A1-374,374.0,s,5.299831102838767,-0.2287485489499672,0.43186349718278366,-0.06817655258950099,RU,1.5,nM,dissociation,240.0,360.0
mAb-X-SCK,mAb-X,run-1,mAb-X-A1,A1-375,375.0,s,5.164757045784768,-0.08598021679489605,0.853973474136271,-0.10294251872538562,RU,1.5,nM,dissociation,240.0,360.0
mAb-X-SCK,mAb-X,run-1,mAb-X-A1,A1-376,376.0,s,5.069023800811725,-0.18670457125301987,0.7096840917951136,-0.001682743254166292,RU,1.5,nM,dissociation,240.0,360.0
mAb-X-SCK,mAb-X,run-1,mAb-X-A1,A1-377,377.0,s,4.8955907716987,-0.13854283717703103,0.9166523592636087,-0.13888903441570272,RU,1.5,nM,dissociation,240.0,360.0
mAb-X-SCK,mAb-X,run-1,mAb-X-A1,A1-378,378.0,s,4.991039357924143,0.06498746970287453,0.5591512940755252,-0.06503757449575781,RU,1.5,nM,dissociation,240.0,360.0
mAb-X-SCK,mAb-X,run-1,mAb-X-A1,A1-379,379.0,s,5.008916807597534,0.11103816525047576,0.6477194447200271,0.22850865312524368,RU,1.5,nM,dissociation,240.0,360.0
mAb-X-SCK,mAb-X,run-1,mAb-X-A1,A1-380,380.0,s,5.327516151021252,-0.13929911709975254,0.7298075479234629,0.15015798671832237,RU,1.5,nM,dissociation,240.0,360.0
mAb-X-SCK,mAb-X,run-1,mAb-X-A1,A1-381,381.0,s,5.248829005329109,-0.2156508335062314,0.7361517164243897,0.12387714966359259,RU,1.5,nM,dissociation,240.0,360.0
mAb-X-SCK,mAb-X,run-1,mAb-X-A1,A1-382,382.0,s,5.238389385967861,-0.33711287194637524,0.6131131735203437,-0.14611372021528593,RU,1.5,nM,dissociation,240.0,360.0
mAb-X-SCK,mAb-X,run-1,mAb-X-A1,A1-383,383.0,s,5.060339203608795,0.01886497789559331,0.9370920386603049,0.011400715203576934,RU,1.5,nM,dissociation,240.0,360.0
mAb-X-SCK,mAb-X,run-1,mAb-X-A1,A1-384,384.0,s,5.165063354744501,-0.2561019402844787,0.7001111854326295,0.065278241760854,RU,1.5,nM,dissociation,240.0,360.0
mAb-X-SCK,mAb-X,run-1,mAb-X-A1,A1-385,385.0,s,5.086382376389791,0.10354828748734407,0.8014468211973743,0.2051797120873925,RU,1.5,nM,dissociation,240.0,360.0
mAb-X-SCK,mAb-X,run-1,mAb-X-A1,A1-386,386.0,s,5.124078715040585,0.009722271960366657,0.6936316741950062,-0.34272319553040326,RU,1.5,nM,dissociation,240.0,360.0
mAb-X-SCK,mAb-X,run-1,mAb-X-A1,A1-387,387.0,s,5.095764320557909,0.20233446625341264,0.6312950375787988,0.16070857467976435,RU,1.5,nM,dissociation,240.0,360.0
mAb-X-SCK,mAb-X,run-1,mAb-X-A1,A1-388,388.0,s,5.002773002990357,0.16366124126002282,0.8692084770766066,-0.1028438473550969,RU,1.5,nM,dissociation,240.0,360.0
mAb-X-SCK,mAb-X,run-1,mAb-X-A1,A1-389,389.0,s,5.362776750415706,0.11519572650578018,0.7168136497569721,0.08630298923260808,RU,1.5,nM,dissociation,240.0,360.0
mAb-X-SCK,mAb-X,run-1,mAb-X-A1,A1-390,390.0,s,5.290960375940391,0.021569935886541946,0.9939009588949027,0.061460540120418225,RU,1.5,nM,dissociation,240.0,360.0
mAb-X-SCK,mAb-X,run-1,mAb-X-A1,A1-391,391.0,s,5.290318020019354,-0.1561835433285654,0.6756127084156424,-0.26614559991512504,RU,1.5,nM,dissociation,240.0,360.0
mAb-X-SCK,mAb-X,run-1,mAb-X-A1,A1-392,392.0,s,5.077092894545465,0.14453140906613948,1.0175975432428264,0.17018718812261233,RU,1.5,nM,dissociation,240.0,360.0
mAb-X-SCK,mAb-X,run-1,mAb-X-A1,A1-393,393.0,s,5.039051008598296,-0.08195612983073987,0.7606545495943488,0.2069555356751843,RU,1.5,nM,dissociation,240.0,360.0
mAb-X-SCK,mAb-X,run-1,mAb-X-A1,A1-394,394.0,s,4.9043204242228775,0.16578479629045814,0.8974456973103494,0.11801024296081661,RU,1.5,nM,dissociation,240.0,360.0
mAb-X-SCK,mAb-X,run-1,mAb-X-A1,A1-395,395.0,s,5.052964283017612,-0.2678513788855159,1.0747338894050846,0.052175978019367596,RU,1.5,nM,dissociation,240.0,360.0
mAb-X-SCK,mAb-X,run-1,mAb-X-A1,A1-396,396.0,s,5.068165352812471,-0.03578547702558886,1.0535015391267077,-0.26242673800988875,RU,1.5,nM,dissociation,240.0,360.0
mAb-X-SCK,mAb-X,run-1,mAb-X-A1,A1-397,397.0,s,5.321541037066322,-0.17061964664800097,0.8981231215445097,0.053844008158221345,RU,1.5,nM,dissociation,240.0,360.0
mAb-X-SCK,mAb-X,run-1,mAb-X-A1,A1-398,398.0,s,5.072669249904703,0.09427584175542006,0.3896660153326158,0.1335351911108284,RU,1.5,nM,dissociation,240.0,360.0
mAb-X-SCK,mAb-X,run-1,mAb-X-A1,A1-399,399.0,s,5.024877848391584,0.057572543056656614,0.6676659328318975,0.1475577592487099,RU,1.5,nM,dissociation,240.0,360.0
mAb-X-SCK,mAb-X,run-1,mAb-X-A1,A1-400,400.0,s,5.279551255988506,0.0023337973776861465,0.7510826619129799,-0.21572814441299568,RU,1.5,nM,dissociation,240.0,360.0
mAb-X-SCK,mAb-X,run-1,mAb-X-A1,A1-401,401.0,s,4.943508076948757,0.22957637608537337,0.718679433071616,0.019935535581655357,RU,1.5,nM,dissociation,240.0,360.0
mAb-X-SCK,mAb-X,run-1,mAb-X-A1,A1-402,402.0,s,5.195110726147407,0.06650905867978944,1.0226220660959957,0.08651338791572992,RU,1.5,nM,dissociation,240.0,360.0
mAb-X-SCK,mAb-X,run-1,mAb-X-A1,A1-403,403.0,s,5.214317553569213,-0.03803964062644983,0.5795411932051548,0.02234355087655455,RU,1.5,nM,dissociation,240.0,360.0
mAb-X-SCK,mAb-X,run-1,mAb-X-A1,A1-404,404.0,s,5.417497466054081,-0.08344987751474982,0.6537285842750811,0.10028422307979536,RU,1.5,nM,dissociation,240.0,360.0
mAb-X-SCK,mAb-X,run-1,mAb-X-A1,A1-405,405.0,s,5.188246925805416,-0.04714850423135928,0.8231461478176568,0.06865991567276213,RU,1.5,nM,dissociation,240.0,360.0
mAb-X-SCK,mAb-X,run-1,mAb-X-A1,A1-406,406.0,s,5.358969627051167,0.004444189092538407,0.9579358577157753,-0.20635713774928588,RU,1.5,nM,dissociation,240.0,360.0
mAb-X-SCK,mAb-X,run-1,mAb-X-A1,A1-407,407.0,s,5.357910075607689,0.1309126644110945,0.7056314334166343,-0.03093222980340124,RU,1.5,nM,dissociation,240.0,360.0
mAb-X-SCK,mAb-X,run-1,mAb-X-A1,A1-408,408.0,s,5.067726036126176,-0.010053453688890563,0.6267871018997604,0.049019464474768695,RU,1.5,nM,dissociation,240.0,360.0
mAb-X-SCK,mAb-X,run-1,mAb-X-A1,A1-409,409.0,s,5.053659264642287,-0.059619729096657664,0.8659618343278913,-0.30978912004167786,RU,1.5,nM,dissociation,240.0,360.0
mAb-X-SCK,mAb-X,run-1,mAb-X-A1,A1-410,410.0,s,5.085785601423425,-0.1368255035632427,0.8359722754923363,-0.21788540392983316,RU,1.5,nM,dissociation,240.0,360.0
mAb-X-SCK,mAb-X,run-1,mAb-X-A1,A1-411,411.0,s,5.00595594327477,0.037331066914246765,1.0382707196265544,0.07761876989000663,RU,1.5,nM,dissociation,240.0,360.0
mAb-X-SCK,mAb-X,run-1,mAb-X-A1,A1-412,412.0,s,5.431264070890023,0.002893680602829072,0.9934223189550087,0.3037286045000521,RU,1.5,nM,dissociation,240.0,360.0
mAb-X-SCK,mAb-X,run-1,mAb-X-A1,A1-413,413.0,s,5.013846575595679,0.03430709196386313,0.8007531544510549,-0.14745246579460783,RU,1.5,nM,dissociation,240.0,360.0
mAb-X-SCK,mAb-X,run-1,mAb-X-A1,A1-414,414.0,s,5.039580742600819,-0.2028912256039644,0.6671620661241642,-0.009874513695374005,RU,1.5,nM,dissociation,240.0,360.0
mAb-X-SCK,mAb-X,run-1,mAb-X-A1,A1-415,415.0,s,5.201230702752571,0.017142418577083287,0.7636503433191124,-0.022384327283737192,RU,1.5,nM,dissociation,240.0,360.0
mAb-X-SCK,mAb-X,run-1,mAb-X-A1,A1-416,416.0,s,5.158577606193893,0.25736994916812417,0.7636487020838808,-0.0776540892084688,RU,1.5,nM,dissociation,240.0,360.0
mAb-X-SCK,mAb-X,run-1,mAb-X-A1,A1-417,417.0,s,4.9305404156491575,-0.12616555984529432,0.6741202442394565,0.08977702044993492,RU,1.5,nM,dissociation,240.0,360.0
mAb-X-SCK,mAb-X,run-1,mAb-X-A1,A1-418,418.0,s,5.330299281303723,-0.11663878701382199,0.9156992286569533,0.12231211942477252,RU,1.5,nM,dissociation,240.0,360.0
mAb-X-SCK,mAb-X,run-1,mAb-X-A1,A1-419,419.0,s,5.184799393513914,0.16697806003166707,0.7749636938838188,-0.11976700557162821,RU,1.5,nM,dissociation,240.0,360.0
mAb-X-SCK,mAb-X,run-1,mAb-X-A1,A1-420,420.0,s,5.755380941110994,0.7130617513204974,1.0477020138336266,0.06982298005152704,RU,4.5,nM,association,420.0,540.0
mAb-X-SCK,mAb-X,run-1,mAb-X-A1,A1-421,421.0,s,5.938666686083819,0.4405352632778229,0.8277081984493259,0.12414251754043504,RU,4.5,nM,association,420.0,540.0
mAb-X-SCK,mAb-X,run-1,mAb-X-A1,A1-422,422.0,s,5.896238736774039,0.8492241878151096,0.860669825370032,0.1049436487100635,RU,4.5,nM,association,420.0,540.0
mAb-X-SCK,mAb-X,run-1,mAb-X-A1,A1-423,423.0,s,5.96827292728727,0.9314680034897882,0.8981826429252027,-0.02418635235441433,RU,4.5,nM,association,420.0,540.0
mAb-X-SCK,mAb-X,run-1,mAb-X-A1,A1-424,424.0,s,6.284677498709343,0.49840379948541513,0.7912897522284655,-0.13329433841816885,RU,4.5,nM,association,420.0,540.0
mAb-X-SCK,mAb-X,run-1,mAb-X-A1,A1-425,425.0,s,6.375941987818983,0.8508891372888334,1.0474687183103382,-0.4045287083090635,RU,4.5,nM,association,420.0,540.0
mAb-X-SCK,mAb-X,run-1,mAb-X-A1,A1-426,426.0,s,6.486933973674286,0.34966724125000653,0.8331926856856214,-0.21970881848632992,RU,4.5,nM,association,420.0,540.0
mAb-X-SCK,mAb-X,run-1,mAb-X-A1,A1-427,427.0,s,6.33038549570153,0.8720296682110593,0.8060225515541517,-0.14889863389621338,RU,4.5,nM,association,420.0,540.0
mAb-X-SCK,mAb-X,run-1,mAb-X-A1,A1-428,428.0,s,6.266210709306488,0.8499827006433687,0.7915608323868725,0.2524004752734392,RU,4.5,nM,association,420.0,540.0
mAb-X-SCK,mAb-X,run-1,mAb-X-A1,A1-429,429.0,s,6.410680031940711,0.5323043365442892,1.2963044378863637,0.10686218337342589,RU,4.5,nM,association,420.0,540.0
mAb-X-SCK,mAb-X,run-1,mAb-X-A1,A1-430,430.0,s,6.671997931857415,0.3948488559326616,0.9648403379928309,0.12788412758109977,RU,4.5,nM,association,420.0,540.0
mAb-X-SCK,mAb-X,run-1,mAb-X-A1,A1-431,431.0,s,7.069980679135708,0.7434562861496828,0.6710909669676717,-0.2795291520516085,RU,4.5,nM,association,420.0,540.0
mAb-X-SCK,mAb-X,run-1,mAb-X-A1,A1-432,432.0,s,6.957485102880301,0.6850257567095039,0.6563430268352681,-0.10459052822065852,RU,4.5,nM,association,420.0,540.0
mAb-X-SCK,mAb-X,run-1,mAb-X-A1,A1-433,433.0,s,7.2004571989795165,0.5744102549800012,0.9702688450075879,-0.14702457988150391,RU,4.5,nM,association,420.0,540.0
mAb-X-SCK,mAb-X,run-1,mAb-X-A1,A1-434,434.0,s,7.003892621772135,0.706398738967441,0.9996207128558987,-0.15664570179331017,RU,4.5,nM,association,420.0,540.0
mAb-X-SCK,mAb-X,run-1,mAb-X-A1,A1-435,435.0,s,7.087710598809018,0.6266322653264634,0.7564623955097709,-0.17111247287507922,RU,4.5,nM,association,420.0,540.0
mAb-X-SCK,mAb-X,run-1,mAb-X-A1,A1-436,436.0,s,7.350425720238527,0.7762012032110395,0.873627715044291,-0.06699054542886936,RU,4.5,nM,association,420.0,540.0
mAb-X-SCK,mAb-X,run-1,mAb-X-A1,A1-437,437.0,s,7.248121740521197,0.7057712154578456,0.5813042755143807,0.1579700870592923,RU,4.5,nM,association,420.0,540.0
mAb-X-SCK,mAb-X,run-1,mAb-X-A1,A1-438,438.0,s,7.228555268695169,0.7396351536947582,0.721582816995094,-0.13632573947045276,RU,4.5,nM,association,420.0,540.0
mAb-X-SCK,mAb-X,run-1,mAb-X-A1,A1-439,439.0,s,7.358528012508212,0.5516009562208191,0.6933308951776961,0.09380649449247604,RU,4.5,nM,association,420.0,540.0
mAb-X-SCK,mAb-X,run-1,mAb-X-A1,A1-440,440.0,s,7.286937392230534,0.575438092112998,0.8404824352164981,-0.0021759683275777283,RU,4.5,nM,association,420.0,540.0
mAb-X-SCK,mAb-X,run-1,mAb-X-A1,A1-441,441.0,s,7.5838643306997024,0.6112895972120579,0.8084582768516111,0.12331679445466688,RU,4.5,nM,association,420.0,540.0
mAb-X-SCK,mAb-X,run-1,mAb-X-A1,A1-442,442.0,s,7.830886504320726,0.824329461887599,1.0542892853380368,0.2398233267710576,RU,4.5,nM,association,420.0,540.0
mAb-X-SCK,mAb-X,run-1,mAb-X-A1,A1-443,443.0,s,7.788345107302613,0.650386089494206,0.8107305286876126,-0.010102263571669053,RU,4.5,nM,association,420.0,540.0
mAb-X-SCK,mAb-X,run-1,mAb-X-A1,A1-444,444.0,s,7.795844901993472,0.6330954056281386,0.670821972874986,-0.12646268253732992,RU,4.5,nM,association,420.0,540.0
mAb-X-SCK,mAb-X,run-1,mAb-X-A1,A1-445,445.0,s,7.839655242836303,0.606494442420491,1.0076973756387768,-0.11874463337163868,RU,4.5,nM,association,420.0,540.0
mAb-X-SCK,mAb-X,run-1,mAb-X-A1,A1-446,446.0,s,8.09316570161027,0.6835944189314669,0.9523418166774953,0.2731998742176944,RU,4.5,nM,association,420.0,540.0
mAb-X-SCK,mAb-X,run-1,mAb-X-A1,A1-447,447.0,s,8.180776945569402,0.7367954118820491,1.3325334583127049,-0.16004835076563229,RU,4.5,nM,association,420.0,540.0
mAb-X-SCK,mAb-X,run-1,mAb-X-A1,A1-448,448.0,s,8.143085271114792,0.5667543070417191,1.0089477979942865,0.18188932784510428,RU,4.5,nM,association,420.0,540.0
mAb-X-SCK,mAb-X,run-1,mAb-X-A1,A1-449,449.0,s,8.050590587191715,0.5518294767561868,0.9364213094946735,-0.03291583680764225,RU,4.5,nM,association,420.0,540.0
mAb-X-SCK,mAb-X,run-1,mAb-X-A1,A1-450,450.0,s,8.343939458315429,0.7633711335052537,0.7467420807321035,0.3990804629033558,RU,4.5,nM,association,420.0,540.0
mAb-X-SCK,mAb-X,run-1,mAb-X-A1,A1-451,451.0,s,8.52598821318419,0.6655637438872979,0.9693233700430299,-0.015663084831879982,RU,4.5,nM,association,420.0,540.0
mAb-X-SCK,mAb-X,run-1,mAb-X-A1,A1-452,452.0,s,8.412267314520909,0.6997616202990331,0.9732623382081642,-0.025168869085935647,RU,4.5,nM,association,420.0,540.0
mAb-X-SCK,mAb-X,run-1,mAb-X-A1,A1-453,453.0,s,8.789906103233916,0.48490998904017535,0.7174378736120609,0.0556870895924075,RU,4.5,nM,association,420.0,540.0
mAb-X-SCK,mAb-X,run-1,mAb-X-A1,A1-454,454.0,s,8.864191043049063,0.582778756458004,0.8626520849145123,0.1288576409568261,RU,4.5,nM,association,420.0,540.0
mAb-X-SCK,mAb-X,run-1,mAb-X-A1,A1-455,455.0,s,8.872298911708118,0.7417938686598908,0.8710954712828228,-0.0011496346780700078,RU,4.5,nM,association,420.0,540.0
mAb-X-SCK,mAb-X,run-1,mAb-X-A1,A1-456,456.0,s,8.820289192934242,0.7469199662365055,0.9136869153509607,-0.35185850137507607,RU,4.5,nM,association,420.0,540.0
mAb-X-SCK,mAb-X,run-1,mAb-X-A1,A1-457,457.0,s,9.105678499094502,0.690241802724592,1.003806280974198,0.1897031638969675,RU,4.5,nM,association,420.0,540.0
mAb-X-SCK,mAb-X,run-1,mAb-X-A1,A1-458,458.0,s,9.058387083326236,0.5731888970184347,0.8801371524801959,0.12701423275261914,RU,4.5,nM,association,420.0,540.0
mAb-X-SCK,mAb-X,run-1,mAb-X-A1,A1-459,459.0,s,9.170185557464766,0.7981544322730426,0.9141246239740279,0.2135799499345784,RU,4.5,nM,association,420.0,540.0
mAb-X-SCK,mAb-X,run-1,mAb-X-A1,A1-460,460.0,s,9.040647866224104,0.46483357146529247,1.044907104116561,-0.2867852116487086,RU,4.5,nM,association,420.0,540.0
mAb-X-SCK,mAb-X,run-1,mAb-X-A1,A1-461,461.0,s,9.166152087190568,0.6240907421686427,0.8661796992172007,-0.013351708827087526,RU,4.5,nM,association,420.0,540.0
mAb-X-SCK,mAb-X,run-1,mAb-X-A1,A1-462,462.0,s,9.549587782062206,0.7359211041981147,1.1774725470033287,0.08250303294836141,RU,4.5,nM,association,420.0,540.0
mAb-X-SCK,mAb-X,run-1,mAb-X-A1,A1-463,463.0,s,9.113080236394204,0.8243117744770209,0.802828800551813,-0.26330191481801646,RU,4.5,nM,association,420.0,540.0
mAb-X-SCK,mAb-X,run-1,mAb-X-A1,A1-464,464.0,s,9.561804631466657,0.7099381563407612,0.9472157643166577,0.1642165893436852,RU,4.5,nM,association,420.0,540.0
mAb-X-SCK,mAb-X,run-1,mAb-X-A1,A1-465,465.0,s,9.534302137691185,0.6799241658421623,0.73895218945169,-0.18003337047809673,RU,4.5,nM,association,420.0,540.0
mAb-X-SCK,mAb-X,run-1,mAb-X-A1,A1-466,466.0,s,9.556293399192736,0.6004151706991552,0.8513852852787449,-0.2957697838454606,RU,4.5,nM,association,420.0,540.0
mAb-X-SCK,mAb-X,run-1,mAb-X-A1,A1-467,467.0,s,9.556098063143994,0.778513042392813,0.7343559118829324,0.21826273380405947,RU,4.5,nM,association,420.0,540.0
mAb-X-SCK,mAb-X,run-1,mAb-X-A1,A1-468,468.0,s,9.896548444114908,0.5735150550927877,0.913024085697467,0.04689011241010926,RU,4.5,nM,association,420.0,540.0
mAb-X-SCK,mAb-X,run-1,mAb-X-A1,A1-469,469.0,s,9.876078260058927,0.6997680975016407,0.7312779812472431,0.05380124059710761,RU,4.5,nM,association,420.0,540.0
mAb-X-SCK,mAb-X,run-1,mAb-X-A1,A1-470,470.0,s,9.988243019282185,0.532170018818628,0.9404598503923994,0.0706035096685906,RU,4.5,nM,association,420.0,540.0
mAb-X-SCK,mAb-X,run-1,mAb-X-A1,A1-471,471.0,s,10.078472411346828,0.7719784896219001,1.045553563975347,-0.13209924294010722,RU,4.5,nM,association,420.0,540.0
mAb-X-SCK,mAb-X,run-1,mAb-X-A1,A1-472,472.0,s,10.098493076410872,0.692506705233456,1.1566786211909048,-0.05843799782345446,RU,4.5,nM,association,420.0,540.0
mAb-X-SCK,mAb-X,run-1,mAb-X-A1,A1-473,473.0,s,10.515453070931162,0.8098468796314786,0.9521898674034819,0.34547675206369166,RU,4.5,nM,association,420.0,540.0
mAb-X-SCK,mAb-X,run-1,mAb-X-A1,A1-474,474.0,s,10.162196383867794,0.9198592530641305,0.8476519958576361,0.054378978887484046,RU,4.5,nM,association,420.0,540.0
mAb-X-SCK,mAb-X,run-1,mAb-X-A1,A1-475,475.0,s,10.58377698316359,0.3109745011810661,1.041324835435428,0.08192862376591185,RU,4.5,nM,association,420.0,540.0
mAb-X-SCK,mAb-X,run-1,mAb-X-A1,A1-476,476.0,s,10.47479433571668,0.6051641400114028,0.8454065653930615,-0.003893585897574609,RU,4.5,nM,association,420.0,540.0
mAb-X-SCK,mAb-X,run-1,mAb-X-A1,A1-477,477.0,s,10.591504227518845,0.3951931867750449,1.047911682226437,0.015140036599626615,RU,4.5,nM,association,420.0,540.0
mAb-X-SCK,mAb-X,run-1,mAb-X-A1,A1-478,478.0,s,10.567812947138961,0.7118606984411441,0.9104592294096432,0.2881861683052945,RU,4.5,nM,association,420.0,540.0
mAb-X-SCK,mAb-X,run-1,mAb-X-A1,A1-479,479.0,s,10.928564104773166,0.4130698089144477,0.9977605472490487,-0.13277206204158998,RU,4.5,nM,association,420.0,540.0
mAb-X-SCK,mAb-X,run-1,mAb-X-A1,A1-480,480.0,s,10.713976046442815,0.8923616450691035,0.8685534662415995,-0.0492648639473213,RU,4.5,nM,association,420.0,540.0
mAb-X-SCK,mAb-X,run-1,mAb-X-A1,A1-481,481.0,s,10.958117694745718,0.5908241693573396,0.9669477743112604,-0.3226209375599256,RU,4.5,nM,association,420.0,540.0
mAb-X-SCK,mAb-X,run-1,mAb-X-A1,A1-482,482.0,s,10.959979114155141,0.5794323845810314,0.7499657871540699,0.037724838577029345,RU,4.5,nM,association,420.0,540.0
mAb-X-SCK,mAb-X,run-1,mAb-X-A1,A1-483,483.0,s,10.857412667297426,0.5167835612757282,1.0061822375208935,-0.07675576607433138,RU,4.5,nM,association,420.0,540.0
mAb-X-SCK,mAb-X,run-1,mAb-X-A1,A1-484,484.0,s,11.363093670305139,0.5227088498515219,1.3842395726055223,-0.27641055107230816,RU,4.5,nM,association,420.0,540.0
mAb-X-SCK,mAb-X,run-1,mAb-X-A1,A1-485,485.0,s,11.12419790700646,0.4325473099420525,0.9371748736981635,-0.027693399514359146,RU,4.5,nM,association,420.0,540.0
mAb-X-SCK,mAb-X,run-1,mAb-X-A1,A1-486,486.0,s,11.26794267629963,0.6476426339420824,1.0236279702017135,-0.0006159037187465213,RU,4.5,nM,association,420.0,540.0
mAb-X-SCK,mAb-X,run-1,mAb-X-A1,A1-487,487.0,s,11.330362315936426,0.8325130409086486,1.1041949020351336,-0.10528372707110825,RU,4.5,nM,association,420.0,540.0
mAb-X-SCK,mAb-X,run-1,mAb-X-A1,A1-488,488.0,s,11.703885033269593,0.3558802944031622,0.936564614029364,0.13691504837961613,RU,4.5,nM,association,420.0,540.0
mAb-X-SCK,mAb-X,run-1,mAb-X-A1,A1-489,489.0,s,11.637756096540807,0.7344105740067592,0.9826762072080688,-0.1321881515710651,RU,4.5,nM,association,420.0,540.0
mAb-X-SCK,mAb-X,run-1,mAb-X-A1,A1-490,490.0,s,11.62665644282622,0.5640435616449114,1.1622768099455447,-0.02853228198602592,RU,4.5,nM,association,420.0,540.0
mAb-X-SCK,mAb-X,run-1,mAb-X-A1,A1-491,491.0,s,11.516721788338355,0.6243569691108718,1.1057142227647132,-0.018170053114474925,RU,4.5,nM,association,420.0,540.0
mAb-X-SCK,mAb-X,run-1,mAb-X-A1,A1-492,492.0,s,11.67222539818275,1.0141668718058425,0.8896491547262299,0.23858004135052846,RU,4.5,nM,association,420.0,540.0
mAb-X-SCK,mAb-X,run-1,mAb-X-A1,A1-493,493.0,s,11.954309486451777,0.9943251866300105,0.9207244776549139,-0.2830635396642858,RU,4.5,nM,association,420.0,540.0
mAb-X-SCK,mAb-X,run-1,mAb-X-A1,A1-494,494.0,s,12.204021221772074,0.6617776527283942,1.113294389074927,-0.008722660684530533,RU,4.5,nM,association,420.0,540.0
mAb-X-SCK,mAb-X,run-1,mAb-X-A1,A1-495,495.0,s,11.984443495642372,0.5833376945885104,0.9081291292259308,-0.1948184355614094,RU,4.5,nM,association,420.0,540.0
mAb-X-SCK,mAb-X,run-1,mAb-X-A1,A1-496,496.0,s,12.021305959677843,0.8105645863682521,1.1302958015274442,0.3122429619314246,RU,4.5,nM,association,420.0,540.0
mAb-X-SCK,mAb-X,run-1,mAb-X-A1,A1-497,497.0,s,12.419437556308761,0.8719640165626754,0.9526847932480464,-0.05612505966345999,RU,4.5,nM,association,420.0,540.0
mAb-X-SCK,mAb-X,run-1,mAb-X-A1,A1-498,498.0,s,12.205600683878236,0.6191688718975288,0.8756487381171576,-0.050503526243900976,RU,4.5,nM,association,420.0,540.0
mAb-X-SCK,mAb-X,run-1,mAb-X-A1,A1-499,499.0,s,12.351848232942213,0.6642994116971533,0.777716317055039,-0.040172236518515515,RU,4.5,nM,association,420.0,540.0
mAb-X-SCK,mAb-X,run-1,mAb-X-A1,A1-500,500.0,s,12.359445751835834,0.8395033758897991,1.0209571902358094,-0.11772733842842148,RU,4.5,nM,association,420.0,540.0
mAb-X-SCK,mAb-X,run-1,mAb-X-A1,A1-501,501.0,s,12.481205627628173,0.4563200217320661,0.7252561510958345,-0.09822474854436582,RU,4.5,nM,association,420.0,540.0
mAb-X-SCK,mAb-X,run-1,mAb-X-A1,A1-502,502.0,s,12.733895859641018,0.7506513934403956,1.0115423754558652,-0.060714291537288495,RU,4.5,nM,association,420.0,540.0
mAb-X-SCK,mAb-X,run-1,mAb-X-A1,A1-503,503.0,s,12.817532612801193,0.6495977525664772,0.9609040997232223,-0.011681563115501592,RU,4.5,nM,association,420.0,540.0
mAb-X-SCK,mAb-X,run-1,mAb-X-A1,A1-504,504.0,s,12.69257987240731,0.6025208507394375,1.114899581155646,-0.16474697405064898,RU,4.5,nM,association,420.0,540.0
mAb-X-SCK,mAb-X,run-1,mAb-X-A1,A1-505,505.0,s,12.558901299683018,0.7029643013394407,1.1164286810291573,-0.022505703238851624,RU,4.5,nM,association,420.0,540.0
mAb-X-SCK,mAb-X,run-1,mAb-X-A1,A1-506,506.0,s,12.865278900005581,0.362106780492291,1.2924696003377096,-0.009507286030929856,RU,4.5,nM,association,420.0,540.0
mAb-X-SCK,mAb-X,run-1,mAb-X-A1,A1-507,507.0,s,12.914825812189306,0.8522034302527163,1.0163234405981603,-0.15396157593819218,RU,4.5,nM,association,420.0,540.0
mAb-X-SCK,mAb-X,run-1,mAb-X-A1,A1-508,508.0,s,12.992352445410287,0.6448427336777061,1.0196255800556548,0.09086510131854399,RU,4.5,nM,association,420.0,540.0
mAb-X-SCK,mAb-X,run-1,mAb-X-A1,A1-509,509.0,s,12.954478299690777,0.6575125579628862,0.8788193577060016,0.26908869221109977,RU,4.5,nM,association,420.0,540.0
mAb-X-SCK,mAb-X,run-1,mAb-X-A1,A1-510,510.0,s,13.216935564143926,0.8036292375846144,1.3061884402367374,-0.1352418619784238,RU,4.5,nM,association,420.0,540.0
mAb-X-SCK,mAb-X,run-1,mAb-X-A1,A1-511,511.0,s,13.160196389946343,0.6559902853897596,1.0834249931593452,0.09055628701487038,RU,4.5,nM,association,420.0,540.0
mAb-X-SCK,mAb-X,run-1,mAb-X-A1,A1-512,512.0,s,13.355624178288489,0.4516288983980131,1.1182665506671077,-0.024099704318398356,RU,4.5,nM,association,420.0,540.0
mAb-X-SCK,mAb-X,run-1,mAb-X-A1,A1-513,513.0,s,13.375886265918117,0.6729785993172996,0.7806795009797309,0.17426827861115246,RU,4.5,nM,association,420.0,540.0
mAb-X-SCK,mAb-X,run-1,mAb-X-A1,A1-514,514.0,s,13.347046101379396,0.7590268425274087,1.0121949746561199,-0.12231699732253817,RU,4.5,nM,association,420.0,540.0
mAb-X-SCK,mAb-X,run-1,mAb-X-A1,A1-515,515.0,s,13.74947469358663,0.657366926759723,1.1866346123759688,0.03165731662254948,RU,4.5,nM,association,420.0,540.0
mAb-X-SCK,mAb-X,run-1,mAb-X-A1,A1-516,516.0,s,13.61411385693487,0.9815444370461053,0.7898701483799417,0.3786919940579876,RU,4.5,nM,association,420.0,540.0
mAb-X-SCK,mAb-X,run-1,mAb-X-A1,A1-517,517.0,s,13.540224176424664,0.46016578180095996,1.0419371103082053,-0.13283393631061075,RU,4.5,nM,association,420.0,540.0
mAb-X-SCK,mAb-X,run-1,mAb-X-A1,A1-518,518.0,s,13.680118241826944,0.5869812890248806,1.3318855776499599,-0.1260148661033969,RU,4.5,nM,association,420.0,540.0
mAb-X-SCK,mAb-X,run-1,mAb-X-A1,A1-519,519.0,s,14.163161741367642,0.9408107432062971,1.1050209799960686,-0.15864512328880323,RU,4.5,nM,association,420.0,540.0
mAb-X-SCK,mAb-X,run-1,mAb-X-A1,A1-520,520.0,s,13.874582075767838,0.5360297356648837,0.9752538119065944,0.03038249808590256,RU,4.5,nM,association,420.0,540.0
mAb-X-SCK,mAb-X,run-1,mAb-X-A1,A1-521,521.0,s,14.23020317774793,0.6047210116440297,0.7796810414083378,-0.010004083713174735,RU,4.5,nM,association,420.0,540.0
mAb-X-SCK,mAb-X,run-1,mAb-X-A1,A1-522,522.0,s,13.651052990843537,0.5311586483299899,1.158709927707357,-0.04123647833987574,RU,4.5,nM,association,420.0,540.0
mAb-X-SCK,mAb-X,run-1,mAb-X-A1,A1-523,523.0,s,13.813485027773305,0.48673220591856853,1.1665011969386294,-0.007346764942447396,RU,4.5,nM,association,420.0,540.0
mAb-X-SCK,mAb-X,run-1,mAb-X-A1,A1-524,524.0,s,14.36319522161083,0.6427180969329164,0.7295529156999273,0.07319007974808878,RU,4.5,nM,association,420.0,540.0
mAb-X-SCK,mAb-X,run-1,mAb-X-A1,A1-525,525.0,s,14.134395695194607,0.9634740365638599,0.9240456727732621,-0.40109641796985496,RU,4.5,nM,association,420.0,540.0
mAb-X-SCK,mAb-X,run-1,mAb-X-A1,A1-526,526.0,s,14.00728223565635,0.6503544440482412,0.9170851652924709,-0.04585631607274676,RU,4.5,nM,association,420.0,540.0
mAb-X-SCK,mAb-X,run-1,mAb-X-A1,A1-527,527.0,s,14.211445272433625,0.6954288271529266,1.099265864104492,-0.11923792032730621,RU,4.5,nM,association,420.0,540.0
mAb-X-SCK,mAb-X,run-1,mAb-X-A1,A1-528,528.0,s,14.742308003578493,0.5890658721203225,0.9421182020324935,-0.09123772171947239,RU,4.5,nM,association,420.0,540.0
mAb-X-SCK,mAb-X,run-1,mAb-X-A1,A1-529,529.0,s,14.711063128565755,0.868102888858661,1.0745346259306323,-0.24604393847624664,RU,4.5,nM,association,420.0,540.0
mAb-X-SCK,mAb-X,run-1,mAb-X-A1,A1-530,530.0,s,14.66669325126771,0.5761290172614075,0.9727662804323374,-0.1783993945561643,RU,4.5,nM,association,420.0,540.0
mAb-X-SCK,mAb-X,run-1,mAb-X-A1,A1-531,531.0,s,14.74949910642379,0.4194064002302506,1.204313488693327,0.1077713768514623,RU,4.5,nM,association,420.0,540.0
mAb-X-SCK,mAb-X,run-1,mAb-X-A1,A1-532,532.0,s,14.669271131160695,0.6168617841326209,0.9304409420557291,-0.22769504597573653,RU,4.5,nM,association,420.0,540.0
mAb-X-SCK,mAb-X,run-1,mAb-X-A1,A1-533,533.0,s,14.679785181121778,0.6602254889334177,0.9600320308324723,-0.015537680719568358,RU,4.5,nM,association,420.0,540.0
mAb-X-SCK,mAb-X,run-1,mAb-X-A1,A1-534,534.0,s,14.919364188331425,0.4518754408369081,0.8790344793706617,-0.14615560097795408,RU,4.5,nM,association,420.0,540.0
mAb-X-SCK,mAb-X,run-1,mAb-X-A1,A1-535,535.0,s,15.191856528114725,0.7488192905905184,1.1652640346433476,-0.03492353659287803,RU,4.5,nM,association,420.0,540.0
mAb-X-SCK,mAb-X,run-1,mAb-X-A1,A1-536,536.0,s,14.961333459099727,0.6876894469621833,1.088955127326867,-0.22330487399033772,RU,4.5,nM,association,420.0,540.0
mAb-X-SCK,mAb-X,run-1,mAb-X-A1,A1-537,537.0,s,15.283172303109819,0.7298822436420116,1.0750562658205831,-0.023934887539312236,RU,4.5,nM,association,420.0,540.0
mAb-X-SCK,mAb-X,run-1,mAb-X-A1,A1-538,538.0,s,15.067912854957253,0.8238122205977714,1.1306986842360063,0.08924084765356097,RU,4.5,nM,association,420.0,540.0
mAb-X-SCK,mAb-X,run-1,mAb-X-A1,A1-539,539.0,s,15.433082917802873,0.7133825326467483,0.9237363747134695,-0.20575782330401327,RU,4.5,nM,association,420.0,540.0
mAb-X-SCK,mAb-X,run-1,mAb-X-A1,A1-540,540.0,s,14.91662721746727,-0.1336679849828138,0.9846079874839316,0.08715953985052285,RU,4.5,nM,dissociation,420.0,540.0
mAb-X-SCK,mAb-X,run-1,mAb-X-A1,A1-541,541.0,s,15.066742528856429,-0.339402440769434,1.428797358452734,0.1746318639611518,RU,4.5,nM,dissociation,420.0,540.0
mAb-X-SCK,mAb-X,run-1,mAb-X-A1,A1-542,542.0,s,14.444871759273306,-0.038888668138612935,1.1427803739778994,-0.21009947987844454,RU,4.5,nM,dissociation,420.0,540.0
mAb-X-SCK,mAb-X,run-1,mAb-X-A1,A1-543,543.0,s,14.452545959812833,0.3169981458309381,1.294433678104739,0.2212140992792946,RU,4.5,nM,dissociation,420.0,540.0
mAb-X-SCK,mAb-X,run-1,mAb-X-A1,A1-544,544.0,s,14.423302039175509,0.3444895412313676,1.1970381709555695,-0.05944361638372547,RU,4.5,nM,dissociation,420.0,540.0
mAb-X-SCK,mAb-X,run-1,mAb-X-A1,A1-545,545.0,s,14.691966492158603,0.0005869743471486839,1.0142773476024383,-0.05901402602731385,RU,4.5,nM,dissociation,420.0,540.0
mAb-X-SCK,mAb-X,run-1,mAb-X-A1,A1-546,546.0,s,14.678542114166952,0.09703649527082843,1.0708091082841147,0.034872562230705964,RU,4.5,nM,dissociation,420.0,540.0
mAb-X-SCK,mAb-X,run-1,mAb-X-A1,A1-547,547.0,s,14.5972219870894,-0.3794523819910494,0.9075817272354023,0.0068702536710420195,RU,4.5,nM,dissociation,420.0,540.0
mAb-X-SCK,mAb-X,run-1,mAb-X-A1,A1-548,548.0,s,14.506503697307872,0.10861703717386313,0.856992640934275,0.09332293471778301,RU,4.5,nM,dissociation,420.0,540.0
mAb-X-SCK,mAb-X,run-1,mAb-X-A1,A1-549,549.0,s,14.780868630672861,0.0397896763735313,1.2772423804011839,0.096441720863936,RU,4.5,nM,dissociation,420.0,540.0
mAb-X-SCK,mAb-X,run-1,mAb-X-A1,A1-550,550.0,s,14.794745661433709,0.02222392639339416,1.158996598997165,0.2891565238296244,RU,4.5,nM,dissociation,420.0,540.0
mAb-X-SCK,mAb-X,run-1,mAb-X-A1,A1-551,551.0,s,14.643958367409539,0.24934832254552797,0.9337057418130924,-0.0447771891011615,RU,4.5,nM,dissociation,420.0,540.0
mAb-X-SCK,mAb-X,run-1,mAb-X-A1,A1-552,552.0,s,14.712237183113421,-0.14068313162562915,1.1306243257971547,-0.05518040947256794,RU,4.5,nM,dissociation,420.0,540.0
mAb-X-SCK,mAb-X,run-1,mAb-X-A1,A1-553,553.0,s,14.697419716158349,0.035818338216524144,1.0872297403082511,-0.21169778005658127,RU,4.5,nM,dissociation,420.0,540.0
mAb-X-SCK,mAb-X,run-1,mAb-X-A1,A1-554,554.0,s,14.597642686751044,0.05282853692645547,1.2854463673465368,-0.047432317466096094,RU,4.5,nM,dissociation,420.0,540.0
mAb-X-SCK,mAb-X,run-1,mAb-X-A1,A1-555,555.0,s,14.582155189767816,-0.18271846472102074,1.1259652548309511,-0.1991503264970437,RU,4.5,nM,dissociation,420.0,540.0
mAb-X-SCK,mAb-X,run-1,mAb-X-A1,A1-556,556.0,s,14.676436003429039,-0.11789310319327537,1.2298220867161627,0.19089286279131046,RU,4.5,nM,dissociation,420.0,540.0
mAb-X-SCK,mAb-X,run-1,mAb-X-A1,A1-557,557.0,s,14.556711573928975,-0.0399463621556418,0.9276267474435806,0.05998328768884223,RU,4.5,nM,dissociation,420.0,540.0
mAb-X-SCK,mAb-X,run-1,mAb-X-A1,A1-558,558.0,s,14.59948785846038,0.07354740315172284,1.0529153849219433,0.05507517750717405,RU,4.5,nM,dissociation,420.0,540.0
mAb-X-SCK,mAb-X,run-1,mAb-X-A1,A1-559,559.0,s,14.325894723830014,-0.09498168724229168,0.9225849764812735,-0.09269292076638824,RU,4.5,nM,dissociation,420.0,540.0
mAb-X-SCK,mAb-X,run-1,mAb-X-A1,A1-560,560.0,s,14.766154961937369,-0.18042670017101448,1.2108804122129533,-0.02501960979376835,RU,4.5,nM,dissociation,420.0,540.0
mAb-X-SCK,mAb-X,run-1,mAb-X-A1,A1-561,561.0,s,14.487385197827379,-0.26801497701282134,1.2499033885592363,0.05300379419378689,RU,4.5,nM,dissociation,420.0,540.0
mAb-X-SCK,mAb-X,run-1,mAb-X-A1,A1-562,562.0,s,14.568348072580022,-0.2500964119048362,0.8614931216168773,0.04445558708162926,RU,4.5,nM,dissociation,420.0,540.0
mAb-X-SCK,mAb-X,run-1,mAb-X-A1,A1-563,563.0,s,14.6944023064427,0.07358281832462606,1.4615089030107946,0.020869244929101263,RU,4.5,nM,dissociation,420.0,540.0
mAb-X-SCK,mAb-X,run-1,mAb-X-A1,A1-564,564.0,s,14.576022923985342,0.1029836569558559,1.3253581222939212,0.32487240936443096,RU,4.5,nM,dissociation,420.0,540.0
mAb-X-SCK,mAb-X,run-1,mAb-X-A1,A1-565,565.0,s,14.602355089843565,0.36789201063530225,0.9438306283175802,-0.10683328788370232,RU,4.5,nM,dissociation,420.0,540.0
mAb-X-SCK,mAb-X,run-1,mAb-X-A1,A1-566,566.0,s,14.481761696288213,-0.11186986575702905,1.28067669575597,0.02049782105836515,RU,4.5,nM,dissociation,420.0,540.0
mAb-X-SCK,mAb-X,run-1,mAb-X-A1,A1-567,567.0,s,14.366779653831614,0.33816469370200947,1.3557075877078808,-0.033348338102721066,RU,4.5,nM,dissociation,420.0,540.0
mAb-X-SCK,mAb-X,run-1,mAb-X-A1,A1-568,568.0,s,14.480491846380279,-0.19284971366927117,1.118404445665884,0.11347864232676004,RU,4.5,nM,dissociation,420.0,540.0
mAb-X-SCK,mAb-X,run-1,mAb-X-A1,A1-569,569.0,s,14.626773794567745,0.01312276453161429,1.3527255017250759,-0.22989558548085692,RU,4.5,nM,dissociation,420.0,540.0
mAb-X-SCK,mAb-X,run-1,mAb-X-A1,A1-570,570.0,s,14.557983382751578,-0.012777691469128914,1.1277642366484217,0.0044980254483621826,RU,4.5,nM,dissociation,420.0,540.0
mAb-X-SCK,mAb-X,run-1,mAb-X-A1,A1-571,571.0,s,14.532695015469287,0.1157670555758062,1.1537578051892803,-0.1876258469952972,RU,4.5,nM,dissociation,420.0,540.0
mAb-X-SCK,mAb-X,run-1,mAb-X-A1,A1-572,572.0,s,14.513609193314783,-0.04075838566432383,1.0255500595629374,-0.042866576683331895,RU,4.5,nM,dissociation,420.0,540.0
mAb-X-SCK,mAb-X,run-1,mAb-X-A1,A1-573,573.0,s,14.67377876465253,0.004319191192023037,1.1861388971359457,-0.07075537133148294,RU,4.5,nM,dissociation,420.0,540.0
mAb-X-SCK,mAb-X,run-1,mAb-X-A1,A1-574,574.0,s,14.576127409363506,-0.13022300290554448,1.2941772794911393,-0.0032066381618786922,RU,4.5,nM,dissociation,420.0,540.0
mAb-X-SCK,mAb-X,run-1,mAb-X-A1,A1-575,575.0,s,14.612057494353063,-0.26082851914996985,1.4690639910990462,-0.3360657807547383,RU,4.5,nM,dissociation,420.0,540.0
mAb-X-SCK,mAb-X,run-1,mAb-X-A1,A1-576,576.0,s,14.520255391039294,0.1428173926501908,1.1215289336993568,-0.037965883747434946,RU,4.5,nM,dissociation,420.0,540.0
mAb-X-SCK,mAb-X,run-1,mAb-X-A1,A1-577,577.0,s,14.618332583491016,0.027086496091568015,1.2436522757557562,0.00240239905887737,RU,4.5,nM,dissociation,420.0,540.0
mAb-X-SCK,mAb-X,run-1,mAb-X-A1,A1-578,578.0,s,14.326204465592092,-0.15597852550398206,1.0840123306999165,-0.042713164165915855,RU,4.5,nM,dissociation,420.0,540.0
mAb-X-SCK,mAb-X,run-1,mAb-X-A1,A1-579,579.0,s,14.372846956454007,0.15708694796242578,1.1693465456729435,-0.0500410332736403,RU,4.5,nM,dissociation,420.0,540.0
mAb-X-SCK,mAb-X,run-1,mAb-X-A1,A1-580,580.0,s,14.351985665045062,0.05222370439336423,1.3560334554229816,-0.04900258019189378,RU,4.5,nM,dissociation,420.0,540.0
mAb-X-SCK,mAb-X,run-1,mAb-X-A1,A1-581,581.0,s,14.425956481798382,-0.08934775007677757,1.3615615775356713,-0.25844082122909295,RU,4.5,nM,dissociation,420.0,540.0
mAb-X-SCK,mAb-X,run-1,mAb-X-A1,A1-582,582.0,s,14.608735274223276,0.01834361517358191,0.9384030920901868,-0.12572834270233565,RU,4.5,nM,dissociation,420.0,540.0
mAb-X-SCK,mAb-X,run-1,mAb-X-A1,A1-583,583.0,s,14.351199510093357,0.1760803740681075,1.3715335349419817,0.01926053148260923,RU,4.5,nM,dissociation,420.0,540.0
mAb-X-SCK,mAb-X,run-1,mAb-X-A1,A1-584,584.0,s,14.346588205070745,0.09351322968135085,1.4189653982284636,0.01746673363793301,RU,4.5,nM,dissociation,420.0,540.0
mAb-X-SCK,mAb-X,run-1,mAb-X-A1,A1-585,585.0,s,14.6315053817319,0.2144938582660082,1.0985682745597483,0.16098728298489093,RU,4.5,nM,dissociation,420.0,540.0
mAb-X-SCK,mAb-X,run-1,mAb-X-A1,A1-586,586.0,s,14.343017012424838,0.11318222971502238,1.094890926575844,0.05514011489047284,RU,4.5,nM,dissociation,420.0,540.0
mAb-X-SCK,mAb-X,run-1,mAb-X-A1,A1-587,587.0,s,14.58100680954127,0.291812466488184,1.21458276772319,-0.0013735814064876738,RU,4.5,nM,dissociation,420.0,540.0
mAb-X-SCK,mAb-X,run-1,mAb-X-A1,A1-588,588.0,s,14.588588312160468,0.16624993604981672,1.1746974108210295,0.044031340145514124,RU,4.5,nM,dissociation,420.0,540.0
mAb-X-SCK,mAb-X,run-1,mAb-X-A1,A1-589,589.0,s,14.222125155793576,0.07056567330984836,0.9336321215449201,-0.3137763916071732,RU,4.5,nM,dissociation,420.0,540.0
mAb-X-SCK,mAb-X,run-1,mAb-X-A1,A1-590,590.0,s,14.285299540670236,-0.05495181850353621,1.4748042102196293,-0.12365866638094411,RU,4.5,nM,dissociation,420.0,540.0
mAb-X-SCK,mAb-X,run-1,mAb-X-A1,A1-591,591.0,s,14.52909560835048,-0.05820600971275215,0.8946392336262874,-0.0019478487913588693,RU,4.5,nM,dissociation,420.0,540.0
mAb-X-SCK,mAb-X,run-1,mAb-X-A1,A1-592,592.0,s,14.468685992339974,0.05396431618884501,0.7083341308145321,0.1351247969557745,RU,4.5,nM,dissociation,420.0,540.0
mAb-X-SCK,mAb-X,run-1,mAb-X-A1,A1-593,593.0,s,14.536759584349046,-0.14469188180983872,1.3956685884013895,0.12997940905056665,RU,4.5,nM,dissociation,420.0,540.0
mAb-X-SCK,mAb-X,run-1,mAb-X-A1,A1-594,594.0,s,14.63477689113923,-0.040216266886811514,0.9861513454672792,-0.011393479943615269,RU,4.5,nM,dissociation,420.0,540.0
mAb-X-SCK,mAb-X,run-1,mAb-X-A1,A1-595,595.0,s,14.235156159841743,-0.1000747491108511,1.2920421666778288,0.20630944299464501,RU,4.5,nM,dissociation,420.0,540.0
mAb-X-SCK,mAb-X,run-1,mAb-X-A1,A1-596,596.0,s,14.381462688582447,0.17258509529239566,1.2834474021075242,0.03689599499207948,RU,4.5,nM,dissociation,420.0,540.0
mAb-X-SCK,mAb-X,run-1,mAb-X-A1,A1-597,597.0,s,14.356307808042528,0.19487450349491184,0.9488888882683416,0.09483489994350996,RU,4.5,nM,dissociation,420.0,540.0
mAb-X-SCK,mAb-X,run-1,mAb-X-A1,A1-598,598.0,s,14.294878767411479,-0.16032796530139767,1.171428039612245,0.05437610110084751,RU,4.5,nM,dissociation,420.0,540.0
mAb-X-SCK,mAb-X,run-1,mAb-X-A1,A1-599,599.0,s,14.358400020583842,0.10162462596343404,1.467975390381988,-0.2274850859028081,RU,4.5,nM,dissociation,420.0,540.0
mAb-X-SCK,mAb-X,run-1,mAb-X-A1,A1-600,600.0,s,16.29187994666812,2.057116042342049,1.14780356355723,0.2907692089452831,RU,13.5,nM,association,600.0,720.0
mAb-X-SCK,mAb-X,run-1,mAb-X-A1,A1-601,601.0,s,16.674480730655276,2.2332128975191132,1.0871894990488764,0.3345513978351885,RU,13.5,nM,association,600.0,720.0
mAb-X-SCK,mAb-X,run-1,mAb-X-A1,A1-602,602.0,s,16.97817070893041,1.8460308511298922,1.1213490658113123,0.10599405436991642,RU,13.5,nM,association,600.0,720.0
mAb-X-SCK,mAb-X,run-1,mAb-X-A1,A1-603,603.0,s,17.38293942594824,2.2288290597378624,0.8806188020905448,-0.11816731177291867,RU,13.5,nM,association,600.0,720.0
mAb-X-SCK,mAb-X,run-1,mAb-X-A1,A1-604,604.0,s,17.269718901567384,2.259849810782672,1.2105495108661959,0.2524476244076904,RU,13.5,nM,association,600.0,720.0
mAb-X-SCK,mAb-X,run-1,mAb-X-A1,A1-605,605.0,s,17.380237039253508,2.067102693056556,1.2633322131370905,-0.08269753785953696,RU,13.5,nM,association,600.0,720.0
mAb-X-SCK,mAb-X,run-1,mAb-X-A1,A1-606,606.0,s,17.81001300054907,1.9983930092128688,1.1992905462155266,-0.18825191372538475,RU,13.5,nM,association,600.0,720.0
mAb-X-SCK,mAb-X,run-1,mAb-X-A1,A1-607,607.0,s,17.939510254818497,2.001986117386978,1.1339027045252181,-0.036800357907476204,RU,13.5,nM,association,600.0,720.0
mAb-X-SCK,mAb-X,run-1,mAb-X-A1,A1-608,608.0,s,17.97613436189819,2.1053192578682163,1.2110780568600175,-0.07002923742385055,RU,13.5,nM,association,600.0,720.0
mAb-X-SCK,mAb-X,run-1,mAb-X-A1,A1-609,609.0,s,18.496957810347812,1.961529235106267,1.1245757456996446,-0.04095356373827181,RU,13.5,nM,association,600.0,720.0
mAb-X-SCK,mAb-X,run-1,mAb-X-A1,A1-610,610.0,s,18.54059965597213,1.9727710814662924,1.2605907707790676,-0.19295625760263801,RU,13.5,nM,association,600.0,720.0
mAb-X-SCK,mAb-X,run-1,mAb-X-A1,A1-611,611.0,s,18.869347707478546,1.915208361163948,1.1680480764806713,0.13352463611599752,RU,13.5,nM,association,600.0,720.0
mAb-X-SCK,mAb-X,run-1,mAb-X-A1,A1-612,612.0,s,19.126333081770266,1.9987916091164655,1.134993950633996,-0.06167448018949608,RU,13.5,nM,association,600.0,720.0
mAb-X-SCK,mAb-X,run-1,mAb-X-A1,A1-613,613.0,s,19.42730055439758,2.1549564956219136,1.2466542782315029,0.17157914026970514,RU,13.5,nM,association,600.0,720.0
mAb-X-SCK,mAb-X,run-1,mAb-X-A1,A1-614,614.0,s,19.518420286419797,2.000286901432548,1.3603034699434182,-0.06047250298022976,RU,13.5,nM,association,600.0,720.0
mAb-X-SCK,mAb-X,run-1,mAb-X-A1,A1-615,615.0,s,19.60112981892458,2.0210913678839035,1.2490389316883228,0.3124534648711097,RU,13.5,nM,association,600.0,720.0
mAb-X-SCK,mAb-X,run-1,mAb-X-A1,A1-616,616.0,s,20.063925420268127,2.0066982765119725,1.0227746428960922,0.08108662580905222,RU,13.5,nM,association,600.0,720.0
mAb-X-SCK,mAb-X,run-1,mAb-X-A1,A1-617,617.0,s,20.060799792777964,1.8155045798517953,1.2477508254118166,-0.10582395677328718,RU,13.5,nM,association,600.0,720.0
mAb-X-SCK,mAb-X,run-1,mAb-X-A1,A1-618,618.0,s,20.906846768460227,2.0171275647983715,1.0438668188336617,0.02175579063817663,RU,13.5,nM,association,600.0,720.0
mAb-X-SCK,mAb-X,run-1,mAb-X-A1,A1-619,619.0,s,20.898951750778643,2.096192577268424,1.4386891062803406,-0.012407675150322537,RU,13.5,nM,association,600.0,720.0
mAb-X-SCK,mAb-X,run-1,mAb-X-A1,A1-620,620.0,s,20.83132118022577,2.020310756360295,1.1009448410342317,-0.033709525342927614,RU,13.5,nM,association,600.0,720.0
mAb-X-SCK,mAb-X,run-1,mAb-X-A1,A1-621,621.0,s,21.090351206696,1.9944291500186895,1.3199648671458708,-0.10854381816505108,RU,13.5,nM,association,600.0,720.0
mAb-X-SCK,mAb-X,run-1,mAb-X-A1,A1-622,622.0,s,21.25883309436439,1.9114402856007346,1.1852198643935248,0.0057701647129844115,RU,13.5,nM,association,600.0,720.0
mAb-X-SCK,mAb-X,run-1,mAb-X-A1,A1-623,623.0,s,21.35240170786952,1.782522466473965,1.1521724312897705,-0.09398651091976112,RU,13.5,nM,association,600.0,720.0
mAb-X-SCK,mAb-X,run-1,mAb-X-A1,A1-624,624.0,s,21.65640470598874,2.0998841078534856,1.1497798273018123,-0.1341189112401162,RU,13.5,nM,association,600.0,720.0
mAb-X-SCK,mAb-X,run-1,mAb-X-A1,A1-625,625.0,s,22.02846294066036,1.6600276257959241,1.1641424484155485,0.10184147076898563,RU,13.5,nM,association,600.0,720.0
mAb-X-SCK,mAb-X,run-1,mAb-X-A1,A1-626,626.0,s,22.123364775767183,1.9722924736493004,1.0915302457086604,0.2586566202321713,RU,13.5,nM,association,600.0,720.0
mAb-X-SCK,mAb-X,run-1,mAb-X-A1,A1-627,627.0,s,22.15836422693161,2.153959667356289,1.0931252830370308,-0.48236047567471185,RU,13.5,nM,association,600.0,720.0
mAb-X-SCK,mAb-X,run-1,mAb-X-A1,A1-628,628.0,s,22.71193798948305,2.2681040977486897,1.1014382003235783,-0.1228868112252042,RU,13.5,nM,association,600.0,720.0
mAb-X-SCK,mAb-X,run-1,mAb-X-A1,A1-629,629.0,s,22.914200592236423,1.838181196658167,1.0154729198258292,0.12717310069408022,RU,13.5,nM,association,600.0,720.0
mAb-X-SCK,mAb-X,run-1,mAb-X-A1,A1-630,630.0,s,22.888481920990017,1.8766088924135282,1.5437044619760183,0.2677366846360902,RU,13.5,nM,association,600.0,720.0
mAb-X-SCK,mAb-X,run-1,mAb-X-A1,A1-631,631.0,s,23.090280949529824,1.881741558511545,1.3550005626828097,-0.09001370446030091,RU,13.5,nM,association,600.0,720.0
mAb-X-SCK,mAb-X,run-1,mAb-X-A1,A1-632,632.0,s,23.300433495722206,2.364696148060643,1.2400148607274921,-0.10264505760129748,RU,13.5,nM,association,600.0,720.0
mAb-X-SCK,mAb-X,run-1,mAb-X-A1,A1-633,633.0,s,23.583137875762823,2.077385863736859,1.0741213840879906,-0.02272557148776244,RU,13.5,nM,association,600.0,720.0
mAb-X-SCK,mAb-X,run-1,mAb-X-A1,A1-634,634.0,s,24.040114516642813,2.028083297852439,1.1711079512311895,-0.05372157855909021,RU,13.5,nM,association,600.0,720.0
mAb-X-SCK,mAb-X,run-1,mAb-X-A1,A1-635,635.0,s,23.995089869754292,2.2510965171587163,1.0514956860982951,0.025919454045981782,RU,13.5,nM,association,600.0,720.0
mAb-X-SCK,mAb-X,run-1,mAb-X-A1,A1-636,636.0,s,24.03436620936919,2.0677640996638336,1.1310864058700427,-0.2279760482114977,RU,13.5,nM,association,600.0,720.0
mAb-X-SCK,mAb-X,run-1,mAb-X-A1,A1-637,637.0,s,24.218012043219577,2.110557281998666,1.0966199927445788,-0.03313225999790484,RU,13.5,nM,association,600.0,720.0
mAb-X-SCK,mAb-X,run-1,mAb-X-A1,A1-638,638.0,s,24.889651758735464,2.1805471548068422,1.377256004975384,-0.06979627890925319,RU,13.5,nM,association,600.0,720.0
mAb-X-SCK,mAb-X,run-1,mAb-X-A1,A1-639,639.0,s,24.79538470507917,2.3110087884411254,1.5798995489261998,0.08082326807969102,RU,13.5,nM,association,600.0,720.0
mAb-X-SCK,mAb-X,run-1,mAb-X-A1,A1-640,640.0,s,25.06259094561212,2.1397344859714194,1.4372966630393829,-0.050603494859697395,RU,13.5,nM,association,600.0,720.0
mAb-X-SCK,mAb-X,run-1,mAb-X-A1,A1-641,641.0,s,25.283488682642755,1.8562656367838895,1.360814599443786,0.12353294495880425,RU,13.5,nM,association,600.0,720.0
mAb-X-SCK,mAb-X,run-1,mAb-X-A1,A1-642,642.0,s,25.552080051745577,1.997137696913875,1.2635433267363214,0.004714559588462935,RU,13.5,nM,association,600.0,720.0
mAb-X-SCK,mAb-X,run-1,mAb-X-A1,A1-643,643.0,s,25.681321333198927,1.8298691980107171,1.3093661737749687,-0.07200951699090251,RU,13.5,nM,association,600.0,720.0
mAb-X-SCK,mAb-X,run-1,mAb-X-A1,A1-644,644.0,s,26.01270883748279,2.1852333926306766,1.0931912021259274,-0.06391427581165521,RU,13.5,nM,association,600.0,720.0
mAb-X-SCK,mAb-X,run-1,mAb-X-A1,A1-645,645.0,s,26.134711867804487,1.7469552565698518,1.4061939832789843,-0.17635168828975803,RU,13.5,nM,association,600.0,720.0
mAb-X-SCK,mAb-X,run-1,mAb-X-A1,A1-646,646.0,s,26.297266676958753,1.864834748569279,1.107850463160252,0.10453038065304485,RU,13.5,nM,association,600.0,720.0
mAb-X-SCK,mAb-X,run-1,mAb-X-A1,A1-647,647.0,s,26.547309820849247,1.9692215910836077,1.5087969692472005,0.13321470461883525,RU,13.5,nM,association,600.0,720.0
mAb-X-SCK,mAb-X,run-1,mAb-X-A1,A1-648,648.0,s,26.495457792271022,1.9724710828434893,1.58783879068792,-0.16474070186274128,RU,13.5,nM,association,600.0,720.0
mAb-X-SCK,mAb-X,run-1,mAb-X-A1,A1-649,649.0,s,26.8308522696103,1.6164169424296693,1.3684255334012496,-0.28006915471367383,RU,13.5,nM,association,600.0,720.0
mAb-X-SCK,mAb-X,run-1,mAb-X-A1,A1-650,650.0,s,27.16511232711554,2.268886543546265,1.4575827707245526,0.29443052623998567,RU,13.5,nM,association,600.0,720.0
mAb-X-SCK,mAb-X,run-1,mAb-X-A1,A1-651,651.0,s,27.237967807778325,1.7471434242354804,1.2582490348025719,-0.3521795641394548,RU,13.5,nM,association,600.0,720.0
mAb-X-SCK,mAb-X,run-1,mAb-X-A1,A1-652,652.0,s,27.652977330673494,2.0562674548660276,1.3994110006845277,0.04612153792607269,RU,13.5,nM,association,600.0,720.0
mAb-X-SCK,mAb-X,run-1,mAb-X-A1,A1-653,653.0,s,27.296548542043336,1.979770683440956,1.451499728466421,0.005857450446836147,RU,13.5,nM,association,600.0,720.0
mAb-X-SCK,mAb-X,run-1,mAb-X-A1,A1-654,654.0,s,27.61544140278057,2.0050941525890282,1.073479694370438,0.02958116561371927,RU,13.5,nM,association,600.0,720.0
mAb-X-SCK,mAb-X,run-1,mAb-X-A1,A1-655,655.0,s,28.301531449289204,2.0944227987532056,1.2181290030724545,-0.13136068680133112,RU,13.5,nM,association,600.0,720.0
mAb-X-SCK,mAb-X,run-1,mAb-X-A1,A1-656,656.0,s,28.022641693589055,1.986387409253888,1.505073691519407,-0.08327096165274059,RU,13.5,nM,association,600.0,720.0
mAb-X-SCK,mAb-X,run-1,mAb-X-A1,A1-657,657.0,s,28.36545498296852,2.332174875950834,1.4668461173022926,-0.11802208117502588,RU,13.5,nM,association,600.0,720.0
mAb-X-SCK,mAb-X,run-1,mAb-X-A1,A1-658,658.0,s,28.332201365148176,2.335035007773787,1.319753823510067,-0.07761356245729653,RU,13.5,nM,association,600.0,720.0
mAb-X-SCK,mAb-X,run-1,mAb-X-A1,A1-659,659.0,s,28.897434755632368,2.152739634069784,1.0409790537020984,-0.29816394034263927,RU,13.5,nM,association,600.0,720.0
mAb-X-SCK,mAb-X,run-1,mAb-X-A1,A1-660,660.0,s,29.03152644313527,2.020509544787977,1.3456340284143917,-0.21209473028701406,RU,13.5,nM,association,600.0,720.0
mAb-X-SCK,mAb-X,run-1,mAb-X-A1,A1-661,661.0,s,29.026616896272376,2.1553422367510415,1.2098477894026922,0.03268206103401923,RU,13.5,nM,association,600.0,720.0
mAb-X-SCK,mAb-X,run-1,mAb-X-A1,A1-662,662.0,s,29.424117328924822,1.8771856094061747,1.4051719654235508,0.05884450173586043,RU,13.5,nM,association,600.0,720.0
mAb-X-SCK,mAb-X,run-1,mAb-X-A1,A1-663,663.0,s,29.633734010676463,2.035502950412324,1.5316945100022392,-0.1196977625239717,RU,13.5,nM,association,600.0,720.0
mAb-X-SCK,mAb-X,run-1,mAb-X-A1,A1-664,664.0,s,29.597518065968625,1.7561951736510522,1.614218468793914,0.04915411017364598,RU,13.5,nM,association,600.0,720.0
mAb-X-SCK,mAb-X,run-1,mAb-X-A1,A1-665,665.0,s,29.79228489747615,2.1627266083519343,1.4091247460258365,-0.13437543023877105,RU,13.5,nM,association,600.0,720.0
mAb-X-SCK,mAb-X,run-1,mAb-X-A1,A1-666,666.0,s,29.995851610721925,1.9645816897449617,1.1225108699398496,0.07257693963084239,RU,13.5,nM,association,600.0,720.0
mAb-X-SCK,mAb-X,run-1,mAb-X-A1,A1-667,667.0,s,30.31139811926693,2.0866307527204855,1.3343323189004606,-0.14248616537158648,RU,13.5,nM,association,600.0,720.0
mAb-X-SCK,mAb-X,run-1,mAb-X-A1,A1-668,668.0,s,30.3919835732045,1.994873966945511,1.1971216670308193,0.17318749759777916,RU,13.5,nM,association,600.0,720.0
mAb-X-SCK,mAb-X,run-1,mAb-X-A1,A1-669,669.0,s,30.50676520415269,2.1675986355602586,1.1697722751951976,-0.16329953534408462,RU,13.5,nM,association,600.0,720.0
mAb-X-SCK,mAb-X,run-1,mAb-X-A1,A1-670,670.0,s,30.65623863981832,2.05022234543502,1.289093660286913,-0.13948665519903145,RU,13.5,nM,association,600.0,720.0
mAb-X-SCK,mAb-X,run-1,mAb-X-A1,A1-671,671.0,s,30.996670359717736,1.8746796904768117,1.2974647084250772,0.06728162330654724,RU,13.5,nM,association,600.0,720.0
mAb-X-SCK,mAb-X,run-1,mAb-X-A1,A1-672,672.0,s,31.292023581411787,1.9844104426640263,1.2036516134741058,0.0147310622991794,RU,13.5,nM,association,600.0,720.0
mAb-X-SCK,mAb-X,run-1,mAb-X-A1,A1-673,673.0,s,31.40592072510027,2.1177496903809874,1.344093903428459,0.08634039999976426,RU,13.5,nM,association,600.0,720.0
mAb-X-SCK,mAb-X,run-1,mAb-X-A1,A1-674,674.0,s,31.614744069805074,2.0058904853148647,1.4037207411417718,-0.07276098275741262,RU,13.5,nM,association,600.0,720.0
mAb-X-SCK,mAb-X,run-1,mAb-X-A1,A1-675,675.0,s,31.797438768577628,1.9103017408701288,1.3556015246452846,0.049719738470740155,RU,13.5,nM,association,600.0,720.0
mAb-X-SCK,mAb-X,run-1,mAb-X-A1,A1-676,676.0,s,31.716910833985953,1.88555844888567,1.3244313912200807,-0.034930229433141884,RU,13.5,nM,association,600.0,720.0
mAb-X-SCK,mAb-X,run-1,mAb-X-A1,A1-677,677.0,s,32.20780432189933,2.408146257424992,1.3690253681314555,-0.24177256225685417,RU,13.5,nM,association,600.0,720.0
mAb-X-SCK,mAb-X,run-1,mAb-X-A1,A1-678,678.0,s,32.3667778363092,2.05995068233827,1.2600665258912636,0.19882927881418555,RU,13.5,nM,association,600.0,720.0
mAb-X-SCK,mAb-X,run-1,mAb-X-A1,A1-679,679.0,s,32.5869013556964,2.1235456380204525,1.382939994097596,0.005968472705033667,RU,13.5,nM,association,600.0,720.0
mAb-X-SCK,mAb-X,run-1,mAb-X-A1,A1-680,680.0,s,32.54931282100566,2.0906270345928935,1.3936938365244573,-0.20191674261337333,RU,13.5,nM,association,600.0,720.0
mAb-X-SCK,mAb-X,run-1,mAb-X-A1,A1-681,681.0,s,32.77516987547724,1.904616396957721,1.3436618279116108,0.14393317734123431,RU,13.5,nM,association,600.0,720.0
mAb-X-SCK,mAb-X,run-1,mAb-X-A1,A1-682,682.0,s,33.05155637057368,2.0902418265211566,1.373205701911806,0.12624473018705357,RU,13.5,nM,association,600.0,720.0
mAb-X-SCK,mAb-X,run-1,mAb-X-A1,A1-683,683.0,s,33.2283589106895,2.112909762447082,1.4256650280534828,0.12104858296828475,RU,13.5,nM,association,600.0,720.0
mAb-X-SCK,mAb-X,run-1,mAb-X-A1,A1-684,684.0,s,33.33834726415042,2.326352384301254,1.1121913885624946,0.054950296125592116,RU,13.5,nM,association,600.0,720.0
mAb-X-SCK,mAb-X,run-1,mAb-X-A1,A1-685,685.0,s,33.6161699554853,2.054913934728886,1.4133534170833026,0.268909568734345,RU,13.5,nM,association,600.0,720.0
mAb-X-SCK,mAb-X,run-1,mAb-X-A1,A1-686,686.0,s,33.37783000354024,2.0300881533829007,1.4372132161020996,-0.09763251845521156,RU,13.5,nM,association,600.0,720.0
mAb-X-SCK,mAb-X,run-1,mAb-X-A1,A1-687,687.0,s,34.03694575022077,1.9237657169031492,1.3628539604597842,0.025306036377107505,RU,13.5,nM,association,600.0,720.0
mAb-X-SCK,mAb-X,run-1,mAb-X-A1,A1-688,688.0,s,33.87940938663289,1.9797095833021434,1.4482252262898918,0.1295988227675242,RU,13.5,nM,association,600.0,720.0
mAb-X-SCK,mAb-X,run-1,mAb-X-A1,A1-689,689.0,s,34.07857378787055,2.090259702861999,1.4136394342727296,-0.25678018698209604,RU,13.5,nM,association,600.0,720.0
mAb-X-SCK,mAb-X,run-1,mAb-X-A1,A1-690,690.0,s,34.15797769961452,2.1483161025541753,1.3851880715705036,0.020498571355504588,RU,13.5,nM,association,600.0,720.0
mAb-X-SCK,mAb-X,run-1,mAb-X-A1,A1-691,691.0,s,34.548234041713556,1.9880821804737507,1.139719893058968,-0.046119305789596214,RU,13.5,nM,association,600.0,720.0
mAb-X-SCK,mAb-X,run-1,mAb-X-A1,A1-692,692.0,s,34.805095880677115,2.2063056775238223,1.2188373144699416,-0.040437430558055994,RU,13.5,nM,association,600.0,720.0
mAb-X-SCK,mAb-X,run-1,mAb-X-A1,A1-693,693.0,s,34.84870931851637,1.9020256159429663,1.147484870660664,-0.29193143944131256,RU,13.5,nM,association,600.0,720.0
mAb-X-SCK,mAb-X,run-1,mAb-X-A1,A1-694,694.0,s,35.180886987548085,1.9464659011595369,1.5174406070193238,0.057229050154137234,RU,13.5,nM,association,600.0,720.0
mAb-X-SCK,mAb-X,run-1,mAb-X-A1,A1-695,695.0,s,35.04458377432334,2.2006667808149887,1.442392833328929,-0.3549284463458669,RU,13.5,nM,association,600.0,720.0
mAb-X-SCK,mAb-X,run-1,mAb-X-A1,A1-696,696.0,s,35.69803495481686,2.0309520353127417,1.2707037174799527,-0.14172472538668918,RU,13.5,nM,association,600.0,720.0
mAb-X-SCK,mAb-X,run-1,mAb-X-A1,A1-697,697.0,s,35.73867186912063,2.0292547821193287,1.4803586815944076,0.01165298817163043,RU,13.5,nM,association,600.0,720.0
mAb-X-SCK,mAb-X,run-1,mAb-X-A1,A1-698,698.0,s,35.817449911150575,2.0412948747486865,1.5446932501855457,-0.023152319446246957,RU,13.5,nM,association,600.0,720.0
mAb-X-SCK,mAb-X,run-1,mAb-X-A1,A1-699,699.0,s,36.00855945718275,2.24493489353251,1.344588153799947,0.05142463014721768,RU,13.5,nM,association,600.0,720.0
mAb-X-SCK,mAb-X,run-1,mAb-X-A1,A1-700,700.0,s,35.98832927384192,2.2490812248903014,1.095401430648849,0.006711701528706179,RU,13.5,nM,association,600.0,720.0
mAb-X-SCK,mAb-X,run-1,mAb-X-A1,A1-701,701.0,s,36.272108359489124,1.8922202153033125,1.3978472367917338,0.18116172456826968,RU,13.5,nM,association,600.0,720.0
mAb-X-SCK,mAb-X,run-1,mAb-X-A1,A1-702,702.0,s,36.33926847714022,1.7580176456863885,1.5566142447806606,-0.21975369465767888,RU,13.5,nM,association,600.0,720.0
mAb-X-SCK,mAb-X,run-1,mAb-X-A1,A1-703,703.0,s,36.71851481747915,1.746600702606556,1.4914791746463338,0.37288557877757145,RU,13.5,nM,association,600.0,720.0
mAb-X-SCK,mAb-X,run-1,mAb-X-A1,A1-704,704.0,s,36.682555468732836,2.3629185290379375,1.584564768268386,0.0008506211076989519,RU,13.5,nM,association,600.0,720.0
mAb-X-SCK,mAb-X,run-1,mAb-X-A1,A1-705,705.0,s,36.987110236961904,2.2106101395422106,1.3568879993778227,-0.1581492360441623,RU,13.5,nM,association,600.0,720.0
mAb-X-SCK,mAb-X,run-1,mAb-X-A1,A1-706,706.0,s,37.131758191064726,1.9188917377149097,1.225184349882709,0.10135031725569629,RU,13.5,nM,association,600.0,720.0
mAb-X-SCK,mAb-X,run-1,mAb-X-A1,A1-707,707.0,s,37.154743880036925,2.146622750104811,1.4363858496697044,0.12231294861050168,RU,13.5,nM,association,600.0,720.0
mAb-X-SCK,mAb-X,run-1,mAb-X-A1,A1-708,708.0,s,37.20751892224441,1.9259477425580378,1.3937508099680547,0.13976640581412247,RU,13.5,nM,association,600.0,720.0
mAb-X-SCK,mAb-X,run-1,mAb-X-A1,A1-709,709.0,s,37.355722381435314,2.190042291508169,1.430583601322448,0.12754247174397623,RU,13.5,nM,association,600.0,720.0
mAb-X-SCK,mAb-X,run-1,mAb-X-A1,A1-710,710.0,s,37.77861179310505,1.8619397392776575,1.3291910143197132,0.164759835837849,RU,13.5,nM,association,600.0,720.0
mAb-X-SCK,mAb-X,run-1,mAb-X-A1,A1-711,711.0,s,38.056697973550136,2.2223359172296875,1.369221648085789,-0.13519761116494464,RU,13.5,nM,association,600.0,720.0
mAb-X-SCK,mAb-X,run-1,mAb-X-A1,A1-712,712.0,s,37.960242175313184,1.9514808120209155,1.286184214297617,0.13347869195575024,RU,13.5,nM,association,600.0,720.0
mAb-X-SCK,mAb-X,run-1,mAb-X-A1,A1-713,713.0,s,38.496596567476836,1.9621041534136856,0.9057179651103192,0.058882558784938234,RU,13.5,nM,association,600.0,720.0
mAb-X-SCK,mAb-X,run-1,mAb-X-A1,A1-714,714.0,s,38.397803885800016,2.0250505388665845,1.7448535255362632,-0.21328298820469396,RU,13.5,nM,association,600.0,720.0
mAb-X-SCK,mAb-X,run-1,mAb-X-A1,A1-715,715.0,s,38.325915886179956,2.0432157146645262,1.2708310240534901,-0.03252205860655449,RU,13.5,nM,association,600.0,720.0
mAb-X-SCK,mAb-X,run-1,mAb-X-A1,A1-716,716.0,s,38.940355605950074,2.0124588319926078,1.4787509357709827,0.0018676784254652475,RU,13.5,nM,association,600.0,720.0
mAb-X-SCK,mAb-X,run-1,mAb-X-A1,A1-717,717.0,s,38.85464687880564,1.9163680292308876,1.4885219715059756,-0.34271357945103403,RU,13.5,nM,association,600.0,720.0
mAb-X-SCK,mAb-X,run-1,mAb-X-A1,A1-718,718.0,s,38.9739997929697,2.0694811855463158,1.2533759957240251,-0.07935818152649572,RU,13.5,nM,association,600.0,720.0
mAb-X-SCK,mAb-X,run-1,mAb-X-A1,A1-719,719.0,s,39.291728238426735,1.8780364467724766,1.5747562671905777,-0.09376633979795734,RU,13.5,nM,association,600.0,720.0
mAb-X-SCK,mAb-X,run-1,mAb-X-A1,A1-720,720.0,s,37.45392256511948,0.208951327251261,1.4017712814768102,-0.040679270242792887,RU,13.5,nM,dissociation,600.0,720.0
mAb-X-SCK,mAb-X,run-1,mAb-X-A1,A1-721,721.0,s,37.23425984296806,-0.10171517570441416,1.400212336812729,-0.013994593208124255,RU,13.5,nM,dissociation,600.0,720.0
mAb-X-SCK,mAb-X,run-1,mAb-X-A1,A1-722,722.0,s,37.262834420035176,0.14903609786080155,1.5324767232413645,-0.003158472819137463,RU,13.5,nM,dissociation,600.0,720.0
mAb-X-SCK,mAb-X,run-1,mAb-X-A1,A1-723,723.0,s,37.340225457988964,0.003396698749596119,1.535814026471002,0.03182333439461513,RU,13.5,nM,dissociation,600.0,720.0
mAb-X-SCK,mAb-X,run-1,mAb-X-A1,A1-724,724.0,s,37.129870729656105,0.07940486752523365,1.3070255802330377,-0.03155807386398887,RU,13.5,nM,dissociation,600.0,720.0
mAb-X-SCK,mAb-X,run-1,mAb-X-A1,A1-725,725.0,s,37.18892674528137,0.06835122474477989,1.459471457079947,-0.20074990421651626,RU,13.5,nM,dissociation,600.0,720.0
mAb-X-SCK,mAb-X,run-1,mAb-X-A1,A1-726,726.0,s,37.09757038560906,0.04177337683850204,1.3419903718475938,0.07696488862840871,RU,13.5,nM,dissociation,600.0,720.0
mAb-X-SCK,mAb-X,run-1,mAb-X-A1,A1-727,727.0,s,37.14973958231742,0.10800746055384881,1.3150697462575145,0.016775081247387486,RU,13.5,nM,dissociation,600.0,720.0
mAb-X-SCK,mAb-X,run-1,mAb-X-A1,A1-728,728.0,s,37.42069230077019,0.15769785617211426,1.2130414594212868,0.018100619939154117,RU,13.5,nM,dissociation,600.0,720.0
mAb-X-SCK,mAb-X,run-1,mAb-X-A1,A1-729,729.0,s,37.19124747632858,0.012707518583196147,1.4047335424986422,0.01708461950318733,RU,13.5,nM,dissociation,600.0,720.0
mAb-X-SCK,mAb-X,run-1,mAb-X-A1,A1-730,730.0,s,37.04790302617447,-0.24371081710299966,1.5428888589067522,0.13103155511984083,RU,13.5,nM,dissociation,600.0,720.0
mAb-X-SCK,mAb-X,run-1,mAb-X-A1,A1-731,731.0,s,36.90038860068407,-0.05382033978526696,1.38901156495717,0.11464788264938462,RU,13.5,nM,dissociation,600.0,720.0
mAb-X-SCK,mAb-X,run-1,mAb-X-A1,A1-732,732.0,s,37.24675483229545,0.06810208950859865,1.4322838591535618,0.07671450599142106,RU,13.5,nM,dissociation,600.0,720.0
mAb-X-SCK,mAb-X,run-1,mAb-X-A1,A1-733,733.0,s,37.293322183565,0.06706180354462714,1.644127731940385,0.05836395459497558,RU,13.5,nM,dissociation,600.0,720.0
mAb-X-SCK,mAb-X,run-1,mAb-X-A1,A1-734,734.0,s,37.219278829672064,0.027484589838212926,1.5439109304950493,-0.05248693852143701,RU,13.5,nM,dissociation,600.0,720.0
mAb-X-SCK,mAb-X,run-1,mAb-X-A1,A1-735,735.0,s,37.0779428253559,0.16730189575467896,1.1071206746795477,0.25319417982401643,RU,13.5,nM,dissociation,600.0,720.0
mAb-X-SCK,mAb-X,run-1,mAb-X-A1,A1-736,736.0,s,37.00839556320202,-0.1684982921789754,1.5119899382745552,0.13948811730233893,RU,13.5,nM,dissociation,600.0,720.0
mAb-X-SCK,mAb-X,run-1,mAb-X-A1,A1-737,737.0,s,37.000922318044,0.03808315188118109,1.2893148168514919,0.07011425374922929,RU,13.5,nM,dissociation,600.0,720.0
mAb-X-SCK,mAb-X,run-1,mAb-X-A1,A1-738,738.0,s,37.047552550261294,0.1559377649553159,1.5064423577203558,-0.038117140514091874,RU,13.5,nM,dissociation,600.0,720.0
mAb-X-SCK,mAb-X,run-1,mAb-X-A1,A1-739,739.0,s,36.822118399072934,-0.023898101603808557,1.3288489543930688,-0.1336818773820892,RU,13.5,nM,dissociation,600.0,720.0
mAb-X-SCK,mAb-X,run-1,mAb-X-A1,A1-740,740.0,s,36.80202751237019,0.1361944957338946,1.5464242424210901,-0.12064518356904985,RU,13.5,nM,dissociation,600.0,720.0
mAb-X-SCK,mAb-X,run-1,mAb-X-A1,A1-741,741.0,s,37.190031425775324,-0.20876690447442214,1.491367143739092,-0.25469495014199245,RU,13.5,nM,dissociation,600.0,720.0
mAb-X-SCK,mAb-X,run-1,mAb-X-A1,A1-742,742.0,s,36.9579216285053,0.13744352697603324,1.410067855100349,-0.1278612324021518,RU,13.5,nM,dissociation,600.0,720.0
mAb-X-SCK,mAb-X,run-1,mAb-X-A1,A1-743,743.0,s,36.93262074461659,0.13122037434047776,1.7624631894392762,-0.05392810306024246,RU,13.5,nM,dissociation,600.0,720.0
mAb-X-SCK,mAb-X,run-1,mAb-X-A1,A1-744,744.0,s,37.07902727495164,-0.07131448670102283,1.391152221414364,0.1018659894426025,RU,13.5,nM,dissociation,600.0,720.0
mAb-X-SCK,mAb-X,run-1,mAb-X-A1,A1-745,745.0,s,36.649636732674225,0.1536839375116553,1.4941692693478261,0.2232389252961631,RU,13.5,nM,dissociation,600.0,720.0
mAb-X-SCK,mAb-X,run-1,mAb-X-A1,A1-746,746.0,s,36.73340354381807,0.018447689888840088,1.5243746530627298,-0.19410926104741275,RU,13.5,nM,dissociation,600.0,720.0
mAb-X-SCK,mAb-X,run-1,mAb-X-A1,A1-747,747.0,s,37.05403243202858,0.23854906178041288,1.4975805775270237,-0.15939376297081487,RU,13.5,nM,dissociation,600.0,720.0
mAb-X-SCK,mAb-X,run-1,mAb-X-A1,A1-748,748.0,s,36.72575218490193,-0.002734441503664166,1.4932449742876996,-0.06209031645501439,RU,13.5,nM,dissociation,600.0,720.0
mAb-X-SCK,mAb-X,run-1,mAb-X-A1,A1-749,749.0,s,37.203995497146586,0.05087775900712178,1.4443256510493272,-0.18001334504486133,RU,13.5,nM,dissociation,600.0,720.0
mAb-X-SCK,mAb-X,run-1,mAb-X-A1,A1-750,750.0,s,36.93973259918568,0.2057885566566037,1.1686576522634202,-0.03117218006430803,RU,13.5,nM,dissociation,600.0,720.0
mAb-X-SCK,mAb-X,run-1,mAb-X-A1,A1-751,751.0,s,36.74587392960062,-0.2793398601852103,1.4895915106645727,0.02875139416135512,RU,13.5,nM,dissociation,600.0,720.0
mAb-X-SCK,mAb-X,run-1,mAb-X-A1,A1-752,752.0,s,36.856545176178024,-0.010616688149592088,1.7364451392032434,-0.15866138269766383,RU,13.5,nM,dissociation,600.0,720.0
mAb-X-SCK,mAb-X,run-1,mAb-X-A1,A1-753,753.0,s,36.78271121771814,-0.21239950599666607,1.6479604199982576,-0.21711922379044646,RU,13.5,nM,dissociation,600.0,720.0
mAb-X-SCK,mAb-X,run-1,mAb-X-A1,A1-754,754.0,s,36.8471751812123,0.10224881835013462,1.640241741077765,0.009942906249233803,RU,13.5,nM,dissociation,600.0,720.0
mAb-X-SCK,mAb-X,run-1,mAb-X-A1,A1-755,755.0,s,36.54738205470512,0.07465047085975819,1.5053936037106186,0.2650515590081243,RU,13.5,nM,dissociation,600.0,720.0
mAb-X-SCK,mAb-X,run-1,mAb-X-A1,A1-756,756.0,s,36.74957464577698,-0.04947183220624365,1.4419644530024947,0.10683889479395194,RU,13.5,nM,dissociation,600.0,720.0
mAb-X-SCK,mAb-X,run-1,mAb-X-A1,A1-757,757.0,s,36.800081586838694,0.16216244676525363,1.47320903103685,-0.1014738400916637,RU,13.5,nM,dissociation,600.0,720.0
mAb-X-SCK,mAb-X,run-1,mAb-X-A1,A1-758,758.0,s,36.667548441424,-0.20674580152264319,1.5483419015322308,0.24448580195148484,RU,13.5,nM,dissociation,600.0,720.0
mAb-X-SCK,mAb-X,run-1,mAb-X-A1,A1-759,759.0,s,36.53089374562594,-0.08685663760238597,1.5789796653622103,0.22238750983959324,RU,13.5,nM,dissociation,600.0,720.0
mAb-X-SCK,mAb-X,run-1,mAb-X-A1,A1-760,760.0,s,36.59724011932987,0.06014619948339195,1.836343840499989,0.03579289488692152,RU,13.5,nM,dissociation,600.0,720.0
mAb-X-SCK,mAb-X,run-1,mAb-X-A1,A1-761,761.0,s,36.489486556429554,0.04650037263555589,1.3022751039450422,-0.026629750423672657,RU,13.5,nM,dissociation,600.0,720.0
mAb-X-SCK,mAb-X,run-1,mAb-X-A1,A1-762,762.0,s,36.38422363313193,0.11900853949230908,1.450656896216971,0.17075763453863702,RU,13.5,nM,dissociation,600.0,720.0
mAb-X-SCK,mAb-X,run-1,mAb-X-A1,A1-763,763.0,s,37.05412904026595,-0.05824327333531507,1.6799432741737668,-0.00900405398754588,RU,13.5,nM,dissociation,600.0,720.0
mAb-X-SCK,mAb-X,run-1,mAb-X-A1,A1-764,764.0,s,36.63724025897686,-0.02605686331915291,1.3724987836717206,0.1745072002449761,RU,13.5,nM,dissociation,600.0,720.0
mAb-X-SCK,mAb-X,run-1,mAb-X-A1,A1-765,765.0,s,36.62838660392363,-0.045732545473955076,1.3922613187359345,-0.03789215433055199,RU,13.5,nM,dissociation,600.0,720.0
mAb-X-SCK,mAb-X,run-1,mAb-X-A1,A1-766,766.0,s,36.68267184864569,0.035655783271301984,1.5531060521863402,0.02545684765336031,RU,13.5,nM,dissociation,600.0,720.0
mAb-X-SCK,mAb-X,run-1,mAb-X-A1,A1-767,767.0,s,36.52060370256664,-0.0022639087756186056,1.667270453900708,-0.01960381967327007,RU,13.5,nM,dissociation,600.0,720.0
mAb-X-SCK,mAb-X,run-1,mAb-X-A1,A1-768,768.0,s,36.51769804973006,0.09644247624536516,1.8470020656567856,0.08480402708728024,RU,13.5,nM,dissociation,600.0,720.0
mAb-X-SCK,mAb-X,run-1,mAb-X-A1,A1-769,769.0,s,36.708561764491144,-0.050251426672618046,1.9545055957608406,-0.20388816881444097,RU,13.5,nM,dissociation,600.0,720.0
mAb-X-SCK,mAb-X,run-1,mAb-X-A1,A1-770,770.0,s,36.40458556479528,-0.22052062049808813,1.7639533724121275,0.2970042514779769,RU,13.5,nM,dissociation,600.0,720.0
mAb-X-SCK,mAb-X,run-1,mAb-X-A1,A1-771,771.0,s,36.27664737837773,0.0019785922945477915,1.4525524298780386,-0.06361026645429693,RU,13.5,nM,dissociation,600.0,720.0
mAb-X-SCK,mAb-X,run-1,mAb-X-A1,A1-772,772.0,s,36.77592707169882,0.29090310417507836,1.4573836182490527,0.0016170179162760961,RU,13.5,nM,dissociation,600.0,720.0
mAb-X-SCK,mAb-X,run-1,mAb-X-A1,A1-773,773.0,s,36.60157542598397,-0.25013013063923123,1.6317913770004222,0.04888400967827306,RU,13.5,nM,dissociation,600.0,720.0
mAb-X-SCK,mAb-X,run-1,mAb-X-A1,A1-774,774.0,s,36.47353837308302,-0.07771095261676288,1.684353745454085,-0.018744545147588887,RU,13.5,nM,dissociation,600.0,720.0
mAb-X-SCK,mAb-X,run-1,mAb-X-A1,A1-775,775.0,s,36.364261223230436,-0.18974305878330575,1.6076157579020798,0.020977434957450403,RU,13.5,nM,dissociation,600.0,720.0
mAb-X-SCK,mAb-X,run-1,mAb-X-A1,A1-776,776.0,s,36.57484709509256,0.010531133766619632,1.6652324106731167,0.09322885944910707,RU,13.5,nM,dissociation,600.0,720.0
mAb-X-SCK,mAb-X,run-1,mAb-X-A1,A1-777,777.0,s,36.291866623569256,0.1946690081295852,1.4870820917132865,0.015147630083889436,RU,13.5,nM,dissociation,600.0,720.0
mAb-X-SCK,mAb-X,run-1,mAb-X-A1,A1-778,778.0,s,36.43856623660131,0.0444920525762707,1.4586899842428287,0.020691755697165696,RU,13.5,nM,dissociation,600.0,720.0
mAb-X-SCK,mAb-X,run-1,mAb-X-A1,A1-779,779.0,s,36.39109506601279,-0.07391391893566612,1.6831741515135437,-0.15054733276068055,RU,13.5,nM,dissociation,600.0,720.0
mAb-X-SCK,mAb-X,run-1,mAb-X-A1,A1-780,780.0,s,42.626693959630906,6.087218095047042,1.773653293540326,-0.000891418330655987,RU,40.5,nM,association,780.0,900.0
mAb-X-SCK,mAb-X,run-1,mAb-X-A1,A1-781,781.0,s,43.11818360986363,6.3588419802050655,1.393702411177746,-0.11779814416253274,RU,40.5,nM,association,780.0,900.0
mAb-X-SCK,mAb-X,run-1,mAb-X-A1,A1-782,782.0,s,43.54529783975574,5.984749690058695,1.6940749190614814,-0.15600924321116252,RU,40.5,nM,association,780.0,900.0
mAb-X-SCK,mAb-X,run-1,mAb-X-A1,A1-783,783.0,s,44.18342497028857,5.971752244857447,1.646415251999886,-0.19887573328997357,RU,40.5,nM,association,780.0,900.0
mAb-X-SCK,mAb-X,run-1,mAb-X-A1,A1-784,784.0,s,44.260227543659504,6.241291194271407,1.7134037022797286,0.11420458311732244,RU,40.5,nM,association,780.0,900.0
mAb-X-SCK,mAb-X,run-1,mAb-X-A1,A1-785,785.0,s,45.00329673691667,6.040903512357016,1.6352581723424104,0.06801496305994147,RU,40.5,nM,association,780.0,900.0
mAb-X-SCK,mAb-X,run-1,mAb-X-A1,A1-786,786.0,s,45.63842255090501,6.151953686453399,1.6446292743939555,-0.10977454231029014,RU,40.5,nM,association,780.0,900.0
mAb-X-SCK,mAb-X,run-1,mAb-X-A1,A1-787,787.0,s,45.89709000329529,6.3028856598212135,1.6416064401535864,0.27727054083516567,RU,40.5,nM,association,780.0,900.0
mAb-X-SCK,mAb-X,run-1,mAb-X-A1,A1-788,788.0,s,46.51760559766466,6.302711892783673,1.6168151422176937,0.19383335551246672,RU,40.5,nM,association,780.0,900.0
mAb-X-SCK,mAb-X,run-1,mAb-X-A1,A1-789,789.0,s,46.940435864527124,6.202421902111082,1.58107108884458,-0.03592203856569158,RU,40.5,nM,association,780.0,900.0
mAb-X-SCK,mAb-X,run-1,mAb-X-A1,A1-790,790.0,s,47.335056544454595,6.230649690276184,1.667996825700808,-0.005759886036801699,RU,40.5,nM,association,780.0,900.0
mAb-X-SCK,mAb-X,run-1,mAb-X-A1,A1-791,791.0,s,48.2728971948453,6.246806583137325,1.75456223414365,-0.20628339715992314,RU,40.5,nM,association,780.0,900.0
mAb-X-SCK,mAb-X,run-1,mAb-X-A1,A1-792,792.0,s,48.327184427282106,6.0982697155289936,1.652180530832533,-0.17005778674978295,RU,40.5,nM,association,780.0,900.0
mAb-X-SCK,mAb-X,run-1,mAb-X-A1,A1-793,793.0,s,48.71344675264122,5.767186124934462,1.714938453262547,-0.2211278557263077,RU,40.5,nM,association,780.0,900.0
mAb-X-SCK,mAb-X,run-1,mAb-X-A1,A1-794,794.0,s,49.18605996015721,6.0983787999915995,1.7631555177542744,-0.05293247325994512,RU,40.5,nM,association,780.0,900.0
mAb-X-SCK,mAb-X,run-1,mAb-X-A1,A1-795,795.0,s,49.64629955579211,6.104597484695419,1.5754525851141612,-0.02048677508363671,RU,40.5,nM,association,780.0,900.0
mAb-X-SCK,mAb-X,run-1,mAb-X-A1,A1-796,796.0,s,50.16944738002068,6.046523506265559,1.489501126290615,0.030476909612349577,RU,40.5,nM,association,780.0,900.0
mAb-X-SCK,mAb-X,run-1,mAb-X-A1,A1-797,797.0,s,50.48108088697409,5.938848426388267,1.4377092479668192,0.36676565950111917,RU,40.5,nM,association,780.0,900.0
mAb-X-SCK,mAb-X,run-1,mAb-X-A1,A1-798,798.0,s,50.79798265979801,6.095800672591912,1.568329686907393,-0.1538188089891681,RU,40.5,nM,association,780.0,900.0
mAb-X-SCK,mAb-X,run-1,mAb-X-A1,A1-799,799.0,s,51.45207763179831,6.18423221779978,1.6450571453561353,0.19785770594546062,RU,40.5,nM,association,780.0,900.0
mAb-X-SCK,mAb-X,run-1,mAb-X-A1,A1-800,800.0,s,51.685907550048135,6.017035002979659,1.6155660760592572,0.28293962435369147,RU,40.5,nM,association,780.0,900.0
mAb-X-SCK,mAb-X,run-1,mAb-X-A1,A1-801,801.0,s,52.348546413305904,6.018211899826703,1.7037160011951593,-0.10583699022039826,RU,40.5,nM,association,780.0,900.0
mAb-X-SCK,mAb-X,run-1,mAb-X-A1,A1-802,802.0,s,52.51384570516377,5.992722378182562,1.5769332456241236,-0.19065935241881185,RU,40.5,nM,association,780.0,900.0
mAb-X-SCK,mAb-X,run-1,mAb-X-A1,A1-803,803.0,s,52.92737780554215,5.9621417541386785,1.728444286113238,-0.03495581210626433,RU,40.5,nM,association,780.0,900.0
mAb-X-SCK,mAb-X,run-1,mAb-X-A1,A1-804,804.0,s,53.630010128659634,6.358081940325445,1.4203831678151788,0.2625515760348937,RU,40.5,nM,association,780.0,900.0
mAb-X-SCK,mAb-X,run-1,mAb-X-A1,A1-805,805.0,s,53.95674298015996,5.943217317709406,1.6960447593235775,0.22142516521309816,RU,40.5,nM,association,780.0,900.0
mAb-X-SCK,mAb-X,run-1,mAb-X-A1,A1-806,806.0,s,54.465273594980935,6.076296586828212,1.9553321427202348,-0.10717698422745418,RU,40.5,nM,association,780.0,900.0
mAb-X-SCK,mAb-X,run-1,mAb-X-A1,A1-807,807.0,s,54.46837583177654,6.147031923810798,1.762126199454685,0.005605222667699759,RU,40.5,nM,association,780.0,900.0
mAb-X-SCK,mAb-X,run-1,mAb-X-A1,A1-808,808.0,s,55.07335052492801,5.889785778298743,1.6383367790946333,-0.17810631222047452,RU,40.5,nM,association,780.0,900.0
mAb-X-SCK,mAb-X,run-1,mAb-X-A1,A1-809,809.0,s,55.39205539199786,6.07557752611024,1.635293422929584,0.04014930404570227,RU,40.5,nM,association,780.0,900.0
mAb-X-SCK,mAb-X,run-1,mAb-X-A1,A1-810,810.0,s,56.12361976503227,6.177592608868115,1.5138068367289765,-0.0809479967316045,RU,40.5,nM,association,780.0,900.0
mAb-X-SCK,mAb-X,run-1,mAb-X-A1,A1-811,811.0,s,56.5134367636011,6.469792608195695,1.4843077093035724,-0.07162074420717074,RU,40.5,nM,association,780.0,900.0
mAb-X-SCK,mAb-X,run-1,mAb-X-A1,A1-812,812.0,s,56.89212283615362,6.152224482091066,1.6323586790451774,-0.14016899818998588,RU,40.5,nM,association,780.0,900.0
mAb-X-SCK,mAb-X,run-1,mAb-X-A1,A1-813,813.0,s,56.93976431894235,6.125226995181003,1.6424902838805095,-0.060337400976840934,RU,40.5,nM,association,780.0,900.0
mAb-X-SCK,mAb-X,run-1,mAb-X-A1,A1-814,814.0,s,57.715082388673096,6.166253575588715,1.6569094328501277,0.17915091483669307,RU,40.5,nM,association,780.0,900.0
mAb-X-SCK,mAb-X,run-1,mAb-X-A1,A1-815,815.0,s,57.9507840167808,6.196243328365833,1.5140850012596625,-0.15091177122403007,RU,40.5,nM,association,780.0,900.0
mAb-X-SCK,mAb-X,run-1,mAb-X-A1,A1-816,816.0,s,58.527682866925474,6.099368665264736,1.9897076126775113,0.06891799167556002,RU,40.5,nM,association,780.0,900.0
mAb-X-SCK,mAb-X,run-1,mAb-X-A1,A1-817,817.0,s,58.81872609608649,6.243391588459956,1.6929066602821061,0.013377988937192421,RU,40.5,nM,association,780.0,900.0
mAb-X-SCK,mAb-X,run-1,mAb-X-A1,A1-818,818.0,s,59.04519183083348,5.9182172996935725,1.665132232002308,0.1455688680660852,RU,40.5,nM,association,780.0,900.0
mAb-X-SCK,mAb-X,run-1,mAb-X-A1,A1-819,819.0,s,59.5729454718966,6.0059917212878045,1.8944910950725475,-0.015142236533888881,RU,40.5,nM,association,780.0,900.0
mAb-X-SCK,mAb-X,run-1,mAb-X-A1,A1-820,820.0,s,59.889631574487005,6.111471751897806,1.6165141689109628,0.06988356086843757,RU,40.5,nM,association,780.0,900.0
mAb-X-SCK,mAb-X,run-1,mAb-X-A1,A1-821,821.0,s,60.01900688763793,6.116025848647969,1.8602238591790885,-0.047173697923925555,RU,40.5,nM,association,780.0,900.0
mAb-X-SCK,mAb-X,run-1,mAb-X-A1,A1-822,822.0,s,60.56337974871759,6.1638130673573945,1.3104632288406253,-0.07827728832111493,RU,40.5,nM,association,780.0,900.0
mAb-X-SCK,mAb-X,run-1,mAb-X-A1,A1-823,823.0,s,60.821472313795354,6.16100999633479,1.5917680318094807,-0.13415428999608492,RU,40.5,nM,association,780.0,900.0
mAb-X-SCK,mAb-X,run-1,mAb-X-A1,A1-824,824.0,s,61.42534065435839,5.9728520474072715,1.3037936105307024,-0.020054157430727512,RU,40.5,nM,association,780.0,900.0
mAb-X-SCK,mAb-X,run-1,mAb-X-A1,A1-825,825.0,s,61.62881127647498,6.242653345595664,1.3981345383827486,-0.2276697708076051,RU,40.5,nM,association,780.0,900.0
mAb-X-SCK,mAb-X,run-1,mAb-X-A1,A1-826,826.0,s,62.018016002419095,6.0773513551589895,1.6567583539343715,0.23245670656852266,RU,40.5,nM,association,780.0,900.0
mAb-X-SCK,mAb-X,run-1,mAb-X-A1,A1-827,827.0,s,62.15070162400324,5.816054978355617,1.6216555008991784,0.18516535101521475,RU,40.5,nM,association,780.0,900.0
mAb-X-SCK,mAb-X,run-1,mAb-X-A1,A1-828,828.0,s,62.598447496981635,6.145310742596225,1.2905361282899648,-0.18673091059736988,RU,40.5,nM,association,780.0,900.0
mAb-X-SCK,mAb-X,run-1,mAb-X-A1,A1-829,829.0,s,62.650458070813826,6.06445857686251,1.4885270834514523,-0.18660138535139079,RU,40.5,nM,association,780.0,900.0
mAb-X-SCK,mAb-X,run-1,mAb-X-A1,A1-830,830.0,s,63.23039066893655,6.154544287098673,1.4316598586309783,0.03789631407105481,RU,40.5,nM,association,780.0,900.0
mAb-X-SCK,mAb-X,run-1,mAb-X-A1,A1-831,831.0,s,63.7780761882965,5.7588736722336815,1.7622050620129366,0.006969386734186093,RU,40.5,nM,association,780.0,900.0
mAb-X-SCK,mAb-X,run-1,mAb-X-A1,A1-832,832.0,s,64.06770138301296,6.200111624008873,1.6170804886830277,-0.274141742170424,RU,40.5,nM,association,780.0,900.0
mAb-X-SCK,mAb-X,run-1,mAb-X-A1,A1-833,833.0,s,64.19586592837179,5.917389216628374,1.4094022043490726,0.03103998792502796,RU,40.5,nM,association,780.0,900.0
mAb-X-SCK,mAb-X,run-1,mAb-X-A1,A1-834,834.0,s,64.44388789663047,6.018506155159794,1.6933509974449,-0.017619925602523862,RU,40.5,nM,association,780.0,900.0
mAb-X-SCK,mAb-X,run-1,mAb-X-A1,A1-835,835.0,s,64.97503014975482,5.852943459445755,1.385691464848857,0.04069578357457466,RU,40.5,nM,association,780.0,900.0
mAb-X-SCK,mAb-X,run-1,mAb-X-A1,A1-836,836.0,s,65.10837393834262,6.153777104174811,1.4740363357625808,0.07657431473292814,RU,40.5,nM,association,780.0,900.0
mAb-X-SCK,mAb-X,run-1,mAb-X-A1,A1-837,837.0,s,65.6405574174562,6.189165068800064,1.8332388360869807,-0.14865063604607362,RU,40.5,nM,association,780.0,900.0
mAb-X-SCK,mAb-X,run-1,mAb-X-A1,A1-838,838.0,s,66.04061959058699,6.081557782047983,1.757376989678923,0.18118373148786243,RU,40.5,nM,association,780.0,900.0
mAb-X-SCK,mAb-X,run-1,mAb-X-A1,A1-839,839.0,s,66.3467582871564,6.219411440633849,1.749348956436486,-0.23000504362379884,RU,40.5,nM,association,780.0,900.0
mAb-X-SCK,mAb-X,run-1,mAb-X-A1,A1-840,840.0,s,66.50115597038204,6.144764104880208,1.7365680099741017,-0.08310495564551017,RU,40.5,nM,association,780.0,900.0
mAb-X-SCK,mAb-X,run-1,mAb-X-A1,A1-841,841.0,s,67.06738003554142,6.264066086484749,1.770020383785626,0.03564051921592136,RU,40.5,nM,association,780.0,900.0
mAb-X-SCK,mAb-X,run-1,mAb-X-A1,A1-842,842.0,s,67.2149492217794,5.962656271756129,1.7246814504663557,0.045879398885005696,RU,40.5,nM,association,780.0,900.0
mAb-X-SCK,mAb-X,run-1,mAb-X-A1,A1-843,843.0,s,67.28670428223936,6.072103304833337,1.7619379752232132,0.1254882565769946,RU,40.5,nM,association,780.0,900.0
mAb-X-SCK,mAb-X,run-1,mAb-X-A1,A1-844,844.0,s,68.07444380961148,5.85290631534831,1.8344455639891457,0.05505908813354757,RU,40.5,nM,association,780.0,900.0
mAb-X-SCK,mAb-X,run-1,mAb-X-A1,A1-845,845.0,s,68.011137436168,6.010939521013797,1.6783260668020392,-0.03367156696027833,RU,40.5,nM,association,780.0,900.0
mAb-X-SCK,mAb-X,run-1,mAb-X-A1,A1-846,846.0,s,68.3322177849273,6.152290753883355,1.457331372172207,-0.17018933978638087,RU,40.5,nM,association,780.0,900.0
mAb-X-SCK,mAb-X,run-1,mAb-X-A1,A1-847,847.0,s,68.4701835701678,5.844676255805594,1.451777094031643,0.1469503976027168,RU,40.5,nM,association,780.0,900.0
mAb-X-SCK,mAb-X,run-1,mAb-X-A1,A1-848,848.0,s,68.87663562051232,6.4013745933466195,1.8011588225306983,-0.13862306171608427,RU,40.5,nM,association,780.0,900.0
mAb-X-SCK,mAb-X,run-1,mAb-X-A1,A1-849,849.0,s,69.11962584909823,6.148705603201085,1.721582948814941,0.09157618330017138,RU,40.5,nM,association,780.0,900.0
mAb-X-SCK,mAb-X,run-1,mAb-X-A1,A1-850,850.0,s,69.7073758372171,6.212106901770061,1.979190627233343,-0.14020552794595895,RU,40.5,nM,association,780.0,900.0
mAb-X-SCK,mAb-X,run-1,mAb-X-A1,A1-851,851.0,s,69.51584502340819,6.152351777493448,1.7795219942059302,-0.09422045725042663,RU,40.5,nM,association,780.0,900.0
mAb-X-SCK,mAb-X,run-1,mAb-X-A1,A1-852,852.0,s,70.22466658061039,6.137031969083679,1.518966496106491,0.09805587286156543,RU,40.5,nM,association,780.0,900.0
mAb-X-SCK,mAb-X,run-1,mAb-X-A1,A1-853,853.0,s,70.20651590962282,6.43292029942759,1.6767648819076248,-0.2487629868535029,RU,40.5,nM,association,780.0,900.0
mAb-X-SCK,mAb-X,run-1,mAb-X-A1,A1-854,854.0,s,70.54919055696217,6.1945008577723195,1.855104204414025,0.13284411678689267,RU,40.5,nM,association,780.0,900.0
mAb-X-SCK,mAb-X,run-1,mAb-X-A1,A1-855,855.0,s,71.02816398610304,6.288967246597699,1.5711247460945672,0.07017729472922661,RU,40.5,nM,association,780.0,900.0
mAb-X-SCK,mAb-X,run-1,mAb-X-A1,A1-856,856.0,s,71.10209619226447,6.127537588167645,1.53160198893297,-0.29158258966785233,RU,40.5,nM,association,780.0,900.0
mAb-X-SCK,mAb-X,run-1,mAb-X-A1,A1-857,857.0,s,71.68524801167777,6.205723289243581,1.4794493729390576,0.06422993496573037,RU,40.5,nM,association,780.0,900.0
mAb-X-SCK,mAb-X,run-1,mAb-X-A1,A1-858,858.0,s,71.5976276499676,5.823753100838387,1.8410124251362026,-0.2164683643566722,RU,40.5,nM,association,780.0,900.0
mAb-X-SCK,mAb-X,run-1,mAb-X-A1,A1-859,859.0,s,71.59632313140739,5.64908232697368,1.6321032309957917,-0.1287309043515527,RU,40.5,nM,association,780.0,900.0
mAb-X-SCK,mAb-X,run-1,mAb-X-A1,A1-860,860.0,s,71.73402309874982,5.992274672099803,1.7610988417882816,-0.09441423636331756,RU,40.5,nM,association,780.0,900.0
mAb-X-SCK,mAb-X,run-1,mAb-X-A1,A1-861,861.0,s,72.74935435419555,6.031383520625524,1.614777709210768,0.04341785146893462,RU,40.5,nM,association,780.0,900.0
mAb-X-SCK,mAb-X,run-1,mAb-X-A1,A1-862,862.0,s,72.61355923288623,6.270767433259976,1.7996935007888943,-0.19588128178007905,RU,40.5,nM,association,780.0,900.0
mAb-X-SCK,mAb-X,run-1,mAb-X-A1,A1-863,863.0,s,73.04484154967946,6.082413035919112,1.8454320911267217,0.14975205458942942,RU,40.5,nM,association,780.0,900.0
mAb-X-SCK,mAb-X,run-1,mAb-X-A1,A1-864,864.0,s,73.55428962813527,6.006860923301954,1.6875647651638401,-0.04972436481361026,RU,40.5,nM,association,780.0,900.0
mAb-X-SCK,mAb-X,run-1,mAb-X-A1,A1-865,865.0,s,73.47933636203976,6.009919801570218,1.7178271135167633,-0.14635672484526635,RU,40.5,nM,association,780.0,900.0
mAb-X-SCK,mAb-X,run-1,mAb-X-A1,A1-866,866.0,s,73.46157353854962,5.78965331988552,1.7995196005687573,0.23846481361453883,RU,40.5,nM,association,780.0,900.0
mAb-X-SCK,mAb-X,run-1,mAb-X-A1,A1-867,867.0,s,73.88030903367134,6.0940765577843345,1.7496538158476422,-0.2609564126458957,RU,40.5,nM,association,780.0,900.0
mAb-X-SCK,mAb-X,run-1,mAb-X-A1,A1-868,868.0,s,74.16067594962789,6.265345254499743,1.7670860355697064,0.22396614035762882,RU,40.5,nM,association,780.0,900.0
mAb-X-SCK,mAb-X,run-1,mAb-X-A1,A1-869,869.0,s,74.5801747668873,5.858936270327398,1.5405918950234776,-0.16878637321831094,RU,40.5,nM,association,780.0,900.0
mAb-X-SCK,mAb-X,run-1,mAb-X-A1,A1-870,870.0,s,74.60540619228146,6.020100654160083,1.6539959847438945,-0.14371795281003386,RU,40.5,nM,association,780.0,900.0
mAb-X-SCK,mAb-X,run-1,mAb-X-A1,A1-871,871.0,s,74.91426847199953,6.206955377853253,1.5479286809317556,-0.02382465871363394,RU,40.5,nM,association,780.0,900.0
mAb-X-SCK,mAb-X,run-1,mAb-X-A1,A1-872,872.0,s,75.13194282836535,6.0555546280298,1.550147437612781,-0.03300415758002052,RU,40.5,nM,association,780.0,900.0
mAb-X-SCK,mAb-X,run-1,mAb-X-A1,A1-873,873.0,s,75.48059590499356,6.268714098442945,1.6968095816100908,0.330997503521163,RU,40.5,nM,association,780.0,900.0
mAb-X-SCK,mAb-X,run-1,mAb-X-A1,A1-874,874.0,s,75.62610509598515,6.043880775506651,1.8349499055904515,-0.10509134515351992,RU,40.5,nM,association,780.0,900.0
mAb-X-SCK,mAb-X,run-1,mAb-X-A1,A1-875,875.0,s,75.94156949359784,5.990111686703744,1.7009195686788696,-0.11490606251715227,RU,40.5,nM,association,780.0,900.0
mAb-X-SCK,mAb-X,run-1,mAb-X-A1,A1-876,876.0,s,76.0469426669357,5.850966524504595,1.9765948166825271,0.3283501786203187,RU,40.5,nM,association,780.0,900.0
mAb-X-SCK,mAb-X,run-1,mAb-X-A1,A1-877,877.0,s,76.39101546795472,6.0611299393692235,1.9751592535153493,-0.16152824068595553,RU,40.5,nM,association,780.0,900.0
mAb-X-SCK,mAb-X,run-1,mAb-X-A1,A1-878,878.0,s,76.1992288931068,5.98503166997498,1.9541366203176618,0.08008206829473621,RU,40.5,nM,association,780.0,900.0
mAb-X-SCK,mAb-X,run-1,mAb-X-A1,A1-879,879.0,s,76.68650434307804,6.064197839935454,1.8478174321710497,0.03973086155681615,RU,40.5,nM,association,780.0,900.0
mAb-X-SCK,mAb-X,run-1,mAb-X-A1,A1-880,880.0,s,76.73645674055157,5.95440733201535,1.867153100111515,0.2911527009112068,RU,40.5,nM,association,780.0,900.0
mAb-X-SCK,mAb-X,run-1,mAb-X-A1,A1-881,881.0,s,77.20529681733419,5.936581890874139,1.6681277473300828,-0.1913069977721074,RU,40.5,nM,association,780.0,900.0
mAb-X-SCK,mAb-X,run-1,mAb-X-A1,A1-882,882.0,s,77.52135350713439,6.012584680998127,1.4267485143910759,-0.1952974498324251,RU,40.5,nM,association,780.0,900.0
mAb-X-SCK,mAb-X,run-1,mAb-X-A1,A1-883,883.0,s,77.55158159590876,6.108046326256691,1.6982710556422218,-0.1468750893178598,RU,40.5,nM,association,780.0,900.0
mAb-X-SCK,mAb-X,run-1,mAb-X-A1,A1-884,884.0,s,77.97593890301448,5.8533943322796365,1.7496218837025237,0.010938423003961056,RU,40.5,nM,association,780.0,900.0
mAb-X-SCK,mAb-X,run-1,mAb-X-A1,A1-885,885.0,s,77.91177677189295,5.882705329052711,2.059083808259526,0.011844995554005191,RU,40.5,nM,association,780.0,900.0
mAb-X-SCK,mAb-X,run-1,mAb-X-A1,A1-886,886.0,s,78.24685829317036,5.7858650022667195,1.915410756261376,-0.19496326687614798,RU,40.5,nM,association,780.0,900.0
mAb-X-SCK,mAb-X,run-1,mAb-X-A1,A1-887,887.0,s,78.4389902638152,5.835445995366114,1.8447994125722746,-0.31280657850534177,RU,40.5,nM,association,780.0,900.0
mAb-X-SCK,mAb-X,run-1,mAb-X-A1,A1-888,888.0,s,78.58912516842919,6.127056287256982,1.7813576361875954,-0.021314891647050603,RU,40.5,nM,association,780.0,900.0
mAb-X-SCK,mAb-X,run-1,mAb-X-A1,A1-889,889.0,s,78.65817329333878,6.082052371834857,2.2396709586355747,-0.1168163463502219,RU,40.5,nM,association,780.0,900.0
mAb-X-SCK,mAb-X,run-1,mAb-X-A1,A1-890,890.0,s,79.38003231072788,6.105473619817,1.585324245245351,0.05918549764022421,RU,40.5,nM,association,780.0,900.0
mAb-X-SCK,mAb-X,run-1,mAb-X-A1,A1-891,891.0,s,79.0730299017898,6.228594971018227,1.6442252855028177,-0.08584418709270177,RU,40.5,nM,association,780.0,900.0
mAb-X-SCK,mAb-X,run-1,mAb-X-A1,A1-892,892.0,s,79.3357577013055,6.29687590670875,1.7154382982800764,0.11153409825592901,RU,40.5,nM,association,780.0,900.0
mAb-X-SCK,mAb-X,run-1,mAb-X-A1,A1-893,893.0,s,79.5700006097909,5.995618345621882,1.807206632233166,0.2239559980772447,RU,40.5,nM,association,780.0,900.0
mAb-X-SCK,mAb-X,run-1,mAb-X-A1,A1-894,894.0,s,79.76478184558442,5.95886319773454,1.5258732590522537,-0.02586646912479187,RU,40.5,nM,association,780.0,900.0
mAb-X-SCK,mAb-X,run-1,mAb-X-A1,A1-895,895.0,s,79.6990057742175,6.395696119861284,1.9510196894850278,0.05161757602803952,RU,40.5,nM,association,780.0,900.0
mAb-X-SCK,mAb-X,run-1,mAb-X-A1,A1-896,896.0,s,80.32471250712432,6.2280390144454625,1.9339489481087349,0.07208083012546182,RU,40.5,nM,association,780.0,900.0
mAb-X-SCK,mAb-X,run-1,mAb-X-A1,A1-897,897.0,s,80.39507451440761,6.128045936050345,1.7700075790705685,0.1680515961872752,RU,40.5,nM,association,780.0,900.0
mAb-X-SCK,mAb-X,run-1,mAb-X-A1,A1-898,898.0,s,80.51600372847753,6.101763035558377,1.6169192283521918,0.02660675665156913,RU,40.5,nM,association,780.0,900.0
mAb-X-SCK,mAb-X,run-1,mAb-X-A1,A1-899,899.0,s,80.82512131773181,6.234388105496506,1.973020458071982,0.09606721725629308,RU,40.5,nM,association,780.0,900.0
mAb-X-SCK,mAb-X,run-1,mAb-X-A1,A1-900,900.0,s,74.84941624843972,-0.039397708640426375,1.8520479274375088,-0.06086489793118016,RU,40.5,nM,dissociation,780.0,900.0
mAb-X-SCK,mAb-X,run-1,mAb-X-A1,A1-901,901.0,s,74.95991580347523,-0.11582451732603385,1.9043189455873777,0.10605935836715195,RU,40.5,nM,dissociation,780.0,900.0
mAb-X-SCK,mAb-X,run-1,mAb-X-A1,A1-902,902.0,s,74.97121057927703,-0.01365583975803443,1.6038547045141305,-0.02568330993312038,RU,40.5,nM,dissociation,780.0,900.0
mAb-X-SCK,mAb-X,run-1,mAb-X-A1,A1-903,903.0,s,74.79472231895053,-0.1943485255899283,1.8546433479179831,-0.09589634525418252,RU,40.5,nM,dissociation,780.0,900.0
mAb-X-SCK,mAb-X,run-1,mAb-X-A1,A1-904,904.0,s,74.5372882257114,0.1758016692089414,1.5832528049915524,0.2330472350113203,RU,40.5,nM,dissociation,780.0,900.0
mAb-X-SCK,mAb-X,run-1,mAb-X-A1,A1-905,905.0,s,74.65185234447557,0.041652196276255486,1.6613057476741113,-0.1464397250985914,RU,40.5,nM,dissociation,780.0,900.0
mAb-X-SCK,mAb-X,run-1,mAb-X-A1,A1-906,906.0,s,74.53417094804912,0.17957953081794284,1.9748964377844922,-0.03523808659721952,RU,40.5,nM,dissociation,780.0,900.0
mAb-X-SCK,mAb-X,run-1,mAb-X-A1,A1-907,907.0,s,74.70606963564033,0.16088375504911362,1.9005153439812867,0.17892694847040688,RU,40.5,nM,dissociation,780.0,900.0
mAb-X-SCK,mAb-X,run-1,mAb-X-A1,A1-908,908.0,s,74.34471053580052,-0.014203325594365246,2.0548223514145456,-0.023344961814664073,RU,40.5,nM,dissociation,780.0,900.0
mAb-X-SCK,mAb-X,run-1,mAb-X-A1,A1-909,909.0,s,74.51699261124196,0.2625245747879451,1.7472025626773664,-0.043154320811360385,RU,40.5,nM,dissociation,780.0,900.0
mAb-X-SCK,mAb-X,run-1,mAb-X-A1,A1-910,910.0,s,74.57563662169534,-0.0509916041894374,1.545963797409022,0.0074625679527453095,RU,40.5,nM,dissociation,780.0,900.0
mAb-X-SCK,mAb-X,run-1,mAb-X-A1,A1-911,911.0,s,74.20781401476727,-0.11405398501654772,1.667326379706402,-0.18678039105622768,RU,40.5,nM,dissociation,780.0,900.0
mAb-X-SCK,mAb-X,run-1,mAb-X-A1,A1-912,912.0,s,74.39694750417263,-0.07409317809131206,1.8368946285431917,-0.08559290205312058,RU,40.5,nM,dissociation,780.0,900.0
mAb-X-SCK,mAb-X,run-1,mAb-X-A1,A1-913,913.0,s,74.38907226203771,-0.05526039506838221,1.4839361266056241,-0.15837410324888385,RU,40.5,nM,dissociation,780.0,900.0
mAb-X-SCK,mAb-X,run-1,mAb-X-A1,A1-914,914.0,s,74.21648814778445,0.3256177497050487,1.8114091149276212,-0.035295999697969635,RU,40.5,nM,dissociation,780.0,900.0
mAb-X-SCK,mAb-X,run-1,mAb-X-A1,A1-915,915.0,s,74.34166303566194,-0.01650188801059885,1.8484501292450226,-0.01809058298017215,RU,40.5,nM,dissociation,780.0,900.0
mAb-X-SCK,mAb-X,run-1,mAb-X-A1,A1-916,916.0,s,74.27117201329419,-0.08142211990319616,1.8953449705759435,-0.1608523895198732,RU,40.5,nM,dissociation,780.0,900.0
mAb-X-SCK,mAb-X,run-1,mAb-X-A1,A1-917,917.0,s,74.21694236330404,0.410711907821102,1.8176740877169242,0.2198781356331193,RU,40.5,nM,dissociation,780.0,900.0
mAb-X-SCK,mAb-X,run-1,mAb-X-A1,A1-918,918.0,s,74.40702723647658,0.022978332490805695,1.7065567471094507,0.04184867357181207,RU,40.5,nM,dissociation,780.0,900.0
mAb-X-SCK,mAb-X,run-1,mAb-X-A1,A1-919,919.0,s,74.13228832139552,0.0003795237916729021,1.5874907473958546,-0.04976742921501238,RU,40.5,nM,dissociation,780.0,900.0
mAb-X-SCK,mAb-X,run-1,mAb-X-A1,A1-920,920.0,s,73.93715463172104,-0.08003300396840411,2.0321619683671917,0.04994928674908775,RU,40.5,nM,dissociation,780.0,900.0
mAb-X-SCK,mAb-X,run-1,mAb-X-A1,A1-921,921.0,s,74.0934644024331,0.11334275750207214,1.7811285767664709,0.07437166142598463,RU,40.5,nM,dissociation,780.0,900.0
mAb-X-SCK,mAb-X,run-1,mAb-X-A1,A1-922,922.0,s,73.78920180057446,0.004325253614639255,1.8788460390901713,-0.07507266174269081,RU,40.5,nM,dissociation,780.0,900.0
mAb-X-SCK,mAb-X,run-1,mAb-X-A1,A1-923,923.0,s,73.94224865300106,0.046322161502126265,1.531647013615556,-0.061418732916733575,RU,40.5,nM,dissociation,780.0,900.0
mAb-X-SCK,mAb-X,run-1,mAb-X-A1,A1-924,924.0,s,73.82029999312327,-0.12455650377236033,1.871314137741083,0.05768265042785169,RU,40.5,nM,dissociation,780.0,900.0
mAb-X-SCK,mAb-X,run-1,mAb-X-A1,A1-925,925.0,s,74.02323634045378,0.21465428847689758,1.7508109261220877,-0.006052313375592227,RU,40.5,nM,dissociation,780.0,900.0
mAb-X-SCK,mAb-X,run-1,mAb-X-A1,A1-926,926.0,s,74.05966023705074,-0.2321900483832923,1.9335396388288115,-0.09619793110678283,RU,40.5,nM,dissociation,780.0,900.0
mAb-X-SCK,mAb-X,run-1,mAb-X-A1,A1-927,927.0,s,74.07352927289074,0.014926478159658849,1.5401282244128867,0.1886875132173147,RU,40.5,nM,dissociation,780.0,900.0
mAb-X-SCK,mAb-X,run-1,mAb-X-A1,A1-928,928.0,s,73.77857688089281,0.11673399142843416,2.0181005382437833,-0.15480187476994287,RU,40.5,nM,dissociation,780.0,900.0
mAb-X-SCK,mAb-X,run-1,mAb-X-A1,A1-929,929.0,s,73.79760380191023,0.16952072994277526,1.9699746753210585,0.10906181673572153,RU,40.5,nM,dissociation,780.0,900.0
mAb-X-SCK,mAb-X,run-1,mAb-X-A1,A1-930,930.0,s,74.06197424296674,0.09290594657045333,1.6459069279405598,-0.0632724688638858,RU,40.5,nM,dissociation,780.0,900.0
mAb-X-SCK,mAb-X,run-1,mAb-X-A1,A1-931,931.0,s,73.93079492510357,0.03897899025661447,1.9073656098104181,0.039510113585306254,RU,40.5,nM,dissociation,780.0,900.0
mAb-X-SCK,mAb-X,run-1,mAb-X-A1,A1-932,932.0,s,73.95960571583124,0.05537613969024142,1.907559304912329,-0.39714936049924005,RU,40.5,nM,dissociation,780.0,900.0
mAb-X-SCK,mAb-X,run-1,mAb-X-A1,A1-933,933.0,s,73.73009544468023,0.12153615507092422,1.8353908706720292,-0.0369458028891274,RU,40.5,nM,dissociation,780.0,900.0
mAb-X-SCK,mAb-X,run-1,mAb-X-A1,A1-934,934.0,s,73.8963392591496,0.15272694616715182,2.005074684832192,0.22322553141911478,RU,40.5,nM,dissociation,780.0,900.0
mAb-X-SCK,mAb-X,run-1,mAb-X-A1,A1-935,935.0,s,73.62871933278693,-0.062053664887487064,1.780797404993603,-0.19893449985121864,RU,40.5,nM,dissociation,780.0,900.0
mAb-X-SCK,mAb-X,run-1,mAb-X-A1,A1-936,936.0,s,73.65920597149012,0.05037507470755633,1.7580697597950148,0.18103336871733158,RU,40.5,nM,dissociation,780.0,900.0
mAb-X-SCK,mAb-X,run-1,mAb-X-A1,A1-937,937.0,s,73.82388014852354,0.12567813071635053,1.8338165871739205,0.01790010860771492,RU,40.5,nM,dissociation,780.0,900.0
mAb-X-SCK,mAb-X,run-1,mAb-X-A1,A1-938,938.0,s,73.6366876638568,0.0864406393458193,2.105625371059621,-0.018165769660726663,RU,40.5,nM,dissociation,780.0,900.0
mAb-X-SCK,mAb-X,run-1,mAb-X-A1,A1-939,939.0,s,73.8601184170328,0.2707023587258827,1.9284657570548025,0.13045080905651027,RU,40.5,nM,dissociation,780.0,900.0
mAb-X-SCK,mAb-X,run-1,mAb-X-A1,A1-940,940.0,s,73.5803494821766,0.2678639700023546,2.0751409611496463,-0.058434207083654335,RU,40.5,nM,dissociation,780.0,900.0
mAb-X-SCK,mAb-X,run-1,mAb-X-A1,A1-941,941.0,s,73.50124140938351,0.032454157341049,1.9619156901683983,0.006725920028134659,RU,40.5,nM,dissociation,780.0,900.0
mAb-X-SCK,mAb-X,run-1,mAb-X-A1,A1-942,942.0,s,73.40354703117283,-0.11882477761789788,1.6580371352846823,-0.043800091245464835,RU,40.5,nM,dissociation,780.0,900.0
mAb-X-SCK,mAb-X,run-1,mAb-X-A1,A1-943,943.0,s,73.63746747158802,-0.031390154077602456,2.0190718251156805,0.03407686131199975,RU,40.5,nM,dissociation,780.0,900.0
mAb-X-SCK,mAb-X,run-1,mAb-X-A1,A1-944,944.0,s,73.39369072297934,0.038230267189444736,2.2210136623089505,0.0589251516413592,RU,40.5,nM,dissociation,780.0,900.0
mAb-X-SCK,mAb-X,run-1,mAb-X-A1,A1-945,945.0,s,73.30785098056737,-0.14881480799000263,2.0881203167482174,0.1966807651781119,RU,40.5,nM,dissociation,780.0,900.0
mAb-X-SCK,mAb-X,run-1,mAb-X-A1,A1-946,946.0,s,73.20769225777303,0.3606829536145055,2.089892298005529,-0.17962302127128663,RU,40.5,nM,dissociation,780.0,900.0
mAb-X-SCK,mAb-X,run-1,mAb-X-A1,A1-947,947.0,s,73.21223566831864,0.037092050364516904,1.898696589454635,-0.05323667593264355,RU,40.5,nM,dissociation,780.0,900.0
mAb-X-SCK,mAb-X,run-1,mAb-X-A1,A1-948,948.0,s,72.80407912380116,-0.027313298831243216,1.6923400886512048,-0.23393139440057467,RU,40.5,nM,dissociation,780.0,900.0
mAb-X-SCK,mAb-X,run-1,mAb-X-A1,A1-949,949.0,s,73.08326670298683,0.012371125514133436,1.9827940753601603,0.02578035218530291,RU,40.5,nM,dissociation,780.0,900.0
mAb-X-SCK,mAb-X,run-1,mAb-X-A1,A1-950,950.0,s,72.82458603920209,0.1612840233466353,1.9853173942726863,0.023851285692200772,RU,40.5,nM,dissociation,780.0,900.0
mAb-X-SCK,mAb-X,run-1,mAb-X-A1,A1-951,951.0,s,73.05891440593028,0.0626463618473402,1.9203030386361966,-0.09827799228333997,RU,40.5,nM,dissociation,780.0,900.0
mAb-X-SCK,mAb-X,run-1,mAb-X-A1,A1-952,952.0,s,72.94957854807907,0.017865871706710026,1.647798873920541,0.0300665474073168,RU,40.5,nM,dissociation,780.0,900.0
mAb-X-SCK,mAb-X,run-1,mAb-X-A1,A1-953,953.0,s,73.22606586311984,-0.13467896582116867,2.0831201453238695,-0.09753103344180979,RU,40.5,nM,dissociation,780.0,900.0
mAb-X-SCK,mAb-X,run-1,mAb-X-A1,A1-954,954.0,s,72.8363640330564,-0.09421440392748377,2.0545623819523855,0.010076704389590926,RU,40.5,nM,dissociation,780.0,900.0
mAb-X-SCK,mAb-X,run-1,mAb-X-A1,A1-955,955.0,s,72.86743518117369,0.3777049548460192,1.9940041133321649,0.0900065565330675,RU,40.5,nM,dissociation,780.0,900.0
mAb-X-SCK,mAb-X,run-1,mAb-X-A1,A1-956,956.0,s,73.18161865814369,-0.07600121248619231,1.7925506717458684,0.0416441603789933,RU,40.5,nM,dissociation,780.0,900.0
mAb-X-SCK,mAb-X,run-1,mAb-X-A1,A1-957,957.0,s,73.06788759957185,0.11044040958464607,1.8971111422238198,0.03660742130640094,RU,40.5,nM,dissociation,780.0,900.0
mAb-X-SCK,mAb-X,run-1,mAb-X-A1,A1-958,958.0,s,72.82177448047574,0.0362805287278101,2.0921678247404354,0.2332577688187355,RU,40.5,nM,dissociation,780.0,900.0
mAb-X-SCK,mAb-X,run-1,mAb-X-A1,A1-959,959.0,s,72.80522707050918,-0.04793597455199493,1.7986819883755287,0.14104590414926002,RU,40.5,nM,dissociation,780.0,900.0
mAb-X-SCK,mAb-X,run-1,mAb-X-A1,A1-960,960.0,s,72.63253933456748,-0.030870531135158828,1.9670356255952117,-0.2887856163467257,RU,40.5,nM,dissociation,780.0,900.0
mAb-X-SCK,mAb-X,run-1,mAb-X-A1,A1-961,961.0,s,72.85553597209551,0.05972018270550813,1.7501438622220822,0.16943270796935417,RU,40.5,nM,dissociation,780.0,900.0
mAb-X-SCK,mAb-X,run-1,mAb-X-A1,A1-962,962.0,s,72.34121142590713,0.045434423790845994,1.5863551820155528,-0.10001954146997002,RU,40.5,nM,dissociation,780.0,900.0
mAb-X-SCK,mAb-X,run-1,mAb-X-A1,A1-963,963.0,s,72.58285495407756,-0.2265570883585823,1.834120905789894,0.004841024083292188,RU,40.5,nM,dissociation,780.0,900.0
mAb-X-SCK,mAb-X,run-1,mAb-X-A1,A1-964,964.0,s,72.64568875330012,-0.12755501584686105,1.9020309636094077,0.04308135691725318,RU,40.5,nM,dissociation,780.0,900.0
mAb-X-SCK,mAb-X,run-1,mAb-X-A1,A1-965,965.0,s,72.77857548407158,0.10972253280955645,1.809634637616651,0.14102404348227213,RU,40.5,nM,dissociation,780.0,900.0
mAb-X-SCK,mAb-X,run-1,mAb-X-A1,A1-966,966.0,s,72.72191575070376,-0.3585035840944185,2.316653621411569,0.40779028181275395,RU,40.5,nM,dissociation,780.0,900.0
mAb-X-SCK,mAb-X,run-1,mAb-X-A1,A1-967,967.0,s,72.7136585490704,0.04643579093694278,2.017191080134019,-0.15665215414385003,RU,40.5,nM,dissociation,780.0,900.0
mAb-X-SCK,mAb-X,run-1,mAb-X-A1,A1-968,968.0,s,72.56555442848143,0.25322093423204356,2.0791512209885665,0.006525106589866558,RU,40.5,nM,dissociation,780.0,900.0
mAb-X-SCK,mAb-X,run-1,mAb-X-A1,A1-969,969.0,s,72.60179751347891,-0.16445146562819865,2.0714616992035824,0.01045533234480202,RU,40.5,nM,dissociation,780.0,900.0
mAb-X-SCK,mAb-X,run-1,mAb-X-A1,A1-970,970.0,s,72.43484229105081,-0.02189396310704724,1.9063574820896738,0.15251043036122267,RU,40.5,nM,dissociation,780.0,900.0
mAb-X-SCK,mAb-X,run-1,mAb-X-A1,A1-971,971.0,s,72.56519830702196,-0.039426377023321434,2.111833810543139,0.10908118819844358,RU,40.5,nM,dissociation,780.0,900.0
mAb-X-SCK,mAb-X,run-1,mAb-X-A1,A1-972,972.0,s,72.28153138606721,0.06962012272232508,1.7448153771018442,0.21178838051945273,RU,40.5,nM,dissociation,780.0,900.0
mAb-X-SCK,mAb-X,run-1,mAb-X-A1,A1-973,973.0,s,72.57503861763,0.0719249453319284,1.8921761040491696,0.09605041556373226,RU,40.5,nM,dissociation,780.0,900.0
mAb-X-SCK,mAb-X,run-1,mAb-X-A1,A1-974,974.0,s,72.29654153059515,-0.03958042104636394,1.8894863804566544,-0.06317921149296352,RU,40.5,nM,dissociation,780.0,900.0
mAb-X-SCK,mAb-X,run-1,mAb-X-A1,A1-975,975.0,s,72.49371989492617,-0.10002967800508712,1.8727876633494567,0.19342642024426052,RU,40.5,nM,dissociation,780.0,900.0
mAb-X-SCK,mAb-X,run-1,mAb-X-A1,A1-976,976.0,s,72.42272974335177,0.0072761830377080965,1.9531449405136792,0.05962922149328347,RU,40.5,nM,dissociation,780.0,900.0
mAb-X-SCK,mAb-X,run-1,mAb-X-A1,A1-977,977.0,s,72.08948430569222,0.12610606852717843,1.9683353213772619,-0.12332169097450468,RU,40.5,nM,dissociation,780.0,900.0
mAb-X-SCK,mAb-X,run-1,mAb-X-A1,A1-978,978.0,s,72.44179209155423,-0.05282324652742385,2.0011059277117695,0.18733105159772512,RU,40.5,nM,dissociation,780.0,900.0
mAb-X-SCK,mAb-X,run-1,mAb-X-A1,A1-979,979.0,s,72.20575517550833,-0.0903020694948753,1.74639749561578,-0.13828667083220617,RU,40.5,nM,dissociation,780.0,900.0
mAb-X-SCK,mAb-X,run-1,mAb-X-A1,A1-980,980.0,s,72.41898342659677,-0.030124000220558438,2.294593205563415,0.06681418352147393,RU,40.5,nM,dissociation,780.0,900.0
mAb-X-SCK,mAb-X,run-1,mAb-X-A1,A1-981,981.0,s,71.95797797833069,-0.18176219638365648,1.7577649142239546,-0.02907839825740969,RU,40.5,nM,dissociation,780.0,900.0
mAb-X-SCK,mAb-X,run-1,mAb-X-A1,A1-982,982.0,s,72.13365327991725,-0.06010091939890926,2.0186283648632495,-0.1692316108035533,RU,40.5,nM,dissociation,780.0,900.0
mAb-X-SCK,mAb-X,run-1,mAb-X-A1,A1-983,983.0,s,71.90449954033404,-0.21009618581774347,1.9780326032707987,0.02608099642919074,RU,40.5,nM,dissociation,780.0,900.0
mAb-X-SCK,mAb-X,run-1,mAb-X-A1,A1-984,984.0,s,71.93582032565277,0.3289136119689374,2.026353390789647,0.08486184894808031,RU,40.5,nM,dissociation,780.0,900.0
mAb-X-SCK,mAb-X,run-1,mAb-X-A1,A1-985,985.0,s,72.03642474666901,-0.029669425456967734,1.8499690338240298,0.022936785649386057,RU,40.5,nM,dissociation,780.0,900.0
mAb-X-SCK,mAb-X,run-1,mAb-X-A1,A1-986,986.0,s,71.94460568280432,-0.1222159725284753,1.9601871665956687,0.06039824412875799,RU,40.5,nM,dissociation,780.0,900.0
mAb-X-SCK,mAb-X,run-1,mAb-X-A1,A1-987,987.0,s,72.30599047445341,-0.16857493729586787,2.3458907429240496,-0.04536299408581293,RU,40.5,nM,dissociation,780.0,900.0
mAb-X-SCK,mAb-X,run-1,mAb-X-A1,A1-988,988.0,s,71.73873880228142,0.008519392499143436,1.886081919748904,-0.10576971219924833,RU,40.5,nM,dissociation,780.0,900.0
mAb-X-SCK,mAb-X,run-1,mAb-X-A1,A1-989,989.0,s,72.02468136225751,0.15594326142381496,1.9374244877295912,0.43738962365338385,RU,40.5,nM,dissociation,780.0,900.0
mAb-X-SCK,mAb-X,run-1,mAb-X-A1,A1-990,990.0,s,71.47247840408555,0.2094869675463609,1.9420840831424981,0.03501785635704208,RU,40.5,nM,dissociation,780.0,900.0
mAb-X-SCK,mAb-X,run-1,mAb-X-A1,A1-991,991.0,s,71.8255369618797,0.2606359621699211,2.1277183990151185,-0.09629022413861567,RU,40.5,nM,dissociation,780.0,900.0
mAb-X-SCK,mAb-X,run-1,mAb-X-A1,A1-992,992.0,s,71.49342394517792,-0.21604239797838048,1.6184319727200909,-0.015811068764021708,RU,40.5,nM,dissociation,780.0,900.0
mAb-X-SCK,mAb-X,run-1,mAb-X-A1,A1-993,993.0,s,71.75970764224141,-0.029524443037196358,1.8075332061148552,0.2523831725174822,RU,40.5,nM,dissociation,780.0,900.0
mAb-X-SCK,mAb-X,run-1,mAb-X-A1,A1-994,994.0,s,71.47527258812357,-0.2282677155335723,1.989533488620784,0.4121460794179269,RU,40.5,nM,dissociation,780.0,900.0
mAb-X-SCK,mAb-X,run-1,mAb-X-A1,A1-995,995.0,s,71.62751271015044,-0.034682618307914526,1.9976013691557497,-0.06352647222267842,RU,40.5,nM,dissociation,780.0,900.0
mAb-X-SCK,mAb-X,run-1,mAb-X-A1,A1-996,996.0,s,71.65300788810988,0.0005639732175230477,2.089911706023423,0.08452707574459346,RU,40.5,nM,dissociation,780.0,900.0
mAb-X-SCK,mAb-X,run-1,mAb-X-A1,A1-997,997.0,s,71.52807494222331,0.13501329229075476,2.007721875506067,0.07569617221934107,RU,40.5,nM,dissociation,780.0,900.0
mAb-X-SCK,mAb-X,run-1,mAb-X-A1,A1-998,998.0,s,71.80113487436046,0.011356312490627862,2.2688274510686277,-0.03371998378077224,RU,40.5,nM,dissociation,780.0,900.0
mAb-X-SCK,mAb-X,run-1,mAb-X-A1,A1-999,999.0,s,71.59725538015974,0.1126769725832954,1.9641473422424545,-0.07446664929097047,RU,40.5,nM,dissociation,780.0,900.0
mAb-X-SCK,mAb-X,run-1,mAb-X-A1,A1-1000,1000.0,s,71.40089573485078,0.21334311414804794,1.9135515909948384,-0.001665693144254695,RU,40.5,nM,dissociation,780.0,900.0
mAb-X-SCK,mAb-X,run-1,mAb-X-A1,A1-1001,1001.0,s,71.24244221289459,-0.06639438720447555,2.138600654150072,-0.007889234981212979,RU,40.5,nM,dissociation,780.0,900.0
mAb-X-SCK,mAb-X,run-1,mAb-X-A1,A1-1002,1002.0,s,71.3443091466828,-0.09895484551877186,2.0398960570637907,0.19285437349207013,RU,40.5,nM,dissociation,780.0,900.0
mAb-X-SCK,mAb-X,run-1,mAb-X-A1,A1-1003,1003.0,s,71.36645512685463,-0.06770364513748288,1.9931432716711595,0.06075089283846974,RU,40.5,nM,dissociation,780.0,900.0
mAb-X-SCK,mAb-X,run-1,mAb-X-A1,A1-1004,1004.0,s,71.34486573430843,0.08044379071846151,2.096934445896576,0.04114572488198259,RU,40.5,nM,dissociation,780.0,900.0
mAb-X-SCK,mAb-X,run-1,mAb-X-A1,A1-1005,1005.0,s,71.52965844575499,-0.06254510566756992,1.9524300014632832,-0.23087142602808255,RU,40.5,nM,dissociation,780.0,900.0
mAb-X-SCK,mAb-X,run-1,mAb-X-A1,A1-1006,1006.0,s,71.26642089055339,0.03841506686878102,2.1572204415947165,0.3257697509939074,RU,40.5,nM,dissociation,780.0,900.0
mAb-X-SCK,mAb-X,run-1,mAb-X-A1,A1-1007,1007.0,s,71.14748601414836,-0.05714685306543927,2.0829354723908082,-0.1281117722757848,RU,40.5,nM,dissociation,780.0,900.0
mAb-X-SCK,mAb-X,run-1,mAb-X-A1,A1-1008,1008.0,s,71.17970929753459,-0.14792593551681316,1.8890594082000538,-0.13654240462928638,RU,40.5,nM,dissociation,780.0,900.0
mAb-X-SCK,mAb-X,run-1,mAb-X-A1,A1-1009,1009.0,s,71.20812641788758,-0.00799095912395752,2.1390180642290955,-0.08117545789093321,RU,40.5,nM,dissociation,780.0,900.0
mAb-X-SCK,mAb-X,run-1,mAb-X-A1,A1-1010,1010.0,s,71.21294142169576,0.23111272547405756,2.0069512536876246,-0.17077932238622187,RU,40.5,nM,dissociation,780.0,900.0
mAb-X-SCK,mAb-X,run-1,mAb-X-A1,A1-1011,1011.0,s,70.96171554294105,-0.10875966879448369,1.8997726008449274,-0.17225856541219223,RU,40.5,nM,dissociation,780.0,900.0
mAb-X-SCK,mAb-X,run-1,mAb-X-A1,A1-1012,1012.0,s,71.17548328344509,-0.15713464140153596,2.1355769071040966,0.2837251317608136,RU,40.5,nM,dissociation,780.0,900.0
mAb-X-SCK,mAb-X,run-1,mAb-X-A1,A1-1013,1013.0,s,71.2327784206228,-0.14879574312223692,1.9706063850065059,-0.07513450611407915,RU,40.5,nM,dissociation,780.0,900.0
mAb-X-SCK,mAb-X,run-1,mAb-X-A1,A1-1014,1014.0,s,71.13345392100995,-0.07816742611341511,2.056585293240417,0.10921271775498685,RU,40.5,nM,dissociation,780.0,900.0
mAb-X-SCK,mAb-X,run-1,mAb-X-A1,A1-1015,1015.0,s,71.06778892416271,-0.0768692293512257,1.9957137036903916,-0.18718817148339542,RU,40.5,nM,dissociation,780.0,900.0
mAb-X-SCK,mAb-X,run-1,mAb-X-A1,A1-1016,1016.0,s,71.08183385920263,-0.05166212020085286,1.8369051809389456,-0.04082799951086416,RU,40.5,nM,dissociation,780.0,900.0
mAb-X-SCK,mAb-X,run-1,mAb-X-A1,A1-1017,1017.0,s,70.58235251606924,0.07017497735898559,1.768235872590896,-0.036977391139650956,RU,40.5,nM,dissociation,780.0,900.0
mAb-X-SCK,mAb-X,run-1,mAb-X-A1,A1-1018,1018.0,s,70.82948351541181,0.09040125017599654,1.8736687296859382,-0.2708551838154225,RU,40.5,nM,dissociation,780.0,900.0
mAb-X-SCK,mAb-X,run-1,mAb-X-A1,A1-1019,1019.0,s,70.85379803795306,0.1107288859136724,2.020674099759104,-0.032289255272984166,RU,40.5,nM,dissociation,780.0,900.0
mAb-X-SCK,mAb-X,run-1,mAb-X-A1,A1-1020,1020.0,s,70.91816281165265,0.17539229329137562,1.9286070829902036,0.026694566474615503,RU,40.5,nM,dissociation,780.0,900.0
mAb-X-SCK,mAb-X,run-1,mAb-X-A1,A1-1021,1021.0,s,70.76215723278978,0.07201747247799606,1.9564582753025834,0.16295958319806153,RU,40.5,nM,dissociation,780.0,900.0
mAb-X-SCK,mAb-X,run-1,mAb-X-A1,A1-1022,1022.0,s,70.88078910721707,0.1302695220513864,2.04776630867041,-0.04694798839661901,RU,40.5,nM,dissociation,780.0,900.0
mAb-X-SCK,mAb-X,run-1,mAb-X-A1,A1-1023,1023.0,s,70.76309131208066,-0.037713714559901364,2.2390534750991624,0.06818556378849536,RU,40.5,nM,dissociation,780.0,900.0
mAb-X-SCK,mAb-X,run-1,mAb-X-A1,A1-1024,1024.0,s,70.68390597242197,-0.1907147318611734,1.8878969834323307,0.06257489319486333,RU,40.5,nM,dissociation,780.0,900.0
mAb-X-SCK,mAb-X,run-1,mAb-X-A1,A1-1025,1025.0,s,70.69295899349709,0.10681111874878825,1.5676294042349184,0.1511183450860834,RU,40.5,nM,dissociation,780.0,900.0
mAb-X-SCK,mAb-X,run-1,mAb-X-A1,A1-1026,1026.0,s,70.81066600198928,0.06106070114754114,2.3548319657864325,-0.17156891249853776,RU,40.5,nM,dissociation,780.0,900.0
mAb-X-SCK,mAb-X,run-1,mAb-X-A1,A1-1027,1027.0,s,70.73043887158413,-0.015036562370241544,2.015670395863567,-0.23745109160995795,RU,40.5,nM,dissociation,780.0,900.0
mAb-X-SCK,mAb-X,run-1,mAb-X-A1,A1-1028,1028.0,s,70.83089736791038,0.09353693727972318,2.0677344778207565,-0.17543291226445876,RU,40.5,nM,dissociation,780.0,900.0
mAb-X-SCK,mAb-X,run-1,mAb-X-A1,A1-1029,1029.0,s,70.57630444880866,-0.01971381183929761,2.061063075107972,-0.054952695033273616,RU,40.5,nM,dissociation,780.0,900.0
mAb-X-SCK,mAb-X,run-1,mAb-X-A1,A1-1030,1030.0,s,70.69620640043885,-0.14652094814014863,2.055073387643015,0.20778480497046167,RU,40.5,nM,dissociation,780.0,900.0
mAb-X-SCK,mAb-X,run-1,mAb-X-A1,A1-1031,1031.0,s,70.61716724361632,-0.19800063627741515,2.197879180795467,0.004680719117296131,RU,40.5,nM,dissociation,780.0,900.0
mAb-X-SCK,mAb-X,run-1,mAb-X-A1,A1-1032,1032.0,s,70.58931568330192,-0.03449406283884366,2.1519161368902315,0.13356253697140927,RU,40.5,nM,dissociation,780.0,900.0
mAb-X-SCK,mAb-X,run-1,mAb-X-A1,A1-1033,1033.0,s,70.4711296756059,-0.06491161133794754,1.9372576033675764,-0.1644460922708019,RU,40.5,nM,dissociation,780.0,900.0
mAb-X-SCK,mAb-X,run-1,mAb-X-A1,A1-1034,1034.0,s,70.41566889512039,0.07377035071650359,1.9242962004046837,0.024337366897540607,RU,40.5,nM,dissociation,780.0,900.0
mAb-X-SCK,mAb-X,run-1,mAb-X-A1,A1-1035,1035.0,s,70.43664443686792,-0.1950944644679874,2.5226802014653957,-0.008109198925333677,RU,40.5,nM,dissociation,780.0,900.0
mAb-X-SCK,mAb-X,run-1,mAb-X-A1,A1-1036,1036.0,s,70.31913894231334,0.0054948163965178095,2.3646702123047136,0.22941555043269177,RU,40.5,nM,dissociation,780.0,900.0
mAb-X-SCK,mAb-X,run-1,mAb-X-A1,A1-1037,1037.0,s,70.131208088981,0.03272555598765363,2.0310985946420503,0.011549653202123292,RU,40.5,nM,dissociation,780.0,900.0
mAb-X-SCK,mAb-X,run-1,mAb-X-A1,A1-1038,1038.0,s,70.33972395589586,-0.014393248598692919,2.1444594521940648,-0.18277837818744788,RU,40.5,nM,dissociation,780.0,900.0
mAb-X-SCK,mAb-X,run-1,mAb-X-A1,A1-1039,1039.0,s,70.12910173525054,-0.0032528507856740244,2.0976387383666544,-0.0027132936184013244,RU,40.5,nM,dissociation,780.0,900.0
mAb-X-SCK,mAb-X,run-1,mAb-X-A1,A1-1040,1040.0,s,70.04415936908859,-0.12568050744154424,2.2634280799605757,0.07058998983078504,RU,40.5,nM,dissociation,780.0,900.0
mAb-X-SCK,mAb-X,run-1,mAb-X-A1,A1-1041,1041.0,s,70.26649868821148,-0.08367907773411218,2.1973088700200156,0.0045787456834413525,RU,40.5,nM,dissociation,780.0,900.0
mAb-X-SCK,mAb-X,run-1,mAb-X-A1,A1-1042,1042.0,s,70.12982624127616,-0.02155375994799271,2.0774580067860353,0.014127399874289208,RU,40.5,nM,dissociation,780.0,900.0
mAb-X-SCK,mAb-X,run-1,mAb-X-A1,A1-1043,1043.0,s,70.31815043887971,0.11475201463683701,2.3520622410215224,-0.028084666493572153,RU,40.5,nM,dissociation,780.0,900.0
mAb-X-SCK,mAb-X,run-1,mAb-X-A1,A1-1044,1044.0,s,70.06878329471375,0.1273133583529196,2.1998248070794655,0.2085919096228931,RU,40.5,nM,dissociation,780.0,900.0
mAb-X-SCK,mAb-X,run-1,mAb-X-A1,A1-1045,1045.0,s,70.17110634902551,-0.06197767185058146,2.216810293699807,0.04702530537078048,RU,40.5,nM,dissociation,780.0,900.0
mAb-X-SCK,mAb-X,run-1,mAb-X-A1,A1-1046,1046.0,s,69.81726602444212,-0.1366135798786681,1.9939525862396208,-0.0941944134411833,RU,40.5,nM,dissociation,780.0,900.0
mAb-X-SCK,mAb-X,run-1,mAb-X-A1,A1-1047,1047.0,s,69.86992884045651,-0.012176301599110597,2.231313623395434,0.22572248512233534,RU,40.5,nM,dissociation,780.0,900.0
mAb-X-SCK,mAb-X,run-1,mAb-X-A1,A1-1048,1048.0,s,70.10686913636468,-0.003746469134383049,2.0135185794291885,0.17753066349245064,RU,40.5,nM,dissociation,780.0,900.0
mAb-X-SCK,mAb-X,run-1,mAb-X-A1,A1-1049,1049.0,s,69.77867123640942,0.13027567318370517,2.138176856780139,-0.06643109256386312,RU,40.5,nM,dissociation,780.0,900.0
mAb-X-SCK,mAb-X,run-1,mAb-X-A1,A1-1050,1050.0,s,69.84895634293976,-0.15757536136221767,2.0925689409052013,-0.07609346345142824,RU,40.5,nM,dissociation,780.0,900.0
mAb-X-SCK,mAb-X,run-1,mAb-X-A1,A1-1051,1051.0,s,69.70803941312394,0.16575890138141033,2.2735897948466874,0.19211077341087165,RU,40.5,nM,dissociation,780.0,900.0
mAb-X-SCK,mAb-X,run-1,mAb-X-A1,A1-1052,1052.0,s,69.73869676482398,-0.0948791205156783,1.9414151591983235,0.07624183308847536,RU,40.5,nM,dissociation,780.0,900.0
mAb-X-SCK,mAb-X,run-1,mAb-X-A1,A1-1053,1053.0,s,69.777553639394,-0.027337416747125663,2.1816233507448373,-0.07515708308475082,RU,40.5,nM,dissociation,780.0,900.0
mAb-X-SCK,mAb-X,run-1,mAb-X-A1,A1-1054,1054.0,s,69.87958434903211,0.10072789368848768,2.2298174770692833,0.06522988941866158,RU,40.5,nM,dissociation,780.0,900.0
mAb-X-SCK,mAb-X,run-1,mAb-X-A1,A1-1055,1055.0,s,69.48519650790861,-0.1311195168712073,1.9829597891836497,-0.06395828833125218,RU,40.5,nM,dissociation,780.0,900.0
mAb-X-SCK,mAb-X,run-1,mAb-X-A1,A1-1056,1056.0,s,69.89188730001307,0.261192989662356,2.2182788875846122,0.10970249150885573,RU,40.5,nM,dissociation,780.0,900.0
mAb-X-SCK,mAb-X,run-1,mAb-X-A1,A1-1057,1057.0,s,69.76915100531723,0.3560959478850038,2.1767990242023036,-0.19387992036674057,RU,40.5,nM,dissociation,780.0,900.0
mAb-X-SCK,mAb-X,run-1,mAb-X-A1,A1-1058,1058.0,s,69.58937461723495,-0.04913500535012769,2.2669939301705098,-0.024768526473845944,RU,40.5,nM,dissociation,780.0,900.0
mAb-X-SCK,mAb-X,run-1,mAb-X-A1,A1-1059,1059.0,s,69.65477476500003,-0.2670462453154145,2.2033093666489334,-0.18432018281583976,RU,40.5,nM,dissociation,780.0,900.0
mAb-X-SCK,mAb-X,run-1,mAb-X-A1,A1-1060,1060.0,s,69.65108825090964,-0.09286299098440869,2.233451384114082,0.058024082489970305,RU,40.5,nM,dissociation,780.0,900.0
mAb-X-SCK,mAb-X,run-1,mAb-X-A1,A1-1061,1061.0,s,69.35255606566604,0.1497184477540904,2.0860762951941845,1.1830512490919868e-05,RU,40.5,nM,dissociation,780.0,900.0
mAb-X-SCK,mAb-X,run-1,mAb-X-A1,A1-1062,1062.0,s,69.48035527551619,-0.12350181780607992,2.064247251670478,-0.3138334029181562,RU,40.5,nM,dissociation,780.0,900.0
mAb-X-SCK,mAb-X,run-1,mAb-X-A1,A1-1063,1063.0,s,69.35569681349294,-0.1284660155258554,1.9549379209749123,0.25726555417139646,RU,40.5,nM,dissociation,780.0,900.0
mAb-X-SCK,mAb-X,run-1,mAb-X-A1,A1-1064,1064.0,s,69.25806964347957,0.21473385054752805,2.211962232938763,-0.19723866075847743,RU,40.5,nM,dissociation,780.0,900.0
mAb-X-SCK,mAb-X,run-1,mAb-X-A1,A1-1065,1065.0,s,69.35948041162435,0.0325030770736962,2.1849338578761484,-0.21319468465197491,RU,40.5,nM,dissociation,780.0,900.0
mAb-X-SCK,mAb-X,run-1,mAb-X-A1,A1-1066,1066.0,s,69.45180737095178,0.07191671466475805,2.3349861041405933,-0.051136307933866074,RU,40.5,nM,dissociation,780.0,900.0
mAb-X-SCK,mAb-X,run-1,mAb-X-A1,A1-1067,1067.0,s,69.67886938510456,0.04739709376119629,2.2898760985101916,0.18675590138396259,RU,40.5,nM,dissociation,780.0,900.0
mAb-X-SCK,mAb-X,run-1,mAb-X-A1,A1-1068,1068.0,s,69.19719833082083,-0.08727486389313201,2.321892636871127,0.07903016760039633,RU,40.5,nM,dissociation,780.0,900.0
mAb-X-SCK,mAb-X,run-1,mAb-X-A1,A1-1069,1069.0,s,69.26101719655344,-0.02786597336002386,2.081166470257324,0.0006533599471459512,RU,40.5,nM,dissociation,780.0,900.0
mAb-X-SCK,mAb-X,run-1,mAb-X-A1,A1-1070,1070.0,s,69.11291715632697,0.007255966775997759,2.3904140415124018,-0.08613216165842665,RU,40.5,nM,dissociation,780.0,900.0
mAb-X-SCK,mAb-X,run-1,mAb-X-A1,A1-1071,1071.0,s,69.1028835357896,0.1279464592948549,2.3229495716767903,0.000575062687988439,RU,40.5,nM,dissociation,780.0,900.0
mAb-X-SCK,mAb-X,run-1,mAb-X-A1,A1-1072,1072.0,s,69.28767868640527,-0.10071071376953572,2.291169874640599,0.09672177978171133,RU,40.5,nM,dissociation,780.0,900.0
mAb-X-SCK,mAb-X,run-1,mAb-X-A1,A1-1073,1073.0,s,68.8595626159956,0.09805424714945966,2.1294014463084743,-0.05993605708668203,RU,40.5,nM,dissociation,780.0,900.0
mAb-X-SCK,mAb-X,run-1,mAb-X-A1,A1-1074,1074.0,s,69.20035773887206,-0.09606899237328258,2.238142262039865,-0.008508906223105865,RU,40.5,nM,dissociation,780.0,900.0
mAb-X-SCK,mAb-X,run-1,mAb-X-A1,A1-1075,1075.0,s,69.13077711329791,0.0696706376808453,2.0341397824968244,-0.14343399256610578,RU,40.5,nM,dissociation,780.0,900.0
mAb-X-SCK,mAb-X,run-1,mAb-X-A1,A1-1076,1076.0,s,69.10085068352393,-0.031795482704241755,2.257677121006124,0.0690463332120128,RU,40.5,nM,dissociation,780.0,900.0
mAb-X-SCK,mAb-X,run-1,mAb-X-A1,A1-1077,1077.0,s,68.93713530623856,-0.4295389086517853,1.8911150157862058,-0.023856219032777543,RU,40.5,nM,dissociation,780.0,900.0
mAb-X-SCK,mAb-X,run-1,mAb-X-A1,A1-1078,1078.0,s,68.81605719523132,-0.06255256521860898,2.530610010124818,0.10828527783581123,RU,40.5,nM,dissociation,780.0,900.0
mAb-X-SCK,mAb-X,run-1,mAb-X-A1,A1-1079,1079.0,s,68.99357241141182,0.2540589950129456,2.0104312625764096,0.08068717688800893,RU,40.5,nM,dissociation,780.0,900.0
mAb-X-SCK,mAb-X,run-1,mAb-X-A1,A1-1080,1080.0,s,69.22634680923397,0.034299910817137035,1.7710413667771556,-0.11059570780580012,RU,40.5,nM,dissociation,780.0,900.0
mAb-X-SCK,mAb-X,run-1,mAb-X-A1,A1-1081,1081.0,s,68.6625737478906,-0.11322228020752487,2.006606485194229,-0.1211578095993223,RU,40.5,nM,dissociation,780.0,900.0
mAb-X-SCK,mAb-X,run-1,mAb-X-A1,A1-1082,1082.0,s,68.65812427849853,0.06593280581690908,2.000623913263183,0.02926113350892577,RU,40.5,nM,dissociation,780.0,900.0
mAb-X-SCK,mAb-X,run-1,mAb-X-A1,A1-1083,1083.0,s,68.8895800671163,-0.17093761641815045,2.140641232262465,0.10406981492960209,RU,40.5,nM,dissociation,780.0,900.0
mAb-X-SCK,mAb-X,run-1,mAb-X-A1,A1-1084,1084.0,s,68.79215406326688,-0.18264337454137972,2.280987480703143,-0.055665433633237775,RU,40.5,nM,dissociation,780.0,900.0
mAb-X-SCK,mAb-X,run-1,mAb-X-A1,A1-1085,1085.0,s,68.73750765428717,0.05676533750285141,2.068866193441945,-0.009873762746477518,RU,40.5,nM,dissociation,780.0,900.0
mAb-X-SCK,mAb-X,run-1,mAb-X-A1,A1-1086,1086.0,s,68.77718078968304,-0.03932563175459052,2.149152293535951,-0.12149435665198484,RU,40.5,nM,dissociation,780.0,900.0
mAb-X-SCK,mAb-X,run-1,mAb-X-A1,A1-1087,1087.0,s,68.98080705834747,0.04764466318485054,2.192186653870241,0.26706798250225,RU,40.5,nM,dissociation,780.0,900.0
mAb-X-SCK,mAb-X,run-1,mAb-X-A1,A1-1088,1088.0,s,68.65486970959093,0.2945570228080941,2.1942273424601746,-0.05346387906542563,RU,40.5,nM,dissociation,780.0,900.0
mAb-X-SCK,mAb-X,run-1,mAb-X-A1,A1-1089,1089.0,s,68.92637894293922,-0.0880093924939574,2.303385355539413,-0.0030201660920439253,RU,40.5,nM,dissociation,780.0,900.0
mAb-X-SCK,mAb-X,run-1,mAb-X-A1,A1-1090,1090.0,s,68.66342437768928,-0.1059098194688178,1.9491644728752837,-0.007771863297071078,RU,40.5,nM,dissociation,780.0,900.0
mAb-X-SCK,mAb-X,run-1,mAb-X-A1,A1-1091,1091.0,s,68.2387242666806,0.0038635967318968517,2.0417731086918485,0.3224458731397276,RU,40.5,nM,dissociation,780.0,900.0
mAb-X-SCK,mAb-X,run-1,mAb-X-A1,A1-1092,1092.0,s,68.64742919783191,0.21658145667210763,2.233986354885045,-0.1137932213956423,RU,40.5,nM,dissociation,780.0,900.0
mAb-X-SCK,mAb-X,run-1,mAb-X-A1,A1-1093,1093.0,s,68.41245465741454,0.02459257927994058,2.053644066598346,0.044869515293256036,RU,40.5,nM,dissociation,780.0,900.0
mAb-X-SCK,mAb-X,run-1,mAb-X-A1,A1-1094,1094.0,s,68.64248710136768,-0.10643699888406476,2.2808190213797905,0.11513689373155361,RU,40.5,nM,dissociation,780.0,900.0
mAb-X-SCK,mAb-X,run-1,mAb-X-A1,A1-1095,1095.0,s,68.58309764911927,0.12697417606213104,2.2981528972879772,0.033141477782337295,RU,40.5,nM,dissociation,780.0,900.0
mAb-X-SCK,mAb-X,run-1,mAb-X-A1,A1-1096,1096.0,s,68.39154667065664,0.3030744679433883,2.2851984709508755,0.11105483181647567,RU,40.5,nM,dissociation,780.0,900.0
mAb-X-SCK,mAb-X,run-1,mAb-X-A1,A1-1097,1097.0,s,68.66933333857862,-0.09033449710113155,2.3194848766677643,-0.08740162536053127,RU,40.5,nM,dissociation,780.0,900.0
mAb-X-SCK,mAb-X,run-1,mAb-X-A1,A1-1098,1098.0,s,68.56022981911626,0.20364030337208835,2.053701991048534,0.14401460465349858,RU,40.5,nM,dissociation,780.0,900.0
mAb-X-SCK,mAb-X,run-1,mAb-X-A1,A1-1099,1099.0,s,68.53466472886764,-0.06731372635141794,2.3670765384199934,0.06515517264857601,RU,40.5,nM,dissociation,780.0,900.0
mAb-X-SCK,mAb-X,run-1,mAb-X-A1,A1-1100,1100.0,s,68.37353247484316,-0.021035821411479267,2.235777867025194,0.03240439882453531,RU,40.5,nM,dissociation,780.0,900.0
mAb-X-SCK,mAb-X,run-1,mAb-X-A1,A1-1101,1101.0,s,68.07395925071428,-0.2440142498212423,2.0713773037019405,-0.17669337221254539,RU,40.5,nM,dissociation,780.0,900.0
mAb-X-SCK,mAb-X,run-1,mAb-X-A1,A1-1102,1102.0,s,68.29228552191417,-0.2174408619600054,2.045342073658859,0.09784472539499685,RU,40.5,nM,dissociation,780.0,900.0
mAb-X-SCK,mAb-X,run-1,mAb-X-A1,A1-1103,1103.0,s,68.10216503148513,0.018943786792662357,2.00590587772851,0.09999537448921637,RU,40.5,nM,dissociation,780.0,900.0
mAb-X-SCK,mAb-X,run-1,mAb-X-A1,A1-1104,1104.0,s,68.24385322150606,0.12876313908334633,2.3401733593427965,0.14129636136865786,RU,40.5,nM,dissociation,780.0,900.0
mAb-X-SCK,mAb-X,run-1,mAb-X-A1,A1-1105,1105.0,s,67.91636221905114,0.10374714879384485,1.8564541109453034,0.007793258156735923,RU,40.5,nM,dissociation,780.0,900.0
mAb-X-SCK,mAb-X,run-1,mAb-X-A1,A1-1106,1106.0,s,67.92778548537306,0.11767519922126755,2.325572945952601,-0.18768272643717487,RU,40.5,nM,dissociation,780.0,900.0
mAb-X-SCK,mAb-X,run-1,mAb-X-A1,A1-1107,1107.0,s,68.01027467083202,0.3957692864529612,2.2172595582234504,0.0538753871244364,RU,40.5,nM,dissociation,780.0,900.0
mAb-X-SCK,mAb-X,run-1,mAb-X-A1,A1-1108,1108.0,s,68.04911071222405,-0.005419814402354304,2.3370216361935627,0.0606596513883453,RU,40.5,nM,dissociation,780.0,900.0
mAb-X-SCK,mAb-X,run-1,mAb-X-A1,A1-1109,1109.0,s,67.96086660576762,0.043755606693316254,2.2796207336500407,-0.26445799312074975,RU,40.5,nM,dissociation,780.0,900.0
mAb-X-SCK,mAb-X,run-1,mAb-X-A1,A1-1110,1110.0,s,68.11671606213136,0.1312207678754049,2.0945694049746115,-0.09543417816163405,RU,40.5,nM,dissociation,780.0,900.0
mAb-X-SCK,mAb-X,run-1,mAb-X-A1,A1-1111,1111.0,s,68.07507494883673,-0.19539841968809868,2.2938357719105924,0.07433628799938014,RU,40.5,nM,dissociation,780.0,900.0
mAb-X-SCK,mAb-X,run-1,mAb-X-A1,A1-1112,1112.0,s,67.97966825454893,0.10837649931926864,2.0783238928465924,0.0667780243810515,RU,40.5,nM,dissociation,780.0,900.0
mAb-X-SCK,mAb-X,run-1,mAb-X-A1,A1-1113,1113.0,s,67.91230034477854,0.11684679786134515,2.156174843301386,-0.003473692227508655,RU,40.5,nM,dissociation,780.0,900.0
mAb-X-SCK,mAb-X,run-1,mAb-X-A1,A1-1114,1114.0,s,67.79130347739624,0.12273052550698177,2.2955969276281105,-0.018137396239210405,RU,40.5,nM,dissociation,780.0,900.0
mAb-X-SCK,mAb-X,run-1,mAb-X-A1,A1-1115,1115.0,s,67.89885402696142,0.4281241738340313,2.5452775813640574,-0.19333082243994512,RU,40.5,nM,dissociation,780.0,900.0
mAb-X-SCK,mAb-X,run-1,mAb-X-A1,A1-1116,1116.0,s,67.68311122975106,0.03323497821280173,2.154443053141235,0.09908971101992531,RU,40.5,nM,dissociation,780.0,900.0
mAb-X-SCK,mAb-X,run-1,mAb-X-A1,A1-1117,1117.0,s,67.9406336046397,-0.053862745453665796,2.3693418404869355,0.13238490631404934,RU,40.5,nM,dissociation,780.0,900.0
mAb-X-SCK,mAb-X,run-1,mAb-X-A1,A1-1118,1118.0,s,67.72858709101416,-0.12969779680527274,2.363637632509545,0.1520098352956354,RU,40.5,nM,dissociation,780.0,900.0
mAb-X-SCK,mAb-X,run-1,mAb-X-A1,A1-1119,1119.0,s,67.6904494113269,0.05761451964783132,2.217449665124132,-0.276587821900531,RU,40.5,nM,dissociation,780.0,900.0
mAb-X-SCK,mAb-X,run-1,mAb-X-A1,A1-1120,1120.0,s,67.96842634063525,0.08961128220255622,1.8411868585293494,0.07427513082015823,RU,40.5,nM,dissociation,780.0,900.0
mAb-X-SCK,mAb-X,run-1,mAb-X-A1,A1-1121,1121.0,s,67.43217929536574,0.04715782500884113,2.37619235958051,0.12774492772105106,RU,40.5,nM,dissociation,780.0,900.0
mAb-X-SCK,mAb-X,run-1,mAb-X-A1,A1-1122,1122.0,s,67.48759095213755,-0.028902573587681675,2.2404963005681373,0.17621465215435597,RU,40.5,nM,dissociation,780.0,900.0
mAb-X-SCK,mAb-X,run-1,mAb-X-A1,A1-1123,1123.0,s,67.41406238930253,0.2571964581013796,2.039186063972423,0.07819733083800623,RU,40.5,nM,dissociation,780.0,900.0
mAb-X-SCK,mAb-X,run-1,mAb-X-A1,A1-1124,1124.0,s,67.5740195921401,-0.17243882854809767,1.8609678805692123,0.13094590632438663,RU,40.5,nM,dissociation,780.0,900.0
mAb-X-SCK,mAb-X,run-1,mAb-X-A1,A1-1125,1125.0,s,67.50851636482106,0.13545551180612905,2.3508983323875183,0.07431328930302551,RU,40.5,nM,dissociation,780.0,900.0
mAb-X-SCK,mAb-X,run-1,mAb-X-A1,A1-1126,1126.0,s,67.57251575014334,0.042180013225351885,2.395519480541296,0.11318506982153742,RU,40.5,nM,dissociation,780.0,900.0
mAb-X-SCK,mAb-X,run-1,mAb-X-A1,A1-1127,1127.0,s,67.56639529382684,0.09755307081847259,2.329232257172801,-0.06860386039716831,RU,40.5,nM,dissociation,780.0,900.0
mAb-X-SCK,mAb-X,run-1,mAb-X-A1,A1-1128,1128.0,s,67.53586214974757,-0.09945263152184146,2.2878337610616883,-0.20261800295661686,RU,40.5,nM,dissociation,780.0,900.0
mAb-X-SCK,mAb-X,run-1,mAb-X-A1,A1-1129,1129.0,s,67.45217061534642,-0.13957763115809818,2.276880324244821,-0.07226658511222284,RU,40.5,nM,dissociation,780.0,900.0
mAb-X-SCK,mAb-X,run-1,mAb-X-A1,A1-1130,1130.0,s,67.35644730915087,0.11606902606174159,2.018022426589317,-0.015565760409028186,RU,40.5,nM,dissociation,780.0,900.0
mAb-X-SCK,mAb-X,run-1,mAb-X-A1,A1-1131,1131.0,s,67.21640426797892,-0.2289489184129776,2.4230123031583677,-0.1811445807565702,RU,40.5,nM,dissociation,780.0,900.0
mAb-X-SCK,mAb-X,run-1,mAb-X-A1,A1-1132,1132.0,s,67.0912202349519,-0.009392509926125584,2.0702970064633446,0.07432480475182457,RU,40.5,nM,dissociation,780.0,900.0
mAb-X-SCK,mAb-X,run-1,mAb-X-A1,A1-1133,1133.0,s,67.13060354973592,0.23884493518897226,2.1463014374978506,-0.2507763880841205,RU,40.5,nM,dissociation,780.0,900.0
mAb-X-SCK,mAb-X,run-1,mAb-X-A1,A1-1134,1134.0,s,67.34378896327,0.025706461489881174,2.198552747849623,-0.07316946113357879,RU,40.5,nM,dissociation,780.0,900.0
mAb-X-SCK,mAb-X,run-1,mAb-X-A1,A1-1135,1135.0,s,67.0063135749237,-0.010359761960760076,2.4448852865737205,0.16271769360041946,RU,40.5,nM,dissociation,780.0,900.0
mAb-X-SCK,mAb-X,run-1,mAb-X-A1,A1-1136,1136.0,s,67.16209088244645,-0.08076833417355848,2.2724372695982273,-0.17393274994644947,RU,40.5,nM,dissociation,780.0,900.0
mAb-X-SCK,mAb-X,run-1,mAb-X-A1,A1-1137,1137.0,s,67.29498246106252,0.06251108320942403,2.034001249299981,0.004995137617915135,RU,40.5,nM,dissociation,780.0,900.0
mAb-X-SCK,mAb-X,run-1,mAb-X-A1,A1-1138,1138.0,s,67.00034943106938,-0.15842078802303736,2.182041242409228,-0.1956614635015084,RU,40.5,nM,dissociation,780.0,900.0
mAb-X-SCK,mAb-X,run-1,mAb-X-A1,A1-1139,1139.0,s,67.14405372795403,-0.04049229293219106,2.3200573778721028,0.07840805692488458,RU,40.5,nM,dissociation,780.0,900.0
mAb-X-SCK,mAb-X,run-1,mAb-X-A1,A1-1140,1140.0,s,66.8868760073754,-0.0034569550213595797,2.030762801022631,0.1848285786872832,RU,40.5,nM,dissociation,780.0,900.0
mAb-X-SCK,mAb-X,run-1,mAb-X-A1,A1-1141,1141.0,s,66.96880453401577,0.024879985129581363,2.4233061414908232,0.08773916250359383,RU,40.5,nM,dissociation,780.0,900.0
mAb-X-SCK,mAb-X,run-1,mAb-X-A1,A1-1142,1142.0,s,67.00231311642163,-0.02982872139294781,2.1636927023067347,-0.1428097116285049,RU,40.5,nM,dissociation,780.0,900.0
mAb-X-SCK,mAb-X,run-1,mAb-X-A1,A1-1143,1143.0,s,67.09606861395606,0.12346349648232381,2.659534441158997,-0.21906674472914228,RU,40.5,nM,dissociation,780.0,900.0
mAb-X-SCK,mAb-X,run-1,mAb-X-A1,A1-1144,1144.0,s,66.77489986193636,0.3046731261000625,2.5074576509828654,-0.013194597498939229,RU,40.5,nM,dissociation,780.0,900.0
mAb-X-SCK,mAb-X,run-1,mAb-X-A1,A1-1145,1145.0,s,66.72459676098032,-0.027013197612130006,2.056624978867435,-0.06282117765271451,RU,40.5,nM,dissociation,780.0,900.0
mAb-X-SCK,mAb-X,run-1,mAb-X-A1,A1-1146,1146.0,s,66.97356139097468,0.021512300864271205,2.0523725058186417,-0.21541545021761052,RU,40.5,nM,dissociation,780.0,900.0
mAb-X-SCK,mAb-X,run-1,mAb-X-A1,A1-1147,1147.0,s,66.53184242010634,-0.1943025752237299,2.467347832516101,-0.06124269842557095,RU,40.5,nM,dissociation,780.0,900.0
mAb-X-SCK,mAb-X,run-1,mAb-X-A1,A1-1148,1148.0,s,66.98690804603388,0.09228600993605737,2.204581717943505,-0.10839405038654243,RU,40.5,nM,dissociation,780.0,900.0
mAb-X-SCK,mAb-X,run-1,mAb-X-A1,A1-1149,1149.0,s,66.6712280984786,0.268522830078176,2.018340612354117,0.10525424566847692,RU,40.5,nM,dissociation,780.0,900.0
mAb-X-SCK,mAb-X,run-1,mAb-X-A1,A1-1150,1150.0,s,66.87202879224816,0.11590499451990459,2.203295349394713,-0.0009831363499383221,RU,40.5,nM,dissociation,780.0,900.0
mAb-X-SCK,mAb-X,run-1,mAb-X-A1,A1-1151,1151.0,s,66.69219633109323,-0.13141278188766248,2.130036883285385,-0.11643404540797408,RU,40.5,nM,dissociation,780.0,900.0
mAb-X-SCK,mAb-X,run-1,mAb-X-A1,A1-1152,1152.0,s,66.77653438931169,0.021434471127277536,2.188278621053888,0.028207799157283282,RU,40.5,nM,dissociation,780.0,900.0
mAb-X-SCK,mAb-X,run-1,mAb-X-A1,A1-1153,1153.0,s,66.92855987016736,-0.0013627850833600609,2.319215098106297,-0.03536996715068983,RU,40.5,nM,dissociation,780.0,900.0
mAb-X-SCK,mAb-X,run-1,mAb-X-A1,A1-1154,1154.0,s,66.61015801212443,-0.0891292086560088,2.48018309709041,-0.28838194731115885,RU,40.5,nM,dissociation,780.0,900.0
mAb-X-SCK,mAb-X,run-1,mAb-X-A1,A1-1155,1155.0,s,66.80806590871894,-0.1663299090274497,2.3271391453472274,-0.215715574245087,RU,40.5,nM,dissociation,780.0,900.0
mAb-X-SCK,mAb-X,run-1,mAb-X-A1,A1-1156,1156.0,s,66.43591028950756,-0.2827876998279915,2.3827358382010164,-0.22521999713371385,RU,40.5,nM,dissociation,780.0,900.0
mAb-X-SCK,mAb-X,run-1,mAb-X-A1,A1-1157,1157.0,s,66.62107683166782,0.22449556706687201,2.081475888937523,-0.22779781523262693,RU,40.5,nM,dissociation,780.0,900.0
mAb-X-SCK,mAb-X,run-1,mAb-X-A1,A1-1158,1158.0,s,66.48398850604893,0.1758528503051967,2.347182585915805,0.13642649008172228,RU,40.5,nM,dissociation,780.0,900.0
mAb-X-SCK,mAb-X,run-1,mAb-X-A1,A1-1159,1159.0,s,66.39119096728861,0.24179503553813433,2.4114771808820494,0.18925097766840304,RU,40.5,nM,dissociation,780.0,900.0
mAb-X-SCK,mAb-X,run-1,mAb-X-A1,A1-1160,1160.0,s,66.26524705197825,0.07052276990901264,2.2798939185506892,0.2061252370102238,RU,40.5,nM,dissociation,780.0,900.0
mAb-X-SCK,mAb-X,run-1,mAb-X-A1,A1-1161,1161.0,s,66.16494989677881,-0.05642843601534006,2.02668747557268,0.03628361313912324,RU,40.5,nM,dissociation,780.0,900.0
mAb-X-SCK,mAb-X,run-1,mAb-X-A1,A1-1162,1162.0,s,66.56712424109685,0.1838813773229295,2.525824399661595,-0.04294363372854976,RU,40.5,nM,dissociation,780.0,900.0
mAb-X-SCK,mAb-X,run-1,mAb-X-A1,A1-1163,1163.0,s,66.48779091004714,0.1788372007022687,2.424152388295198,0.09805320863242298,RU,40.5,nM,dissociation,780.0,900.0
mAb-X-SCK,mAb-X,run-1,mAb-X-A1,A1-1164,1164.0,s,66.28451632049335,0.29635883929771095,2.620331369631888,0.0957485599588041,RU,40.5,nM,dissociation,780.0,900.0
mAb-X-SCK,mAb-X,run-1,mAb-X-A1,A1-1165,1165.0,s,66.3270018889796,-0.11583784582645358,2.3085379648437416,-0.0037813616966731636,RU,40.5,nM,dissociation,780.0,900.0
mAb-X-SCK,mAb-X,run-1,mAb-X-A1,A1-1166,1166.0,s,66.07689041398943,-0.1869465789662092,2.3047793744063254,-0.20296745960550533,RU,40.5,nM,dissociation,780.0,900.0
mAb-X-SCK,mAb-X,run-1,mAb-X-A1,A1-1167,1167.0,s,66.15439641042124,0.0974738809705474,2.44139606122562,-0.09632274439052986,RU,40.5,nM,dissociation,780.0,900.0
mAb-X-SCK,mAb-X,run-1,mAb-X-A1,A1-1168,1168.0,s,66.22522048867951,0.020323304971508326,1.924957721100517,0.14829414123573165,RU,40.5,nM,dissociation,780.0,900.0
mAb-X-SCK,mAb-X,run-1,mAb-X-A1,A1-1169,1169.0,s,66.22285809932838,0.1417113036708915,2.4095808797737535,0.21680304422853974,RU,40.5,nM,dissociation,780.0,900.0
mAb-X-SCK,mAb-X,run-1,mAb-X-A1,A1-1170,1170.0,s,65.99426733713986,-0.017764337659701295,2.3030458113648677,-0.07786595271043059,RU,40.5,nM,dissociation,780.0,900.0
mAb-X-SCK,mAb-X,run-1,mAb-X-A1,A1-1171,1171.0,s,65.91470144416424,0.20423748211206258,2.4844882256980276,0.024245446882199647,RU,40.5,nM,dissociation,780.0,900.0
mAb-X-SCK,mAb-X,run-1,mAb-X-A1,A1-1172,1172.0,s,66.25726132162976,0.0390268797240363,2.241111218457341,-0.09654260538811954,RU,40.5,nM,dissociation,780.0,900.0
mAb-X-SCK,mAb-X,run-1,mAb-X-A1,A1-1173,1173.0,s,66.47491906547035,-0.10806221340641381,2.306788293649788,0.0157363643617612,RU,40.5,nM,dissociation,780.0,900.0
mAb-X-SCK,mAb-X,run-1,mAb-X-A1,A1-1174,1174.0,s,66.04783465837824,0.20653596057562437,2.2344426737572225,0.11726869540073885,RU,40.5,nM,dissociation,780.0,900.0
mAb-X-SCK,mAb-X,run-1,mAb-X-A1,A1-1175,1175.0,s,66.06266346846816,-0.09100079590351376,2.310254010198423,0.07322859225553349,RU,40.5,nM,dissociation,780.0,900.0
mAb-X-SCK,mAb-X,run-1,mAb-X-A1,A1-1176,1176.0,s,66.30063121788332,0.054518721644373734,2.150144309081412,-0.16132727320000534,RU,40.5,nM,dissociation,780.0,900.0
mAb-X-SCK,mAb-X,run-1,mAb-X-A1,A1-1177,1177.0,s,65.98975574030507,0.03316662480488881,2.382794891149609,-0.2177380197434586,RU,40.5,nM,dissociation,780.0,900.0
mAb-X-SCK,mAb-X,run-1,mAb-X-A1,A1-1178,1178.0,s,65.83920532585803,0.35569723063442904,2.2840477806432244,-0.11245172927254218,RU,40.5,nM,dissociation,780.0,900.0
mAb-X-SCK,mAb-X,run-1,mAb-X-A1,A1-1179,1179.0,s,65.86551115339695,-0.1185631732895828,2.1234921883937012,0.0954676091782388,RU,40.5,nM,dissociation,780.0,900.0
mAb-X-SCK,mAb-X,run-1,mAb-X-A1,A1-1180,1180.0,s,65.79899149315462,0.009521468638980408,2.607885356472356,0.08468072304824142,RU,40.5,nM,dissociation,780.0,900.0
mAb-X-SCK,mAb-X,run-1,mAb-X-A1,A1-1181,1181.0,s,65.82621567041541,-0.043771497029670904,2.3401060561164484,-0.06631573823771061,RU,40.5,nM,dissociation,780.0,900.0
mAb-X-SCK,mAb-X,run-1,mAb-X-A1,A1-1182,1182.0,s,66.05375047630842,-0.28762457696564026,2.3208970805353215,-0.12604561121575134,RU,40.5,nM,dissociation,780.0,900.0
mAb-X-SCK,mAb-X,run-1,mAb-X-A1,A1-1183,1183.0,s,65.8972891483885,0.06238515001594586,2.675244701847465,-0.0485287995031183,RU,40.5,nM,dissociation,780.0,900.0
mAb-X-SCK,mAb-X,run-1,mAb-X-A1,A1-1184,1184.0,s,65.6115482430996,0.15627599403734635,2.2338099031362697,-0.028578928521848672,RU,40.5,nM,dissociation,780.0,900.0
mAb-X-SCK,mAb-X,run-1,mAb-X-A1,A1-1185,1185.0,s,65.85049416463569,-0.0857561526309311,2.607522230696621,0.3162933888635458,RU,40.5,nM,dissociation,780.0,900.0
mAb-X-SCK,mAb-X,run-1,mAb-X-A1,A1-1186,1186.0,s,65.76252765104225,-0.11829244805977332,2.5854965035794994,-0.015032845838492837,RU,40.5,nM,dissociation,780.0,900.0
mAb-X-SCK,mAb-X,run-1,mAb-X-A1,A1-1187,1187.0,s,65.69331068296464,-0.06618978518287076,2.311105130966661,0.09223117709953486,RU,40.5,nM,dissociation,780.0,900.0
mAb-X-SCK,mAb-X,run-1,mAb-X-A1,A1-1188,1188.0,s,65.66650279600574,0.049960974579295374,2.521743159800996,-0.04853027072296289,RU,40.5,nM,dissociation,780.0,900.0
mAb-X-SCK,mAb-X,run-1,mAb-X-A1,A1-1189,1189.0,s,65.70445299254659,-0.1119333139076902,1.9616831122400766,-0.27197394314307977,RU,40.5,nM,dissociation,780.0,900.0
mAb-X-SCK,mAb-X,run-1,mAb-X-A1,A1-1190,1190.0,s,65.5151377006901,-0.15736426449557492,2.2871894956454573,0.23256083794436558,RU,40.5,nM,dissociation,780.0,900.0
mAb-X-SCK,mAb-X,run-1,mAb-X-A1,A1-1191,1191.0,s,65.35436110730669,-0.11464571804298453,2.4385176550153775,-0.016666738564724854,RU,40.5,nM,dissociation,780.0,900.0
mAb-X-SCK,mAb-X,run-1,mAb-X-A1,A1-1192,1192.0,s,65.34524803313688,0.17930587875003534,2.3959716859689393,0.09693744891527323,RU,40.5,nM,dissociation,780.0,900.0
mAb-X-SCK,mAb-X,run-1,mAb-X-A1,A1-1193,1193.0,s,65.44824988163009,-0.01719323432031444,2.419418953778971,0.11383528375542706,RU,40.5,nM,dissociation,780.0,900.0
mAb-X-SCK,mAb-X,run-1,mAb-X-A1,A1-1194,1194.0,s,65.45814179875545,0.15990530542300446,2.4976985966421585,-0.04380843575131501,RU,40.5,nM,dissociation,780.0,900.0
mAb-X-SCK,mAb-X,run-1,mAb-X-A1,A1-1195,1195.0,s,65.2985138661281,-0.02580761919303608,2.253585380707932,-0.1748458563768893,RU,40.5,nM,dissociation,780.0,900.0
mAb-X-SCK,mAb-X,run-1,mAb-X-A1,A1-1196,1196.0,s,65.36023257772906,-0.11080195930371424,2.351491997678589,-0.12416996857896948,RU,40.5,nM,dissociation,780.0,900.0
mAb-X-SCK,mAb-X,run-1,mAb-X-A1,A1-1197,1197.0,s,65.45001523958688,0.18202085308739355,2.4513504640513304,-0.048990502678788746,RU,40.5,nM,dissociation,780.0,900.0
mAb-X-SCK,mAb-X,run-1,mAb-X-A1,A1-1198,1198.0,s,65.39430721185975,-0.15894417976430517,2.4235094485215676,0.06130172606847607,RU,40.5,nM,dissociation,780.0,900.0
mAb-X-SCK,mAb-X,run-1,mAb-X-A1,A1-1199,1199.0,s,65.30117825182437,0.29330318089223123,2.429447900688971,0.12962149236290113,RU,40.5,nM,dissociation,780.0,900.0
mAb-X-SCK,mAb-X,run-1,mAb-X-A1,A1-1200,1200.0,s,64.92052356443985,0.011920240301406523,2.567101862788227,-0.12326956719684178,RU,40.5,nM,dissociation,780.0,900.0
mAb-X-SCK,mAb-X,run-1,mAb-X-A1,A1-1201,1201.0,s,65.35903612153922,0.23089876862431363,2.845773012837862,0.3740741761609832,RU,40.5,nM,dissociation,780.0,900.0
mAb-X-SCK,mAb-X,run-1,mAb-X-A1,A1-1202,1202.0,s,65.0376115335057,-0.04093660604177805,2.4997997997600336,-0.18484146080435426,RU,40.5,nM,dissociation,780.0,900.0
mAb-X-SCK,mAb-X,run-1,mAb-X-A1,A1-1203,1203.0,s,65.21443909661001,0.002413373262648849,2.2577282849104976,0.03942023322081578,RU,40.5,nM,dissociation,780.0,900.0
mAb-X-SCK,mAb-X,run-1,mAb-X-A1,A1-1204,1204.0,s,65.06892187336511,-0.05408233571917691,2.349927713878332,0.018388400112660647,RU,40.5,nM,dissociation,780.0,900.0
mAb-X-SCK,mAb-X,run-1,mAb-X-A1,A1-1205,1205.0,s,65.09962480996893,0.04819605830565994,2.522414820213411,-0.05307885034004121,RU,40.5,nM,dissociation,780.0,900.0
mAb-X-SCK,mAb-X,run-1,mAb-X-A1,A1-1206,1206.0,s,64.89956732821655,-0.12415571623746903,2.6770950828052165,0.12639994083425327,RU,40.5,nM,dissociation,780.0,900.0
mAb-X-SCK,mAb-X,run-1,mAb-X-A1,A1-1207,1207.0,s,64.9084136862164,-0.04023927359468557,2.4137017286507993,0.10669947592180683,RU,40.5,nM,dissociation,780.0,900.0
mAb-X-SCK,mAb-X,run-1,mAb-X-A1,A1-1208,1208.0,s,65.05673267532977,0.17769855073091523,2.585500705023044,0.027741556944903652,RU,40.5,nM,dissociation,780.0,900.0
mAb-X-SCK,mAb-X,run-1,mAb-X-A1,A1-1209,1209.0,s,65.05729306937155,0.07256830159125702,2.536057992385375,0.07851881205477715,RU,40.5,nM,dissociation,780.0,900.0
mAb-X-SCK,mAb-X,run-1,mAb-X-A1,A1-1210,1210.0,s,64.80108957759867,0.025596991105803404,2.4621356870760396,-0.09171183492141767,RU,40.5,nM,dissociation,780.0,900.0
mAb-X-SCK,mAb-X,run-1,mAb-X-A1,A1-1211,1211.0,s,64.96395275771843,0.07158410767156478,2.3156174203687296,-0.05320964950540236,RU,40.5,nM,dissociation,780.0,900.0
mAb-X-SCK,mAb-X,run-1,mAb-X-A1,A1-1212,1212.0,s,64.84254163766195,-0.045536365217787596,2.2650397338829755,-0.05611669847367228,RU,40.5,nM,dissociation,780.0,900.0
mAb-X-SCK,mAb-X,run-1,mAb-X-A1,A1-1213,1213.0,s,64.62665474159746,-0.1675473785752463,2.4261853412149947,0.048609364995905964,RU,40.5,nM,dissociation,780.0,900.0
mAb-X-SCK,mAb-X,run-1,mAb-X-A1,A1-1214,1214.0,s,64.85758315943279,0.16662116881236122,2.340874306725598,-0.018294711337649632,RU,40.5,nM,dissociation,780.0,900.0
mAb-X-SCK,mAb-X,run-1,mAb-X-A1,A1-1215,1215.0,s,64.92016231297967,-0.20429309384034441,2.5188035409355027,-0.19646186963855009,RU,40.5,nM,dissociation,780.0,900.0
mAb-X-SCK,mAb-X,run-1,mAb-X-A1,A1-1216,1216.0,s,64.6234693744957,-0.07013043375459267,2.1796166965338237,0.17610887396924976,RU,40.5,nM,dissociation,780.0,900.0
mAb-X-SCK,mAb-X,run-1,mAb-X-A1,A1-1217,1217.0,s,64.90783685256905,-0.0979319120244491,2.5163147326823325,0.032356341570318276,RU,40.5,nM,dissociation,780.0,900.0
mAb-X-SCK,mAb-X,run-1,mAb-X-A1,A1-1218,1218.0,s,64.92428836512525,0.13427810349186034,2.5380554053963458,-0.14629035240118643,RU,40.5,nM,dissociation,780.0,900.0
mAb-X-SCK,mAb-X,run-1,mAb-X-A1,A1-1219,1219.0,s,64.75983832502138,-0.31644077740635135,2.532367514690746,-0.025114279261452068,RU,40.5,nM,dissociation,780.0,900.0
mAb-X-SCK,mAb-X,run-1,mAb-X-A1,A1-1220,1220.0,s,64.67619202870397,-0.013040376693835181,2.360612625985802,-0.21226622591291688,RU,40.5,nM,dissociation,780.0,900.0
mAb-X-SCK,mAb-X,run-1,mAb-X-A1,A1-1221,1221.0,s,64.33298490853444,-0.20164489167448052,2.5102324319908953,-0.07598962752673416,RU,40.5,nM,dissociation,780.0,900.0
mAb-X-SCK,mAb-X,run-1,mAb-X-A1,A1-1222,1222.0,s,64.60525692860891,0.0638967250379964,2.434448096494307,0.025748381781856844,RU,40.5,nM,dissociation,780.0,900.0
mAb-X-SCK,mAb-X,run-1,mAb-X-A1,A1-1223,1223.0,s,64.60512929587735,0.04052491732313756,2.42666161378491,0.08156051677167644,RU,40.5,nM,dissociation,780.0,900.0
mAb-X-SCK,mAb-X,run-1,mAb-X-A1,A1-1224,1224.0,s,64.57409222352848,-0.08240852292519045,2.3410347083931815,-0.19707906770323572,RU,40.5,nM,dissociation,780.0,900.0
mAb-X-SCK,mAb-X,run-1,mAb-X-A1,A1-1225,1225.0,s,64.528200912852,-0.08310806383800005,2.595396231172074,0.0012484162009721615,RU,40.5,nM,dissociation,780.0,900.0
mAb-X-SCK,mAb-X,run-1,mAb-X-A1,A1-1226,1226.0,s,64.64146972545078,-0.15793787593668254,2.516689879428935,-0.024518270040730372,RU,40.5,nM,dissociation,780.0,900.0
mAb-X-SCK,mAb-X,run-1,mAb-X-A1,A1-1227,1227.0,s,64.61212481205567,-0.02457287347857721,2.5786547897935157,-0.11979351319174081,RU,40.5,nM,dissociation,780.0,900.0
mAb-X-SCK,mAb-X,run-1,mAb-X-A1,A1-1228,1228.0,s,64.46487925908278,-0.05607185188110975,2.3974409320401175,-0.26941288192698903,RU,40.5,nM,dissociation,780.0,900.0
mAb-X-SCK,mAb-X,run-1,mAb-X-A1,A1-1229,1229.0,s,64.48874717201313,0.13637165234047224,2.2067771383913044,-0.2660939962270295,RU,40.5,nM,dissociation,780.0,900.0
mAb-X-SCK,mAb-X,run-1,mAb-X-A1,A1-1230,1230.0,s,64.4038134343366,-0.09797496473391006,2.3878715728483844,0.2522715264195841,RU,40.5,nM,dissociation,780.0,900.0
mAb-X-SCK,mAb-X,run-1,mAb-X-A1,A1-1231,1231.0,s,64.32916095821037,-0.06486454302365999,2.1886393909429245,-0.016956714590441627,RU,40.5,nM,dissociation,780.0,900.0
mAb-X-SCK,mAb-X,run-1,mAb-X-A1,A1-1232,1232.0,s,64.11052103123491,0.0781530895001576,2.1282469600675955,-0.01770314382294066,RU,40.5,nM,dissociation,780.0,900.0
mAb-X-SCK,mAb-X,run-1,mAb-X-A1,A1-1233,1233.0,s,64.42443374055847,-0.1783949457720815,2.604353556960356,-0.1457341917846409,RU,40.5,nM,dissociation,780.0,900.0
mAb-X-SCK,mAb-X,run-1,mAb-X-A1,A1-1234,1234.0,s,64.29489829950204,0.06296021939664177,2.4917038797431825,-0.17901479134381354,RU,40.5,nM,dissociation,780.0,900.0
mAb-X-SCK,mAb-X,run-1,mAb-X-A1,A1-1235,1235.0,s,64.38390672443053,0.17991171027617064,2.4102486054197807,-0.038010619714073775,RU,40.5,nM,dissociation,780.0,900.0
mAb-X-SCK,mAb-X,run-1,mAb-X-A1,A1-1236,1236.0,s,64.21121894900398,-0.12035586625175959,2.4490694317952486,0.06875856859756939,RU,40.5,nM,dissociation,780.0,900.0
mAb-X-SCK,mAb-X,run-1,mAb-X-A1,A1-1237,1237.0,s,64.26450983896115,-0.22994931679673977,2.460322133878625,0.0376154607072115,RU,40.5,nM,dissociation,780.0,900.0
mAb-X-SCK,mAb-X,run-1,mAb-X-A1,A1-1238,1238.0,s,64.02428390657595,0.17837918999332827,2.2725862801762453,0.19150863662975826,RU,40.5,nM,dissociation,780.0,900.0
mAb-X-SCK,mAb-X,run-1,mAb-X-A1,A1-1239,1239.0,s,64.22213794987199,-0.01740307993474148,2.498862719903658,-0.06828636797114723,RU,40.5,nM,dissociation,780.0,900.0
mAb-X-SCK,mAb-X,run-1,mAb-X-A1,A1-1240,1240.0,s,63.95957397927993,-0.37469416412869044,2.6467782870641843,0.008122339723649308,RU,40.5,nM,dissociation,780.0,900.0
mAb-X-SCK,mAb-X,run-1,mAb-X-A1,A1-1241,1241.0,s,64.085193520614,-0.029395916496537958,2.1380416074936686,-0.26846351330287144,RU,40.5,nM,dissociation,780.0,900.0
mAb-X-SCK,mAb-X,run-1,mAb-X-A1,A1-1242,1242.0,s,63.94111670094696,0.17698162411253168,2.5175912220274776,0.08823258733345575,RU,40.5,nM,dissociation,780.0,900.0
mAb-X-SCK,mAb-X,run-1,mAb-X-A1,A1-1243,1243.0,s,64.14339040637623,-0.12319699499676687,2.4707635442116573,-0.23207985772235748,RU,40.5,nM,dissociation,780.0,900.0
mAb-X-SCK,mAb-X,run-1,mAb-X-A1,A1-1244,1244.0,s,63.87700857240688,0.07130268397238548,2.5880597799805405,-0.11878335983961726,RU,40.5,nM,dissociation,780.0,900.0
mAb-X-SCK,mAb-X,run-1,mAb-X-A1,A1-1245,1245.0,s,64.10923056911912,0.0025148644909514894,2.4725245109581984,-0.08283783502854532,RU,40.5,nM,dissociation,780.0,900.0
mAb-X-SCK,mAb-X,run-1,mAb-X-A1,A1-1246,1246.0,s,64.03509037738098,-0.02906273783190141,2.3563484512674244,0.07466781958939461,RU,40.5,nM,dissociation,780.0,900.0
mAb-X-SCK,mAb-X,run-1,mAb-X-A1,A1-1247,1247.0,s,63.83910055174778,-0.08296866525411763,2.648187664258275,-0.0249367247683167,RU,40.5,nM,dissociation,780.0,900.0
mAb-X-SCK,mAb-X,run-1,mAb-X-A1,A1-1248,1248.0,s,63.73681035799279,0.1549662312598385,2.239134276375074,-0.24230341170880693,RU,40.5,nM,dissociation,780.0,900.0
mAb-X-SCK,mAb-X,run-1,mAb-X-A1,A1-1249,1249.0,s,63.745789856873806,-0.05132003435304062,2.1535039944141503,0.15385279577507532,RU,40.5,nM,dissociation,780.0,900.0
mAb-X-SCK,mAb-X,run-1,mAb-X-A1,A1-1250,1250.0,s,63.75933931936654,0.06682150576617692,2.316959700456357,0.07338803571381623,RU,40.5,nM,dissociation,780.0,900.0
mAb-X-SCK,mAb-X,run-1,mAb-X-A1,A1-1251,1251.0,s,63.555752593003525,0.019230447447561045,2.5540050557526937,-0.19198090030809176,RU,40.5,nM,dissociation,780.0,900.0
mAb-X-SCK,mAb-X,run-1,mAb-X-A1,A1-1252,1252.0,s,63.61599442320267,0.08780923401427958,2.5567934262627765,-0.13441082218334616,RU,40.5,nM,dissociation,780.0,900.0
mAb-X-SCK,mAb-X,run-1,mAb-X-A1,A1-1253,1253.0,s,63.76035448513168,0.19152483233263137,2.3592036853286324,-0.0998128317011758,RU,40.5,nM,dissociation,780.0,900.0
mAb-X-SCK,mAb-X,run-1,mAb-X-A1,A1-1254,1254.0,s,63.69386990790289,0.09649970389989168,2.8467219417348275,-0.3999875034242721,RU,40.5,nM,dissociation,780.0,900.0
mAb-X-SCK,mAb-X,run-1,mAb-X-A1,A1-1255,1255.0,s,63.71748038668177,-0.1482249926824277,2.409099845347285,-0.1720160422455331,RU,40.5,nM,dissociation,780.0,900.0
mAb-X-SCK,mAb-X,run-1,mAb-X-A1,A1-1256,1256.0,s,63.68646892937276,-0.027273136423841524,2.562664507294868,0.2118427765033752,RU,40.5,nM,dissociation,780.0,900.0
mAb-X-SCK,mAb-X,run-1,mAb-X-A1,A1-1257,1257.0,s,63.61682569834908,0.12544366912772498,2.4645514593259183,-0.034751907744736577,RU,40.5,nM,dissociation,780.0,900.0
mAb-X-SCK,mAb-X,run-1,mAb-X-A1,A1-1258,1258.0,s,63.556189650145654,-0.09149894881953444,2.2132747840050078,-0.2293508743628564,RU,40.5,nM,dissociation,780.0,900.0
mAb-X-SCK,mAb-X,run-1,mAb-X-A1,A1-1259,1259.0,s,63.364364986834644,0.2312423666196149,2.406850792480428,0.24869332531849014,RU,40.5,nM,dissociation,780.0,900.0
mAb-X-SCK,mAb-X,run-1,mAb-X-A1,A1-1260,1260.0,s,63.6211412775519,-0.008768165009778976,2.6367305557968486,0.055003139827096544,RU,40.5,nM,dissociation,780.0,900.0
mAb-X-SCK,mAb-X,run-1,mAb-X-A1,A1-1261,1261.0,s,63.5453721674425,0.18350358270467956,2.621431121303919,-0.08739154718936859,RU,40.5,nM,dissociation,780.0,900.0
mAb-X-SCK,mAb-X,run-1,mAb-X-A1,A1-1262,1262.0,s,63.29311557651057,0.1673293443586433,2.511158615573377,-0.016463381202860967,RU,40.5,nM,dissociation,780.0,900.0
mAb-X-SCK,mAb-X,run-1,mAb-X-A1,A1-1263,1263.0,s,63.31315465341523,-0.0966017754850457,2.2868863167386,0.09433542012025595,RU,40.5,nM,dissociation,780.0,900.0
mAb-X-SCK,mAb-X,run-1,mAb-X-A1,A1-1264,1264.0,s,63.48662833078604,0.207920115170772,2.485781552061139,-0.27215914549946724,RU,40.5,nM,dissociation,780.0,900.0
mAb-X-SCK,mAb-X,run-1,mAb-X-A1,A1-1265,1265.0,s,63.34445384736527,0.0832104917108515,2.607401971563214,-0.15823859549251507,RU,40.5,nM,dissociation,780.0,900.0
mAb-X-SCK,mAb-X,run-1,mAb-X-A1,A1-1266,1266.0,s,63.25414530728184,0.045756174303313156,2.5105210170540926,0.08577384839198009,RU,40.5,nM,dissociation,780.0,900.0
mAb-X-SCK,mAb-X,run-1,mAb-X-A1,A1-1267,1267.0,s,63.395663195269826,-0.10906571551345666,2.467595926635445,0.0987852625724115,RU,40.5,nM,dissociation,780.0,900.0
mAb-X-SCK,mAb-X,run-1,mAb-X-A1,A1-1268,1268.0,s,63.41353757463932,-0.13680799761454276,2.577757733594611,-0.2026589708412179,RU,40.5,nM,dissociation,780.0,900.0
mAb-X-SCK,mAb-X,run-1,mAb-X-A1,A1-1269,1269.0,s,63.1694327868687,-0.06343065854431898,2.5575192658792867,0.041366541072618945,RU,40.5,nM,dissociation,780.0,900.0
mAb-X-SCK,mAb-X,run-1,mAb-X-A1,A1-1270,1270.0,s,63.18306685376896,0.16983910828003573,2.5105066428724467,-0.1322506924421646,RU,40.5,nM,dissociation,780.0,900.0
mAb-X-SCK,mAb-X,run-1,mAb-X-A1,A1-1271,1271.0,s,63.10466764224812,-0.29345230423790863,2.6795546210577985,0.046300765842809934,RU,40.5,nM,dissociation,780.0,900.0
mAb-X-SCK,mAb-X,run-1,mAb-X-A1,A1-1272,1272.0,s,63.062956223171916,-0.22962480145911954,2.490077956112395,-0.22135524243352578,RU,40.5,nM,dissociation,780.0,900.0
mAb-X-SCK,mAb-X,run-1,mAb-X-A1,A1-1273,1273.0,s,63.532714216202926,-0.12467212282960483,2.4086603817907366,-0.09091185094667656,RU,40.5,nM,dissociation,780.0,900.0
mAb-X-SCK,mAb-X,run-1,mAb-X-A1,A1-1274,1274.0,s,63.192079641812136,0.1426413662570467,2.468903158546432,0.18083610216495064,RU,40.5,nM,dissociation,780.0,900.0
mAb-X-SCK,mAb-X,run-1,mAb-X-A1,A1-1275,1275.0,s,63.16540015576631,-0.17888923314069818,2.6186652799732233,0.25181965685100827,RU,40.5,nM,dissociation,780.0,900.0
mAb-X-SCK,mAb-X,run-1,mAb-X-A1,A1-1276,1276.0,s,63.23242107359219,0.04871807266593048,2.684292350882263,-0.08480453186839346,RU,40.5,nM,dissociation,780.0,900.0
mAb-X-SCK,mAb-X,run-1,mAb-X-A1,A1-1277,1277.0,s,63.05618320212485,0.011205329904147564,2.5584300015560304,0.256893130125849,RU,40.5,nM,dissociation,780.0,900.0
mAb-X-SCK,mAb-X,run-1,mAb-X-A1,A1-1278,1278.0,s,62.91723411186606,-0.07379094990193862,2.6070488749683767,-0.07193952450083987,RU,40.5,nM,dissociation,780.0,900.0
mAb-X-SCK,mAb-X,run-1,mAb-X-A1,A1-1279,1279.0,s,62.83738764089235,0.17945945006131234,2.6616434739953077,-0.03185215519683359,RU,40.5,nM,dissociation,780.0,900.0
mAb-X-SCK,mAb-X,run-1,mAb-X-A1,A1-1280,1280.0,s,62.93498766739446,-0.3028068784688905,2.464150366734065,-0.07035899965135613,RU,40.5,nM,dissociation,780.0,900.0
mAb-X-SCK,mAb-X,run-1,mAb-X-A1,A1-1281,1281.0,s,62.735985818840625,0.04997623476039865,2.5273845318433805,-0.04728896481294222,RU,40.5,nM,dissociation,780.0,900.0
mAb-X-SCK,mAb-X,run-1,mAb-X-A1,A1-1282,1282.0,s,62.66558074769914,0.02410904910865933,2.680198757061994,0.09720342761639149,RU,40.5,nM,dissociation,780.0,900.0
mAb-X-SCK,mAb-X,run-1,mAb-X-A1,A1-1283,1283.0,s,62.86542010118165,-0.014998316621293006,2.304706942368665,-0.1152973090460334,RU,40.5,nM,dissociation,780.0,900.0
mAb-X-SCK,mAb-X,run-1,mAb-X-A1,A1-1284,1284.0,s,62.925185266208004,-0.12291408023710214,2.7888036385997244,0.024181825783501375,RU,40.5,nM,dissociation,780.0,900.0
mAb-X-SCK,mAb-X,run-1,mAb-X-A1,A1-1285,1285.0,s,63.085279393716164,-0.1854092185817052,2.280439876315249,-0.048257097371783256,RU,40.5,nM,dissociation,780.0,900.0
mAb-X-SCK,mAb-X,run-1,mAb-X-A1,A1-1286,1286.0,s,62.82889781351505,-0.14296134578184927,2.491836759031905,-0.017795433989742822,RU,40.5,nM,dissociation,780.0,900.0
mAb-X-SCK,mAb-X,run-1,mAb-X-A1,A1-1287,1287.0,s,62.671857245425336,0.0404052136854515,2.585853195216597,-0.19771564012271595,RU,40.5,nM,dissociation,780.0,900.0
mAb-X-SCK,mAb-X,run-1,mAb-X-A1,A1-1288,1288.0,s,62.89253200428095,0.3075306090828391,2.5849426495047014,0.039098039337336056,RU,40.5,nM,dissociation,780.0,900.0
mAb-X-SCK,mAb-X,run-1,mAb-X-A1,A1-1289,1289.0,s,62.62138866505766,-0.11262748576450163,2.4814386038019287,-0.08201250280858668,RU,40.5,nM,dissociation,780.0,900.0
mAb-X-SCK,mAb-X,run-1,mAb-X-A1,A1-1290,1290.0,s,62.832204767038206,-0.08871778514147621,2.4885708259104895,-0.05352272617630433,RU,40.5,nM,dissociation,780.0,900.0
mAb-X-SCK,mAb-X,run-1,mAb-X-A1,A1-1291,1291.0,s,62.70230258015515,0.07962325111653136,2.727470360423599,-0.02260192242199996,RU,40.5,nM,dissociation,780.0,900.0
mAb-X-SCK,mAb-X,run-1,mAb-X-A1,A1-1292,1292.0,s,62.53255128691542,0.05458779911428046,2.389926527291589,0.0029286972200934214,RU,40.5,nM,dissociation,780.0,900.0
mAb-X-SCK,mAb-X,run-1,mAb-X-A1,A1-1293,1293.0,s,62.581024478452754,-0.0431539708322445,2.6541543829937866,-0.05525607545082229,RU,40.5,nM,dissociation,780.0,900.0
mAb-X-SCK,mAb-X,run-1,mAb-X-A1,A1-1294,1294.0,s,62.44265002871453,0.1456055420664199,2.649611904941379,-0.12056720099504191,RU,40.5,nM,dissociation,780.0,900.0
mAb-X-SCK,mAb-X,run-1,mAb-X-A1,A1-1295,1295.0,s,62.64482951480138,0.19084586518688076,2.52816976307978,0.21070699661764192,RU,40.5,nM,dissociation,780.0,900.0
mAb-X-SCK,mAb-X,run-1,mAb-X-A1,A1-1296,1296.0,s,62.34198715697775,0.02027895285143066,2.6228567205209847,0.1240563376056995,RU,40.5,nM,dissociation,780.0,900.0
mAb-X-SCK,mAb-X,run-1,mAb-X-A1,A1-1297,1297.0,s,62.473856852981356,-0.09785488091365359,2.5028437735654703,-0.01581701594237131,RU,40.5,nM,dissociation,780.0,900.0
mAb-X-SCK,mAb-X,run-1,mAb-X-A1,A1-1298,1298.0,s,62.39225673165253,-0.35228728065128534,2.4718308027910205,0.13599852391541264,RU,40.5,nM,dissociation,780.0,900.0
mAb-X-SCK,mAb-X,run-1,mAb-X-A1,A1-1299,1299.0,s,62.5075588765192,-0.2842703650445743,2.4619219028605124,-0.08415980812818456,RU,40.5,nM,dissociation,780.0,900.0
mAb-X-SCK,mAb-X,run-1,mAb-X-A1,A1-1300,1300.0,s,62.30000729806684,-0.06431277258705598,2.546723365016867,-0.08094186766196103,RU,40.5,nM,dissociation,780.0,900.0
mAb-X-SCK,mAb-X,run-1,mAb-X-A1,A1-1301,1301.0,s,62.451676119714065,-0.04310109413149297,2.376202202089445,0.10956633966935825,RU,40.5,nM,dissociation,780.0,900.0
mAb-X-SCK,mAb-X,run-1,mAb-X-A1,A1-1302,1302.0,s,62.356582507865554,-0.25163980710771466,2.5119664027362596,0.057831830350042246,RU,40.5,nM,dissociation,780.0,900.0
mAb-X-SCK,mAb-X,run-1,mAb-X-A1,A1-1303,1303.0,s,62.18973947205529,0.02545161692995707,2.7797073891721755,-0.13813371423706972,RU,40.5,nM,dissociation,780.0,900.0
mAb-X-SCK,mAb-X,run-1,mAb-X-A1,A1-1304,1304.0,s,62.3436078297361,0.11868250995752688,2.4915298070219727,0.22244864923244825,RU,40.5,nM,dissociation,780.0,900.0
mAb-X-SCK,mAb-X,run-1,mAb-X-A1,A1-1305,1305.0,s,62.15080668895058,0.04368420372741919,2.302478374719661,-0.10281842668586125,RU,40.5,nM,dissociation,780.0,900.0
mAb-X-SCK,mAb-X,run-1,mAb-X-A1,A1-1306,1306.0,s,62.17721379980091,-0.069124552079757,2.727513059556009,-0.09010551921651962,RU,40.5,nM,dissociation,780.0,900.0
mAb-X-SCK,mAb-X,run-1,mAb-X-A1,A1-1307,1307.0,s,62.26442738349621,0.26864360742282073,2.527472647740214,-0.13393563116183815,RU,40.5,nM,dissociation,780.0,900.0
mAb-X-SCK,mAb-X,run-1,mAb-X-A1,A1-1308,1308.0,s,62.1748407628053,-0.10503864087374475,2.804630266052799,-0.18052716427396454,RU,40.5,nM,dissociation,780.0,900.0
mAb-X-SCK,mAb-X,run-1,mAb-X-A1,A1-1309,1309.0,s,62.13095761079077,0.3840142656285088,2.2845237470827775,-0.2079948973945687,RU,40.5,nM,dissociation,780.0,900.0
mAb-X-SCK,mAb-X,run-1,mAb-X-A1,A1-1310,1310.0,s,62.07053158326045,-0.07083409849890189,2.5960147155154414,0.007113689790436323,RU,40.5,nM,dissociation,780.0,900.0
mAb-X-SCK,mAb-X,run-1,mAb-X-A1,A1-1311,1311.0,s,62.018527268780964,-0.24983893877006136,2.5328131948124066,0.03974486049880705,RU,40.5,nM,dissociation,780.0,900.0
mAb-X-SCK,mAb-X,run-1,mAb-X-A1,A1-1312,1312.0,s,62.32694251804712,0.24739726380468166,2.6926443906656337,0.05702678248573257,RU,40.5,nM,dissociation,780.0,900.0
mAb-X-SCK,mAb-X,run-1,mAb-X-A1,A1-1313,1313.0,s,61.95960395392005,-0.0324308657068728,2.6344441261855938,0.17036659560818698,RU,40.5,nM,dissociation,780.0,900.0
mAb-X-SCK,mAb-X,run-1,mAb-X-A1,A1-1314,1314.0,s,61.96567081462998,-0.1326400340284503,2.6430616987796394,-0.011893136107761363,RU,40.5,nM,dissociation,780.0,900.0
mAb-X-SCK,mAb-X,run-1,mAb-X-A1,A1-1315,1315.0,s,61.924615803971285,-0.15587979122483245,2.480643637849447,-0.13391604301708437,RU,40.5,nM,dissociation,780.0,900.0
mAb-X-SCK,mAb-X,run-1,mAb-X-A1,A1-1316,1316.0,s,61.86891345940974,0.03760403631941305,2.6356808566054704,-0.04331667085346842,RU,40.5,nM,dissociation,780.0,900.0
mAb-X-SCK,mAb-X,run-1,mAb-X-A1,A1-1317,1317.0,s,62.187426056523755,0.03170026567879378,2.5541924344602274,0.022258275105151836,RU,40.5,nM,dissociation,780.0,900.0
mAb-X-SCK,mAb-X,run-1,mAb-X-A1,A1-1318,1318.0,s,61.76423217017153,-0.06671101452727406,2.6588659528772616,0.1463482813514615,RU,40.5,nM,dissociation,780.0,900.0
mAb-X-SCK,mAb-X,run-1,mAb-X-A1,A1-1319,1319.0,s,61.903784902442546,-0.14344363685874914,2.7907747456656127,0.08309265150242394,RU,40.5,nM,dissociation,780.0,900.0
mAb-X-SCK,mAb-X,run-1,mAb-X-A1,A1-1320,1320.0,s,61.81870357299356,-0.10095454376018931,2.6844600447678455,0.27915257624396217,RU,40.5,nM,dissociation,780.0,900.0
mAb-X-SCK,mAb-X,run-1,mAb-X-A1,A1-1321,1321.0,s,61.90983227956376,0.04903850559198804,2.699088235576496,0.20275210155128,RU,40.5,nM,dissociation,780.0,900.0
mAb-X-SCK,mAb-X,run-1,mAb-X-A1,A1-1322,1322.0,s,61.88087925393937,-0.12279361185631689,2.5387465755680108,-0.0730444403238153,RU,40.5,nM,dissociation,780.0,900.0
mAb-X-SCK,mAb-X,run-1,mAb-X-A1,A1-1323,1323.0,s,61.73711852881977,0.10983774718329455,2.8724297060159674,0.14549589407840707,RU,40.5,nM,dissociation,780.0,900.0
mAb-X-SCK,mAb-X,run-1,mAb-X-A1,A1-1324,1324.0,s,61.649362102599035,-0.019596702734424036,2.572594718685043,0.0046973545259938534,RU,40.5,nM,dissociation,780.0,900.0
mAb-X-SCK,mAb-X,run-1,mAb-X-A1,A1-1325,1325.0,s,61.42024273308554,0.035218186430263025,2.2892877892200776,0.0879969689940978,RU,40.5,nM,dissociation,780.0,900.0
mAb-X-SCK,mAb-X,run-1,mAb-X-A1,A1-1326,1326.0,s,61.816511712008285,-0.23608103334045621,2.655410867768897,0.049633218289437196,RU,40.5,nM,dissociation,780.0,900.0
mAb-X-SCK,mAb-X,run-1,mAb-X-A1,A1-1327,1327.0,s,61.61573401510353,-0.09886434322661697,2.9537400619955285,0.10050656939328236,RU,40.5,nM,dissociation,780.0,900.0
mAb-X-SCK,mAb-X,run-1,mAb-X-A1,A1-1328,1328.0,s,61.837180671791955,-0.012949005686329238,2.816043222403455,0.2502504613455218,RU,40.5,nM,dissociation,780.0,900.0
mAb-X-SCK,mAb-X,run-1,mAb-X-A1,A1-1329,1329.0,s,61.48296332163511,-0.08873745728913031,2.7367613345531736,-0.19190609017475424,RU,40.5,nM,dissociation,780.0,900.0
mAb-X-SCK,mAb-X,run-1,mAb-X-A1,A1-1330,1330.0,s,61.5125729377107,-0.15100436357755045,2.4603975810499294,0.06012727672069404,RU,40.5,nM,dissociation,780.0,900.0
mAb-X-SCK,mAb-X,run-1,mAb-X-A1,A1-1331,1331.0,s,61.4305316358987,-0.015577259420283303,2.5894051509309604,0.1675411074657,RU,40.5,nM,dissociation,780.0,900.0
mAb-X-SCK,mAb-X,run-1,mAb-X-A1,A1-1332,1332.0,s,61.52729818826583,-0.0027412717590264697,2.8030326929990177,0.26720961894997636,RU,40.5,nM,dissociation,780.0,900.0
mAb-X-SCK,mAb-X,run-1,mAb-X-A1,A1-1333,1333.0,s,61.557270676484166,-0.07590565202156126,2.7951105492181796,-0.1352446219137115,RU,40.5,nM,dissociation,780.0,900.0
mAb-X-SCK,mAb-X,run-1,mAb-X-A1,A1-1334,1334.0,s,61.49590622676716,-0.283419299537548,2.876292574292995,-0.19811540844449713,RU,40.5,nM,dissociation,780.0,900.0
mAb-X-SCK,mAb-X,run-1,mAb-X-A1,A1-1335,1335.0,s,61.454900869311864,0.2778896216386235,2.620081629770747,0.28274628991345846,RU,40.5,nM,dissociation,780.0,900.0
mAb-X-SCK,mAb-X,run-1,mAb-X-A1,A1-1336,1336.0,s,61.44894742887256,-0.24171018762439905,2.718002721589185,-0.10406551508028783,RU,40.5,nM,dissociation,780.0,900.0
mAb-X-SCK,mAb-X,run-1,mAb-X-A1,A1-1337,1337.0,s,61.17884857415209,0.00404801949685474,2.5262889936808053,0.09648530835835804,RU,40.5,nM,dissociation,780.0,900.0
mAb-X-SCK,mAb-X,run-1,mAb-X-A1,A1-1338,1338.0,s,61.52631168815875,0.03758740342616511,2.5644778889631494,-0.0351065633633506,RU,40.5,nM,dissociation,780.0,900.0
mAb-X-SCK,mAb-X,run-1,mAb-X-A1,A1-1339,1339.0,s,61.541348667220326,-0.03882106821604548,2.552244733725396,0.020699181117166114,RU,40.5,nM,dissociation,780.0,900.0
mAb-X-SCK,mAb-X,run-1,mAb-X-A1,A1-1340,1340.0,s,61.276862479528305,-0.07613386538261964,2.367724709825569,0.0164059432511876,RU,40.5,nM,dissociation,780.0,900.0
mAb-X-SCK,mAb-X,run-1,mAb-X-A1,A1-1341,1341.0,s,61.25751985823277,-0.2872117518056576,2.7048177200637893,-0.1702985267925691,RU,40.5,nM,dissociation,780.0,900.0
mAb-X-SCK,mAb-X,run-1,mAb-X-A1,A1-1342,1342.0,s,61.327046803106796,-0.09136140352653502,2.4541251745290755,-0.12267316225974592,RU,40.5,nM,dissociation,780.0,900.0
mAb-X-SCK,mAb-X,run-1,mAb-X-A1,A1-1343,1343.0,s,61.186999897427015,0.058960832118129844,2.6745564902788876,0.012724719530349383,RU,40.5,nM,dissociation,780.0,900.0
mAb-X-SCK,mAb-X,run-1,mAb-X-A1,A1-1344,1344.0,s,61.43791381160734,0.1858953436606463,2.5141913409926375,0.1564218134755427,RU,40.5,nM,dissociation,780.0,900.0
mAb-X-SCK,mAb-X,run-1,mAb-X-A1,A1-1345,1345.0,s,61.1010462469254,0.02843066586125046,2.636853754512011,0.024814238207029726,RU,40.5,nM,dissociation,780.0,900.0
mAb-X-SCK,mAb-X,run-1,mAb-X-A1,A1-1346,1346.0,s,61.135044968185724,0.07437492813386201,2.6319405672991514,-0.028151075836123068,RU,40.5,nM,dissociation,780.0,900.0
mAb-X-SCK,mAb-X,run-1,mAb-X-A1,A1-1347,1347.0,s,61.25959743289799,0.0590446204201133,2.7315960155000867,0.10853556404616128,RU,40.5,nM,dissociation,780.0,900.0
mAb-X-SCK,mAb-X,run-1,mAb-X-A1,A1-1348,1348.0,s,61.14032972589762,0.23594228501260547,2.499538103961315,0.1195534908553857,RU,40.5,nM,dissociation,780.0,900.0
mAb-X-SCK,mAb-X,run-1,mAb-X-A1,A1-1349,1349.0,s,60.743321938982966,0.31622949708820475,2.645131806866671,-0.16241534765011545,RU,40.5,nM,dissociation,780.0,900.0
mAb-X-SCK,mAb-X,run-1,mAb-X-A1,A1-1350,1350.0,s,60.70161660482588,0.04815362758522269,2.5194608276789663,-0.06832494798253654,RU,40.5,nM,dissociation,780.0,900.0
mAb-X-SCK,mAb-X,run-1,mAb-X-A1,A1-1351,1351.0,s,60.806235283383735,-0.2162909991200547,2.7922563253010315,0.3061451721675326,RU,40.5,nM,dissociation,780.0,900.0
mAb-X-SCK,mAb-X,run-1,mAb-X-A1,A1-1352,1352.0,s,61.22649936553805,-0.13480950211827258,2.6453139305911555,0.016848027986158993,RU,40.5,nM,dissociation,780.0,900.0
mAb-X-SCK,mAb-X,run-1,mAb-X-A1,A1-1353,1353.0,s,60.941106983213274,-0.06745914962336377,2.8299885252864487,0.025701683690663214,RU,40.5,nM,dissociation,780.0,900.0
mAb-X-SCK,mAb-X,run-1,mAb-X-A1,A1-1354,1354.0,s,60.83124328402169,-0.30117848660622,2.7732547395814873,-0.07012792884621083,RU,40.5,nM,dissociation,780.0,900.0
mAb-X-SCK,mAb-X,run-1,mAb-X-A1,A1-1355,1355.0,s,61.09203488059027,0.03730009421367655,2.8926394866527287,0.1420479035125502,RU,40.5,nM,dissociation,780.0,900.0
mAb-X-SCK,mAb-X,run-1,mAb-X-A1,A1-1356,1356.0,s,60.70870269030975,0.03636877409103144,2.815287704390086,0.22848842924779045,RU,40.5,nM,dissociation,780.0,900.0
mAb-X-SCK,mAb-X,run-1,mAb-X-A1,A1-1357,1357.0,s,60.77896826947005,-0.28864252177951105,2.7370520205319453,0.2121582363304197,RU,40.5,nM,dissociation,780.0,900.0
mAb-X-SCK,mAb-X,run-1,mAb-X-A1,A1-1358,1358.0,s,60.81393730129439,-0.11789933834213172,2.953016392659575,0.1870185287426753,RU,40.5,nM,dissociation,780.0,900.0
mAb-X-SCK,mAb-X,run-1,mAb-X-A1,A1-1359,1359.0,s,60.654164027406544,0.15165549607415332,2.7093828018712602,0.11647750443345349,RU,40.5,nM,dissociation,780.0,900.0
mAb-X-SCK,mAb-X,run-1,mAb-X-A1,A1-1360,1360.0,s,60.36362702303383,-0.08373892625949023,2.791263464940939,-0.12062592191876872,RU,40.5,nM,dissociation,780.0,900.0
mAb-X-SCK,mAb-X,run-1,mAb-X-A1,A1-1361,1361.0,s,60.40569360803828,-0.11190513422214735,2.7498325416926312,0.2810867328835716,RU,40.5,nM,dissociation,780.0,900.0
mAb-X-SCK,mAb-X,run-1,mAb-X-A1,A1-1362,1362.0,s,60.71715923783569,-0.15568324069350767,2.8096659725849977,-0.020929704585008754,RU,40.5,nM,dissociation,780.0,900.0
mAb-X-SCK,mAb-X,run-1,mAb-X-A1,A1-1363,1363.0,s,60.53908021691319,-0.10681444425112073,2.950049934507586,0.1283848147069566,RU,40.5,nM,dissociation,780.0,900.0
mAb-X-SCK,mAb-X,run-1,mAb-X-A1,A1-1364,1364.0,s,60.4555438963034,0.008581045925308102,2.8542597018234046,-0.27445835470145963,RU,40.5,nM,dissociation,780.0,900.0
mAb-X-SCK,mAb-X,run-1,mAb-X-A1,A1-1365,1365.0,s,60.44308657308216,0.04341193870214648,2.7413529311880103,-0.032010183563853295,RU,40.5,nM,dissociation,780.0,900.0
mAb-X-SCK,mAb-X,run-1,mAb-X-A1,A1-1366,1366.0,s,60.49067617711527,0.20755441976905006,2.750680667256057,-0.11866912539618651,RU,40.5,nM,dissociation,780.0,900.0
mAb-X-SCK,mAb-X,run-1,mAb-X-A1,A1-1367,1367.0,s,60.654229658269,-0.2978341662979981,2.536769618814375,0.07940410635676774,RU,40.5,nM,dissociation,780.0,900.0
mAb-X-SCK,mAb-X,run-1,mAb-X-A1,A1-1368,1368.0,s,60.513383621180665,-0.17705486994290567,2.510486902831427,0.10051008016225967,RU,40.5,nM,dissociation,780.0,900.0
mAb-X-SCK,mAb-X,run-1,mAb-X-A1,A1-1369,1369.0,s,60.4642071708815,-0.07673041957730323,2.6217076876323318,0.05769863689739467,RU,40.5,nM,dissociation,780.0,900.0
mAb-X-SCK,mAb-X,run-1,mAb-X-A1,A1-1370,1370.0,s,60.29480765598737,-0.26707235760910486,2.67544209347009,0.10340813408982973,RU,40.5,nM,dissociation,780.0,900.0
mAb-X-SCK,mAb-X,run-1,mAb-X-A1,A1-1371,1371.0,s,60.709922248360506,-0.0249838767459841,2.5762020913070347,0.11792628291416508,RU,40.5,nM,dissociation,780.0,900.0
mAb-X-SCK,mAb-X,run-1,mAb-X-A1,A1-1372,1372.0,s,60.417361385326316,0.09926109865772903,2.891520820947438,-0.06107857661727979,RU,40.5,nM,dissociation,780.0,900.0
mAb-X-SCK,mAb-X,run-1,mAb-X-A1,A1-1373,1373.0,s,60.33189054757054,0.22193559979221317,2.642197950320211,0.18055459518037995,RU,40.5,nM,dissociation,780.0,900.0
mAb-X-SCK,mAb-X,run-1,mAb-X-A1,A1-1374,1374.0,s,60.68470241311491,0.16137840703629677,2.738022044868285,0.12318565358789581,RU,40.5,nM,dissociation,780.0,900.0
mAb-X-SCK,mAb-X,run-1,mAb-X-A1,A1-1375,1375.0,s,60.197582053804965,-0.050733252400519596,2.6995740369007883,0.21975610139838136,RU,40.5,nM,dissociation,780.0,900.0
mAb-X-SCK,mAb-X,run-1,mAb-X-A1,A1-1376,1376.0,s,60.50461162278611,0.16847152800970785,2.7072878041290336,-0.2103221614286128,RU,40.5,nM,dissociation,780.0,900.0
mAb-X-SCK,mAb-X,run-1,mAb-X-A1,A1-1377,1377.0,s,60.39556699957213,-0.0738904691183019,2.371225879337932,-0.09640432753866571,RU,40.5,nM,dissociation,780.0,900.0
mAb-X-SCK,mAb-X,run-1,mAb-X-A1,A1-1378,1378.0,s,60.48936425179884,-0.1354855383790433,2.707696928259853,-0.0005785127991501743,RU,40.5,nM,dissociation,780.0,900.0
mAb-X-SCK,mAb-X,run-1,mAb-X-A1,A1-1379,1379.0,s,60.2120034223171,-0.23464436068230643,2.8557922649780014,0.33366520509353,RU,40.5,nM,dissociation,780.0,900.0
mAb-X-SCK,mAb-X,run-1,mAb-X-A1,A1-1380,1380.0,s,60.294630433555255,0.1343964748079649,3.0098151890203853,-0.06915769402573597,RU,40.5,nM,dissociation,780.0,900.0
mAb-X-SCK,mAb-X,run-1,mAb-X-A1,A1-1381,1381.0,s,60.4800338427644,-0.046397222183571,2.802183166288439,0.1851339475519879,RU,40.5,nM,dissociation,780.0,900.0
mAb-X-SCK,mAb-X,run-1,mAb-X-A1,A1-1382,1382.0,s,60.27260722304151,0.000909661875876275,2.857175020722533,-0.06322460255516274,RU,40.5,nM,dissociation,780.0,900.0
mAb-X-SCK,mAb-X,run-1,mAb-X-A1,A1-1383,1383.0,s,59.87866412455247,0.11133756778957384,2.8245779673704163,0.41633930692807514,RU,40.5,nM,dissociation,780.0,900.0
mAb-X-SCK,mAb-X,run-1,mAb-X-A1,A1-1384,1384.0,s,60.0156094377185,0.1922592076385914,2.552976712537217,-0.1172110109280506,RU,40.5,nM,dissociation,780.0,900.0
mAb-X-SCK,mAb-X,run-1,mAb-X-A1,A1-1385,1385.0,s,59.88152988817815,0.07383763336112437,2.61282658458771,-0.08780610839614922,RU,40.5,nM,dissociation,780.0,900.0
mAb-X-SCK,mAb-X,run-1,mAb-X-A1,A1-1386,1386.0,s,60.21961353433745,0.0972306152704146,2.853099616583841,0.23395441051354146,RU,40.5,nM,dissociation,780.0,900.0
mAb-X-SCK,mAb-X,run-1,mAb-X-A1,A1-1387,1387.0,s,60.01674886176349,0.35724112317388884,2.6662614385931778,0.16131517088051459,RU,40.5,nM,dissociation,780.0,900.0
mAb-X-SCK,mAb-X,run-1,mAb-X-A1,A1-1388,1388.0,s,60.143018395568085,-0.10255308886036046,2.906372241644417,0.05836169721355785,RU,40.5,nM,dissociation,780.0,900.0
mAb-X-SCK,mAb-X,run-1,mAb-X-A1,A1-1389,1389.0,s,59.91939911041842,-0.11761495665417938,2.901682680989678,0.02183325585323407,RU,40.5,nM,dissociation,780.0,900.0
mAb-X-SCK,mAb-X,run-1,mAb-X-A1,A1-1390,1390.0,s,59.895899063286194,0.10016135228855341,2.7261649486390067,-0.03871856135067392,RU,40.5,nM,dissociation,780.0,900.0
mAb-X-SCK,mAb-X,run-1,mAb-X-A1,A1-1391,1391.0,s,59.91552937275618,0.08734395339867773,2.9858789372167847,-0.06684453196989604,RU,40.5,nM,dissociation,780.0,900.0
mAb-X-SCK,mAb-X,run-1,mAb-X-A1,A1-1392,1392.0,s,59.790169666972496,-0.15621259761718567,2.720975644962262,-0.11631299218676365,RU,40.5,nM,dissociation,780.0,900.0
mAb-X-SCK,mAb-X,run-1,mAb-X-A1,A1-1393,1393.0,s,59.941015640708876,-0.27212513576228126,3.07617697564518,-0.20775274131321417,RU,40.5,nM,dissociation,780.0,900.0
mAb-X-SCK,mAb-X,run-1,mAb-X-A1,A1-1394,1394.0,s,59.83650201274914,-0.0641208358241648,2.7231493776982436,0.09134939497151195,RU,40.5,nM,dissociation,780.0,900.0
mAb-X-SCK,mAb-X,run-1,mAb-X-A1,A1-1395,1395.0,s,59.98189909479647,-0.0968209316924203,2.791008084590154,-0.07085547132796619,RU,40.5,nM,dissociation,780.0,900.0
mAb-X-SCK,mAb-X,run-1,mAb-X-A1,A1-1396,1396.0,s,59.82685211771075,0.2910442495375087,3.014379445579803,-0.041533555450425,RU,40.5,nM,dissociation,780.0,900.0
mAb-X-SCK,mAb-X,run-1,mAb-X-A1,A1-1397,1397.0,s,59.635878583112486,0.037577335625778134,2.684910907136668,-0.1689527598228906,RU,40.5,nM,dissociation,780.0,900.0
mAb-X-SCK,mAb-X,run-1,mAb-X-A1,A1-1398,1398.0,s,59.64967525662456,0.06988020527374215,2.6583800621520104,0.21594844899909907,RU,40.5,nM,dissociation,780.0,900.0
mAb-X-SCK,mAb-X,run-1,mAb-X-A1,A1-1399,1399.0,s,59.695175285296884,0.40421124726395424,2.735722339759706,-0.3243814477446811,RU,40.5,nM,dissociation,780.0,900.0
mAb-X-SCK,mAb-X,run-1,mAb-X-A1,A1-1400,1400.0,s,59.55298815452041,0.05306300677463033,2.823659262327204,0.08861760110136824,RU,40.5,nM,dissociation,780.0,900.0
mAb-X-SCK,mAb-X,run-1,mAb-X-A1,A1-1401,1401.0,s,59.431484000122126,-0.005093494508192246,2.571379685754407,-0.11412066469797681,RU,40.5,nM,dissociation,780.0,900.0
mAb-X-SCK,mAb-X,run-1,mAb-X-A1,A1-1402,1402.0,s,59.669165945544435,0.2201262079857672,2.8702852177940437,-0.18293077360851417,RU,40.5,nM,dissociation,780.0,900.0
mAb-X-SCK,mAb-X,run-1,mAb-X-A1,A1-1403,1403.0,s,59.528680947507674,0.2095541415752717,2.9184072557587193,0.019144696479675604,RU,40.5,nM,dissociation,780.0,900.0
mAb-X-SCK,mAb-X,run-1,mAb-X-A1,A1-1404,1404.0,s,59.43262694785819,-0.10801886621599914,2.8904661416763178,0.15722519925904985,RU,40.5,nM,dissociation,780.0,900.0
mAb-X-SCK,mAb-X,run-1,mAb-X-A1,A1-1405,1405.0,s,59.59391152712679,0.18796756698428757,3.012384973230125,0.06253440775591651,RU,40.5,nM,dissociation,780.0,900.0
mAb-X-SCK,mAb-X,run-1,mAb-X-A1,A1-1406,1406.0,s,59.524863904656584,0.07067058767720488,2.8872578943154714,-0.09442182186722554,RU,40.5,nM,dissociation,780.0,900.0
mAb-X-SCK,mAb-X,run-1,mAb-X-A1,A1-1407,1407.0,s,59.57920840312855,5.335335797810144e-05,2.4531805798961757,0.10849687633945201,RU,40.5,nM,dissociation,780.0,900.0
mAb-X-SCK,mAb-X,run-1,mAb-X-A1,A1-1408,1408.0,s,59.32795758142089,0.0014804998888496683,2.84988095556807,0.11663267928670734,RU,40.5,nM,dissociation,780.0,900.0
mAb-X-SCK,mAb-X,run-1,mAb-X-A1,A1-1409,1409.0,s,59.41615446003686,-0.022242854419005236,2.828331304023523,-0.15104240035593056,RU,40.5,nM,dissociation,780.0,900.0
mAb-X-SCK,mAb-X,run-1,mAb-X-A1,A1-1410,1410.0,s,59.381393684825944,-0.024831902844650672,2.704665267383812,0.1658832570369571,RU,40.5,nM,dissociation,780.0,900.0
mAb-X-SCK,mAb-X,run-1,mAb-X-A1,A1-1411,1411.0,s,59.44569357548207,-0.06643193718284747,3.1454988122883702,0.11623382547523631,RU,40.5,nM,dissociation,780.0,900.0
mAb-X-SCK,mAb-X,run-1,mAb-X-A1,A1-1412,1412.0,s,59.273128593845236,-0.08878407289401624,2.9158266754257878,0.12870027225759478,RU,40.5,nM,dissociation,780.0,900.0
mAb-X-SCK,mAb-X,run-1,mAb-X-A1,A1-1413,1413.0,s,59.5258673084664,-0.05164451058862029,2.5146082913870127,-0.20831428186811865,RU,40.5,nM,dissociation,780.0,900.0
mAb-X-SCK,mAb-X,run-1,mAb-X-A1,A1-1414,1414.0,s,59.27521334476711,0.14064099737729435,2.8635878097143697,0.028107883963776358,RU,40.5,nM,dissociation,780.0,900.0
mAb-X-SCK,mAb-X,run-1,mAb-X-A1,A1-1415,1415.0,s,59.11753502963665,-0.09889405314275515,2.8964801746778153,0.06204766184495756,RU,40.5,nM,dissociation,780.0,900.0
mAb-X-SCK,mAb-X,run-1,mAb-X-A1,A1-1416,1416.0,s,59.21300508941785,-0.048558763537830354,3.0897957862822727,0.19695408194666517,RU,40.5,nM,dissociation,780.0,900.0
mAb-X-SCK,mAb-X,run-1,mAb-X-A1,A1-1417,1417.0,s,59.2305019699103,0.018453094186612843,2.7606806668275006,-0.002522664516772237,RU,40.5,nM,dissociation,780.0,900.0
mAb-X-SCK,mAb-X,run-1,mAb-X-A1,A1-1418,1418.0,s,59.041778266678605,-0.2218797267148859,2.701302780630685,0.06182470004051806,RU,40.5,nM,dissociation,780.0,900.0
mAb-X-SCK,mAb-X,run-1,mAb-X-A1,A1-1419,1419.0,s,59.190585396703405,-0.10287538609631357,2.7305509553261476,0.010215493436215988,RU,40.5,nM,dissociation,780.0,900.0
mAb-X-SCK,mAb-X,run-1,mAb-X-A1,A1-1420,1420.0,s,59.12206817802026,0.29550670918718774,3.12151217323952,-0.20662740842842442,RU,40.5,nM,dissociation,780.0,900.0
mAb-X-SCK,mAb-X,run-1,mAb-X-A1,A1-1421,1421.0,s,59.07692374625688,-0.015508403754348976,2.6945402323108105,0.17914647561350402,RU,40.5,nM,dissociation,780.0,900.0
mAb-X-SCK,mAb-X,run-1,mAb-X-A1,A1-1422,1422.0,s,58.96847246553631,0.017822145381252725,2.8442634692152264,-0.21104940231461622,RU,40.5,nM,dissociation,780.0,900.0
mAb-X-SCK,mAb-X,run-1,mAb-X-A1,A1-1423,1423.0,s,59.209201206479655,0.11603504303938618,2.8481202349742865,-0.05295431608996363,RU,40.5,nM,dissociation,780.0,900.0
mAb-X-SCK,mAb-X,run-1,mAb-X-A1,A1-1424,1424.0,s,59.00513546928765,0.009616818078905775,2.8386300448453916,0.21589432496061886,RU,40.5,nM,dissociation,780.0,900.0
mAb-X-SCK,mAb-X,run-1,mAb-X-A1,A1-1425,1425.0,s,59.009688904396356,-0.028058778030442263,2.980391755213883,0.3425688167776308,RU,40.5,nM,dissociation,780.0,900.0
mAb-X-SCK,mAb-X,run-1,mAb-X-A1,A1-1426,1426.0,s,59.10358449329473,0.007598090307426093,2.8301407883800187,-0.06925799288488008,RU,40.5,nM,dissociation,780.0,900.0
mAb-X-SCK,mAb-X,run-1,mAb-X-A1,A1-1427,1427.0,s,58.85513945879697,0.08603429058688317,2.7867092415330466,-0.010337795711117167,RU,40.5,nM,dissociation,780.0,900.0
mAb-X-SCK,mAb-X,run-1,mAb-X-A1,A1-1428,1428.0,s,58.99414608533289,-0.35600901843726773,2.668692312762056,0.03144767274418376,RU,40.5,nM,dissociation,780.0,900.0
mAb-X-SCK,mAb-X,run-1,mAb-X-A1,A1-1429,1429.0,s,58.876509567765495,-0.0641585251716266,2.6592458958757286,-0.27829835173092005,RU,40.5,nM,dissociation,780.0,900.0
mAb-X-SCK,mAb-X,run-1,mAb-X-A1,A1-1430,1430.0,s,58.9516797684784,-0.22778651728801957,2.995411626725293,-0.09383815361938892,RU,40.5,nM,dissociation,780.0,900.0
mAb-X-SCK,mAb-X,run-1,mAb-X-A1,A1-1431,1431.0,s,58.89442751620813,0.26286743853086003,2.806891790540398,-0.1252631757064917,RU,40.5,nM,dissociation,780.0,900.0
mAb-X-SCK,mAb-X,run-1,mAb-X-A1,A1-1432,1432.0,s,58.72826096685056,0.14366343803483145,2.8991698257605596,-0.28953411583785416,RU,40.5,nM,dissociation,780.0,900.0
mAb-X-SCK,mAb-X,run-1,mAb-X-A1,A1-1433,1433.0,s,58.92942472305459,0.04345513558505442,2.8618113800629934,0.15353690406585366,RU,40.5,nM,dissociation,780.0,900.0
mAb-X-SCK,mAb-X,run-1,mAb-X-A1,A1-1434,1434.0,s,58.80200452241607,-0.0586299635570002,2.850681151231773,0.13238331328240516,RU,40.5,nM,dissociation,780.0,900.0
mAb-X-SCK,mAb-X,run-1,mAb-X-A1,A1-1435,1435.0,s,58.67529065777607,0.14841876421870634,2.763251787159692,0.25034435416892065,RU,40.5,nM,dissociation,780.0,900.0
mAb-X-SCK,mAb-X,run-1,mAb-X-A1,A1-1436,1436.0,s,59.11860590304063,-0.07431441477648913,2.6368381748414778,-0.20548177105199364,RU,40.5,nM,dissociation,780.0,900.0
mAb-X-SCK,mAb-X,run-1,mAb-X-A1,A1-1437,1437.0,s,58.63598617876268,0.18517444053261156,2.797028292862668,0.21952435092686726,RU,40.5,nM,dissociation,780.0,900.0
mAb-X-SCK,mAb-X,run-1,mAb-X-A1,A1-1438,1438.0,s,58.62398933850695,-0.014119662669837697,2.7480819291775616,0.0627973216846898,RU,40.5,nM,dissociation,780.0,900.0
mAb-X-SCK,mAb-X,run-1,mAb-X-A1,A1-1439,1439.0,s,58.86417620718828,-0.042629985015056125,2.7289428098380593,-0.2023236748754157,RU,40.5,nM,dissociation,780.0,900.0
mAb-X-SCK,mAb-X,run-1,mAb-X-A1,A1-1440,1440.0,s,58.53144448760686,-0.09732442711949091,2.6657834269984466,-0.0334034301956601,RU,40.5,nM,dissociation,780.0,900.0
mAb-X-SCK,mAb-X,run-1,mAb-X-A1,A1-1441,1441.0,s,58.63084871700293,0.08130207277781122,2.8566615888261846,0.28471814879227014,RU,40.5,nM,dissociation,780.0,900.0
mAb-X-SCK,mAb-X,run-1,mAb-X-A1,A1-1442,1442.0,s,58.51794653070043,0.0020038773401119957,2.4761453055010594,-0.0683191059769976,RU,40.5,nM,dissociation,780.0,900.0
mAb-X-SCK,mAb-X,run-1,mAb-X-A1,A1-1443,1443.0,s,58.701352652869936,-0.3070798071138054,2.8540416760904987,0.04780331967184087,RU,40.5,nM,dissociation,780.0,900.0
mAb-X-SCK,mAb-X,run-1,mAb-X-A1,A1-1444,1444.0,s,58.543400391170756,0.029539029558479174,2.8929970775897313,-0.052069695350067384,RU,40.5,nM,dissociation,780.0,900.0
mAb-X-SCK,mAb-X,run-1,mAb-X-A1,A1-1445,1445.0,s,58.49818727312232,-0.05310281169209073,2.7181666079322193,-0.11835714316318875,RU,40.5,nM,dissociation,780.0,900.0
mAb-X-SCK,mAb-X,run-1,mAb-X-A1,A1-1446,1446.0,s,58.372729163425625,0.11223136584384306,2.8415241103932134,-0.06659427140349079,RU,40.5,nM,dissociation,780.0,900.0
mAb-X-SCK,mAb-X,run-1,mAb-X-A1,A1-1447,1447.0,s,58.50535514893812,-0.018819283354205,3.2425856779612774,0.01384844554194933,RU,40.5,nM,dissociation,780.0,900.0
mAb-X-SCK,mAb-X,run-1,mAb-X-A1,A1-1448,1448.0,s,58.50195493020824,-0.17402230316408893,2.7350309117334795,-0.10662774076853342,RU,40.5,nM,dissociation,780.0,900.0
mAb-X-SCK,mAb-X,run-1,mAb-X-A1,A1-1449,1449.0,s,58.33482146937591,0.09897522139995221,2.506794912925547,0.000802624864453333,RU,40.5,nM,dissociation,780.0,900.0
mAb-X-SCK,mAb-X,run-1,mAb-X-A1,A1-1450,1450.0,s,58.49469220935659,-0.059623596358307954,2.7476374666190484,-0.1190933555886246,RU,40.5,nM,dissociation,780.0,900.0
mAb-X-SCK,mAb-X,run-1,mAb-X-A1,A1-1451,1451.0,s,58.54821127148089,-0.11727817851620143,2.962882315462864,0.30813554499520235,RU,40.5,nM,dissociation,780.0,900.0
mAb-X-SCK,mAb-X,run-1,mAb-X-A1,A1-1452,1452.0,s,58.4989602358981,0.05637389089628327,2.8450099053428257,-0.09870719067219713,RU,40.5,nM,dissociation,780.0,900.0
mAb-X-SCK,mAb-X,run-1,mAb-X-A1,A1-1453,1453.0,s,58.35940629704099,-0.12558106394010177,2.769883351006373,-0.06840667463979697,RU,40.5,nM,dissociation,780.0,900.0
mAb-X-SCK,mAb-X,run-1,mAb-X-A1,A1-1454,1454.0,s,58.10124264926039,-0.15396583735077377,2.7951659314793034,-0.02127678438356527,RU,40.5,nM,dissociation,780.0,900.0
mAb-X-SCK,mAb-X,run-1,mAb-X-A1,A1-1455,1455.0,s,58.11735627448885,-0.04664999053918548,2.8028112482773277,-0.20325577910937295,RU,40.5,nM,dissociation,780.0,900.0
mAb-X-SCK,mAb-X,run-1,mAb-X-A1,A1-1456,1456.0,s,58.384898635233235,-0.35845887359732187,3.0828515151554052,-0.12519680272705477,RU,40.5,nM,dissociation,780.0,900.0
mAb-X-SCK,mAb-X,run-1,mAb-X-A1,A1-1457,1457.0,s,58.171407718016205,0.08633238320693265,2.7457662788585804,0.05352099987269747,RU,40.5,nM,dissociation,780.0,900.0
mAb-X-SCK,mAb-X,run-1,mAb-X-A1,A1-1458,1458.0,s,58.080263591017854,-0.06647323276044187,2.974025221505751,0.3230843111603464,RU,40.5,nM,dissociation,780.0,900.0
mAb-X-SCK,mAb-X,run-1,mAb-X-A1,A1-1459,1459.0,s,58.03084668916831,-0.06547859680793999,2.7047944329314118,0.07245543062211528,RU,40.5,nM,dissociation,780.0,900.0
mAb-X-SCK,mAb-X,run-1,mAb-X-A1,A1-1460,1460.0,s,58.15125949384094,-0.12379897038438588,2.9404193249362844,0.1672971601418075,RU,40.5,nM,dissociation,780.0,900.0
mAb-X-SCK,mAb-X,run-1,mAb-X-A1,A1-1461,1461.0,s,58.22648980648361,-0.2824281251330519,3.0393623423692087,0.05418723377933499,RU,40.5,nM,dissociation,780.0,900.0
mAb-X-SCK,mAb-X,run-1,mAb-X-A1,A1-1462,1462.0,s,58.41491462285236,0.1956424552962719,3.053108998435653,-0.08214603688186657,RU,40.5,nM,dissociation,780.0,900.0
mAb-X-SCK,mAb-X,run-1,mAb-X-A1,A1-1463,1463.0,s,58.008805303266605,0.11931298626437963,3.017293927396423,-0.030925076037505182,RU,40.5,nM,dissociation,780.0,900.0
mAb-X-SCK,mAb-X,run-1,mAb-X-A1,A1-1464,1464.0,s,57.80350269270045,-0.006440591116694904,2.9500419268649063,-0.011151932271922788,RU,40.5,nM,dissociation,780.0,900.0
mAb-X-SCK,mAb-X,run-1,mAb-X-A1,A1-1465,1465.0,s,57.998388250550754,0.1455445171743159,2.81616872550265,0.06584886954834236,RU,40.5,nM,dissociation,780.0,900.0
mAb-X-SCK,mAb-X,run-1,mAb-X-A1,A1-1466,1466.0,s,58.12015805792695,0.11585350042625055,3.2679255903675126,0.1853836625939151,RU,40.5,nM,dissociation,780.0,900.0
mAb-X-SCK,mAb-X,run-1,mAb-X-A1,A1-1467,1467.0,s,58.01872842571383,-0.1507903032855139,2.7982897506283315,0.03533170328274431,RU,40.5,nM,dissociation,780.0,900.0
mAb-X-SCK,mAb-X,run-1,mAb-X-A1,A1-1468,1468.0,s,57.93526991182636,0.063762924531704,2.7955852350429478,-0.05310441931629708,RU,40.5,nM,dissociation,780.0,900.0
mAb-X-SCK,mAb-X,run-1,mAb-X-A1,A1-1469,1469.0,s,57.82058102859311,-0.057027184821657556,2.840610227283708,0.05692713249965635,RU,40.5,nM,dissociation,780.0,900.0
mAb-X-SCK,mAb-X,run-1,mAb-X-A1,A1-1470,1470.0,s,57.58064909950144,0.05945612573189073,2.7545183540626312,0.041191356189987836,RU,40.5,nM,dissociation,780.0,900.0
mAb-X-SCK,mAb-X,run-1,mAb-X-A1,A1-1471,1471.0,s,57.75112149072417,0.041814678821404994,2.993111133656486,0.036981990278606776,RU,40.5,nM,dissociation,780.0,900.0
mAb-X-SCK,mAb-X,run-1,mAb-X-A1,A1-1472,1472.0,s,57.541275866382,0.2745537277757308,3.1653422205629838,0.06086658506944849,RU,40.5,nM,dissociation,780.0,900.0
mAb-X-SCK,mAb-X,run-1,mAb-X-A1,A1-1473,1473.0,s,57.971571885971564,0.08292059730053065,3.0008507120883814,0.038869182365856896,RU,40.5,nM,dissociation,780.0,900.0
mAb-X-SCK,mAb-X,run-1,mAb-X-A1,A1-1474,1474.0,s,57.645479452646185,0.11936111193167277,2.9600732668809675,0.07340467564167133,RU,40.5,nM,dissociation,780.0,900.0
mAb-X-SCK,mAb-X,run-1,mAb-X-A1,A1-1475,1475.0,s,57.94469080433011,-0.23345691941788768,2.8126906401913274,-0.09067362588500617,RU,40.5,nM,dissociation,780.0,900.0
mAb-X-SCK,mAb-X,run-1,mAb-X-A1,A1-1476,1476.0,s,57.781268470938066,-0.27494212143751506,2.665864863104809,0.02970715263577815,RU,40.5,nM,dissociation,780.0,900.0
mAb-X-SCK,mAb-X,run-1,mAb-X-A1,A1-1477,1477.0,s,57.70172277281234,0.03276379365283612,3.09934388801138,0.19966720302145094,RU,40.5,nM,dissociation,780.0,900.0
mAb-X-SCK,mAb-X,run-1,mAb-X-A1,A1-1478,1478.0,s,57.772316495892,0.4492565268168685,2.9022842925252754,-0.16025820120233455,RU,40.5,nM,dissociation,780.0,900.0
mAb-X-SCK,mAb-X,run-1,mAb-X-A1,A1-1479,1479.0,s,57.58457745635997,0.16412364959580936,3.0513312854078642,0.04419309289566741,RU,40.5,nM,dissociation,780.0,900.0
mAb-X-SCK,mAb-X,run-1,mAb-X-A1,A1-1480,1480.0,s,57.69772584131997,0.26433198812217096,2.9413970299748144,0.03276786822186598,RU,40.5,nM,dissociation,780.0,900.0
mAb-X-SCK,mAb-X,run-1,mAb-X-A1,A1-1481,1481.0,s,57.534901203187246,-0.06375621186881486,3.1811466538000235,0.0325338763919604,RU,40.5,nM,dissociation,780.0,900.0
mAb-X-SCK,mAb-X,run-1,mAb-X-A1,A1-1482,1482.0,s,57.60970004425978,0.14459806511142073,3.0705935322914817,0.10572323318564902,RU,40.5,nM,dissociation,780.0,900.0
mAb-X-SCK,mAb-X,run-1,mAb-X-A1,A1-1483,1483.0,s,57.58662984408036,0.0057150667449896156,3.054240167434701,0.01381265193834036,RU,40.5,nM,dissociation,780.0,900.0
mAb-X-SCK,mAb-X,run-1,mAb-X-A1,A1-1484,1484.0,s,57.54154406943749,0.19139626266314316,2.9912537478104793,-0.20347982699490527,RU,40.5,nM,dissociation,780.0,900.0
mAb-X-SCK,mAb-X,run-1,mAb-X-A1,A1-1485,1485.0,s,57.40119040525508,-0.15449715309882514,2.964289939101178,0.2082666679434269,RU,40.5,nM,dissociation,780.0,900.0
mAb-X-SCK,mAb-X,run-1,mAb-X-A1,A1-1486,1486.0,s,57.44483554992022,0.15667836912722297,3.002521781838811,0.21420799430604662,RU,40.5,nM,dissociation,780.0,900.0
mAb-X-SCK,mAb-X,run-1,mAb-X-A1,A1-1487,1487.0,s,57.57020781024679,0.18283373175259285,3.1785798079105625,0.11449632501435272,RU,40.5,nM,dissociation,780.0,900.0
mAb-X-SCK,mAb-X,run-1,mAb-X-A1,A1-1488,1488.0,s,57.454186515843965,-0.06745055874170923,3.0288585463822937,-0.2464561480473434,RU,40.5,nM,dissociation,780.0,900.0
mAb-X-SCK,mAb-X,run-1,mAb-X-A1,A1-1489,1489.0,s,57.45015268103611,-0.004580321638579777,3.0230867841107476,0.0819438147811792,RU,40.5,nM,dissociation,780.0,900.0
mAb-X-SCK,mAb-X,run-1,mAb-X-A1,A1-1490,1490.0,s,57.27174958199175,-0.030718042029948666,2.73900026346601,0.15607011434467868,RU,40.5,nM,dissociation,780.0,900.0
mAb-X-SCK,mAb-X,run-1,mAb-X-A1,A1-1491,1491.0,s,57.103124430641756,-0.06955334908924543,3.159921124000029,-0.47808217460689173,RU,40.5,nM,dissociation,780.0,900.0
mAb-X-SCK,mAb-X,run-1,mAb-X-A1,A1-1492,1492.0,s,57.15061524339883,-0.16408778752378658,3.151600557866188,-0.06490298596774909,RU,40.5,nM,dissociation,780.0,900.0
mAb-X-SCK,mAb-X,run-1,mAb-X-A1,A1-1493,1493.0,s,57.28971534650191,-0.07172584173994194,2.8255207703488936,0.16495506749908126,RU,40.5,nM,dissociation,780.0,900.0
mAb-X-SCK,mAb-X,run-1,mAb-X-A1,A1-1494,1494.0,s,57.26462344171879,0.04327267570547697,2.890961841015596,0.15795339569719535,RU,40.5,nM,dissociation,780.0,900.0
mAb-X-SCK,mAb-X,run-1,mAb-X-A1,A1-1495,1495.0,s,56.9605550209749,-0.09625874768001987,3.2595609106443777,-0.13271819888251982,RU,40.5,nM,dissociation,780.0,900.0
mAb-X-SCK,mAb-X,run-1,mAb-X-A1,A1-1496,1496.0,s,57.61778495616587,0.10971209865563895,2.8683396972496102,-0.08800415580756032,RU,40.5,nM,dissociation,780.0,900.0
mAb-X-SCK,mAb-X,run-1,mAb-X-A1,A1-1497,1497.0,s,57.277096022406624,0.04797926199151543,3.0990258975005545,-0.25628386003028797,RU,40.5,nM,dissociation,780.0,900.0
mAb-X-SCK,mAb-X,run-1,mAb-X-A1,A1-1498,1498.0,s,57.236569034634215,-0.11164151248931735,2.8907237810696267,0.1917244703919042,RU,40.5,nM,dissociation,780.0,900.0
mAb-X-SCK,mAb-X,run-1,mAb-X-A1,A1-1499,1499.0,s,56.81942042549369,0.18447851082074931,3.11346174746891,0.12757770344431285,RU,40.5,nM,dissociation,780.0,900.0
mAb-X-SCK,mAb-X,run-1,mAb-X-A1,A1-1500,1500.0,s,57.34753965617466,-0.10770396991920442,3.2380256570411476,-0.2199001803413755,RU,40.5,nM,dissociation,780.0,900.0
mAb-X-SCK,mAb-X,run-1,mAb-X-A1,A1-1501,1501.0,s,57.19670179649599,0.13045651855155682,2.7974656126036956,-0.29068759256560434,RU,40.5,nM,dissociation,780.0,900.0
mAb-X-SCK,mAb-X,run-1,mAb-X-A1,A1-1502,1502.0,s,56.8460365260246,0.20270735450937202,3.007435481364003,-0.10543182045161695,RU,40.5,nM,dissociation,780.0,900.0
mAb-X-SCK,mAb-X,run-1,mAb-X-A1,A1-1503,1503.0,s,57.10250276141647,-0.21230345452385607,3.2317388251280663,-0.012709524854725372,RU,40.5,nM,dissociation,780.0,900.0
mAb-X-SCK,mAb-X,run-1,mAb-X-A1,A1-1504,1504.0,s,56.977086541623635,-0.029510644157713053,2.95006092896826,-0.12335169776211706,RU,40.5,nM,dissociation,780.0,900.0
mAb-X-SCK,mAb-X,run-1,mAb-X-A1,A1-1505,1505.0,s,56.98881675185731,0.06739194429827178,2.861898455151254,0.017604754907407122,RU,40.5,nM,dissociation,780.0,900.0
mAb-X-SCK,mAb-X,run-1,mAb-X-A1,A1-1506,1506.0,s,56.94142803307119,0.2925668186569809,2.8842416246606546,-0.02581392177731115,RU,40.5,nM,dissociation,780.0,900.0
mAb-X-SCK,mAb-X,run-1,mAb-X-A1,A1-1507,1507.0,s,56.91533263787576,-0.25873023260355793,3.057142503776015,0.1462289803135077,RU,40.5,nM,dissociation,780.0,900.0
mAb-X-SCK,mAb-X,run-1,mAb-X-A1,A1-1508,1508.0,s,56.939973299165906,-0.08983387107807479,3.1717495546820627,-0.25752730959020087,RU,40.5,nM,dissociation,780.0,900.0
mAb-X-SCK,mAb-X,run-1,mAb-X-A1,A1-1509,1509.0,s,56.696999400342136,-0.2115851826071404,3.0523608702026546,-0.04628048702902292,RU,40.5,nM,dissociation,780.0,900.0
mAb-X-SCK,mAb-X,run-1,mAb-X-A1,A1-1510,1510.0,s,56.84980706969212,0.017211103755779843,2.772585655983512,0.12442444222906673,RU,40.5,nM,dissociation,780.0,900.0
mAb-X-SCK,mAb-X,run-1,mAb-X-A1,A1-1511,1511.0,s,57.02703623779143,-0.008867590897446494,3.3507231899958687,-0.12035426804900809,RU,40.5,nM,dissociation,780.0,900.0
mAb-X-SCK,mAb-X,run-1,mAb-X-A1,A1-1512,1512.0,s,56.934947580325,-0.033269405527306756,2.92363015102122,0.014746197277769695,RU,40.5,nM,dissociation,780.0,900.0
mAb-X-SCK,mAb-X,run-1,mAb-X-A1,A1-1513,1513.0,s,56.63587776450831,0.011804022570226684,3.034404101692827,-0.2055004518407542,RU,40.5,nM,dissociation,780.0,900.0
mAb-X-SCK,mAb-X,run-1,mAb-X-A1,A1-1514,1514.0,s,56.69764030748131,0.28299442642271366,3.042778283261079,0.3087564493763448,RU,40.5,nM,dissociation,780.0,900.0
mAb-X-SCK,mAb-X,run-1,mAb-X-A1,A1-1515,1515.0,s,56.68167804521329,-0.13055569148972168,2.923139457429086,0.13065639577700977,RU,40.5,nM,dissociation,780.0,900.0
mAb-X-SCK,mAb-X,run-1,mAb-X-A1,A1-1516,1516.0,s,56.70473571908785,0.20110313601586202,3.1203993632917464,0.21309424914032643,RU,40.5,nM,dissociation,780.0,900.0
mAb-X-SCK,mAb-X,run-1,mAb-X-A1,A1-1517,1517.0,s,56.76420560360275,0.05812895715492219,3.059359773804813,-0.14341403765535565,RU,40.5,nM,dissociation,780.0,900.0
mAb-X-SCK,mAb-X,run-1,mAb-X-A1,A1-1518,1518.0,s,56.42099408553283,0.024521987730592647,2.984634629131151,-0.03088661907290255,RU,40.5,nM,dissociation,780.0,900.0
mAb-X-SCK,mAb-X,run-1,mAb-X-A1,A1-1519,1519.0,s,56.63569428385641,0.15489218693697776,2.9304154061231444,-0.13283194437581694,RU,40.5,nM,dissociation,780.0,900.0
mAb-X-SCK,mAb-X,run-1,mAb-X-A1,A1-1520,1520.0,s,56.79640514116655,-0.2502803054946556,2.9454649368770984,0.1504136690708536,RU,40.5,nM,dissociation,780.0,900.0
mAb-X-SCK,mAb-X,run-1,mAb-X-A1,A1-1521,1521.0,s,56.58392705340612,-0.0796112647868427,3.18775280736522,-0.18937966687428362,RU,40.5,nM,dissociation,780.0,900.0
mAb-X-SCK,mAb-X,run-1,mAb-X-A1,A1-1522,1522.0,s,56.644680552225445,-0.1262848840758899,3.0611186114178293,-0.11943825510217532,RU,40.5,nM,dissociation,780.0,900.0
mAb-X-SCK,mAb-X,run-1,mAb-X-A1,A1-1523,1523.0,s,56.695478714607745,0.028361978013119446,3.164639691867382,-0.16496233315785302,RU,40.5,nM,dissociation,780.0,900.0
mAb-X-SCK,mAb-X,run-1,mAb-X-A1,A1-1524,1524.0,s,56.658026310738485,-0.045308361205932804,3.1735539054305284,0.004869088939742751,RU,40.5,nM,dissociation,780.0,900.0
mAb-X-SCK,mAb-X,run-1,mAb-X-A1,A1-1525,1525.0,s,56.50371024526741,0.19187522268390172,3.170287226830466,-0.07226480481759832,RU,40.5,nM,dissociation,780.0,900.0
mAb-X-SCK,mAb-X,run-1,mAb-X-A1,A1-1526,1526.0,s,56.59198713260668,-0.053225223240130286,2.9688037535169824,-0.059653133988201684,RU,40.5,nM,dissociation,780.0,900.0
mAb-X-SCK,mAb-X,run-1,mAb-X-A1,A1-1527,1527.0,s,56.51083270060509,0.07617402544770259,3.006338791926382,-0.1542368036871875,RU,40.5,nM,dissociation,780.0,900.0
mAb-X-SCK,mAb-X,run-1,mAb-X-A1,A1-1528,1528.0,s,56.415054549053835,-0.017110935348671676,3.030359808409769,0.2164908637738153,RU,40.5,nM,dissociation,780.0,900.0
mAb-X-SCK,mAb-X,run-1,mAb-X-A1,A1-1529,1529.0,s,56.46082567837603,0.1795900663162487,2.901873041511014,0.2467795743299283,RU,40.5,nM,dissociation,780.0,900.0
mAb-X-SCK,mAb-X,run-1,mAb-X-A1,A1-1530,1530.0,s,56.10541767714954,0.04606381010052831,3.076561840564515,0.019862364679399284,RU,40.5,nM,dissociation,780.0,900.0
mAb-X-SCK,mAb-X,run-1,mAb-X-A1,A1-1531,1531.0,s,56.2529340082751,0.017478006789356005,2.871209845293844,-0.20371046138645418,RU,40.5,nM,dissociation,780.0,900.0
mAb-X-SCK,mAb-X,run-1,mAb-X-A1,A1-1532,1532.0,s,56.257392956278714,0.2436114421809604,3.1698774358269377,0.15337527128038728,RU,40.5,nM,dissociation,780.0,900.0
mAb-X-SCK,mAb-X,run-1,mAb-X-A1,A1-1533,1533.0,s,56.04975188649059,0.05058972069793201,3.04673385938299,-0.06572720597272308,RU,40.5,nM,dissociation,780.0,900.0
mAb-X-SCK,mAb-X,run-1,mAb-X-A1,A1-1534,1534.0,s,56.362452588147605,-0.12630167225111746,3.2661121107265454,0.46629705043151365,RU,40.5,nM,dissociation,780.0,900.0
mAb-X-SCK,mAb-X,run-1,mAb-X-A1,A1-1535,1535.0,s,56.53443346577661,-0.11229382954852209,3.028957156443381,-0.1761883786169484,RU,40.5,nM,dissociation,780.0,900.0
mAb-X-SCK,mAb-X,run-1,mAb-X-A1,A1-1536,1536.0,s,56.60765672167232,0.09689035723487284,3.0276023663417364,-0.04910183188663932,RU,40.5,nM,dissociation,780.0,900.0
mAb-X-SCK,mAb-X,run-1,mAb-X-A1,A1-1537,1537.0,s,55.995936934708745,-0.09249616397971462,3.086428707488332,-0.028928436019602356,RU,40.5,nM,dissociation,780.0,900.0
mAb-X-SCK,mAb-X,run-1,mAb-X-A1,A1-1538,1538.0,s,56.29640192733907,0.051735916043906566,2.892260060964819,0.03507784804863891,RU,40.5,nM,dissociation,780.0,900.0
mAb-X-SCK,mAb-X,run-1,mAb-X-A1,A1-1539,1539.0,s,56.519276996379645,-0.10611029130979412,3.3361218849354803,0.026686716785597756,RU,40.5,nM,dissociation,780.0,900.0
mAb-X-SCK,mAb-X,run-1,mAb-X-A1,A1-1540,1540.0,s,56.279983307995806,-0.02369994630357789,3.141336951863489,-0.048414394348968645,RU,40.5,nM,dissociation,780.0,900.0
mAb-X-SCK,mAb-X,run-1,mAb-X-A1,A1-1541,1541.0,s,56.12730501758375,-0.20090836617971602,2.817188424945447,0.015016680283847474,RU,40.5,nM,dissociation,780.0,900.0
mAb-X-SCK,mAb-X,run-1,mAb-X-A1,A1-1542,1542.0,s,56.104199702841655,0.12650666564711374,2.9852996796843367,0.0325933185645268,RU,40.5,nM,dissociation,780.0,900.0
mAb-X-SCK,mAb-X,run-1,mAb-X-A1,A1-1543,1543.0,s,55.89894017672092,-0.047172834081613275,3.0388688909415476,-0.17119851631804553,RU,40.5,nM,dissociation,780.0,900.0
mAb-X-SCK,mAb-X,run-1,mAb-X-A1,A1-1544,1544.0,s,56.22220034651283,-0.023396634977283875,3.017371674547058,0.05592624963888895,RU,40.5,nM,dissociation,780.0,900.0
mAb-X-SCK,mAb-X,run-1,mAb-X-A1,A1-1545,1545.0,s,56.06971537039753,-0.19690977959039546,3.2195550958151777,0.24630030215888765,RU,40.5,nM,dissociation,780.0,900.0
mAb-X-SCK,mAb-X,run-1,mAb-X-A1,A1-1546,1546.0,s,55.77260185370812,0.22014900265224194,3.03303756943346,0.027658521304130716,RU,40.5,nM,dissociation,780.0,900.0
mAb-X-SCK,mAb-X,run-1,mAb-X-A1,A1-1547,1547.0,s,55.72117492426821,-0.337155149027798,3.221130342846031,-0.03596298576232416,RU,40.5,nM,dissociation,780.0,900.0
mAb-X-SCK,mAb-X,run-1,mAb-X-A1,A1-1548,1548.0,s,55.63766072967987,0.1713638754671381,3.1185009440119313,0.0016204015176201994,RU,40.5,nM,dissociation,780.0,900.0
mAb-X-SCK,mAb-X,run-1,mAb-X-A1,A1-1549,1549.0,s,56.158278737817504,0.06176867755969049,3.0430310279661135,0.13709409020180022,RU,40.5,nM,dissociation,780.0,900.0
mAb-X-SCK,mAb-X,run-1,mAb-X-A1,A1-1550,1550.0,s,56.26444324674644,0.10610443159806007,2.94119060429536,0.0921423396688974,RU,40.5,nM,dissociation,780.0,900.0
mAb-X-SCK,mAb-X,run-1,mAb-X-A1,A1-1551,1551.0,s,56.01343162380716,-0.09111801228767119,3.3274332539871874,-0.24968275968637918,RU,40.5,nM,dissociation,780.0,900.0
mAb-X-SCK,mAb-X,run-1,mAb-X-A1,A1-1552,1552.0,s,55.56223304551324,-0.07556166904113225,3.261008838934797,0.25521266923035785,RU,40.5,nM,dissociation,780.0,900.0
mAb-X-SCK,mAb-X,run-1,mAb-X-A1,A1-1553,1553.0,s,55.829473095013086,0.027935525262044677,3.377768448254361,-0.1396416958737036,RU,40.5,nM,dissociation,780.0,900.0
mAb-X-SCK,mAb-X,run-1,mAb-X-A1,A1-1554,1554.0,s,56.02606642389402,-0.004830069817042776,2.926880197764732,0.04579056243694261,RU,40.5,nM,dissociation,780.0,900.0
mAb-X-SCK,mAb-X,run-1,mAb-X-A1,A1-1555,1555.0,s,55.55548449685613,0.05801142380745559,3.0058958719172435,-0.11605918179519034,RU,40.5,nM,dissociation,780.0,900.0
mAb-X-SCK,mAb-X,run-1,mAb-X-A1,A1-1556,1556.0,s,55.76838530677446,0.01009223008723477,3.015143633196488,-0.035284060111368594,RU,40.5,nM,dissociation,780.0,900.0
mAb-X-SCK,mAb-X,run-1,mAb-X-A1,A1-1557,1557.0,s,55.7512704793481,0.029986494234762143,2.900837139505615,-0.09089835322717564,RU,40.5,nM,dissociation,780.0,900.0
mAb-X-SCK,mAb-X,run-1,mAb-X-A1,A1-1558,1558.0,s,55.750539253233924,-0.3633681771187648,3.025689385546614,-0.08200978407739676,RU,40.5,nM,dissociation,780.0,900.0
mAb-X-SCK,mAb-X,run-1,mAb-X-A1,A1-1559,1559.0,s,55.58075252010625,0.020947069015074593,3.322627728751782,0.118079472521634,RU,40.5,nM,dissociation,780.0,900.0
mAb-X-SCK,mAb-X,run-1,mAb-X-A1,A1-1560,1560.0,s,55.42318067831862,0.23341128144911719,3.044363637763964,0.16530498646524308,RU,40.5,nM,dissociation,780.0,900.0
mAb-X-SCK,mAb-X,run-1,mAb-X-A1,A1-1561,1561.0,s,55.63386518886238,-0.07556312714763862,3.3727049145858623,0.06670987801977554,RU,40.5,nM,dissociation,780.0,900.0
mAb-X-SCK,mAb-X,run-1,mAb-X-A1,A1-1562,1562.0,s,55.73130062690435,0.05268364952663608,3.022964776566326,-0.14638221985173522,RU,40.5,nM,dissociation,780.0,900.0
mAb-X-SCK,mAb-X,run-1,mAb-X-A1,A1-1563,1563.0,s,55.33269996776434,-0.1800364188926781,3.265786056127095,-0.05071587797879607,RU,40.5,nM,dissociation,780.0,900.0
mAb-X-SCK,mAb-X,run-1,mAb-X-A1,A1-1564,1564.0,s,55.25453917952515,0.3334461556541124,3.10657744473274,0.16527746383903497,RU,40.5,nM,dissociation,780.0,900.0
mAb-X-SCK,mAb-X,run-1,mAb-X-A1,A1-1565,1565.0,s,55.32550754059614,0.027036704218139238,3.1722025988088824,0.022203846568926953,RU,40.5,nM,dissociation,780.0,900.0
mAb-X-SCK,mAb-X,run-1,mAb-X-A1,A1-1566,1566.0,s,55.6889699049386,-0.23979979611482388,3.0678523383466403,0.1801856137165959,RU,40.5,nM,dissociation,780.0,900.0
mAb-X-SCK,mAb-X,run-1,mAb-X-A1,A1-1567,1567.0,s,55.363602040102585,-0.1931518756797976,3.1172131364288784,0.0494148094606443,RU,40.5,nM,dissociation,780.0,900.0
mAb-X-SCK,mAb-X,run-1,mAb-X-A1,A1-1568,1568.0,s,55.35507796486377,0.2017846914426449,3.3670897629459677,-0.2459615582073587,RU,40.5,nM,dissociation,780.0,900.0
mAb-X-SCK,mAb-X,run-1,mAb-X-A1,A1-1569,1569.0,s,55.320869630437855,0.08911138061171636,3.1307471896027868,-0.3053478882895123,RU,40.5,nM,dissociation,780.0,900.0
mAb-X-SCK,mAb-X,run-1,mAb-X-A1,A1-1570,1570.0,s,55.1472433064644,-0.04628641024206324,3.0713977754185673,0.10884050847757619,RU,40.5,nM,dissociation,780.0,900.0
mAb-X-SCK,mAb-X,run-1,mAb-X-A1,A1-1571,1571.0,s,55.317357799656435,-0.2128384552765054,3.415247074304046,-0.07205049930076383,RU,40.5,nM,dissociation,780.0,900.0
mAb-X-SCK,mAb-X,run-1,mAb-X-A1,A1-1572,1572.0,s,55.25371672105608,-0.024246635582321003,3.255761252659492,0.263688794843569,RU,40.5,nM,dissociation,780.0,900.0
mAb-X-SCK,mAb-X,run-1,mAb-X-A1,A1-1573,1573.0,s,55.295473117221405,-0.027954611742142244,3.234942228943554,0.1908883873739201,RU,40.5,nM,dissociation,780.0,900.0
mAb-X-SCK,mAb-X,run-1,mAb-X-A1,A1-1574,1574.0,s,55.15052869623538,-0.0010916457544298602,3.1806896501320305,0.31942597630499747,RU,40.5,nM,dissociation,780.0,900.0
mAb-X-SCK,mAb-X,run-1,mAb-X-A1,A1-1575,1575.0,s,55.3709064686032,-0.03999163896649103,3.0670686448049174,-0.02177811901327306,RU,40.5,nM,dissociation,780.0,900.0
mAb-X-SCK,mAb-X,run-1,mAb-X-A1,A1-1576,1576.0,s,55.11835648885661,-0.05580246646391801,3.0526798098435974,-0.26975819827369635,RU,40.5,nM,dissociation,780.0,900.0
mAb-X-SCK,mAb-X,run-1,mAb-X-A1,A1-1577,1577.0,s,55.3649962399091,0.03945458967120045,3.089531256581382,0.13266677368610505,RU,40.5,nM,dissociation,780.0,900.0
mAb-X-SCK,mAb-X,run-1,mAb-X-A1,A1-1578,1578.0,s,55.006476369723714,0.020721442244194716,3.280401095233566,-0.17122050369068578,RU,40.5,nM,dissociation,780.0,900.0
mAb-X-SCK,mAb-X,run-1,mAb-X-A1,A1-1579,1579.0,s,54.9502745149685,0.2868078365385968,3.075561946835117,0.22740393340039683,RU,40.5,nM,dissociation,780.0,900.0
mAb-X-SCK,mAb-X,run-1,mAb-X-A1,A1-1580,1580.0,s,55.032483931593426,0.039746706538324635,3.270894638135974,0.0035656198442241714,RU,40.5,nM,dissociation,780.0,900.0
mAb-X-SCK,mAb-X,run-1,mAb-X-A1,A1-1581,1581.0,s,55.13241069586955,0.16507586896507503,3.222992174382981,-0.2221175262602118,RU,40.5,nM,dissociation,780.0,900.0
mAb-X-SCK,mAb-X,run-1,mAb-X-A1,A1-1582,1582.0,s,54.96359568915825,-0.17440868070041257,3.146459064546679,-0.07614581581819349,RU,40.5,nM,dissociation,780.0,900.0
mAb-X-SCK,mAb-X,run-1,mAb-X-A1,A1-1583,1583.0,s,54.928752034444905,-0.024780505402381987,3.077346368495695,0.04769292769700322,RU,40.5,nM,dissociation,780.0,900.0
mAb-X-SCK,mAb-X,run-1,mAb-X-A1,A1-1584,1584.0,s,55.043154931720764,0.03625782726535931,3.421514879518056,-0.18458770734602917,RU,40.5,nM,dissociation,780.0,900.0
mAb-X-SCK,mAb-X,run-1,mAb-X-A1,A1-1585,1585.0,s,55.006477100049594,0.04053888800168647,2.9798447933425374,0.12541734434988247,RU,40.5,nM,dissociation,780.0,900.0
mAb-X-SCK,mAb-X,run-1,mAb-X-A1,A1-1586,1586.0,s,55.07284988694473,-0.08218790057175271,3.403310225554029,-0.09361252122510438,RU,40.5,nM,dissociation,780.0,900.0
mAb-X-SCK,mAb-X,run-1,mAb-X-A1,A1-1587,1587.0,s,54.90383489011453,0.059471812284998676,3.1101187566617394,-0.13359928604013355,RU,40.5,nM,dissociation,780.0,900.0
mAb-X-SCK,mAb-X,run-1,mAb-X-A1,A1-1588,1588.0,s,55.14522580497995,0.0510326150363472,3.260376668433975,0.14898684262822565,RU,40.5,nM,dissociation,780.0,900.0
mAb-X-SCK,mAb-X,run-1,mAb-X-A1,A1-1589,1589.0,s,55.12083329143246,-0.01372436914634667,3.305172855940773,0.2670375089855628,RU,40.5,nM,dissociation,780.0,900.0
mAb-X-SCK,mAb-X,run-1,mAb-X-A1,A1-1590,1590.0,s,54.94018555540622,0.14065777368503915,3.4658337588015886,0.07014436804294134,RU,40.5,nM,dissociation,780.0,900.0
mAb-X-SCK,mAb-X,run-1,mAb-X-A1,A1-1591,1591.0,s,55.10008890596947,0.09303948141800424,2.9189899856237687,0.09779634122032752,RU,40.5,nM,dissociation,780.0,900.0
mAb-X-SCK,mAb-X,run-1,mAb-X-A1,A1-1592,1592.0,s,54.48266000366098,0.31311567369851073,3.0140078260872367,0.20524304584077,RU,40.5,nM,dissociation,780.0,900.0
mAb-X-SCK,mAb-X,run-1,mAb-X-A1,A1-1593,1593.0,s,54.81490832529378,0.06600010670681042,3.183514387929495,0.12832811366388505,RU,40.5,nM,dissociation,780.0,900.0
mAb-X-SCK,mAb-X,run-1,mAb-X-A1,A1-1594,1594.0,s,54.83274499111116,0.11051161068579866,3.4820661476679065,-0.049829604450475365,RU,40.5,nM,dissociation,780.0,900.0
mAb-X-SCK,mAb-X,run-1,mAb-X-A1,A1-1595,1595.0,s,54.82004249967631,-0.21939140985560104,3.458014156391863,-0.10254252552678528,RU,40.5,nM,dissociation,780.0,900.0
mAb-X-SCK,mAb-X,run-1,mAb-X-A1,A1-1596,1596.0,s,54.837297947478945,0.23511617952938443,3.520069042619343,0.05434228988541957,RU,40.5,nM,dissociation,780.0,900.0
mAb-X-SCK,mAb-X,run-1,mAb-X-A1,A1-1597,1597.0,s,54.59446588430691,0.20189182981725043,3.3252461585799913,-0.24843826987990955,RU,40.5,nM,dissociation,780.0,900.0
mAb-X-SCK,mAb-X,run-1,mAb-X-A1,A1-1598,1598.0,s,54.62937021106677,0.1912796230479268,3.2134880781305664,0.06838842418044795,RU,40.5,nM,dissociation,780.0,900.0
mAb-X-SCK,mAb-X,run-1,mAb-X-A1,A1-1599,1599.0,s,54.82719304571742,0.021969007813670536,2.9741875249221126,0.0753979649921399,RU,40.5,nM,dissociation,780.0,900.0
mAb-X-SCK,mAb-X,run-1,mAb-X-A1,A1-1600,1600.0,s,54.358449828825805,-0.012179185593141876,2.9442960389126935,0.1751916728840912,RU,40.5,nM,dissociation,780.0,900.0
mAb-X-SCK,mAb-X,run-1,mAb-X-A1,A1-1601,1601.0,s,54.75706482789229,-0.0430476697892267,3.1906787690701277,-0.02269722880667798,RU,40.5,nM,dissociation,780.0,900.0
mAb-X-SCK,mAb-X,run-1,mAb-X-A1,A1-1602,1602.0,s,54.96129183067947,0.4281659752807984,3.1561005776501228,0.04465768986054508,RU,40.5,nM,dissociation,780.0,900.0
mAb-X-SCK,mAb-X,run-1,mAb-X-A1,A1-1603,1603.0,s,54.445532985116586,0.023236676331723053,3.106670853940709,0.08747827976167888,RU,40.5,nM,dissociation,780.0,900.0
mAb-X-SCK,mAb-X,run-1,mAb-X-A1,A1-1604,1604.0,s,54.43895685265913,-0.11097158953077149,2.929230185422699,-0.020585465186080055,RU,40.5,nM,dissociation,780.0,900.0
mAb-X-SCK,mAb-X,run-1,mAb-X-A1,A1-1605,1605.0,s,54.54118752878662,-0.029150075185852657,3.273924823357413,-0.15647785236660697,RU,40.5,nM,dissociation,780.0,900.0
mAb-X-SCK,mAb-X,run-1,mAb-X-A1,A1-1606,1606.0,s,54.46234546367954,0.10219360949263855,3.2615607402866655,-0.2045765280798241,RU,40.5,nM,dissociation,780.0,900.0
mAb-X-SCK,mAb-X,run-1,mAb-X-A1,A1-1607,1607.0,s,54.47472024330819,0.19576323945808202,2.928278522267936,0.04089340649819778,RU,40.5,nM,dissociation,780.0,900.0
mAb-X-SCK,mAb-X,run-1,mAb-X-A1,A1-1608,1608.0,s,54.30147325098661,-0.039429129188180846,2.9155239589783983,0.09944485966596313,RU,40.5,nM,dissociation,780.0,900.0
mAb-X-SCK,mAb-X,run-1,mAb-X-A1,A1-1609,1609.0,s,54.26138209985466,-0.11259931179916816,3.2622364873770597,-0.23227144272680117,RU,40.5,nM,dissociation,780.0,900.0
mAb-X-SCK,mAb-X,run-1,mAb-X-A1,A1-1610,1610.0,s,54.368231273502275,0.12564895370023862,3.2199458348864485,0.06469111066431155,RU,40.5,nM,dissociation,780.0,900.0
mAb-X-SCK,mAb-X,run-1,mAb-X-A1,A1-1611,1611.0,s,54.494960349738214,0.04062430117110378,3.0742116319614508,-0.166162832580376,RU,40.5,nM,dissociation,780.0,900.0
mAb-X-SCK,mAb-X,run-1,mAb-X-A1,A1-1612,1612.0,s,54.43181338398139,-0.11145475329379512,3.4221730777227837,-0.06902713821914837,RU,40.5,nM,dissociation,780.0,900.0
mAb-X-SCK,mAb-X,run-1,mAb-X-A1,A1-1613,1613.0,s,54.54678561278004,-0.06917802706060842,3.311777360301538,-0.31078923674507125,RU,40.5,nM,dissociation,780.0,900.0
mAb-X-SCK,mAb-X,run-1,mAb-X-A1,A1-1614,1614.0,s,53.97021403670512,0.31471036178537065,3.2164795083205786,0.0005619278345148176,RU,40.5,nM,dissociation,780.0,900.0
mAb-X-SCK,mAb-X,run-1,mAb-X-A1,A1-1615,1615.0,s,54.32011156055838,0.08537991940372973,3.2175246677700606,-0.15127466583074328,RU,40.5,nM,dissociation,780.0,900.0
mAb-X-SCK,mAb-X,run-1,mAb-X-A1,A1-1616,1616.0,s,54.35811174066163,-0.26255089870754705,3.0719327957547007,-0.22140330284905207,RU,40.5,nM,dissociation,780.0,900.0
mAb-X-SCK,mAb-X,run-1,mAb-X-A1,A1-1617,1617.0,s,54.312211228037064,0.018262414029234116,3.2446110427944714,-0.15397233794055518,RU,40.5,nM,dissociation,780.0,900.0
mAb-X-SCK,mAb-X,run-1,mAb-X-A1,A1-1618,1618.0,s,54.40149755390146,-0.31133933285003734,2.9869471340983904,-0.03920365807031647,RU,40.5,nM,dissociation,780.0,900.0
mAb-X-SCK,mAb-X,run-1,mAb-X-A1,A1-1619,1619.0,s,54.275528965210114,0.08219227241500647,3.1994959180443816,-0.15070187084368028,RU,40.5,nM,dissociation,780.0,900.0
mAb-X-SCK,mAb-X,run-1,mAb-X-A1,A1-1620,1620.0,s,54.09401991941677,0.1657114647079876,3.39371090436252,-0.002275768804804271,RU,40.5,nM,dissociation,780.0,900.0
mAb-X-SCK,mAb-X,run-1,mAb-X-A1,A1-1621,1621.0,s,54.08684906804244,-0.12225821873978368,3.259249041238315,-0.03426303362001055,RU,40.5,nM,dissociation,780.0,900.0
mAb-X-SCK,mAb-X,run-1,mAb-X-A1,A1-1622,1622.0,s,54.352545501947844,-0.14269797233296352,3.177799424371414,0.05203084601601347,RU,40.5,nM,dissociation,780.0,900.0
mAb-X-SCK,mAb-X,run-1,mAb-X-A1,A1-1623,1623.0,s,53.9888468080934,-0.004381712935012409,3.3414003282319062,-0.1731534078213258,RU,40.5,nM,dissociation,780.0,900.0
mAb-X-SCK,mAb-X,run-1,mAb-X-A1,A1-1624,1624.0,s,54.325672287701835,-0.01958032379910855,3.031880899845433,-0.08492350627303207,RU,40.5,nM,dissociation,780.0,900.0
mAb-X-SCK,mAb-X,run-1,mAb-X-A1,A1-1625,1625.0,s,53.995811920345616,-0.010931478776294551,3.218754682750424,-0.09508827746949904,RU,40.5,nM,dissociation,780.0,900.0
mAb-X-SCK,mAb-X,run-1,mAb-X-A1,A1-1626,1626.0,s,54.22634487331195,-0.22956435384289475,3.1774720877530047,0.3504744589578805,RU,40.5,nM,dissociation,780.0,900.0
mAb-X-SCK,mAb-X,run-1,mAb-X-A1,A1-1627,1627.0,s,53.98057041226187,-0.06099331191031793,3.3032865348774783,-0.22470279140670005,RU,40.5,nM,dissociation,780.0,900.0
mAb-X-SCK,mAb-X,run-1,mAb-X-A1,A1-1628,1628.0,s,54.066651781230846,-0.028674817840534196,3.0727194927572206,0.06731110283702084,RU,40.5,nM,dissociation,780.0,900.0
mAb-X-SCK,mAb-X,run-1,mAb-X-A1,A1-1629,1629.0,s,53.964895463188576,0.02812758774278374,3.1987956342248123,-0.23851944374472708,RU,40.5,nM,dissociation,780.0,900.0
mAb-X-SCK,mAb-X,run-1,mAb-X-A1,A1-1630,1630.0,s,53.74266357199647,-0.11293652147816234,3.291234497744395,-0.12508751159093767,RU,40.5,nM,dissociation,780.0,900.0
mAb-X-SCK,mAb-X,run-1,mAb-X-A1,A1-1631,1631.0,s,53.97744940070299,0.001316650823303575,2.9921304752222158,-0.25925314973510666,RU,40.5,nM,dissociation,780.0,900.0
mAb-X-SCK,mAb-X,run-1,mAb-X-A1,A1-1632,1632.0,s,53.898286062821256,0.2509171892656929,3.434344458772853,0.014209315056540966,RU,40.5,nM,dissociation,780.0,900.0
mAb-X-SCK,mAb-X,run-1,mAb-X-A1,A1-1633,1633.0,s,53.90564420797592,0.08562740071760254,3.340771524908576,-0.14042498318169883,RU,40.5,nM,dissociation,780.0,900.0
mAb-X-SCK,mAb-X,run-1,mAb-X-A1,A1-1634,1634.0,s,54.01637371499521,-0.1995434101895942,3.138837762669827,-0.03230537840142121,RU,40.5,nM,dissociation,780.0,900.0
mAb-X-SCK,mAb-X,run-1,mAb-X-A1,A1-1635,1635.0,s,53.83549099522508,-0.17970014927490705,3.1491545249157213,0.19917443191978648,RU,40.5,nM,dissociation,780.0,900.0
mAb-X-SCK,mAb-X,run-1,mAb-X-A1,A1-1636,1636.0,s,53.98489786093818,0.14330043824937944,3.43630913406571,-0.05930050725189756,RU,40.5,nM,dissociation,780.0,900.0
mAb-X-SCK,mAb-X,run-1,mAb-X-A1,A1-1637,1637.0,s,53.9067490321972,0.010328731811724149,3.193595193514633,-0.19468092220275104,RU,40.5,nM,dissociation,780.0,900.0
mAb-X-SCK,mAb-X,run-1,mAb-X-A1,A1-1638,1638.0,s,53.75579501900993,0.018535513114717756,3.2502889969571807,0.1433753328637803,RU,40.5,nM,dissociation,780.0,900.0
mAb-X-SCK,mAb-X,run-1,mAb-X-A1,A1-1639,1639.0,s,53.52146778458493,0.31768488050079513,3.300725288751774,-0.03434380352647146,RU,40.5,nM,dissociation,780.0,900.0
mAb-X-SCK,mAb-X,run-1,mAb-X-A1,A1-1640,1640.0,s,53.85119906657534,-0.26861337168585425,3.2373684796510975,-0.03640011735513131,RU,40.5,nM,dissociation,780.0,900.0
mAb-X-SCK,mAb-X,run-1,mAb-X-A1,A1-1641,1641.0,s,53.767278230353554,0.15323032695018543,3.076824031031989,-0.03708643182772042,RU,40.5,nM,dissociation,780.0,900.0
mAb-X-SCK,mAb-X,run-1,mAb-X-A1,A1-1642,1642.0,s,53.69762943381349,0.06761390992156312,3.4075473463999204,0.024680618045045146,RU,40.5,nM,dissociation,780.0,900.0
mAb-X-SCK,mAb-X,run-1,mAb-X-A1,A1-1643,1643.0,s,53.74564640812237,-0.05110841974707516,3.125466230459921,-0.06510990870759056,RU,40.5,nM,dissociation,780.0,900.0
mAb-X-SCK,mAb-X,run-1,mAb-X-A1,A1-1644,1644.0,s,53.68742668192724,-0.047197218116195275,3.352940896970174,0.07142273036535392,RU,40.5,nM,dissociation,780.0,900.0
mAb-X-SCK,mAb-X,run-1,mAb-X-A1,A1-1645,1645.0,s,53.886309917112534,0.006202983737386763,3.231298703537993,0.009523063691743107,RU,40.5,nM,dissociation,780.0,900.0
mAb-X-SCK,mAb-X,run-1,mAb-X-A1,A1-1646,1646.0,s,53.54008402190011,0.15892700422147543,3.0261329730388935,-0.18849463939331876,RU,40.5,nM,dissociation,780.0,900.0
mAb-X-SCK,mAb-X,run-1,mAb-X-A1,A1-1647,1647.0,s,53.520577453285654,-0.0842310960685992,3.589134167610365,-0.1426125243785904,RU,40.5,nM,dissociation,780.0,900.0
mAb-X-SCK,mAb-X,run-1,mAb-X-A1,A1-1648,1648.0,s,53.53497890011468,0.16400944655317728,3.338262807268857,0.14873594102075197,RU,40.5,nM,dissociation,780.0,900.0
mAb-X-SCK,mAb-X,run-1,mAb-X-A1,A1-1649,1649.0,s,53.74242035312179,-0.12336912277954486,3.30840358131517,-0.21450916252137087,RU,40.5,nM,dissociation,780.0,900.0
mAb-X-SCK,mAb-X,run-1,mAb-X-A1,A1-1650,1650.0,s,53.47877766514919,0.26298839483866704,3.1816525203630635,-0.018539032547327965,RU,40.5,nM,dissociation,780.0,900.0
mAb-X-SCK,mAb-X,run-1,mAb-X-A1,A1-1651,1651.0,s,53.40295199744759,-0.05210336021950337,3.5239147791436185,-0.04852961695799944,RU,40.5,nM,dissociation,780.0,900.0
mAb-X-SCK,mAb-X,run-1,mAb-X-A1,A1-1652,1652.0,s,53.47208001267108,-0.07712432397626039,3.2423206027584865,-0.016791454669267698,RU,40.5,nM,dissociation,780.0,900.0
mAb-X-SCK,mAb-X,run-1,mAb-X-A1,A1-1653,1653.0,s,53.449795584609014,-0.03273201162577051,3.2913706109012435,0.10806065044283188,RU,40.5,nM,dissociation,780.0,900.0
mAb-X-SCK,mAb-X,run-1,mAb-X-A1,A1-1654,1654.0,s,53.50381090375525,0.05929323599240029,3.152341348532755,-0.01917325624899526,RU,40.5,nM,dissociation,780.0,900.0
mAb-X-SCK,mAb-X,run-1,mAb-X-A1,A1-1655,1655.0,s,53.4397035535245,-0.27591269823549397,3.0404027330564904,0.14403608251966826,RU,40.5,nM,dissociation,780.0,900.0
mAb-X-SCK,mAb-X,run-1,mAb-X-A1,A1-1656,1656.0,s,53.405894526645476,0.007182415192735464,3.254002873479776,-0.10512199746770332,RU,40.5,nM,dissociation,780.0,900.0
mAb-X-SCK,mAb-X,run-1,mAb-X-A1,A1-1657,1657.0,s,53.1936262663141,0.33770698540729366,3.3105133474798385,-0.10184470561866127,RU,40.5,nM,dissociation,780.0,900.0
mAb-X-SCK,mAb-X,run-1,mAb-X-A1,A1-1658,1658.0,s,53.107680447325485,-0.22579508941431772,3.5133766130375643,-0.0017587607479509608,RU,40.5,nM,dissociation,780.0,900.0
mAb-X-SCK,mAb-X,run-1,mAb-X-A1,A1-1659,1659.0,s,53.27752958883516,-0.0832763828955006,3.1988980449556506,-0.08976529251130926,RU,40.5,nM,dissociation,780.0,900.0
mAb-X-SCK,mAb-X,run-1,mAb-X-A1,A1-1660,1660.0,s,53.359084216367556,0.10198040564039453,2.9176428253686693,-0.18269909638777948,RU,40.5,nM,dissociation,780.0,900.0
mAb-X-SCK,mAb-X,run-1,mAb-X-A1,A1-1661,1661.0,s,53.43383557519239,-0.09700472364938985,3.284628294069504,-0.007695465087287781,RU,40.5,nM,dissociation,780.0,900.0
mAb-X-SCK,mAb-X,run-1,mAb-X-A1,A1-1662,1662.0,s,53.217608051503035,0.09711635829778688,3.242788586689873,-0.18457306072250737,RU,40.5,nM,dissociation,780.0,900.0
mAb-X-SCK,mAb-X,run-1,mAb-X-A1,A1-1663,1663.0,s,53.33723781094121,-0.020145077652779016,3.348397275875916,0.2441188159434856,RU,40.5,nM,dissociation,780.0,900.0
mAb-X-SCK,mAb-X,run-1,mAb-X-A1,A1-1664,1664.0,s,53.05802211743051,0.10317423667674398,3.269253316272498,0.048358103400888766,RU,40.5,nM,dissociation,780.0,900.0
mAb-X-SCK,mAb-X,run-1,mAb-X-A1,A1-1665,1665.0,s,53.145939611951825,-0.3239014274976131,3.1485721309910906,-0.18490446263676064,RU,40.5,nM,dissociation,780.0,900.0
mAb-X-SCK,mAb-X,run-1,mAb-X-A1,A1-1666,1666.0,s,53.01755860462524,-0.12388895719361032,3.2244659143871965,-0.31522801078798013,RU,40.5,nM,dissociation,780.0,900.0
mAb-X-SCK,mAb-X,run-1,mAb-X-A1,A1-1667,1667.0,s,53.416960675515604,0.05090378275129011,3.182901119050199,0.019177013130572133,RU,40.5,nM,dissociation,780.0,900.0
mAb-X-SCK,mAb-X,run-1,mAb-X-A1,A1-1668,1668.0,s,53.03120090414381,0.09481964293503577,3.3936702848938984,-0.17062824695579026,RU,40.5,nM,dissociation,780.0,900.0
mAb-X-SCK,mAb-X,run-1,mAb-X-A1,A1-1669,1669.0,s,53.153593767065026,0.10642040618715871,3.470902739394708,-0.0636357087710039,RU,40.5,nM,dissociation,780.0,900.0
mAb-X-SCK,mAb-X,run-1,mAb-X-A1,A1-1670,1670.0,s,52.97220919227912,-0.050920786624169,3.118368305324196,0.022717541050825425,RU,40.5,nM,dissociation,780.0,900.0
mAb-X-SCK,mAb-X,run-1,mAb-X-A1,A1-1671,1671.0,s,53.00799805958778,0.38649123462869533,3.149854664816851,-0.020582503437551112,RU,40.5,nM,dissociation,780.0,900.0
mAb-X-SCK,mAb-X,run-1,mAb-X-A1,A1-1672,1672.0,s,52.649176800844344,0.039536152775666335,3.39806045432196,-0.003802351881934932,RU,40.5,nM,dissociation,780.0,900.0
mAb-X-SCK,mAb-X,run-1,mAb-X-A1,A1-1673,1673.0,s,52.79765944085938,-0.12666611630025928,3.340335893755322,0.2076293470380056,RU,40.5,nM,dissociation,780.0,900.0
mAb-X-SCK,mAb-X,run-1,mAb-X-A1,A1-1674,1674.0,s,52.9969580124039,0.0551365199033837,3.170572787175122,-0.03704491240729429,RU,40.5,nM,dissociation,780.0,900.0
mAb-X-SCK,mAb-X,run-1,mAb-X-A1,A1-1675,1675.0,s,52.88486411327009,-0.32666315154340025,3.3069840086388615,-0.027992087724078907,RU,40.5,nM,dissociation,780.0,900.0
mAb-X-SCK,mAb-X,run-1,mAb-X-A1,A1-1676,1676.0,s,52.93822177539442,0.0042206718445428875,3.3889527772793424,0.30085883600711955,RU,40.5,nM,dissociation,780.0,900.0
mAb-X-SCK,mAb-X,run-1,mAb-X-A1,A1-1677,1677.0,s,53.033531710552694,0.18872600217074834,3.161489812431577,-0.09918929316148477,RU,40.5,nM,dissociation,780.0,900.0
mAb-X-SCK,mAb-X,run-1,mAb-X-A1,A1-1678,1678.0,s,52.51486378582845,-0.05253698055358918,3.4051437004756115,-0.018760793832691035,RU,40.5,nM,dissociation,780.0,900.0
mAb-X-SCK,mAb-X,run-1,mAb-X-A1,A1-1679,1679.0,s,52.71970825693502,-0.1683442693327462,3.555283667009997,0.057932145280387176,RU,40.5,nM,dissociation,780.0,900.0
mAb-X-SCK,mAb-X,run-1,mAb-X-A1,A1-1680,1680.0,s,52.87449706684787,-0.03250592966021973,3.503887058197692,-0.00743543571348296,RU,40.5,nM,dissociation,780.0,900.0
mAb-X-SCK,mAb-X,run-1,mAb-X-A1,A1-1681,1681.0,s,52.92376789186907,0.22539042975743362,3.3525022625721386,-0.03836772515598978,RU,40.5,nM,dissociation,780.0,900.0
mAb-X-SCK,mAb-X,run-1,mAb-X-A1,A1-1682,1682.0,s,52.999826372697854,0.08694103443231542,3.271949931731049,0.05951546814753401,RU,40.5,nM,dissociation,780.0,900.0
mAb-X-SCK,mAb-X,run-1,mAb-X-A1,A1-1683,1683.0,s,52.591580947486534,0.17693043695437735,3.243006499542619,0.10351200341678958,RU,40.5,nM,dissociation,780.0,900.0
mAb-X-SCK,mAb-X,run-1,mAb-X-A1,A1-1684,1684.0,s,52.5367188571394,0.03075311860181676,3.6280494537967813,0.014020344672358017,RU,40.5,nM,dissociation,780.0,900.0
mAb-X-SCK,mAb-X,run-1,mAb-X-A1,A1-1685,1685.0,s,52.49036481249247,-0.08944005000005593,3.281616819281764,0.2781143542732918,RU,40.5,nM,dissociation,780.0,900.0
mAb-X-SCK,mAb-X,run-1,mAb-X-A1,A1-1686,1686.0,s,52.695487370808465,0.027781828680405445,3.404935941141639,0.04212275296704409,RU,40.5,nM,dissociation,780.0,900.0
mAb-X-SCK,mAb-X,run-1,mAb-X-A1,A1-1687,1687.0,s,52.600921931788704,-0.08706658515756296,3.5393823081465188,0.06600422944280691,RU,40.5,nM,dissociation,780.0,900.0
mAb-X-SCK,mAb-X,run-1,mAb-X-A1,A1-1688,1688.0,s,52.771103342563585,-0.16266030770990644,3.1902157155539994,0.16393782760029815,RU,40.5,nM,dissociation,780.0,900.0
mAb-X-SCK,mAb-X,run-1,mAb-X-A1,A1-1689,1689.0,s,52.34757458977665,-0.04883619880207234,3.391446234682801,-0.2498187386267225,RU,40.5,nM,dissociation,780.0,900.0
mAb-X-SCK,mAb-X,run-1,mAb-X-A1,A1-1690,1690.0,s,52.41726631174367,-0.010195446694153459,3.1004256649349617,0.07647195409849077,RU,40.5,nM,dissociation,780.0,900.0
mAb-X-SCK,mAb-X,run-1,mAb-X-A1,A1-1691,1691.0,s,52.568942828880154,-0.14009578436509365,3.4112312439101418,-0.08355896634886484,RU,40.5,nM,dissociation,780.0,900.0
mAb-X-SCK,mAb-X,run-1,mAb-X-A1,A1-1692,1692.0,s,52.62399720687501,0.03937264205085511,3.1653942568315685,-0.3118897025853407,RU,40.5,nM,dissociation,780.0,900.0
mAb-X-SCK,mAb-X,run-1,mAb-X-A1,A1-1693,1693.0,s,52.2437077231447,-0.06304739509348019,3.5173624656976368,0.282423995681939,RU,40.5,nM,dissociation,780.0,900.0
mAb-X-SCK,mAb-X,run-1,mAb-X-A1,A1-1694,1694.0,s,52.19732324528124,0.024097784454306794,3.5194630543449823,0.3157062488722832,RU,40.5,nM,dissociation,780.0,900.0
mAb-X-SCK,mAb-X,run-1,mAb-X-A1,A1-1695,1695.0,s,52.30314401112945,-0.324959179832627,3.085103643199377,-0.17389114165745237,RU,40.5,nM,dissociation,780.0,900.0
mAb-X-SCK,mAb-X,run-1,mAb-X-A1,A1-1696,1696.0,s,52.44741259933022,0.1125644175832183,3.453028958278503,-0.07462904178002559,RU,40.5,nM,dissociation,780.0,900.0
mAb-X-SCK,mAb-X,run-1,mAb-X-A1,A1-1697,1697.0,s,52.48892264244749,-0.3407332483539762,3.610947270791911,-0.05109236392543138,RU,40.5,nM,dissociation,780.0,900.0
mAb-X-SCK,mAb-X,run-1,mAb-X-A1,A1-1698,1698.0,s,52.21225073076235,-0.057741549753867374,3.399519349023997,0.31250380340679634,RU,40.5,nM,dissociation,780.0,900.0
mAb-X-SCK,mAb-X,run-1,mAb-X-A1,A1-1699,1699.0,s,52.59213296354773,-0.022693620377277516,3.30063684638607,-0.05653920205160732,RU,40.5,nM,dissociation,780.0,900.0
mAb-X-SCK,mAb-X,run-1,mAb-X-A1,A1-1700,1700.0,s,52.4376924278497,-0.092026609007649,3.2868267655986676,-0.007088552773461304,RU,40.5,nM,dissociation,780.0,900.0
mAb-X-SCK,mAb-X,run-1,mAb-X-A1,A1-1701,1701.0,s,52.626887204508236,0.42367641522697935,3.3306498314140907,0.2934048344037346,RU,40.5,nM,dissociation,780.0,900.0
mAb-X-SCK,mAb-X,run-1,mAb-X-A1,A1-1702,1702.0,s,52.176900482357375,-0.06577952020377337,3.1834304920325542,0.2360937275516693,RU,40.5,nM,dissociation,780.0,900.0
mAb-X-SCK,mAb-X,run-1,mAb-X-A1,A1-1703,1703.0,s,51.99255485379524,-0.14070119565866987,3.416345735980521,-0.1262579916118059,RU,40.5,nM,dissociation,780.0,900.0
mAb-X-SCK,mAb-X,run-1,mAb-X-A1,A1-1704,1704.0,s,52.31490761823221,0.15562107472296344,3.3178834715854943,-0.03675560471228839,RU,40.5,nM,dissociation,780.0,900.0
mAb-X-SCK,mAb-X,run-1,mAb-X-A1,A1-1705,1705.0,s,52.31047579895898,-0.20015145019700079,3.4314582482514857,0.12485664729165413,RU,40.5,nM,dissociation,780.0,900.0
mAb-X-SCK,mAb-X,run-1,mAb-X-A1,A1-1706,1706.0,s,52.02614849652207,-0.08811006208295363,3.096917195798078,-0.003749954473338507,RU,40.5,nM,dissociation,780.0,900.0
mAb-X-SCK,mAb-X,run-1,mAb-X-A1,A1-1707,1707.0,s,51.93610088299772,-0.10534151668063027,3.337887877334484,0.21916665664987914,RU,40.5,nM,dissociation,780.0,900.0
mAb-X-SCK,mAb-X,run-1,mAb-X-A1,A1-1708,1708.0,s,52.132318452461604,0.18782947312656476,3.4896129948472363,0.1856924396201735,RU,40.5,nM,dissociation,780.0,900.0
mAb-X-SCK,mAb-X,run-1,mAb-X-A1,A1-1709,1709.0,s,51.976808121144195,0.17830186855095684,3.299332511802152,0.22831308918217552,RU,40.5,nM,dissociation,780.0,900.0
mAb-X-SCK,mAb-X,run-1,mAb-X-A1,A1-1710,1710.0,s,51.942262758392,0.30961852048075594,3.4612849805292543,0.10473439351133715,RU,40.5,nM,dissociation,780.0,900.0
mAb-X-SCK,mAb-X,run-1,mAb-X-A1,A1-1711,1711.0,s,52.353633803928176,-0.16370314103167297,3.5273951629054916,0.173569352865122,RU,40.5,nM,dissociation,780.0,900.0
mAb-X-SCK,mAb-X,run-1,mAb-X-A1,A1-1712,1712.0,s,52.103054568440065,-0.08983190078677045,3.4627936056116244,-0.030820884676158004,RU,40.5,nM,dissociation,780.0,900.0
mAb-X-SCK,mAb-X,run-1,mAb-X-A1,A1-1713,1713.0,s,52.03033975269576,-0.17193884020616,3.4181183446087853,0.0833849958573873,RU,40.5,nM,dissociation,780.0,900.0
mAb-X-SCK,mAb-X,run-1,mAb-X-A1,A1-1714,1714.0,s,52.02822919488874,-0.0012226118594809159,3.2860576586901358,-0.038889824241545155,RU,40.5,nM,dissociation,780.0,900.0
mAb-X-SCK,mAb-X,run-1,mAb-X-A1,A1-1715,1715.0,s,51.72538363752007,-0.016484491198342045,3.273173397432382,0.009514196253903545,RU,40.5,nM,dissociation,780.0,900.0
mAb-X-SCK,mAb-X,run-1,mAb-X-A1,A1-1716,1716.0,s,51.687617828675606,-0.006481818965139772,3.3751004952976627,-0.1667198706267047,RU,40.5,nM,dissociation,780.0,900.0
mAb-X-SCK,mAb-X,run-1,mAb-X-A1,A1-1717,1717.0,s,51.82602549302772,-0.33778062190443164,3.3758977363675124,0.03610152137581729,RU,40.5,nM,dissociation,780.0,900.0
mAb-X-SCK,mAb-X,run-1,mAb-X-A1,A1-1718,1718.0,s,52.04086376491069,0.09446516126619212,3.3935640842049866,-0.21912202134477524,RU,40.5,nM,dissociation,780.0,900.0
mAb-X-SCK,mAb-X,run-1,mAb-X-A1,A1-1719,1719.0,s,51.91153099512532,0.040821927422955165,3.59543119151247,0.2095460357355112,RU,40.5,nM,dissociation,780.0,900.0
mAb-X-SCK,mAb-X,run-1,mAb-X-A1,A1-1720,1720.0,s,52.00364177935633,-0.14962184662821149,3.5337783372099385,-0.0962994802681773,RU,40.5,nM,dissociation,780.0,900.0
mAb-X-SCK,mAb-X,run-1,mAb-X-A1,A1-1721,1721.0,s,51.7621120346157,-0.06382897218022257,3.5445175513211438,-0.314703831431997,RU,40.5,nM,dissociation,780.0,900.0
mAb-X-SCK,mAb-X,run-1,mAb-X-A1,A1-1722,1722.0,s,51.883937014060116,-0.06377609752006855,3.4902111609622803,-0.07790120909217797,RU,40.5,nM,dissociation,780.0,900.0
mAb-X-SCK,mAb-X,run-1,mAb-X-A1,A1-1723,1723.0,s,51.87106580458681,-0.0040212591211612305,3.3990588063443647,-0.03194382064313345,RU,40.5,nM,dissociation,780.0,900.0
mAb-X-SCK,mAb-X,run-1,mAb-X-A1,A1-1724,1724.0,s,51.755945452230726,0.19959453528155732,3.280963053187609,-0.1486696733339775,RU,40.5,nM,dissociation,780.0,900.0
mAb-X-SCK,mAb-X,run-1,mAb-X-A1,A1-1725,1725.0,s,51.87822172069715,0.11432161209294876,3.348109906830109,0.36275592981146765,RU,40.5,nM,dissociation,780.0,900.0
mAb-X-SCK,mAb-X,run-1,mAb-X-A1,A1-1726,1726.0,s,52.00079360958517,0.15955339961853302,3.2873354959249546,0.08018394765957272,RU,40.5,nM,dissociation,780.0,900.0
mAb-X-SCK,mAb-X,run-1,mAb-X-A1,A1-1727,1727.0,s,51.697349471433064,0.05816641103895737,3.4307058023864836,0.3123031729202949,RU,40.5,nM,dissociation,780.0,900.0
mAb-X-SCK,mAb-X,run-1,mAb-X-A1,A1-1728,1728.0,s,51.4496453061414,0.030648534750928175,3.532145681134654,-0.0416599880767226,RU,40.5,nM,dissociation,780.0,900.0
mAb-X-SCK,mAb-X,run-1,mAb-X-A1,A1-1729,1729.0,s,51.73533744303421,-0.14116832415413966,3.527102301804617,-0.32670560740042176,RU,40.5,nM,dissociation,780.0,900.0
mAb-X-SCK,mAb-X,run-1,mAb-X-A1,A1-1730,1730.0,s,51.891725412258694,0.27632700867478766,3.731188402832246,0.14060352245280966,RU,40.5,nM,dissociation,780.0,900.0
mAb-X-SCK,mAb-X,run-1,mAb-X-A1,A1-1731,1731.0,s,51.616510080196306,-0.13960868182250322,3.379325605715175,-0.017928970130485878,RU,40.5,nM,dissociation,780.0,900.0
mAb-X-SCK,mAb-X,run-1,mAb-X-A1,A1-1732,1732.0,s,51.618716288780234,0.10273319929446549,3.361955437768779,0.13603546598693306,RU,40.5,nM,dissociation,780.0,900.0
mAb-X-SCK,mAb-X,run-1,mAb-X-A1,A1-1733,1733.0,s,51.74058553115055,-0.12128885429086363,3.406850210149994,0.21579601045576077,RU,40.5,nM,dissociation,780.0,900.0
mAb-X-SCK,mAb-X,run-1,mAb-X-A1,A1-1734,1734.0,s,51.53172797092976,8.323764977696043e-05,3.6299643240247006,-0.1631212593211795,RU,40.5,nM,dissociation,780.0,900.0
mAb-X-SCK,mAb-X,run-1,mAb-X-A1,A1-1735,1735.0,s,51.60047402650845,-0.14498945935562033,3.5922036915590208,-0.0873805630723178,RU,40.5,nM,dissociation,780.0,900.0
mAb-X-SCK,mAb-X,run-1,mAb-X-A1,A1-1736,1736.0,s,51.661650583231584,-0.04776045261585148,3.431936513590394,0.06488970195329025,RU,40.5,nM,dissociation,780.0,900.0
mAb-X-SCK,mAb-X,run-1,mAb-X-A1,A1-1737,1737.0,s,51.695481446094426,0.2077726997259058,3.507395827603843,0.12473234686503697,RU,40.5,nM,dissociation,780.0,900.0
mAb-X-SCK,mAb-X,run-1,mAb-X-A1,A1-1738,1738.0,s,51.51216229711598,-0.20294784109080163,3.4220132441148814,0.39732164250799573,RU,40.5,nM,dissociation,780.0,900.0
mAb-X-SCK,mAb-X,run-1,mAb-X-A1,A1-1739,1739.0,s,51.65168421724865,0.1805511532454482,3.4615287399522017,0.07691571104560917,RU,40.5,nM,dissociation,780.0,900.0
mAb-X-SCK,mAb-X,run-1,mAb-X-A1,A1-1740,1740.0,s,51.36572587832061,0.03704647097623087,3.5767611734954765,-0.15920102090840868,RU,40.5,nM,dissociation,780.0,900.0
mAb-X-SCK,mAb-X,run-1,mAb-X-A1,A1-1741,1741.0,s,51.474218957123966,-0.062154053195877045,3.369562205437153,-0.28251602782974194,RU,40.5,nM,dissociation,780.0,900.0
mAb-X-SCK,mAb-X,run-1,mAb-X-A1,A1-1742,1742.0,s,51.49298649916472,0.07253690201856745,3.225407428322127,0.02042998844945743,RU,40.5,nM,dissociation,780.0,900.0
mAb-X-SCK,mAb-X,run-1,mAb-X-A1,A1-1743,1743.0,s,51.179409019377196,-0.10835976977615862,3.7717173662820977,-0.3177157235769409,RU,40.5,nM,dissociation,780.0,900.0
mAb-X-SCK,mAb-X,run-1,mAb-X-A1,A1-1744,1744.0,s,51.45330759529261,0.16983824305693665,3.6114964101691958,-0.0023581943090745195,RU,40.5,nM,dissociation,780.0,900.0
mAb-X-SCK,mAb-X,run-1,mAb-X-A1,A1-1745,1745.0,s,51.312162277517196,-0.00706817193750472,3.6671921558091163,0.24562676145190387,RU,40.5,nM,dissociation,780.0,900.0
mAb-X-SCK,mAb-X,run-1,mAb-X-A1,A1-1746,1746.0,s,51.39004402110614,-0.11786607652232617,3.4180270310140735,-0.04148555477456088,RU,40.5,nM,dissociation,780.0,900.0
mAb-X-SCK,mAb-X,run-1,mAb-X-A1,A1-1747,1747.0,s,51.247050885334055,-0.014034778423176025,3.366945250689111,0.06328424008488362,RU,40.5,nM,dissociation,780.0,900.0
mAb-X-SCK,mAb-X,run-1,mAb-X-A1,A1-1748,1748.0,s,51.211021269944034,-0.13221841476710222,3.7614519290340622,0.018251329583787983,RU,40.5,nM,dissociation,780.0,900.0
mAb-X-SCK,mAb-X,run-1,mAb-X-A1,A1-1749,1749.0,s,51.16501321883618,-0.03641738262783554,3.4369698400910926,0.2196576325186004,RU,40.5,nM,dissociation,780.0,900.0
mAb-X-SCK,mAb-X,run-1,mAb-X-A1,A1-1750,1750.0,s,51.39081613892316,-0.018068864025565956,3.5402316861226355,-0.2507779496953954,RU,40.5,nM,dissociation,780.0,900.0
mAb-X-SCK,mAb-X,run-1,mAb-X-A1,A1-1751,1751.0,s,51.124526797484556,-0.09439920476333552,3.436676121356629,0.12934989284499226,RU,40.5,nM,dissociation,780.0,900.0
mAb-X-SCK,mAb-X,run-1,mAb-X-A1,A1-1752,1752.0,s,51.34960733455614,-0.002704195596439763,3.4767618064989305,-0.1392286929967558,RU,40.5,nM,dissociation,780.0,900.0
mAb-X-SCK,mAb-X,run-1,mAb-X-A1,A1-1753,1753.0,s,51.31554594069305,-0.0800441186124364,3.4224109467248187,-0.13542027368204826,RU,40.5,nM,dissociation,780.0,900.0
mAb-X-SCK,mAb-X,run-1,mAb-X-A1,A1-1754,1754.0,s,51.18204560307865,-0.05609909427252314,3.6041136098382447,0.09488694987307127,RU,40.5,nM,dissociation,780.0,900.0
mAb-X-SCK,mAb-X,run-1,mAb-X-A1,A1-1755,1755.0,s,51.153703239016586,-0.039834518716806475,3.4095020633133832,0.00957166971717955,RU,40.5,nM,dissociation,780.0,900.0
mAb-X-SCK,mAb-X,run-1,mAb-X-A1,A1-1756,1756.0,s,51.21796429176931,0.10051669183995311,3.355273259526033,0.03775565877920618,RU,40.5,nM,dissociation,780.0,900.0
mAb-X-SCK,mAb-X,run-1,mAb-X-A1,A1-1757,1757.0,s,50.93857501359527,0.1254322986613445,3.4466996912991257,-0.16069134919619435,RU,40.5,nM,dissociation,780.0,900.0
mAb-X-SCK,mAb-X,run-1,mAb-X-A1,A1-1758,1758.0,s,50.92058776871832,-0.1112035133300155,3.5270258279495934,-0.1955355639410982,RU,40.5,nM,dissociation,780.0,900.0
mAb-X-SCK,mAb-X,run-1,mAb-X-A1,A1-1759,1759.0,s,50.99963610113387,0.023937000812598724,3.3174673045842376,0.0630869163712944,RU,40.5,nM,dissociation,780.0,900.0
mAb-X-SCK,mAb-X,run-1,mAb-X-A1,A1-1760,1760.0,s,51.008163484057874,-0.0256252795889908,3.4048118222392167,0.23650798874055867,RU,40.5,nM,dissociation,780.0,900.0
mAb-X-SCK,mAb-X,run-1,mAb-X-A1,A1-1761,1761.0,s,51.042338017155316,-0.023056539909409715,3.456288720669887,-0.0035146840793495917,RU,40.5,nM,dissociation,780.0,900.0
mAb-X-SCK,mAb-X,run-1,mAb-X-A1,A1-1762,1762.0,s,51.25121214996417,-0.0978275063253262,3.5574569173026513,0.1995194548424157,RU,40.5,nM,dissociation,780.0,900.0
mAb-X-SCK,mAb-X,run-1,mAb-X-A1,A1-1763,1763.0,s,50.80745915476198,0.13494915864252344,3.625302131526406,-0.3946731171870453,RU,40.5,nM,dissociation,780.0,900.0
mAb-X-SCK,mAb-X,run-1,mAb-X-A1,A1-1764,1764.0,s,51.0247363357653,-0.059057375319984375,3.391797982343781,-0.11095270142345029,RU,40.5,nM,dissociation,780.0,900.0
mAb-X-SCK,mAb-X,run-1,mAb-X-A1,A1-1765,1765.0,s,50.96387856646694,-0.1257711540739006,4.000464074609932,0.04581106173932843,RU,40.5,nM,dissociation,780.0,900.0
mAb-X-SCK,mAb-X,run-1,mAb-X-A1,A1-1766,1766.0,s,51.023804369403095,0.20088874920596944,3.644197789418381,0.27553221778099257,RU,40.5,nM,dissociation,780.0,900.0
mAb-X-SCK,mAb-X,run-1,mAb-X-A1,A1-1767,1767.0,s,50.692772896877095,0.04800942496680181,3.469455323922433,-0.06544548004932747,RU,40.5,nM,dissociation,780.0,900.0
mAb-X-SCK,mAb-X,run-1,mAb-X-A1,A1-1768,1768.0,s,50.94810164456084,0.2493476838936222,3.5075873437225615,-0.02358825620577869,RU,40.5,nM,dissociation,780.0,900.0
mAb-X-SCK,mAb-X,run-1,mAb-X-A1,A1-1769,1769.0,s,50.90201884184926,0.1515306557035527,3.54521093304455,-0.14560041243696648,RU,40.5,nM,dissociation,780.0,900.0
mAb-X-SCK,mAb-X,run-1,mAb-X-A1,A1-1770,1770.0,s,50.58296546950887,0.0022914354015504393,3.7350397777521636,0.007910659780639333,RU,40.5,nM,dissociation,780.0,900.0
mAb-X-SCK,mAb-X,run-1,mAb-X-A1,A1-1771,1771.0,s,50.69831513985071,-0.00903652645742294,3.71648476912838,-0.08107270210340205,RU,40.5,nM,dissociation,780.0,900.0
mAb-X-SCK,mAb-X,run-1,mAb-X-A1,A1-1772,1772.0,s,50.453871488406406,-0.020110850896733815,3.5482356840712104,0.0385180350817366,RU,40.5,nM,dissociation,780.0,900.0
mAb-X-SCK,mAb-X,run-1,mAb-X-A1,A1-1773,1773.0,s,50.63727068044157,0.11236778954915584,3.5779964569783913,-0.09401475397181729,RU,40.5,nM,dissociation,780.0,900.0
mAb-X-SCK,mAb-X,run-1,mAb-X-A1,A1-1774,1774.0,s,50.74433614756715,0.12206251477339589,3.28063605950673,0.2249377955517199,RU,40.5,nM,dissociation,780.0,900.0
mAb-X-SCK,mAb-X,run-1,mAb-X-A1,A1-1775,1775.0,s,50.62628258862834,-0.05795871623713891,3.687703903602283,0.016120398119628603,RU,40.5,nM,dissociation,780.0,900.0
mAb-X-SCK,mAb-X,run-1,mAb-X-A1,A1-1776,1776.0,s,50.60047192889339,-0.11861361753469192,3.3874196445683267,0.09863175855382665,RU,40.5,nM,dissociation,780.0,900.0
mAb-X-SCK,mAb-X,run-1,mAb-X-A1,A1-1777,1777.0,s,50.821268076306055,0.034256317644631405,3.63851255115254,-0.033718667318102746,RU,40.5,nM,dissociation,780.0,900.0
mAb-X-SCK,mAb-X,run-1,mAb-X-A1,A1-1778,1778.0,s,50.77653771232724,-0.1319543440876955,3.416411483418149,-0.28199774399167676,RU,40.5,nM,dissociation,780.0,900.0
mAb-X-SCK,mAb-X,run-1,mAb-X-A1,A1-1779,1779.0,s,50.72103998227723,0.3126279172959553,3.660142531480721,0.1438149379365658,RU,40.5,nM,dissociation,780.0,900.0
mAb-X-SCK,mAb-X,run-1,mAb-X-A1,A1-1780,1780.0,s,50.68710585376566,0.027785377060293687,3.500196130061243,-0.05720430559357018,RU,40.5,nM,dissociation,780.0,900.0
mAb-X-SCK,mAb-X,run-1,mAb-X-A1,A1-1781,1781.0,s,50.485337967936765,-0.1507697926837342,3.687974153356741,-0.06374942648522951,RU,40.5,nM,dissociation,780.0,900.0
mAb-X-SCK,mAb-X,run-1,mAb-X-A1,A1-1782,1782.0,s,50.5018396690806,-0.026451962953334927,3.7295844541786307,-0.14451445405968832,RU,40.5,nM,dissociation,780.0,900.0
mAb-X-SCK,mAb-X,run-1,mAb-X-A1,A1-1783,1783.0,s,50.52371661079299,-0.013880564876986388,3.586523158814932,0.09441627158757233,RU,40.5,nM,dissociation,780.0,900.0
mAb-X-SCK,mAb-X,run-1,mAb-X-A1,A1-1784,1784.0,s,50.47722843922019,-0.12125752713827678,3.5148527712732216,0.01696652121650406,RU,40.5,nM,dissociation,780.0,900.0
mAb-X-SCK,mAb-X,run-1,mAb-X-A1,A1-1785,1785.0,s,50.77755766427926,-0.03697329171204072,3.411972107997409,-0.026378945618631282,RU,40.5,nM,dissociation,780.0,900.0
mAb-X-SCK,mAb-X,run-1,mAb-X-A1,A1-1786,1786.0,s,50.41880248265148,-0.08266244295432229,3.6487652337669223,-0.057187330631940994,RU,40.5,nM,dissociation,780.0,900.0
mAb-X-SCK,mAb-X,run-1,mAb-X-A1,A1-1787,1787.0,s,50.49342614019141,0.13098565646399593,3.8520123413479914,-0.1826263381386787,RU,40.5,nM,dissociation,780.0,900.0
mAb-X-SCK,mAb-X,run-1,mAb-X-A1,A1-1788,1788.0,s,50.578249305456595,-0.002148307612810622,3.523017097895766,-0.01782920736729595,RU,40.5,nM,dissociation,780.0,900.0
mAb-X-SCK,mAb-X,run-1,mAb-X-A1,A1-1789,1789.0,s,50.49384622243325,0.1923161066301713,3.6586471201849013,0.09747022099648028,RU,40.5,nM,dissociation,780.0,900.0
mAb-X-SCK,mAb-X,run-1,mAb-X-A1,A1-1790,1790.0,s,50.41093366992247,-0.11055821087569404,3.5836624420029186,-0.03083530055987523,RU,40.5,nM,dissociation,780.0,900.0
mAb-X-SCK,mAb-X,run-1,mAb-X-A1,A1-1791,1791.0,s,50.21536495080016,0.30111807845485133,3.5008351330321195,-0.17770199117343458,RU,40.5,nM,dissociation,780.0,900.0
mAb-X-SCK,mAb-X,run-1,mAb-X-A1,A1-1792,1792.0,s,50.406329683014356,0.15948941189680096,3.4215580062135587,0.27412425231753235,RU,40.5,nM,dissociation,780.0,900.0
mAb-X-SCK,mAb-X,run-1,mAb-X-A1,A1-1793,1793.0,s,50.1883961585124,0.013849531423156616,3.570099145309765,-0.011204097556521346,RU,40.5,nM,dissociation,780.0,900.0
mAb-X-SCK,mAb-X,run-1,mAb-X-A1,A1-1794,1794.0,s,50.32630407773504,-0.187519944963801,3.3858047137973624,-0.16226451148506388,RU,40.5,nM,dissociation,780.0,900.0
mAb-X-SCK,mAb-X,run-1,mAb-X-A1,A1-1795,1795.0,s,50.117505264277035,-0.08055532014290918,3.337820370526532,0.018582557690183753,RU,40.5,nM,dissociation,780.0,900.0
mAb-X-SCK,mAb-X,run-1,mAb-X-A1,A1-1796,1796.0,s,50.29128629531527,0.012772979858474708,3.4553469618636465,0.10753425066382925,RU,40.5,nM,dissociation,780.0,900.0
mAb-X-SCK,mAb-X,run-1,mAb-X-A1,A1-1797,1797.0,s,50.11412895941945,-0.074714989592711,3.4770294901143073,0.012381860095501953,RU,40.5,nM,dissociation,780.0,900.0
mAb-X-SCK,mAb-X,run-1,mAb-X-A1,A1-1798,1798.0,s,50.15466253344236,0.3192026904133329,3.491112014347224,0.053561517653855494,RU,40.5,nM,dissociation,780.0,900.0
mAb-X-SCK,mAb-X,run-1,mAb-X-A1,A1-1799,1799.0,s,50.22699920932407,0.05604851697627996,3.380631536425795,0.06258610502207446,RU,40.5,nM,dissociation,780.0,900.0
mAb-X-SCK,mAb-X,run-1,mAb-X-A1,A1-1800,1800.0,s,50.58047071123787,-0.049648000675753284,3.751722352613255,0.1702612802387504,RU,40.5,nM,dissociation,780.0,900.0
mAb-X-SCK,mAb-X,run-1,mAb-X-A1,A1-1801,1801.0,s,50.014946352021944,-0.15482400111959813,3.7382336926943576,0.14255733649621136,RU,40.5,nM,dissociation,780.0,900.0
mAb-X-SCK,mAb-X,run-1,mAb-X-A1,A1-1802,1802.0,s,50.27030781156018,0.2286840117012819,3.3395744749928453,-0.18007437974073456,RU,40.5,nM,dissociation,780.0,900.0
mAb-X-SCK,mAb-X,run-1,mAb-X-A1,A1-1803,1803.0,s,50.20756108012298,-0.2263722656159557,3.643317279227674,0.09249940149897613,RU,40.5,nM,dissociation,780.0,900.0
mAb-X-SCK,mAb-X,run-1,mAb-X-A1,A1-1804,1804.0,s,50.12830224543859,-0.08550980758865337,3.906874598199125,0.18772080556915538,RU,40.5,nM,dissociation,780.0,900.0
mAb-X-SCK,mAb-X,run-1,mAb-X-A1,A1-1805,1805.0,s,49.926583132119376,-0.10759639821172201,3.680283297116345,-0.16124080045787897,RU,40.5,nM,dissociation,780.0,900.0
mAb-X-SCK,mAb-X,run-1,mAb-X-A1,A1-1806,1806.0,s,50.07995457254555,-0.07531125850057926,3.6245564895494713,0.19017980742273194,RU,40.5,nM,dissociation,780.0,900.0
mAb-X-SCK,mAb-X,run-1,mAb-X-A1,A1-1807,1807.0,s,49.85182266201744,0.245283405830097,3.5008926522004185,0.0711788404144034,RU,40.5,nM,dissociation,780.0,900.0
mAb-X-SCK,mAb-X,run-1,mAb-X-A1,A1-1808,1808.0,s,49.96174007563509,0.23448258160519414,3.621238291074482,-0.17583319116450163,RU,40.5,nM,dissociation,780.0,900.0
mAb-X-SCK,mAb-X,run-1,mAb-X-A1,A1-1809,1809.0,s,49.76062088624127,-0.20155591808383969,3.6610763181629733,0.012225346137478261,RU,40.5,nM,dissociation,780.0,900.0
mAb-X-SCK,mAb-X,run-1,mAb-X-A1,A1-1810,1810.0,s,50.03404813151507,-0.22079202759262964,3.684553391651648,-0.01818764164627627,RU,40.5,nM,dissociation,780.0,900.0
mAb-X-SCK,mAb-X,run-1,mAb-X-A1,A1-1811,1811.0,s,49.7584935774409,0.058955987118449196,3.693592768766119,0.3035043607921099,RU,40.5,nM,dissociation,780.0,900.0
mAb-X-SCK,mAb-X,run-1,mAb-X-A1,A1-1812,1812.0,s,50.091250670161784,-0.03436108985509709,3.776863245304488,0.07034361507260002,RU,40.5,nM,dissociation,780.0,900.0
mAb-X-SCK,mAb-X,run-1,mAb-X-A1,A1-1813,1813.0,s,49.783268423569616,0.19458134568561825,3.888468423261294,-0.06819664910202018,RU,40.5,nM,dissociation,780.0,900.0
mAb-X-SCK,mAb-X,run-1,mAb-X-A1,A1-1814,1814.0,s,49.86939502583686,0.035881687139648816,3.3462253720696937,-0.023945226288511496,RU,40.5,nM,dissociation,780.0,900.0
mAb-X-SCK,mAb-X,run-1,mAb-X-A1,A1-1815,1815.0,s,49.669843000605944,0.09245733059140229,3.5077212330073326,0.07456927990399909,RU,40.5,nM,dissociation,780.0,900.0
mAb-X-SCK,mAb-X,run-1,mAb-X-A1,A1-1816,1816.0,s,49.43960078066895,-0.0451506019601168,3.570528556158743,-0.09736208749117321,RU,40.5,nM,dissociation,780.0,900.0
mAb-X-SCK,mAb-X,run-1,mAb-X-A1,A1-1817,1817.0,s,49.59469742024343,-0.462891400731392,3.4953263869480904,0.0881656827538168,RU,40.5,nM,dissociation,780.0,900.0
mAb-X-SCK,mAb-X,run-1,mAb-X-A1,A1-1818,1818.0,s,49.442654877554666,0.11987990195559717,3.523670624131627,-0.0006241288806645454,RU,40.5,nM,dissociation,780.0,900.0
mAb-X-SCK,mAb-X,run-1,mAb-X-A1,A1-1819,1819.0,s,49.701815729236934,-0.026339885881605796,3.809100744941449,0.005759911488953016,RU,40.5,nM,dissociation,780.0,900.0
mAb-X-SCK,mAb-X,run-1,mAb-X-A1,A1-1820,1820.0,s,49.681473875399895,-0.1654564519795842,3.5874853979571,-0.019379013452442567,RU,40.5,nM,dissociation,780.0,900.0
mAb-X-SCK,mAb-X,run-1,mAb-X-A1,A1-1821,1821.0,s,49.805970529182176,-0.3509564115716108,3.8470699602522713,-0.04987733720387008,RU,40.5,nM,dissociation,780.0,900.0
mAb-X-SCK,mAb-X,run-1,mAb-X-A1,A1-1822,1822.0,s,49.551751470273864,-0.0636905229480103,3.7976170926332977,-0.03879104170917343,RU,40.5,nM,dissociation,780.0,900.0
mAb-X-SCK,mAb-X,run-1,mAb-X-A1,A1-1823,1823.0,s,49.51566701025618,0.02827789058311967,3.610140238855974,-0.06867371730272101,RU,40.5,nM,dissociation,780.0,900.0
mAb-X-SCK,mAb-X,run-1,mAb-X-A1,A1-1824,1824.0,s,49.67484465536533,0.1507016418958307,3.6678275152634883,0.09379629356344547,RU,40.5,nM,dissociation,780.0,900.0
mAb-X-SCK,mAb-X,run-1,mAb-X-A1,A1-1825,1825.0,s,49.496548061195426,0.058866618212681986,3.7817677796726707,0.14559922891367894,RU,40.5,nM,dissociation,780.0,900.0
mAb-X-SCK,mAb-X,run-1,mAb-X-A1,A1-1826,1826.0,s,49.628969733511276,0.17139977987570354,3.6633705127825587,0.05692690952942607,RU,40.5,nM,dissociation,780.0,900.0
mAb-X-SCK,mAb-X,run-1,mAb-X-A1,A1-1827,1827.0,s,49.59929976818254,-0.0007422743601632219,3.880197431114119,0.10051505819818492,RU,40.5,nM,dissociation,780.0,900.0
mAb-X-SCK,mAb-X,run-1,mAb-X-A1,A1-1828,1828.0,s,50.01042360695948,-0.1534719055907413,3.672515209644946,0.0637111899879189,RU,40.5,nM,dissociation,780.0,900.0
mAb-X-SCK,mAb-X,run-1,mAb-X-A1,A1-1829,1829.0,s,49.46007738328716,0.02318649052256665,3.523279820714536,-0.0011247747574777934,RU,40.5,nM,dissociation,780.0,900.0
mAb-X-SCK,mAb-X,run-1,mAb-X-A1,A1-1830,1830.0,s,49.305254139229824,0.032778442639484776,3.919220331623052,-0.01320414070265123,RU,40.5,nM,dissociation,780.0,900.0
mAb-X-SCK,mAb-X,run-1,mAb-X-A1,A1-1831,1831.0,s,49.44646892618825,-0.13355054924090562,3.8252490690797543,0.026976830201828284,RU,40.5,nM,dissociation,780.0,900.0
mAb-X-SCK,mAb-X,run-1,mAb-X-A1,A1-1832,1832.0,s,49.360116000464785,-0.1583510339532228,3.760066794827339,0.03270738851635723,RU,40.5,nM,dissociation,780.0,900.0
mAb-X-SCK,mAb-X,run-1,mAb-X-A1,A1-1833,1833.0,s,49.34303972562398,0.000468970432974562,3.770971623714094,0.011502351593224354,RU,40.5,nM,dissociation,780.0,900.0
mAb-X-SCK,mAb-X,run-1,mAb-X-A1,A1-1834,1834.0,s,49.705410054563544,0.19111138743662984,3.877242445740816,0.048429892724757374,RU,40.5,nM,dissociation,780.0,900.0
mAb-X-SCK,mAb-X,run-1,mAb-X-A1,A1-1835,1835.0,s,49.20558121603677,-0.21419705496142352,3.4390023278065387,0.20801907052622667,RU,40.5,nM,dissociation,780.0,900.0
mAb-X-SCK,mAb-X,run-1,mAb-X-A1,A1-1836,1836.0,s,49.311288687891256,0.014182412115019482,3.5659346745575546,0.11691797541729722,RU,40.5,nM,dissociation,780.0,900.0
mAb-X-SCK,mAb-X,run-1,mAb-X-A1,A1-1837,1837.0,s,49.38261895727236,-0.11185902142636872,3.8740586535296195,-0.12545501359915176,RU,40.5,nM,dissociation,780.0,900.0
mAb-X-SCK,mAb-X,run-1,mAb-X-A1,A1-1838,1838.0,s,49.2094951976326,0.3106146706237198,3.733654341367616,-0.11062251097995415,RU,40.5,nM,dissociation,780.0,900.0
mAb-X-SCK,mAb-X,run-1,mAb-X-A1,A1-1839,1839.0,s,49.4985303574932,0.2511566539805723,3.5705311288273793,-0.07470519707772397,RU,40.5,nM,dissociation,780.0,900.0
mAb-X-SCK,mAb-X,run-1,mAb-X-A1,A1-1840,1840.0,s,49.15959721553206,-0.22127933633683647,3.8077967886995427,0.05774029740591044,RU,40.5,nM,dissociation,780.0,900.0
mAb-X-SCK,mAb-X,run-1,mAb-X-A1,A1-1841,1841.0,s,49.234984590333,0.21973818569086379,3.8019067142817655,-0.35684047184801404,RU,40.5,nM,dissociation,780.0,900.0
mAb-X-SCK,mAb-X,run-1,mAb-X-A1,A1-1842,1842.0,s,49.41410207441137,0.07484851177511051,3.808387739625205,0.30531086510568295,RU,40.5,nM,dissociation,780.0,900.0
mAb-X-SCK,mAb-X,run-1,mAb-X-A1,A1-1843,1843.0,s,49.3010079697551,0.16194812227717456,3.655455517131333,-0.020882652316634227,RU,40.5,nM,dissociation,780.0,900.0
mAb-X-SCK,mAb-X,run-1,mAb-X-A1,A1-1844,1844.0,s,49.28012511289265,0.204363831006296,3.7985887143903554,-0.06783462579087057,RU,40.5,nM,dissociation,780.0,900.0
mAb-X-SCK,mAb-X,run-1,mAb-X-A1,A1-1845,1845.0,s,49.185166776779006,-0.04013188246975092,3.6434895227104125,0.17038414365073387,RU,40.5,nM,dissociation,780.0,900.0
mAb-X-SCK,mAb-X,run-1,mAb-X-A1,A1-1846,1846.0,s,49.07116100649612,-0.053833970253540114,3.651089977661016,0.11423864140136276,RU,40.5,nM,dissociation,780.0,900.0
mAb-X-SCK,mAb-X,run-1,mAb-X-A1,A1-1847,1847.0,s,48.89476610946154,0.025849275274286924,3.818244726183539,-0.0053055010707713105,RU,40.5,nM,dissociation,780.0,900.0
mAb-X-SCK,mAb-X,run-1,mAb-X-A1,A1-1848,1848.0,s,49.105222946957,0.09361551627243195,4.046138340189051,0.08136471270378426,RU,40.5,nM,dissociation,780.0,900.0
mAb-X-SCK,mAb-X,run-1,mAb-X-A1,A1-1849,1849.0,s,49.253818757817506,0.05248419246978502,3.9779168525770148,-0.12249937458347535,RU,40.5,nM,dissociation,780.0,900.0
mAb-X-SCK,mAb-X,run-1,mAb-X-A1,A1-1850,1850.0,s,49.15683448172077,-0.1609113468147887,4.017511165106407,-0.06148478009232387,RU,40.5,nM,dissociation,780.0,900.0
mAb-X-SCK,mAb-X,run-1,mAb-X-A1,A1-1851,1851.0,s,49.08456682120129,0.2359869331545062,3.4757823348603694,-0.0518872479336142,RU,40.5,nM,dissociation,780.0,900.0
mAb-X-SCK,mAb-X,run-1,mAb-X-A1,A1-1852,1852.0,s,49.20842381774524,-0.03543899057179239,3.6765901945916872,-0.28830220455948175,RU,40.5,nM,dissociation,780.0,900.0
mAb-X-SCK,mAb-X,run-1,mAb-X-A1,A1-1853,1853.0,s,49.260459113193996,-0.4524555238740343,3.588386627097617,-0.19356088533569682,RU,40.5,nM,dissociation,780.0,900.0
mAb-X-SCK,mAb-X,run-1,mAb-X-A1,A1-1854,1854.0,s,49.04101846070624,-0.2649002019779125,3.5402580925565,0.23047956745575995,RU,40.5,nM,dissociation,780.0,900.0
mAb-X-SCK,mAb-X,run-1,mAb-X-A1,A1-1855,1855.0,s,48.791135389555315,0.10871055246854752,3.79795620694785,-0.057950782764159825,RU,40.5,nM,dissociation,780.0,900.0
mAb-X-SCK,mAb-X,run-1,mAb-X-A1,A1-1856,1856.0,s,49.101853080756115,0.15774147458827284,3.615487385737589,-0.18751099003347074,RU,40.5,nM,dissociation,780.0,900.0
mAb-X-SCK,mAb-X,run-1,mAb-X-A1,A1-1857,1857.0,s,48.868716098321904,0.033009547548738236,3.324301974989031,-0.15214963269692716,RU,40.5,nM,dissociation,780.0,900.0
mAb-X-SCK,mAb-X,run-1,mAb-X-A1,A1-1858,1858.0,s,49.221426455409784,-0.04204788467159219,3.3371663161285667,0.08889739426697271,RU,40.5,nM,dissociation,780.0,900.0
mAb-X-SCK,mAb-X,run-1,mAb-X-A1,A1-1859,1859.0,s,48.758112056375104,0.201872188923958,3.570114704394526,0.09640774798207243,RU,40.5,nM,dissociation,780.0,900.0
mAb-X-SCK,mAb-X,run-1,mAb-X-A1,A1-1860,1860.0,s,48.783928137989065,-0.014352454040548109,3.693923635488803,0.044504875439655346,RU,40.5,nM,dissociation,780.0,900.0
mAb-X-SCK,mAb-X,run-1,mAb-X-A1,A1-1861,1861.0,s,48.69114083527917,0.09802282034297934,3.7049206404764012,0.20583449074297516,RU,40.5,nM,dissociation,780.0,900.0
mAb-X-SCK,mAb-X,run-1,mAb-X-A1,A1-1862,1862.0,s,48.61060561472446,-0.10784501026414776,3.806555816022665,0.04044515139537251,RU,40.5,nM,dissociation,780.0,900.0
mAb-X-SCK,mAb-X,run-1,mAb-X-A1,A1-1863,1863.0,s,48.78753092939964,-0.07470120586196485,3.845034798783675,0.001954355639832684,RU,40.5,nM,dissociation,780.0,900.0
mAb-X-SCK,mAb-X,run-1,mAb-X-A1,A1-1864,1864.0,s,48.8260197425224,-0.08630138802614837,3.7494540950146495,0.1574038119394664,RU,40.5,nM,dissociation,780.0,900.0
mAb-X-SCK,mAb-X,run-1,mAb-X-A1,A1-1865,1865.0,s,48.80488010206924,-0.1954807601139452,3.915560141531711,0.19715672463236997,RU,40.5,nM,dissociation,780.0,900.0
mAb-X-SCK,mAb-X,run-1,mAb-X-A1,A1-1866,1866.0,s,48.61326651712447,0.25305768545028096,3.6008072147632544,-0.15085946336622258,RU,40.5,nM,dissociation,780.0,900.0
mAb-X-SCK,mAb-X,run-1,mAb-X-A1,A1-1867,1867.0,s,48.83540000282254,-0.029805836642517274,3.775130573061,-0.1095093110068225,RU,40.5,nM,dissociation,780.0,900.0
mAb-X-SCK,mAb-X,run-1,mAb-X-A1,A1-1868,1868.0,s,48.89438759030883,0.02537154842618802,3.795925057221842,0.12250550072198894,RU,40.5,nM,dissociation,780.0,900.0
mAb-X-SCK,mAb-X,run-1,mAb-X-A1,A1-1869,1869.0,s,48.63257645173918,-0.003935924652296623,3.7187143783573604,-0.07190282038931292,RU,40.5,nM,dissociation,780.0,900.0
mAb-X-SCK,mAb-X,run-1,mAb-X-A1,A1-1870,1870.0,s,48.57755241781884,0.08040236354238228,3.6601808889415612,0.11924012276734985,RU,40.5,nM,dissociation,780.0,900.0
mAb-X-SCK,mAb-X,run-1,mAb-X-A1,A1-1871,1871.0,s,48.63258969248231,-0.04468160490291467,3.7319095773743602,0.08288191383475245,RU,40.5,nM,dissociation,780.0,900.0
mAb-X-SCK,mAb-X,run-1,mAb-X-A1,A1-1872,1872.0,s,48.60710135055384,0.05614178688836545,3.7159018146855525,0.17894565980860716,RU,40.5,nM,dissociation,780.0,900.0
mAb-X-SCK,mAb-X,run-1,mAb-X-A1,A1-1873,1873.0,s,48.68714781054742,-0.21716758926389615,3.892495936818315,0.20547431062005245,RU,40.5,nM,dissociation,780.0,900.0
mAb-X-SCK,mAb-X,run-1,mAb-X-A1,A1-1874,1874.0,s,48.77128042587045,-0.04205068317768667,3.600053264910558,-0.1636151560144822,RU,40.5,nM,dissociation,780.0,900.0
mAb-X-SCK,mAb-X,run-1,mAb-X-A1,A1-1875,1875.0,s,48.55444141386393,0.030012601952014516,3.8662920113732455,-0.16763808482774006,RU,40.5,nM,dissociation,780.0,900.0
mAb-X-SCK,mAb-X,run-1,mAb-X-A1,A1-1876,1876.0,s,48.78279964706203,0.000361887758146799,3.68634078341573,-0.20301354165702626,RU,40.5,nM,dissociation,780.0,900.0
mAb-X-SCK,mAb-X,run-1,mAb-X-A1,A1-1877,1877.0,s,48.61282323137725,-0.07939839486312386,3.599848956060256,-0.09192785044502182,RU,40.5,nM,dissociation,780.0,900.0
mAb-X-SCK,mAb-X,run-1,mAb-X-A1,A1-1878,1878.0,s,48.45747770433489,0.03793540604737038,3.6204726980219797,-0.25957299236228615,RU,40.5,nM,dissociation,780.0,900.0
mAb-X-SCK,mAb-X,run-1,mAb-X-A1,A1-1879,1879.0,s,48.55962196510949,-0.2035570373602127,3.731461431640969,-0.08671966213439404,RU,40.5,nM,dissociation,780.0,900.0
mAb-X-SCK,mAb-X,run-1,mAb-X-A1,A1-1880,1880.0,s,48.733284061594894,0.19711821519396983,3.727279717131547,0.022256584925889975,RU,40.5,nM,dissociation,780.0,900.0
mAb-X-SCK,mAb-X,run-1,mAb-X-A1,A1-1881,1881.0,s,48.69570021420545,-0.03672456451767157,3.8498208613323834,0.22904998933521437,RU,40.5,nM,dissociation,780.0,900.0
mAb-X-SCK,mAb-X,run-1,mAb-X-A1,A1-1882,1882.0,s,48.7558323111876,0.038983417949329094,3.6959764424161454,-0.0688709383607735,RU,40.5,nM,dissociation,780.0,900.0
mAb-X-SCK,mAb-X,run-1,mAb-X-A1,A1-1883,1883.0,s,48.53121046758182,0.2434311868780436,3.8305923782497278,-0.09720680328322039,RU,40.5,nM,dissociation,780.0,900.0
mAb-X-SCK,mAb-X,run-1,mAb-X-A1,A1-1884,1884.0,s,48.0791290721751,-0.27995698723445456,3.693491578019556,0.07455848097263562,RU,40.5,nM,dissociation,780.0,900.0
mAb-X-SCK,mAb-X,run-1,mAb-X-A1,A1-1885,1885.0,s,48.51610517909986,-0.06604021666557051,3.5366590896276358,-0.1147975922812021,RU,40.5,nM,dissociation,780.0,900.0
mAb-X-SCK,mAb-X,run-1,mAb-X-A1,A1-1886,1886.0,s,48.58585403036062,-0.3518098289216514,3.689553955303064,0.19177668154858166,RU,40.5,nM,dissociation,780.0,900.0
mAb-X-SCK,mAb-X,run-1,mAb-X-A1,A1-1887,1887.0,s,48.24594528345496,-0.056737617693240816,3.9428552868647895,0.30475591016024456,RU,40.5,nM,dissociation,780.0,900.0
mAb-X-SCK,mAb-X,run-1,mAb-X-A1,A1-1888,1888.0,s,48.39499295494007,-0.08497902674979489,3.978213437431417,0.10120292614527125,RU,40.5,nM,dissociation,780.0,900.0
mAb-X-SCK,mAb-X,run-1,mAb-X-A1,A1-1889,1889.0,s,48.39049695097707,-0.17341881408447815,3.744034055114161,0.05109256316598695,RU,40.5,nM,dissociation,780.0,900.0
mAb-X-SCK,mAb-X,run-1,mAb-X-A1,A1-1890,1890.0,s,48.036028449892946,0.17774755276632828,4.202422085430889,0.05899300474553429,RU,40.5,nM,dissociation,780.0,900.0
mAb-X-SCK,mAb-X,run-1,mAb-X-A1,A1-1891,1891.0,s,48.45827504615731,0.13941566140033732,3.9921261531112844,0.05256349986919002,RU,40.5,nM,dissociation,780.0,900.0
mAb-X-SCK,mAb-X,run-1,mAb-X-A1,A1-1892,1892.0,s,48.32738664868139,0.04966281595971789,3.6093741661203924,0.08292760992816173,RU,40.5,nM,dissociation,780.0,900.0
mAb-X-SCK,mAb-X,run-1,mAb-X-A1,A1-1893,1893.0,s,48.188373594689914,-0.005947230738051988,3.8400376063239556,0.012948355876458725,RU,40.5,nM,dissociation,780.0,900.0
mAb-X-SCK,mAb-X,run-1,mAb-X-A1,A1-1894,1894.0,s,48.19004706165141,0.12442116159323324,3.6671920462755687,-0.017499211752356834,RU,40.5,nM,dissociation,780.0,900.0
mAb-X-SCK,mAb-X,run-1,mAb-X-A1,A1-1895,1895.0,s,48.0037173372427,-0.07583009684599032,3.964886078079893,0.30977224347379423,RU,40.5,nM,dissociation,780.0,900.0
mAb-X-SCK,mAb-X,run-1,mAb-X-A1,A1-1896,1896.0,s,47.98941037495388,0.1963689699467924,3.839224969455895,0.07286498763139086,RU,40.5,nM,dissociation,780.0,900.0
mAb-X-SCK,mAb-X,run-1,mAb-X-A1,A1-1897,1897.0,s,48.004321005178454,0.006374788533912487,3.8099503301101887,0.016113567000336167,RU,40.5,nM,dissociation,780.0,900.0
mAb-X-SCK,mAb-X,run-1,mAb-X-A1,A1-1898,1898.0,s,48.24837490318966,0.3107758971143237,3.6067085070249423,0.045696805300574884,RU,40.5,nM,dissociation,780.0,900.0
mAb-X-SCK,mAb-X,run-1,mAb-X-A1,A1-1899,1899.0,s,48.207146949380586,0.09831298883450763,3.6929534535456763,0.12119272568721981,RU,40.5,nM,dissociation,780.0,900.0
mAb-X-SCK,mAb-X,run-1,mAb-X-A1,A1-1900,1900.0,s,48.136417028465694,0.007670178626972694,3.762407520641727,0.054344380728443706,RU,40.5,nM,dissociation,780.0,900.0
mAb-X-SCK,mAb-X,run-1,mAb-X-A1,A1-1901,1901.0,s,48.14754891815955,-0.0028464669896248102,3.7529543231518847,-0.08832045549196457,RU,40.5,nM,dissociation,780.0,900.0
mAb-X-SCK,mAb-X,run-1,mAb-X-A1,A1-1902,1902.0,s,48.05101077711182,-0.09176882730154691,4.193628044151854,-0.02444251870754319,RU,40.5,nM,dissociation,780.0,900.0
mAb-X-SCK,mAb-X,run-1,mAb-X-A1,A1-1903,1903.0,s,48.35808036322489,0.010778674772866604,3.7152129824132833,-0.00868920045666472,RU,40.5,nM,dissociation,780.0,900.0
mAb-X-SCK,mAb-X,run-1,mAb-X-A1,A1-1904,1904.0,s,48.06872825488572,-0.18767489294725356,3.8818621926133914,-0.06843676640546276,RU,40.5,nM,dissociation,780.0,900.0
mAb-X-SCK,mAb-X,run-1,mAb-X-A1,A1-1905,1905.0,s,48.11946894742988,-0.16234825438279218,3.6661731363112233,0.09577811859312893,RU,40.5,nM,dissociation,780.0,900.0
mAb-X-SCK,mAb-X,run-1,mAb-X-A1,A1-1906,1906.0,s,48.00383710905136,-0.021352367248830464,3.7770295068720796,0.2017909451369146,RU,40.5,nM,dissociation,780.0,900.0
mAb-X-SCK,mAb-X,run-1,mAb-X-A1,A1-1907,1907.0,s,47.94436679672105,0.0887663991101603,3.771617140701105,-0.1023255138533316,RU,40.5,nM,dissociation,780.0,900.0
mAb-X-SCK,mAb-X,run-1,mAb-X-A1,A1-1908,1908.0,s,47.86190694611347,0.029439477513467344,3.8430639723987152,0.05229269567755786,RU,40.5,nM,dissociation,780.0,900.0
mAb-X-SCK,mAb-X,run-1,mAb-X-A1,A1-1909,1909.0,s,47.65410338630278,0.17443600481266983,4.0115009749592,0.054497699085955816,RU,40.5,nM,dissociation,780.0,900.0
mAb-X-SCK,mAb-X,run-1,mAb-X-A1,A1-1910,1910.0,s,47.73734138157141,0.09051261434718864,3.620092398255872,-0.0796990793367332,RU,40.5,nM,dissociation,780.0,900.0
mAb-X-SCK,mAb-X,run-1,mAb-X-A1,A1-1911,1911.0,s,47.864454618706986,-0.12634393450718398,3.7970508174983135,-0.037038211236289156,RU,40.5,nM,dissociation,780.0,900.0
mAb-X-SCK,mAb-X,run-1,mAb-X-A1,A1-1912,1912.0,s,47.85919505421997,0.010914457803334363,3.91672937547117,-0.013623089936087764,RU,40.5,nM,dissociation,780.0,900.0
mAb-X-SCK,mAb-X,run-1,mAb-X-A1,A1-1913,1913.0,s,47.6687169762324,-0.13560670199990363,3.6753216380256397,-0.07559211408079461,RU,40.5,nM,dissociation,780.0,900.0
mAb-X-SCK,mAb-X,run-1,mAb-X-A1,A1-1914,1914.0,s,47.73023128759684,-0.05723895484931395,3.613561526349992,-0.3061407052112607,RU,40.5,nM,dissociation,780.0,900.0
mAb-X-SCK,mAb-X,run-1,mAb-X-A1,A1-1915,1915.0,s,47.80134697513183,-0.15607477077757215,4.029863957026358,0.002435837341022363,RU,40.5,nM,dissociation,780.0,900.0
mAb-X-SCK,mAb-X,run-1,mAb-X-A1,A1-1916,1916.0,s,47.77914955094943,0.027696361853147416,3.7372960495697547,0.18026976471943126,RU,40.5,nM,dissociation,780.0,900.0
mAb-X-SCK,mAb-X,run-1,mAb-X-A1,A1-1917,1917.0,s,47.561639025956694,0.2619903602240562,3.629446980199311,-0.14168079737846698,RU,40.5,nM,dissociation,780.0,900.0
mAb-X-SCK,mAb-X,run-1,mAb-X-A1,A1-1918,1918.0,s,47.813543550542455,0.06875085909047891,3.780233724063398,-0.19147702245462286,RU,40.5,nM,dissociation,780.0,900.0
mAb-X-SCK,mAb-X,run-1,mAb-X-A1,A1-1919,1919.0,s,47.85372496246335,0.1091142185683611,3.8459476173509564,-0.10884822738305246,RU,40.5,nM,dissociation,780.0,900.0
mAb-X-SCK,mAb-X,run-1,mAb-X-A1,A1-1920,1920.0,s,47.79422254263424,-0.15133599120585037,3.904644376113967,-0.004677903366555003,RU,40.5,nM,dissociation,780.0,900.0
mAb-X-SCK,mAb-X,run-1,mAb-X-A1,A1-1921,1921.0,s,47.730937800433466,-0.11820906581455866,3.7164333879555707,-0.21108635249255245,RU,40.5,nM,dissociation,780.0,900.0
mAb-X-SCK,mAb-X,run-1,mAb-X-A1,A1-1922,1922.0,s,47.826371380439845,0.00810066034905285,3.9158213214393855,0.2765364135362444,RU,40.5,nM,dissociation,780.0,900.0
mAb-X-SCK,mAb-X,run-1,mAb-X-A1,A1-1923,1923.0,s,47.684423214265166,-0.06807848734367816,3.896501512169199,0.005788413157974113,RU,40.5,nM,dissociation,780.0,900.0
mAb-X-SCK,mAb-X,run-1,mAb-X-A1,A1-1924,1924.0,s,47.871613382514525,-0.05872538063370773,3.7639735168971473,-0.04966018057078487,RU,40.5,nM,dissociation,780.0,900.0
mAb-X-SCK,mAb-X,run-1,mAb-X-A1,A1-1925,1925.0,s,47.60351692146581,0.14663506435205484,3.9533097108710273,0.04396459487877919,RU,40.5,nM,dissociation,780.0,900.0
mAb-X-SCK,mAb-X,run-1,mAb-X-A1,A1-1926,1926.0,s,47.22661010880869,0.019426297910436575,3.7099258755197613,-0.32323710553305013,RU,40.5,nM,dissociation,780.0,900.0
mAb-X-SCK,mAb-X,run-1,mAb-X-A1,A1-1927,1927.0,s,47.66523042698359,0.002329175376722689,4.101003240825812,-0.15412126785918487,RU,40.5,nM,dissociation,780.0,900.0
mAb-X-SCK,mAb-X,run-1,mAb-X-A1,A1-1928,1928.0,s,47.48999625497585,0.043239661063355465,3.928740953161646,-0.04808537427525244,RU,40.5,nM,dissociation,780.0,900.0
mAb-X-SCK,mAb-X,run-1,mAb-X-A1,A1-1929,1929.0,s,47.33780000813023,-0.11352174457311047,3.932495482463373,-0.227121072397046,RU,40.5,nM,dissociation,780.0,900.0
mAb-X-SCK,mAb-X,run-1,mAb-X-A1,A1-1930,1930.0,s,47.59227111576397,0.0826855819211753,3.5949398777812083,-0.013284822232158622,RU,40.5,nM,dissociation,780.0,900.0
mAb-X-SCK,mAb-X,run-1,mAb-X-A1,A1-1931,1931.0,s,47.5130015643149,-0.15669284305045253,3.8197293366322107,0.19820383872004668,RU,40.5,nM,dissociation,780.0,900.0
mAb-X-SCK,mAb-X,run-1,mAb-X-A1,A1-1932,1932.0,s,47.622029121071975,-0.04909065986865085,3.8689927743959087,-0.2987414068491679,RU,40.5,nM,dissociation,780.0,900.0
mAb-X-SCK,mAb-X,run-1,mAb-X-A1,A1-1933,1933.0,s,47.445769978925945,-0.13985370603252717,3.9708104610874186,0.16190052018107393,RU,40.5,nM,dissociation,780.0,900.0
mAb-X-SCK,mAb-X,run-1,mAb-X-A1,A1-1934,1934.0,s,47.43662165979812,-0.02633322124333236,3.787199882922024,0.03131987639318989,RU,40.5,nM,dissociation,780.0,900.0
mAb-X-SCK,mAb-X,run-1,mAb-X-A1,A1-1935,1935.0,s,47.44163581219971,-0.16742000085921063,3.9474709041412788,-0.11641233822782864,RU,40.5,nM,dissociation,780.0,900.0
mAb-X-SCK,mAb-X,run-1,mAb-X-A1,A1-1936,1936.0,s,47.317978611003404,0.0625990388393191,4.098379023300875,-0.14097248028904388,RU,40.5,nM,dissociation,780.0,900.0
mAb-X-SCK,mAb-X,run-1,mAb-X-A1,A1-1937,1937.0,s,47.26160039678764,0.018210908318264784,3.7243154428685057,0.002045773333807611,RU,40.5,nM,dissociation,780.0,900.0
mAb-X-SCK,mAb-X,run-1,mAb-X-A1,A1-1938,1938.0,s,47.15389522787524,-0.232727724125247,3.6998631138607863,-0.21499684799351296,RU,40.5,nM,dissociation,780.0,900.0
mAb-X-SCK,mAb-X,run-1,mAb-X-A1,A1-1939,1939.0,s,46.780671476117924,0.17249797498344452,3.7992203130218947,0.015039174025197995,RU,40.5,nM,dissociation,780.0,900.0
mAb-X-SCK,mAb-X,run-1,mAb-X-A1,A1-1940,1940.0,s,47.45075502028993,-0.35891358214660857,3.904145778801458,-0.04339779905922681,RU,40.5,nM,dissociation,780.0,900.0
mAb-X-SCK,mAb-X,run-1,mAb-X-A1,A1-1941,1941.0,s,47.218252938500044,0.14708628909932472,3.9210844147972823,0.30663134870497105,RU,40.5,nM,dissociation,780.0,900.0
mAb-X-SCK,mAb-X,run-1,mAb-X-A1,A1-1942,1942.0,s,47.331752317564266,0.002963881231735968,3.7692460069389853,0.11600038734164209,RU,40.5,nM,dissociation,780.0,900.0
mAb-X-SCK,mAb-X,run-1,mAb-X-A1,A1-1943,1943.0,s,47.31944591523026,-0.09529143076285786,3.8244858017346846,-0.015629718812905855,RU,40.5,nM,dissociation,780.0,900.0
mAb-X-SCK,mAb-X,run-1,mAb-X-A1,A1-1944,1944.0,s,47.23026908382932,0.17375109229976798,4.0698870307669806,-0.06441078293934144,RU,40.5,nM,dissociation,780.0,900.0
mAb-X-SCK,mAb-X,run-1,mAb-X-A1,A1-1945,1945.0,s,47.17461514695972,0.1865457169507416,3.7801946367068715,0.33563076465513236,RU,40.5,nM,dissociation,780.0,900.0
mAb-X-SCK,mAb-X,run-1,mAb-X-A1,A1-1946,1946.0,s,47.27671932048413,0.005531120585033561,3.7571321418896075,0.10772611134859507,RU,40.5,nM,dissociation,780.0,900.0
mAb-X-SCK,mAb-X,run-1,mAb-X-A1,A1-1947,1947.0,s,47.23952077710084,0.025729043654053728,4.05881959138652,0.45616357604192026,RU,40.5,nM,dissociation,780.0,900.0
mAb-X-SCK,mAb-X,run-1,mAb-X-A1,A1-1948,1948.0,s,47.10033737858891,-0.032283829675088506,3.8810737417253773,0.20043711706446596,RU,40.5,nM,dissociation,780.0,900.0
mAb-X-SCK,mAb-X,run-1,mAb-X-A1,A1-1949,1949.0,s,47.1472726647686,0.059077431823175326,3.946839487037142,-0.038314257966627685,RU,40.5,nM,dissociation,780.0,900.0
mAb-X-SCK,mAb-X,run-1,mAb-X-A1,A1-1950,1950.0,s,47.10346465732151,-0.11940126912353838,4.219640019303987,0.05153824528561823,RU,40.5,nM,dissociation,780.0,900.0
mAb-X-SCK,mAb-X,run-1,mAb-X-A1,A1-1951,1951.0,s,47.32493807169802,0.04386651537592518,3.9619275020192513,0.046262831234883485,RU,40.5,nM,dissociation,780.0,900.0
mAb-X-SCK,mAb-X,run-1,mAb-X-A1,A1-1952,1952.0,s,47.11951964756442,-0.16217903518931107,3.9691207418148156,0.2803564694690455,RU,40.5,nM,dissociation,780.0,900.0
mAb-X-SCK,mAb-X,run-1,mAb-X-A1,A1-1953,1953.0,s,47.04469181655096,-0.3293046457583565,4.068518432837462,-0.042639396037736234,RU,40.5,nM,dissociation,780.0,900.0
mAb-X-SCK,mAb-X,run-1,mAb-X-A1,A1-1954,1954.0,s,47.34904015639358,-0.02722411053496059,3.775753183170717,-0.03528475943097227,RU,40.5,nM,dissociation,780.0,900.0
mAb-X-SCK,mAb-X,run-1,mAb-X-A1,A1-1955,1955.0,s,47.015983352877285,-0.012119191756236892,3.889304828294885,-0.04943330163766802,RU,40.5,nM,dissociation,780.0,900.0
mAb-X-SCK,mAb-X,run-1,mAb-X-A1,A1-1956,1956.0,s,47.121490574248845,0.08891374213071622,3.9170885686224968,0.042375303331994026,RU,40.5,nM,dissociation,780.0,900.0
mAb-X-SCK,mAb-X,run-1,mAb-X-A1,A1-1957,1957.0,s,46.837998488105164,-0.09536383535125126,3.83786879140874,-0.2098649411852754,RU,40.5,nM,dissociation,780.0,900.0
mAb-X-SCK,mAb-X,run-1,mAb-X-A1,A1-1958,1958.0,s,46.95445556390137,0.08420189613731897,3.846256010848313,0.11056980755136361,RU,40.5,nM,dissociation,780.0,900.0
mAb-X-SCK,mAb-X,run-1,mAb-X-A1,A1-1959,1959.0,s,46.70100782826803,0.000995802560117917,3.756909447233378,0.029087602568731052,RU,40.5,nM,dissociation,780.0,900.0
mAb-X-SCK,mAb-X,run-1,mAb-X-A1,A1-1960,1960.0,s,46.82700409910631,-0.13092670130197667,3.7750520736355657,-0.01283123712571521,RU,40.5,nM,dissociation,780.0,900.0
mAb-X-SCK,mAb-X,run-1,mAb-X-A1,A1-1961,1961.0,s,46.968535077381155,-0.0556669189187326,3.931733983922828,0.06538779465271956,RU,40.5,nM,dissociation,780.0,900.0
mAb-X-SCK,mAb-X,run-1,mAb-X-A1,A1-1962,1962.0,s,47.08533382971098,-0.05656783370105192,3.8482132380388996,-0.18150310070541084,RU,40.5,nM,dissociation,780.0,900.0
mAb-X-SCK,mAb-X,run-1,mAb-X-A1,A1-1963,1963.0,s,46.52911144211684,0.3978270842671004,3.878756776009986,0.004671054692413426,RU,40.5,nM,dissociation,780.0,900.0
mAb-X-SCK,mAb-X,run-1,mAb-X-A1,A1-1964,1964.0,s,46.90043699767414,-0.2770384868263121,3.8916615464131117,0.1311611860046632,RU,40.5,nM,dissociation,780.0,900.0
mAb-X-SCK,mAb-X,run-1,mAb-X-A1,A1-1965,1965.0,s,46.95167374192752,-0.0577965904121124,3.6563385741690815,0.1604526050378693,RU,40.5,nM,dissociation,780.0,900.0
mAb-X-SCK,mAb-X,run-1,mAb-X-A1,A1-1966,1966.0,s,46.862832778293466,0.13753969089013865,4.03064808659075,0.042367734996081804,RU,40.5,nM,dissociation,780.0,900.0
mAb-X-SCK,mAb-X,run-1,mAb-X-A1,A1-1967,1967.0,s,46.75905383922511,-0.11568957293738749,3.8319414457403753,0.06071998495452348,RU,40.5,nM,dissociation,780.0,900.0
mAb-X-SCK,mAb-X,run-1,mAb-X-A1,A1-1968,1968.0,s,46.77563744442556,0.16555737384030098,3.4610695433485716,-0.1088179537263437,RU,40.5,nM,dissociation,780.0,900.0
mAb-X-SCK,mAb-X,run-1,mAb-X-A1,A1-1969,1969.0,s,46.799777527240316,0.1075386809114355,3.9732994243827635,-0.11240057443143103,RU,40.5,nM,dissociation,780.0,900.0
mAb-X-SCK,mAb-X,run-1,mAb-X-A1,A1-1970,1970.0,s,46.63680898934966,0.23810142751380836,3.712297545534243,-0.11753918148215933,RU,40.5,nM,dissociation,780.0,900.0
mAb-X-SCK,mAb-X,run-1,mAb-X-A1,A1-1971,1971.0,s,46.90446536819721,0.17482826933650944,3.9693493564414672,-0.2411593259925831,RU,40.5,nM,dissociation,780.0,900.0
mAb-X-SCK,mAb-X,run-1,mAb-X-A1,A1-1972,1972.0,s,46.884300422172096,0.17981847974831025,4.015108752151773,0.07368850004898161,RU,40.5,nM,dissociation,780.0,900.0
mAb-X-SCK,mAb-X,run-1,mAb-X-A1,A1-1973,1973.0,s,46.76984924092498,0.028476134669258163,3.844576925666277,-0.031236522732578095,RU,40.5,nM,dissociation,780.0,900.0
mAb-X-SCK,mAb-X,run-1,mAb-X-A1,A1-1974,1974.0,s,46.54630045553643,0.1354648542332086,3.845379484430759,0.11981981256143473,RU,40.5,nM,dissociation,780.0,900.0
mAb-X-SCK,mAb-X,run-1,mAb-X-A1,A1-1975,1975.0,s,46.593195526086824,0.06008344006581656,3.8040667540801913,-0.35820582366913656,RU,40.5,nM,dissociation,780.0,900.0
mAb-X-SCK,mAb-X,run-1,mAb-X-A1,A1-1976,1976.0,s,46.70790095171795,0.23633933334541452,4.068839604557323,-0.11288642305108564,RU,40.5,nM,dissociation,780.0,900.0
mAb-X-SCK,mAb-X,run-1,mAb-X-A1,A1-1977,1977.0,s,46.46863942915269,-0.17797343093494683,3.5801420464823415,0.07620201189339743,RU,40.5,nM,dissociation,780.0,900.0
mAb-X-SCK,mAb-X,run-1,mAb-X-A1,A1-1978,1978.0,s,46.630701090965715,0.062045710430307974,4.027853701278862,-0.24341524185576913,RU,40.5,nM,dissociation,780.0,900.0
mAb-X-SCK,mAb-X,run-1,mAb-X-A1,A1-1979,1979.0,s,46.43498585882483,-0.13579337977249398,4.061512886821461,0.021317966018629706,RU,40.5,nM,dissociation,780.0,900.0
mAb-X-SCK,mAb-X,run-1,mAb-X-A1,A1-1980,1980.0,s,46.833104875416225,0.09109199449715959,3.851313619415061,0.11059450150324374,RU,40.5,nM,dissociation,780.0,900.0
mAb-X-SCK,mAb-X,run-1,mAb-X-A1,A1-1981,1981.0,s,46.532439127321815,-0.1548671416399992,3.8168958603611505,0.10725352205767302,RU,40.5,nM,dissociation,780.0,900.0
mAb-X-SCK,mAb-X,run-1,mAb-X-A1,A1-1982,1982.0,s,46.77568103857334,0.2096940833301612,3.9169741816001022,-0.07821052895177706,RU,40.5,nM,dissociation,780.0,900.0
mAb-X-SCK,mAb-X,run-1,mAb-X-A1,A1-1983,1983.0,s,46.548980419420595,-0.07018287838120221,4.1579681328667615,-0.1762100257229703,RU,40.5,nM,dissociation,780.0,900.0
mAb-X-SCK,mAb-X,run-1,mAb-X-A1,A1-1984,1984.0,s,46.57279657820743,-0.17610670817859303,4.181921156090376,0.008590879768713701,RU,40.5,nM,dissociation,780.0,900.0
mAb-X-SCK,mAb-X,run-1,mAb-X-A1,A1-1985,1985.0,s,46.34733868559921,-0.12601401586857072,3.688992295270963,0.030616299365220753,RU,40.5,nM,dissociation,780.0,900.0
mAb-X-SCK,mAb-X,run-1,mAb-X-A1,A1-1986,1986.0,s,46.1146203054768,-0.10959262182365247,4.258533227265724,-0.26826776012659354,RU,40.5,nM,dissociation,780.0,900.0
mAb-X-SCK,mAb-X,run-1,mAb-X-A1,A1-1987,1987.0,s,46.581008620061986,-0.05974621851444688,3.8300346886873484,0.2808415500657017,RU,40.5,nM,dissociation,780.0,900.0
mAb-X-SCK,mAb-X,run-1,mAb-X-A1,A1-1988,1988.0,s,46.51228661723275,-0.03077885042964182,3.821108381196787,0.03493035144287208,RU,40.5,nM,dissociation,780.0,900.0
mAb-X-SCK,mAb-X,run-1,mAb-X-A1,A1-1989,1989.0,s,46.313259625578084,0.08366135809657928,4.260394263159712,-0.16271124812096657,RU,40.5,nM,dissociation,780.0,900.0
mAb-X-SCK,mAb-X,run-1,mAb-X-A1,A1-1990,1990.0,s,46.132250166104626,-0.016738171559295932,3.9452972523342242,-0.2565542545754013,RU,40.5,nM,dissociation,780.0,900.0
mAb-X-SCK,mAb-X,run-1,mAb-X-A1,A1-1991,1991.0,s,46.17119263508193,0.02573655365071615,3.795883315022287,-0.0885211256033475,RU,40.5,nM,dissociation,780.0,900.0
mAb-X-SCK,mAb-X,run-1,mAb-X-A1,A1-1992,1992.0,s,46.14165004648572,0.01914588521478634,3.809898030444928,-0.2039067328051037,RU,40.5,nM,dissociation,780.0,900.0
mAb-X-SCK,mAb-X,run-1,mAb-X-A1,A1-1993,1993.0,s,46.495499587302206,0.07224529587768341,4.21445159241449,-0.0977743137047799,RU,40.5,nM,dissociation,780.0,900.0
mAb-X-SCK,mAb-X,run-1,mAb-X-A1,A1-1994,1994.0,s,46.336606138041134,-0.1032257169995418,4.063874668356508,0.2327513219555637,RU,40.5,nM,dissociation,780.0,900.0
mAb-X-SCK,mAb-X,run-1,mAb-X-A1,A1-1995,1995.0,s,46.43999143445529,-0.2748390591119938,4.019277801650123,-0.1525624394911941,RU,40.5,nM,dissociation,780.0,900.0
mAb-X-SCK,mAb-X,run-1,mAb-X-A1,A1-1996,1996.0,s,46.23296485378608,-0.16295366691092675,3.7948488920914634,-0.19870288411439643,RU,40.5,nM,dissociation,780.0,900.0
mAb-X-SCK,mAb-X,run-1,mAb-X-A1,A1-1997,1997.0,s,46.20919886804099,-0.2228712904211466,3.803499550487527,-0.035139211359279915,RU,40.5,nM,dissociation,780.0,900.0
mAb-X-SCK,mAb-X,run-1,mAb-X-A1,A1-1998,1998.0,s,46.080465027163285,0.19323164798631964,3.9180791858887307,-0.25295630747153486,RU,40.5,nM,dissociation,780.0,900.0
mAb-X-SCK,mAb-X,run-1,mAb-X-A1,A1-1999,1999.0,s,46.24152080427185,0.21470535845374153,4.036071493270855,-0.3361442401194909,RU,40.5,nM,dissociation,780.0,900.0
mAb-X-SCK,mAb-X,run-1,mAb-X-A1,A1-2000,2000.0,s,46.15520345770605,0.11435365163665784,4.171501887069949,0.22539153155566027,RU,40.5,nM,dissociation,780.0,900.0
mAb-X-SCK,mAb-X,run-1,mAb-X-A1,A1-2001,2001.0,s,45.913847537385735,-0.10374348765494114,3.7257802711994814,0.13467202547400337,RU,40.5,nM,dissociation,780.0,900.0
mAb-X-SCK,mAb-X,run-1,mAb-X-A1,A1-2002,2002.0,s,46.19536372713176,-0.2959671535623805,4.0942409838498675,0.010291407119499546,RU,40.5,nM,dissociation,780.0,900.0
mAb-X-SCK,mAb-X,run-1,mAb-X-A1,A1-2003,2003.0,s,46.03107546634878,-0.14759945049136663,4.243925482484803,-0.07882972799356756,RU,40.5,nM,dissociation,780.0,900.0
mAb-X-SCK,mAb-X,run-1,mAb-X-A1,A1-2004,2004.0,s,46.22306415703794,-0.026549531188518084,3.8448728709487225,0.02009568932928963,RU,40.5,nM,dissociation,780.0,900.0
mAb-X-SCK,mAb-X,run-1,mAb-X-A1,A1-2005,2005.0,s,45.87547564083148,0.16841853350063601,4.038251628803221,-0.22540429583872598,RU,40.5,nM,dissociation,780.0,900.0
mAb-X-SCK,mAb-X,run-1,mAb-X-A1,A1-2006,2006.0,s,45.980714300242994,0.07413642300899674,3.9916206970632304,-0.03806003264717157,RU,40.5,nM,dissociation,780.0,900.0
mAb-X-SCK,mAb-X,run-1,mAb-X-A1,A1-2007,2007.0,s,46.118076269914376,0.2634729599837476,3.9287048182706408,0.11208999152771473,RU,40.5,nM,dissociation,780.0,900.0
mAb-X-SCK,mAb-X,run-1,mAb-X-A1,A1-2008,2008.0,s,45.68557772501158,0.08591194171781164,3.9360899206790214,0.41124267664237374,RU,40.5,nM,dissociation,780.0,900.0
mAb-X-SCK,mAb-X,run-1,mAb-X-A1,A1-2009,2009.0,s,45.76208033262174,0.0708882726441268,4.090306256216137,0.24421708930432098,RU,40.5,nM,dissociation,780.0,900.0
mAb-X-SCK,mAb-X,run-1,mAb-X-A1,A1-2010,2010.0,s,46.03864339650581,0.05788618406796774,4.020014946203514,-0.06248625203092449,RU,40.5,nM,dissociation,780.0,900.0
mAb-X-SCK,mAb-X,run-1,mAb-X-A1,A1-2011,2011.0,s,45.6858923306306,-0.04959172849756276,4.02144980305707,-0.0004606164741234363,RU,40.5,nM,dissociation,780.0,900.0
mAb-X-SCK,mAb-X,run-1,mAb-X-A1,A1-2012,2012.0,s,45.67961992178132,-0.0006767636307360679,3.944219539695585,-0.012301986718945382,RU,40.5,nM,dissociation,780.0,900.0
mAb-X-SCK,mAb-X,run-1,mAb-X-A1,A1-2013,2013.0,s,45.785834163177576,-0.1033501215331012,4.162436595176133,0.06904255991441668,RU,40.5,nM,dissociation,780.0,900.0
mAb-X-SCK,mAb-X,run-1,mAb-X-A1,A1-2014,2014.0,s,45.83133201143458,0.21273538373370884,4.033078947596618,0.08623063970947017,RU,40.5,nM,dissociation,780.0,900.0
mAb-X-SCK,mAb-X,run-1,mAb-X-A1,A1-2015,2015.0,s,45.60941609608004,-0.17607907596998343,3.781644926912805,0.05399026304541074,RU,40.5,nM,dissociation,780.0,900.0
mAb-X-SCK,mAb-X,run-1,mAb-X-A1,A1-2016,2016.0,s,45.764238756033215,0.038345155301485405,4.088019390818975,0.008129650046474151,RU,40.5,nM,dissociation,780.0,900.0
mAb-X-SCK,mAb-X,run-1,mAb-X-A1,A1-2017,2017.0,s,45.68066587797722,0.23344018827255708,4.116116369094044,-0.16220234985328807,RU,40.5,nM,dissociation,780.0,900.0
mAb-X-SCK,mAb-X,run-1,mAb-X-A1,A1-2018,2018.0,s,45.7905236756073,0.01997062648002287,4.049061018448871,0.12368584554602344,RU,40.5,nM,dissociation,780.0,900.0
mAb-X-SCK,mAb-X,run-1,mAb-X-A1,A1-2019,2019.0,s,45.78795980619808,-0.4959505678171467,4.114024505688916,0.22144681876772182,RU,40.5,nM,dissociation,780.0,900.0
mAb-X-SCK,mAb-X,run-1,mAb-X-A1,A1-2020,2020.0,s,45.86554717680851,0.07354317052740522,3.910049045304234,0.04325967240031275,RU,40.5,nM,dissociation,780.0,900.0
mAb-X-SCK,mAb-X,run-1,mAb-X-A1,A1-2021,2021.0,s,45.830212984269714,-0.04922673054608644,4.427563135434426,0.09788321414402837,RU,40.5,nM,dissociation,780.0,900.0
mAb-X-SCK,mAb-X,run-1,mAb-X-A1,A1-2022,2022.0,s,45.889735133689115,-0.0309827602088885,3.9380638620115045,-0.12568794857309615,RU,40.5,nM,dissociation,780.0,900.0
mAb-X-SCK,mAb-X,run-1,mAb-X-A1,A1-2023,2023.0,s,46.02870722010799,0.014509298223978895,4.316879916217912,-0.25731513874906337,RU,40.5,nM,dissociation,780.0,900.0
mAb-X-SCK,mAb-X,run-1,mAb-X-A1,A1-2024,2024.0,s,45.91379601313797,0.04561982329741464,4.20299288702091,-0.09718871107996929,RU,40.5,nM,dissociation,780.0,900.0
mAb-X-SCK,mAb-X,run-1,mAb-X-A1,A1-2025,2025.0,s,45.553903749662155,0.07141622465789309,4.25599419043868,-0.0401661785905767,RU,40.5,nM,dissociation,780.0,900.0
mAb-X-SCK,mAb-X,run-1,mAb-X-A1,A1-2026,2026.0,s,45.51727901472235,0.02407589324133737,3.8434217700320916,-0.02022487964124244,RU,40.5,nM,dissociation,780.0,900.0
mAb-X-SCK,mAb-X,run-1,mAb-X-A1,A1-2027,2027.0,s,45.51367711978242,0.23366822925209796,4.126530609022678,0.15700163724156777,RU,40.5,nM,dissociation,780.0,900.0
mAb-X-SCK,mAb-X,run-1,mAb-X-A1,A1-2028,2028.0,s,45.54263182347078,0.17785375237387005,4.027814673903686,0.18272372417033794,RU,40.5,nM,dissociation,780.0,900.0
mAb-X-SCK,mAb-X,run-1,mAb-X-A1,A1-2029,2029.0,s,45.32601633378232,0.14856770481195702,4.138570345369887,-0.12069978605474864,RU,40.5,nM,dissociation,780.0,900.0
mAb-X-SCK,mAb-X,run-1,mAb-X-A1,A1-2030,2030.0,s,45.415363034827294,-4.6615522793270256e-05,4.157859782689384,0.220768469521195,RU,40.5,nM,dissociation,780.0,900.0
mAb-X-SCK,mAb-X,run-1,mAb-X-A1,A1-2031,2031.0,s,45.656672971081605,0.035077021795251684,4.102081467143558,-0.03839211466214219,RU,40.5,nM,dissociation,780.0,900.0
mAb-X-SCK,mAb-X,run-1,mAb-X-A1,A1-2032,2032.0,s,45.65902476387065,0.031151304056798373,3.9927611693106995,-0.11981290802688217,RU,40.5,nM,dissociation,780.0,900.0
mAb-X-SCK,mAb-X,run-1,mAb-X-A1,A1-2033,2033.0,s,45.589955189316086,0.11970677994618209,4.116545211786976,0.15223035313599617,RU,40.5,nM,dissociation,780.0,900.0
mAb-X-SCK,mAb-X,run-1,mAb-X-A1,A1-2034,2034.0,s,45.584324179096384,-0.12263832415614291,3.954361695761601,0.16843297124772852,RU,40.5,nM,dissociation,780.0,900.0
mAb-X-SCK,mAb-X,run-1,mAb-X-A1,A1-2035,2035.0,s,45.63849167908528,-0.01090647095492188,4.155943814152462,0.04420090614638007,RU,40.5,nM,dissociation,780.0,900.0
mAb-X-SCK,mAb-X,run-1,mAb-X-A1,A1-2036,2036.0,s,45.692064175661905,0.11922314960931757,3.8536119383063174,-0.29582191799232865,RU,40.5,nM,dissociation,780.0,900.0
mAb-X-SCK,mAb-X,run-1,mAb-X-A1,A1-2037,2037.0,s,45.44326316295032,0.029729643894743543,4.239574792167609,-0.3917052242447783,RU,40.5,nM,dissociation,780.0,900.0
mAb-X-SCK,mAb-X,run-1,mAb-X-A1,A1-2038,2038.0,s,45.32915828467432,0.05115324158421681,4.064133778731101,-0.08569243892693268,RU,40.5,nM,dissociation,780.0,900.0
mAb-X-SCK,mAb-X,run-1,mAb-X-A1,A1-2039,2039.0,s,45.413542077022676,0.026857634348966403,3.881315095131743,0.15707007360188482,RU,40.5,nM,dissociation,780.0,900.0
mAb-X-SCK,mAb-X,run-1,mAb-X-A1,A1-2040,2040.0,s,45.411523430422065,-0.1584473324803297,3.918700588826843,0.13023898061012207,RU,40.5,nM,dissociation,780.0,900.0
mAb-X-SCK,mAb-X,run-1,mAb-X-A1,A1-2041,2041.0,s,45.19424160558327,0.2563180475431922,4.108680298180928,-0.054621237460436414,RU,40.5,nM,dissociation,780.0,900.0
mAb-X-SCK,mAb-X,run-1,mAb-X-A1,A1-2042,2042.0,s,45.254848984868175,-0.11452821307628792,4.090162922237736,-0.032395277735998027,RU,40.5,nM,dissociation,780.0,900.0
mAb-X-SCK,mAb-X,run-1,mAb-X-A1,A1-2043,2043.0,s,45.2099492921862,-0.231336829042264,4.021975130219662,-0.044258398585380235,RU,40.5,nM,dissociation,780.0,900.0
mAb-X-SCK,mAb-X,run-1,mAb-X-A1,A1-2044,2044.0,s,45.326346676761105,-0.1455003652138994,4.056329854848259,-0.029858277404862,RU,40.5,nM,dissociation,780.0,900.0
mAb-X-SCK,mAb-X,run-1,mAb-X-A1,A1-2045,2045.0,s,45.04162399630087,0.13918070895337753,3.86487127284496,-0.08850628823832632,RU,40.5,nM,dissociation,780.0,900.0
mAb-X-SCK,mAb-X,run-1,mAb-X-A1,A1-2046,2046.0,s,45.057179945347805,-0.2791401847479554,4.406016165619705,0.22397991898443484,RU,40.5,nM,dissociation,780.0,900.0
mAb-X-SCK,mAb-X,run-1,mAb-X-A1,A1-2047,2047.0,s,45.192690137515434,-0.08370734406804671,4.096238777952592,-0.0851579911070623,RU,40.5,nM,dissociation,780.0,900.0
mAb-X-SCK,mAb-X,run-1,mAb-X-A1,A1-2048,2048.0,s,45.57257348734839,0.20587132977032013,4.0762169841635085,-0.09758403351391569,RU,40.5,nM,dissociation,780.0,900.0
mAb-X-SCK,mAb-X,run-1,mAb-X-A1,A1-2049,2049.0,s,45.10344461939863,-0.05868584646204749,4.063951874573782,0.0048014163058351855,RU,40.5,nM,dissociation,780.0,900.0
mAb-X-SCK,mAb-X,run-1,mAb-X-A1,A1-2050,2050.0,s,45.00079094429664,-0.1760958241656055,4.005500773740036,0.012755401135272135,RU,40.5,nM,dissociation,780.0,900.0
mAb-X-SCK,mAb-X,run-1,mAb-X-A1,A1-2051,2051.0,s,45.41186160344101,-0.036251200855341045,3.9639324343818596,0.2123223039165944,RU,40.5,nM,dissociation,780.0,900.0
mAb-X-SCK,mAb-X,run-1,mAb-X-A1,A1-2052,2052.0,s,45.24449262487372,0.20406436236526806,4.117972464189772,0.052613614960529444,RU,40.5,nM,dissociation,780.0,900.0
mAb-X-SCK,mAb-X,run-1,mAb-X-A1,A1-2053,2053.0,s,45.255333519970186,0.08895627664985532,4.099730302245526,-0.056509393281504706,RU,40.5,nM,dissociation,780.0,900.0
mAb-X-SCK,mAb-X,run-1,mAb-X-A1,A1-2054,2054.0,s,45.15734099602054,0.15034272907445667,4.14765603813075,-0.1740717057349221,RU,40.5,nM,dissociation,780.0,900.0
mAb-X-SCK,mAb-X,run-1,mAb-X-A1,A1-2055,2055.0,s,45.06144190408598,-0.12202841361119213,4.150784072089807,-0.1955352241769594,RU,40.5,nM,dissociation,780.0,900.0
mAb-X-SCK,mAb-X,run-1,mAb-X-A1,A1-2056,2056.0,s,45.071672254199534,0.08026559223653905,3.9427338040802504,-0.16328048664895656,RU,40.5,nM,dissociation,780.0,900.0
mAb-X-SCK,mAb-X,run-1,mAb-X-A1,A1-2057,2057.0,s,45.106906599519014,-0.1394319479791543,4.10331284926675,-0.36725004251630977,RU,40.5,nM,dissociation,780.0,900.0
mAb-X-SCK,mAb-X,run-1,mAb-X-A1,A1-2058,2058.0,s,45.170076509841344,-0.03911080974547906,4.350611568978311,0.14559816995741492,RU,40.5,nM,dissociation,780.0,900.0
mAb-X-SCK,mAb-X,run-1,mAb-X-A1,A1-2059,2059.0,s,45.20510897705816,0.1574404084718986,4.043269405488323,-0.35346989365596926,RU,40.5,nM,dissociation,780.0,900.0
mAb-X-SCK,mAb-X,run-1,mAb-X-A1,A1-2060,2060.0,s,45.09178826166488,-0.0319872982637227,4.006321824370997,-0.12839642460969486,RU,40.5,nM,dissociation,780.0,900.0
mAb-X-SCK,mAb-X,run-1,mAb-X-A1,A1-2061,2061.0,s,45.117903053861326,0.01603955678745803,4.129064124980271,0.20856611452117083,RU,40.5,nM,dissociation,780.0,900.0
mAb-X-SCK,mAb-X,run-1,mAb-X-A1,A1-2062,2062.0,s,44.91071972406322,-0.0010787093431159792,4.168003612257866,0.030413971811203772,RU,40.5,nM,dissociation,780.0,900.0
mAb-X-SCK,mAb-X,run-1,mAb-X-A1,A1-2063,2063.0,s,45.01553420083461,-0.023331622791808084,4.143344890277009,-0.20301555746720149,RU,40.5,nM,dissociation,780.0,900.0
mAb-X-SCK,mAb-X,run-1,mAb-X-A1,A1-2064,2064.0,s,44.83942267969833,0.1451462179092271,4.147582604963136,-0.22287009149985115,RU,40.5,nM,dissociation,780.0,900.0
mAb-X-SCK,mAb-X,run-1,mAb-X-A1,A1-2065,2065.0,s,45.08576620484984,0.16116038304843586,4.090270013586383,0.20789949053601942,RU,40.5,nM,dissociation,780.0,900.0
mAb-X-SCK,mAb-X,run-1,mAb-X-A1,A1-2066,2066.0,s,44.94031202343017,0.13194546137770144,4.3919231912724666,-0.07723353233728755,RU,40.5,nM,dissociation,780.0,900.0
mAb-X-SCK,mAb-X,run-1,mAb-X-A1,A1-2067,2067.0,s,44.77278924512253,0.2111930116785202,4.168345228741166,0.1972544300433724,RU,40.5,nM,dissociation,780.0,900.0
mAb-X-SCK,mAb-X,run-1,mAb-X-A1,A1-2068,2068.0,s,44.823737921492395,0.2575026632822237,4.360014111966683,0.06040475343905516,RU,40.5,nM,dissociation,780.0,900.0
mAb-X-SCK,mAb-X,run-1,mAb-X-A1,A1-2069,2069.0,s,45.02082027826145,0.19828199445941316,4.038274829413055,-0.23871526774651464,RU,40.5,nM,dissociation,780.0,900.0
mAb-X-SCK,mAb-X,run-1,mAb-X-A1,A1-2070,2070.0,s,45.158805905967384,-0.03823554782917252,4.151227987443529,-0.04222869366135407,RU,40.5,nM,dissociation,780.0,900.0
mAb-X-SCK,mAb-X,run-1,mAb-X-A1,A1-2071,2071.0,s,44.97555126083005,-0.12808142761997424,4.166229506451095,-0.03257772215958185,RU,40.5,nM,dissociation,780.0,900.0
mAb-X-SCK,mAb-X,run-1,mAb-X-A1,A1-2072,2072.0,s,45.03932599201091,-0.3131256894991779,4.290922387168057,-0.0733884476756305,RU,40.5,nM,dissociation,780.0,900.0
mAb-X-SCK,mAb-X,run-1,mAb-X-A1,A1-2073,2073.0,s,44.656160363681195,0.010416001542669025,4.127580728898825,-0.006477434551649285,RU,40.5,nM,dissociation,780.0,900.0
mAb-X-SCK,mAb-X,run-1,mAb-X-A1,A1-2074,2074.0,s,44.713615164891095,0.1753757471886853,4.277928988265014,0.039274000659986215,RU,40.5,nM,dissociation,780.0,900.0
mAb-X-SCK,mAb-X,run-1,mAb-X-A1,A1-2075,2075.0,s,44.64225381352574,-0.02265947127230326,4.136388471875508,-0.0036411184327960963,RU,40.5,nM,dissociation,780.0,900.0
mAb-X-SCK,mAb-X,run-1,mAb-X-A1,A1-2076,2076.0,s,44.63303050767806,-0.12926554893486236,4.187696284074909,0.10130620841888295,RU,40.5,nM,dissociation,780.0,900.0
mAb-X-SCK,mAb-X,run-1,mAb-X-A1,A1-2077,2077.0,s,44.64391924810104,0.06923325480647939,4.047285087715518,0.2376010995276526,RU,40.5,nM,dissociation,780.0,900.0
mAb-X-SCK,mAb-X,run-1,mAb-X-A1,A1-2078,2078.0,s,44.836758637168266,0.22329800410615408,4.219316539667371,-0.08621508456480377,RU,40.5,nM,dissociation,780.0,900.0
mAb-X-SCK,mAb-X,run-1,mAb-X-A1,A1-2079,2079.0,s,44.56241142613547,-0.05597656347904024,4.124748677755541,0.005277891000499771,RU,40.5,nM,dissociation,780.0,900.0
mAb-X-SCK,mAb-X,run-1,mAb-X-A1,A1-2080,2080.0,s,44.6493648564323,0.20783992383108552,4.013398572441382,-0.011605907036983516,RU,40.5,nM,dissociation,780.0,900.0
mAb-X-SCK,mAb-X,run-1,mAb-X-A1,A1-2081,2081.0,s,44.609979568373966,-0.19482121669855595,4.3382568551418705,-0.024738189082608192,RU,40.5,nM,dissociation,780.0,900.0
mAb-X-SCK,mAb-X,run-1,mAb-X-A1,A1-2082,2082.0,s,44.42987263268945,-0.017002028842416746,4.1918936198974555,-0.192694533005603,RU,40.5,nM,dissociation,780.0,900.0
mAb-X-SCK,mAb-X,run-1,mAb-X-A1,A1-2083,2083.0,s,44.54204965942422,0.1434724919047839,4.479088929573358,0.036389989432443766,RU,40.5,nM,dissociation,780.0,900.0
mAb-X-SCK,mAb-X,run-1,mAb-X-A1,A1-2084,2084.0,s,44.610995003421436,-0.08463442576691031,4.231644868178195,-0.002055883842849785,RU,40.5,nM,dissociation,780.0,900.0
mAb-X-SCK,mAb-X,run-1,mAb-X-A1,A1-2085,2085.0,s,44.37797679204076,0.16006411476267532,4.223872538453275,0.067803691701621,RU,40.5,nM,dissociation,780.0,900.0
mAb-X-SCK,mAb-X,run-1,mAb-X-A1,A1-2086,2086.0,s,44.60487951843976,-0.0861222285803474,4.504103227820218,0.08574162272284937,RU,40.5,nM,dissociation,780.0,900.0
mAb-X-SCK,mAb-X,run-1,mAb-X-A1,A1-2087,2087.0,s,44.326680068929946,-0.028935067908025774,4.009405098270358,0.0038360739702086102,RU,40.5,nM,dissociation,780.0,900.0
mAb-X-SCK,mAb-X,run-1,mAb-X-A1,A1-2088,2088.0,s,44.538203250864655,0.23309501180709427,4.077445718134953,-0.2394459188221344,RU,40.5,nM,dissociation,780.0,900.0
mAb-X-SCK,mAb-X,run-1,mAb-X-A1,A1-2089,2089.0,s,44.4811400432988,0.04982039656112955,3.911732889572836,-0.09881538485045438,RU,40.5,nM,dissociation,780.0,900.0
mAb-X-SCK,mAb-X,run-1,mAb-X-A1,A1-2090,2090.0,s,44.55254378148432,0.16034340918659112,4.428190012528861,-0.18813380452323905,RU,40.5,nM,dissociation,780.0,900.0
mAb-X-SCK,mAb-X,run-1,mAb-X-A1,A1-2091,2091.0,s,44.56209759502745,-0.09948477767296522,4.242061064536231,0.12397266549402061,RU,40.5,nM,dissociation,780.0,900.0
mAb-X-SCK,mAb-X,run-1,mAb-X-A1,A1-2092,2092.0,s,44.041269437005326,-0.13600942051644802,4.45779411382711,-0.07956752862917578,RU,40.5,nM,dissociation,780.0,900.0
mAb-X-SCK,mAb-X,run-1,mAb-X-A1,A1-2093,2093.0,s,44.554562661871536,-0.1033110096625064,4.375407913789104,0.08009423184599755,RU,40.5,nM,dissociation,780.0,900.0
mAb-X-SCK,mAb-X,run-1,mAb-X-A1,A1-2094,2094.0,s,44.5773289127187,-0.3665780075620446,4.0735700056918995,0.045385010512734705,RU,40.5,nM,dissociation,780.0,900.0
mAb-X-SCK,mAb-X,run-1,mAb-X-A1,A1-2095,2095.0,s,44.336057401364556,-0.2556216980918998,3.970277491356526,0.004293406469748376,RU,40.5,nM,dissociation,780.0,900.0
mAb-X-SCK,mAb-X,run-1,mAb-X-A1,A1-2096,2096.0,s,44.55350491673093,0.032926419026048634,4.176170800202796,0.08365974290730561,RU,40.5,nM,dissociation,780.0,900.0
mAb-X-SCK,mAb-X,run-1,mAb-X-A1,A1-2097,2097.0,s,44.331010074236204,-0.13026837949890202,4.164153177863388,0.13978920945974505,RU,40.5,nM,dissociation,780.0,900.0
mAb-X-SCK,mAb-X,run-1,mAb-X-A1,A1-2098,2098.0,s,44.308895008014595,0.04216810801444106,4.2089891150539005,0.024024827140417412,RU,40.5,nM,dissociation,780.0,900.0
mAb-X-SCK,mAb-X,run-1,mAb-X-A1,A1-2099,2099.0,s,44.26985866849742,-0.009023883285858658,4.581739260744861,-0.10628495647967308,RU,40.5,nM,dissociation,780.0,900.0
mAb-X-SCK,mAb-X,run-1,mAb-X-A1,A1-2100,2100.0,s,44.314179635080094,-0.27017376111045976,4.17061974461066,-0.14610865326965655,RU,40.5,nM,dissociation,780.0,900.0
mAb-X-SCK,mAb-X,run-1,mAb-X-A1,A1-2101,2101.0,s,44.39002310603975,0.11170641228971251,4.250650384700813,-0.06893177716604905,RU,40.5,nM,dissociation,780.0,900.0
mAb-X-SCK,mAb-X,run-1,mAb-X-A1,A1-2102,2102.0,s,44.13458944131864,0.08855120059534062,4.217123618231704,-0.07896932264139156,RU,40.5,nM,dissociation,780.0,900.0
mAb-X-SCK,mAb-X,run-1,mAb-X-A1,A1-2103,2103.0,s,44.26072444258487,0.14024283705489618,4.186369006646142,0.03206134949361788,RU,40.5,nM,dissociation,780.0,900.0
mAb-X-SCK,mAb-X,run-1,mAb-X-A1,A1-2104,2104.0,s,44.245196364749496,-0.04545463105114989,4.312342612575753,0.13581161670954908,RU,40.5,nM,dissociation,780.0,900.0
mAb-X-SCK,mAb-X,run-1,mAb-X-A1,A1-2105,2105.0,s,44.258501694111935,0.16081510708403238,4.215613202884023,0.09714725577412688,RU,40.5,nM,dissociation,780.0,900.0
mAb-X-SCK,mAb-X,run-1,mAb-X-A1,A1-2106,2106.0,s,44.29403145651196,-0.08720592669492054,4.194738460115251,-0.1579978713303236,RU,40.5,nM,dissociation,780.0,900.0
mAb-X-SCK,mAb-X,run-1,mAb-X-A1,A1-2107,2107.0,s,43.91417411089698,-0.13439114434365476,4.073467171448105,-0.15373343100782386,RU,40.5,nM,dissociation,780.0,900.0
mAb-X-SCK,mAb-X,run-1,mAb-X-A1,A1-2108,2108.0,s,44.08046234741198,0.08083976657345755,4.304147456358955,0.06824959048097842,RU,40.5,nM,dissociation,780.0,900.0
mAb-X-SCK,mAb-X,run-1,mAb-X-A1,A1-2109,2109.0,s,44.1427741650381,-0.14429694986215955,4.370940449503286,0.10046271557338372,RU,40.5,nM,dissociation,780.0,900.0
mAb-X-SCK,mAb-X,run-1,mAb-X-A1,A1-2110,2110.0,s,44.10163118804198,0.06744995183124698,4.373311067273631,-0.11314917395159495,RU,40.5,nM,dissociation,780.0,900.0
mAb-X-SCK,mAb-X,run-1,mAb-X-A1,A1-2111,2111.0,s,44.00544213721666,-0.01753242915315747,4.164478563964771,-0.09056056551618887,RU,40.5,nM,dissociation,780.0,900.0
mAb-X-SCK,mAb-X,run-1,mAb-X-A1,A1-2112,2112.0,s,43.94313971627827,-0.24948797429607086,4.213894841675426,0.042912164353563174,RU,40.5,nM,dissociation,780.0,900.0
mAb-X-SCK,mAb-X,run-1,mAb-X-A1,A1-2113,2113.0,s,44.08437161313008,-0.046533988897475606,4.183192450474611,-0.08919542914890725,RU,40.5,nM,dissociation,780.0,900.0
mAb-X-SCK,mAb-X,run-1,mAb-X-A1,A1-2114,2114.0,s,43.9121913841361,0.19992459327172707,4.169163967383055,-0.3588291935209329,RU,40.5,nM,dissociation,780.0,900.0
mAb-X-SCK,mAb-X,run-1,mAb-X-A1,A1-2115,2115.0,s,44.13846884040788,-0.14218179934930217,4.292359277405183,-0.0771542411108308,RU,40.5,nM,dissociation,780.0,900.0
mAb-X-SCK,mAb-X,run-1,mAb-X-A1,A1-2116,2116.0,s,44.094326752007724,-0.178090665906552,4.113521756973329,0.09506061790893726,RU,40.5,nM,dissociation,780.0,900.0
mAb-X-SCK,mAb-X,run-1,mAb-X-A1,A1-2117,2117.0,s,43.96289068674833,-0.06383894896421767,4.015651054178915,-0.19365460908124968,RU,40.5,nM,dissociation,780.0,900.0
mAb-X-SCK,mAb-X,run-1,mAb-X-A1,A1-2118,2118.0,s,44.15288716295783,0.1638758450791776,4.294346492643804,0.10922930432102719,RU,40.5,nM,dissociation,780.0,900.0
mAb-X-SCK,mAb-X,run-1,mAb-X-A1,A1-2119,2119.0,s,43.95674334847007,0.19840379760662688,4.401202089478201,0.04776338577375912,RU,40.5,nM,dissociation,780.0,900.0
mAb-X-SCK,mAb-X,run-1,mAb-X-A1,A1-2120,2120.0,s,43.79987183566181,0.10610183061034735,3.906224261771238,0.07746661642598617,RU,40.5,nM,dissociation,780.0,900.0
mAb-X-SCK,mAb-X,run-1,mAb-X-A1,A1-2121,2121.0,s,43.775083008203275,0.05273105626781806,4.21487095404454,0.19581239844060058,RU,40.5,nM,dissociation,780.0,900.0
mAb-X-SCK,mAb-X,run-1,mAb-X-A1,A1-2122,2122.0,s,43.88105450841464,0.07432764338299308,4.159424690544265,-0.03277671075303901,RU,40.5,nM,dissociation,780.0,900.0
mAb-X-SCK,mAb-X,run-1,mAb-X-A1,A1-2123,2123.0,s,44.11189660710056,0.19281592522479227,4.248022264634722,0.03649499738541155,RU,40.5,nM,dissociation,780.0,900.0
mAb-X-SCK,mAb-X,run-1,mAb-X-A1,A1-2124,2124.0,s,43.786204463692286,0.11733180155052071,4.1613394239508015,-0.2010531986386275,RU,40.5,nM,dissociation,780.0,900.0
mAb-X-SCK,mAb-X,run-1,mAb-X-A1,A1-2125,2125.0,s,43.98903726437567,0.07567053102746495,4.385682807361456,0.018514505227449542,RU,40.5,nM,dissociation,780.0,900.0
mAb-X-SCK,mAb-X,run-1,mAb-X-A1,A1-2126,2126.0,s,43.54286206892235,-0.20275509314145557,4.100598751039307,-0.09542980450654164,RU,40.5,nM,dissociation,780.0,900.0
mAb-X-SCK,mAb-X,run-1,mAb-X-A1,A1-2127,2127.0,s,43.552927217990025,0.04549398912165382,4.218887688409245,0.3351464087389333,RU,40.5,nM,dissociation,780.0,900.0
mAb-X-SCK,mAb-X,run-1,mAb-X-A1,A1-2128,2128.0,s,43.68494054895929,0.15391143824933531,4.185492726489001,0.08226334583779167,RU,40.5,nM,dissociation,780.0,900.0
mAb-X-SCK,mAb-X,run-1,mAb-X-A1,A1-2129,2129.0,s,43.76402909985438,0.14910645884668935,4.3476830472887125,0.12693574051880904,RU,40.5,nM,dissociation,780.0,900.0
mAb-X-SCK,mAb-X,run-1,mAb-X-A1,A1-2130,2130.0,s,43.847529438660914,0.1492942401716789,4.51895990446755,-0.003199428353881753,RU,40.5,nM,dissociation,780.0,900.0
mAb-X-SCK,mAb-X,run-1,mAb-X-A1,A1-2131,2131.0,s,43.81851810211497,-0.01580759765569628,4.320880784623233,-0.056417371486411946,RU,40.5,nM,dissociation,780.0,900.0
mAb-X-SCK,mAb-X,run-1,mAb-X-A1,A1-2132,2132.0,s,43.48594884777628,0.05436567211103708,4.488951163996645,0.06886618122476264,RU,40.5,nM,dissociation,780.0,900.0
mAb-X-SCK,mAb-X,run-1,mAb-X-A1,A1-2133,2133.0,s,43.63817536356216,-0.13545607465012924,4.39737219508752,0.06471497034813063,RU,40.5,nM,dissociation,780.0,900.0
mAb-X-SCK,mAb-X,run-1,mAb-X-A1,A1-2134,2134.0,s,43.81870534664907,0.004364374360667803,4.1690520956732415,0.1549045006729533,RU,40.5,nM,dissociation,780.0,900.0
mAb-X-SCK,mAb-X,run-1,mAb-X-A1,A1-2135,2135.0,s,43.60476789639451,0.1735485483768928,4.342157099699041,-0.14463302820291069,RU,40.5,nM,dissociation,780.0,900.0
mAb-X-SCK,mAb-X,run-1,mAb-X-A1,A1-2136,2136.0,s,43.772529209407864,0.34513391595566756,4.275656093634526,-0.2278192337499257,RU,40.5,nM,dissociation,780.0,900.0
mAb-X-SCK,mAb-X,run-1,mAb-X-A1,A1-2137,2137.0,s,43.770322603819004,-0.2603330929410494,4.37423854534804,0.09847686806346155,RU,40.5,nM,dissociation,780.0,900.0
mAb-X-SCK,mAb-X,run-1,mAb-X-A1,A1-2138,2138.0,s,43.725234506652704,0.018588852471352484,4.2694284465080194,-0.1446013621796433,RU,40.5,nM,dissociation,780.0,900.0
mAb-X-SCK,mAb-X,run-1,mAb-X-A1,A1-2139,2139.0,s,43.85832718878899,-0.10483096691617995,4.229613148080764,0.2111648821549694,RU,40.5,nM,dissociation,780.0,900.0
mAb-X-SCK,mAb-X,run-1,mAb-X-A1,A1-2140,2140.0,s,43.48819692625111,0.12827250065667095,4.249156236637899,-0.06175419791630057,RU,40.5,nM,dissociation,780.0,900.0
mAb-X-SCK,mAb-X,run-1,mAb-X-A1,A1-2141,2141.0,s,43.622897622706546,0.2197462757599969,4.341894013003605,-0.07975347409384168,RU,40.5,nM,dissociation,780.0,900.0
mAb-X-SCK,mAb-X,run-1,mAb-X-A1,A1-2142,2142.0,s,43.49301963856123,-0.11783653018001419,4.443257189952259,-0.002233453980349962,RU,40.5,nM,dissociation,780.0,900.0
mAb-X-SCK,mAb-X,run-1,mAb-X-A1,A1-2143,2143.0,s,43.625697777262054,0.21606537545125087,4.4057278329936596,-0.1396631293527221,RU,40.5,nM,dissociation,780.0,900.0
mAb-X-SCK,mAb-X,run-1,mAb-X-A1,A1-2144,2144.0,s,43.39461350306661,-0.37173874858076855,4.09823211279463,-0.2450944132597488,RU,40.5,nM,dissociation,780.0,900.0
mAb-X-SCK,mAb-X,run-1,mAb-X-A1,A1-2145,2145.0,s,43.5121432462509,-0.006450534947367506,4.366085014572728,-0.030466394092756165,RU,40.5,nM,dissociation,780.0,900.0
mAb-X-SCK,mAb-X,run-1,mAb-X-A1,A1-2146,2146.0,s,43.43616570134042,-0.10639606287428302,4.27826817274847,0.0640328372577039,RU,40.5,nM,dissociation,780.0,900.0
mAb-X-SCK,mAb-X,run-1,mAb-X-A1,A1-2147,2147.0,s,43.26964785462598,0.032974970512255466,4.397527943884419,-0.01832146476709203,RU,40.5,nM,dissociation,780.0,900.0
mAb-X-SCK,mAb-X,run-1,mAb-X-A1,A1-2148,2148.0,s,43.409322944574136,-0.03419752337415961,4.427706681892195,-0.030824702321090282,RU,40.5,nM,dissociation,780.0,900.0
mAb-X-SCK,mAb-X,run-1,mAb-X-A1,A1-2149,2149.0,s,43.436098413336765,0.090673588862371,4.269882291346101,0.03009310408925875,RU,40.5,nM,dissociation,780.0,900.0
mAb-X-SCK,mAb-X,run-1,mAb-X-A1,A1-2150,2150.0,s,43.35126267931837,-0.08859881417212166,4.189231752902508,0.036052552633876384,RU,40.5,nM,dissociation,780.0,900.0
mAb-X-SCK,mAb-X,run-1,mAb-X-A1,A1-2151,2151.0,s,43.41340750596526,-0.5313357422481852,4.2861174424219906,-0.06114665192041225,RU,40.5,nM,dissociation,780.0,900.0
mAb-X-SCK,mAb-X,run-1,mAb-X-A1,A1-2152,2152.0,s,43.455299049134304,-0.03448016202537223,4.251082731958432,-0.021530418447859762,RU,40.5,nM,dissociation,780.0,900.0
mAb-X-SCK,mAb-X,run-1,mAb-X-A1,A1-2153,2153.0,s,43.38384394513526,-0.22941617246984625,4.404857702633128,-0.2649209825490628,RU,40.5,nM,dissociation,780.0,900.0
mAb-X-SCK,mAb-X,run-1,mAb-X-A1,A1-2154,2154.0,s,43.45523648596687,0.23515483722750632,4.262735091296612,-0.12513338538556276,RU,40.5,nM,dissociation,780.0,900.0
mAb-X-SCK,mAb-X,run-1,mAb-X-A1,A1-2155,2155.0,s,43.39966029163472,0.03732084023152912,4.4082776088190165,-0.3106401483168413,RU,40.5,nM,dissociation,780.0,900.0
mAb-X-SCK,mAb-X,run-1,mAb-X-A1,A1-2156,2156.0,s,43.14631030245661,0.17229735163845541,4.234133193474372,-0.03334194449404679,RU,40.5,nM,dissociation,780.0,900.0
mAb-X-SCK,mAb-X,run-1,mAb-X-A1,A1-2157,2157.0,s,43.17656822930716,-0.06344937847763349,4.231655224033168,0.32383448514662533,RU,40.5,nM,dissociation,780.0,900.0
mAb-X-SCK,mAb-X,run-1,mAb-X-A1,A1-2158,2158.0,s,43.33093610101078,-0.03655952668650708,4.45296306902918,-0.2378929032400929,RU,40.5,nM,dissociation,780.0,900.0
mAb-X-SCK,mAb-X,run-1,mAb-X-A1,A1-2159,2159.0,s,43.13996059450855,0.15547712293933555,3.986494310183445,-0.017349807302564996,RU,40.5,nM,dissociation,780.0,900.0
mAb-X-SCK,mAb-X,run-1,mAb-X-A1,A1-2160,2160.0,s,43.251309079172785,-0.16186389527301684,4.09490449377833,-0.04730903105637235,RU,40.5,nM,dissociation,780.0,900.0
mAb-X-SCK,mAb-X,run-1,mAb-X-A1,A1-2161,2161.0,s,43.16445439973379,0.23357451279911817,4.587554145420086,0.09940546401909833,RU,40.5,nM,dissociation,780.0,900.0
mAb-X-SCK,mAb-X,run-1,mAb-X-A1,A1-2162,2162.0,s,43.06832415489791,0.02411130922004835,4.430340996806775,0.026636144072555615,RU,40.5,nM,dissociation,780.0,900.0
mAb-X-SCK,mAb-X,run-1,mAb-X-A1,A1-2163,2163.0,s,43.003958721466645,0.18256544298839958,4.14580536652586,-0.11166333348017674,RU,40.5,nM,dissociation,780.0,900.0
mAb-X-SCK,mAb-X,run-1,mAb-X-A1,A1-2164,2164.0,s,43.049031886617016,0.014104197275864077,4.133321496102021,-0.07191704204177657,RU,40.5,nM,dissociation,780.0,900.0
mAb-X-SCK,mAb-X,run-1,mAb-X-A1,A1-2165,2165.0,s,42.97448655203729,-0.01406259805161191,4.230512775826172,0.1855051983624922,RU,40.5,nM,dissociation,780.0,900.0
mAb-X-SCK,mAb-X,run-1,mAb-X-A1,A1-2166,2166.0,s,43.218453474150735,0.1795981292279448,4.29655937671705,-0.28786849181107943,RU,40.5,nM,dissociation,780.0,900.0
mAb-X-SCK,mAb-X,run-1,mAb-X-A1,A1-2167,2167.0,s,43.07647406979211,-0.006751901533704025,4.378532141947192,0.008829316863639542,RU,40.5,nM,dissociation,780.0,900.0
mAb-X-SCK,mAb-X,run-1,mAb-X-A1,A1-2168,2168.0,s,43.003708313025285,-0.01664857214949682,4.153249552396096,-0.05999376496649485,RU,40.5,nM,dissociation,780.0,900.0
mAb-X-SCK,mAb-X,run-1,mAb-X-A1,A1-2169,2169.0,s,42.88947190196771,0.01973154187568266,4.298184707991405,-0.02656563644722767,RU,40.5,nM,dissociation,780.0,900.0
mAb-X-SCK,mAb-X,run-1,mAb-X-A1,A1-2170,2170.0,s,42.98748302722249,-0.238945838199748,4.414253478937958,0.17565560785625658,RU,40.5,nM,dissociation,780.0,900.0
mAb-X-SCK,mAb-X,run-1,mAb-X-A1,A1-2171,2171.0,s,43.020613355244166,0.1674014254547831,4.5801083280793415,0.11243517147541962,RU,40.5,nM,dissociation,780.0,900.0
mAb-X-SCK,mAb-X,run-1,mAb-X-A1,A1-2172,2172.0,s,43.03436773228282,0.16360733135628572,4.148603870995232,0.066694308871257,RU,40.5,nM,dissociation,780.0,900.0
mAb-X-SCK,mAb-X,run-1,mAb-X-A1,A1-2173,2173.0,s,42.955105648435726,-0.062440936349773324,4.356466341689141,-0.10306343347775994,RU,40.5,nM,dissociation,780.0,900.0
mAb-X-SCK,mAb-X,run-1,mAb-X-A1,A1-2174,2174.0,s,42.99560579475449,-0.22409752058282403,4.265252324446767,-0.012366068636419538,RU,40.5,nM,dissociation,780.0,900.0
mAb-X-SCK,mAb-X,run-1,mAb-X-A1,A1-2175,2175.0,s,43.01366415117995,0.20485116320972716,4.108651781688238,-0.10326653866998484,RU,40.5,nM,dissociation,780.0,900.0
mAb-X-SCK,mAb-X,run-1,mAb-X-A1,A1-2176,2176.0,s,42.88392269274829,-0.04558144992525653,4.3905055834404365,0.3236427888024933,RU,40.5,nM,dissociation,780.0,900.0
mAb-X-SCK,mAb-X,run-1,mAb-X-A1,A1-2177,2177.0,s,42.74480785127516,-0.02372866114078739,4.342310230738186,0.06508834079345241,RU,40.5,nM,dissociation,780.0,900.0
mAb-X-SCK,mAb-X,run-1,mAb-X-A1,A1-2178,2178.0,s,42.88252263538292,0.12465412306055959,3.9514088415001316,-0.025718851047586224,RU,40.5,nM,dissociation,780.0,900.0
mAb-X-SCK,mAb-X,run-1,mAb-X-A1,A1-2179,2179.0,s,42.93243994504932,0.09363001994363966,4.543595514320363,-0.05611423188425622,RU,40.5,nM,dissociation,780.0,900.0
mAb-X-SCK,mAb-X,run-1,mAb-X-A1,A1-2180,2180.0,s,42.90041277553826,-0.20917611451175985,4.467019122351097,0.1714288606516761,RU,40.5,nM,dissociation,780.0,900.0
mAb-X-SCK,mAb-X,run-1,mAb-X-A1,A1-2181,2181.0,s,42.86921434433315,-0.09439927606741959,4.383776127160228,0.17848962794131237,RU,40.5,nM,dissociation,780.0,900.0
mAb-X-SCK,mAb-X,run-1,mAb-X-A1,A1-2182,2182.0,s,42.77669913572514,0.0642285873091612,4.4286060796280085,0.07487208979098192,RU,40.5,nM,dissociation,780.0,900.0
mAb-X-SCK,mAb-X,run-1,mAb-X-A1,A1-2183,2183.0,s,42.82413705502234,0.07238133211275471,4.173962181754805,0.3341383521030193,RU,40.5,nM,dissociation,780.0,900.0
mAb-X-SCK,mAb-X,run-1,mAb-X-A1,A1-2184,2184.0,s,42.74236146307635,-0.10045860946419802,4.17533215699574,-0.12723988626818836,RU,40.5,nM,dissociation,780.0,900.0
mAb-X-SCK,mAb-X,run-1,mAb-X-A1,A1-2185,2185.0,s,42.98039302392828,-0.12223833853348454,4.558056149335083,-0.08282187894368094,RU,40.5,nM,dissociation,780.0,900.0
mAb-X-SCK,mAb-X,run-1,mAb-X-A1,A1-2186,2186.0,s,42.751441408907944,-0.07424992886745788,4.238166829186499,0.25352614153786046,RU,40.5,nM,dissociation,780.0,900.0
mAb-X-SCK,mAb-X,run-1,mAb-X-A1,A1-2187,2187.0,s,42.766995891664806,0.12543810564190036,4.084393984083921,0.15248623322691143,RU,40.5,nM,dissociation,780.0,900.0
mAb-X-SCK,mAb-X,run-1,mAb-X-A1,A1-2188,2188.0,s,42.89022171051829,-0.035470110480322295,4.017029851540147,-0.0744799379234866,RU,40.5,nM,dissociation,780.0,900.0
mAb-X-SCK,mAb-X,run-1,mAb-X-A1,A1-2189,2189.0,s,42.755327076846086,0.1308466820067844,4.316583600024686,0.032270954992692995,RU,40.5,nM,dissociation,780.0,900.0
mAb-X-SCK,mAb-X,run-1,mAb-X-A1,A1-2190,2190.0,s,42.83545592090475,0.09304379873261796,4.36616668937985,0.01954608903828597,RU,40.5,nM,dissociation,780.0,900.0
mAb-X-SCK,mAb-X,run-1,mAb-X-A1,A1-2191,2191.0,s,42.647215599597644,0.02513522878324225,4.521846786125092,0.21145276280033976,RU,40.5,nM,dissociation,780.0,900.0
mAb-X-SCK,mAb-X,run-1,mAb-X-A1,A1-2192,2192.0,s,42.59345074885015,0.10164749370137909,4.597971962714775,0.07355714726296585,RU,40.5,nM,dissociation,780.0,900.0
mAb-X-SCK,mAb-X,run-1,mAb-X-A1,A1-2193,2193.0,s,42.800238081321616,0.2772618832246849,4.183880645825135,0.29471157564472056,RU,40.5,nM,dissociation,780.0,900.0
mAb-X-SCK,mAb-X,run-1,mAb-X-A1,A1-2194,2194.0,s,42.58426316564193,0.21371096865724531,4.425232650519895,-0.18810778970772388,RU,40.5,nM,dissociation,780.0,900.0
mAb-X-SCK,mAb-X,run-1,mAb-X-A1,A1-2195,2195.0,s,42.54952696555114,0.11496081502248674,4.311208991870937,-0.12401882729197083,RU,40.5,nM,dissociation,780.0,900.0
mAb-X-SCK,mAb-X,run-1,mAb-X-A1,A1-2196,2196.0,s,42.57293495431235,-0.07472241445809803,4.440781648305013,-0.029352472069486765,RU,40.5,nM,dissociation,780.0,900.0
mAb-X-SCK,mAb-X,run-1,mAb-X-A1,A1-2197,2197.0,s,42.922963272491145,0.04320537572762495,4.612481758944196,0.09660093045758011,RU,40.5,nM,dissociation,780.0,900.0
mAb-X-SCK,mAb-X,run-1,mAb-X-A1,A1-2198,2198.0,s,42.37722365668148,-0.14455018922946447,4.455274908265352,-0.18131969292621997,RU,40.5,nM,dissociation,780.0,900.0
mAb-X-SCK,mAb-X,run-1,mAb-X-A1,A1-2199,2199.0,s,42.4809270438233,-0.025100537120157,4.4082032264356465,0.04278333292446607,RU,40.5,nM,dissociation,780.0,900.0
mAb-X-SCK,mAb-X,run-1,mAb-X-A1,A1-2200,2200.0,s,42.77416059001705,0.02299899159774735,4.612327038496892,0.011232454521318106,RU,40.5,nM,dissociation,780.0,900.0
mAb-X-SCK,mAb-X,run-1,mAb-X-A1,A1-2201,2201.0,s,42.61425880152017,0.0273736295251865,4.448129532220307,-0.18350852532130368,RU,40.5,nM,dissociation,780.0,900.0
mAb-X-SCK,mAb-X,run-1,mAb-X-A1,A1-2202,2202.0,s,42.390635324041014,0.19623548227774082,4.354564176861433,-0.19833320394922457,RU,40.5,nM,dissociation,780.0,900.0
mAb-X-SCK,mAb-X,run-1,mAb-X-A1,A1-2203,2203.0,s,42.418124046209726,0.013387060855383963,4.3435440441801765,0.11929761161281491,RU,40.5,nM,dissociation,780.0,900.0
mAb-X-SCK,mAb-X,run-1,mAb-X-A1,A1-2204,2204.0,s,42.427468310462174,0.0357281495916972,4.0865983583471115,-0.017116087869456894,RU,40.5,nM,dissociation,780.0,900.0
mAb-X-SCK,mAb-X,run-1,mAb-X-A1,A1-2205,2205.0,s,42.51684555396394,0.0930504093846871,4.218598648871366,0.01086348070906173,RU,40.5,nM,dissociation,780.0,900.0
mAb-X-SCK,mAb-X,run-1,mAb-X-A1,A1-2206,2206.0,s,42.25822372458797,0.010398652394691526,4.309847031455258,-0.21773599586537992,RU,40.5,nM,dissociation,780.0,900.0
mAb-X-SCK,mAb-X,run-1,mAb-X-A1,A1-2207,2207.0,s,42.32062279911555,0.06260893810744977,4.431999192856951,-0.2675820278908427,RU,40.5,nM,dissociation,780.0,900.0
mAb-X-SCK,mAb-X,run-1,mAb-X-A1,A1-2208,2208.0,s,42.46245135797888,0.017658822880337075,4.476087100326393,0.15343703486913232,RU,40.5,nM,dissociation,780.0,900.0
mAb-X-SCK,mAb-X,run-1,mAb-X-A1,A1-2209,2209.0,s,42.3406897605269,0.023798838527366147,4.436228616887735,0.025233988164105617,RU,40.5,nM,dissociation,780.0,900.0
mAb-X-SCK,mAb-X,run-1,mAb-X-A1,A1-2210,2210.0,s,42.59863392179041,0.020693344419841584,4.474090668129195,0.17810059486752713,RU,40.5,nM,dissociation,780.0,900.0
mAb-X-SCK,mAb-X,run-1,mAb-X-A1,A1-2211,2211.0,s,42.2633389342208,0.22966013386101003,4.473418066854239,-0.17127590908469534,RU,40.5,nM,dissociation,780.0,900.0
mAb-X-SCK,mAb-X,run-1,mAb-X-A1,A1-2212,2212.0,s,42.549479032250744,0.09530312547783042,4.378576169865404,0.13428283057101956,RU,40.5,nM,dissociation,780.0,900.0
mAb-X-SCK,mAb-X,run-1,mAb-X-A1,A1-2213,2213.0,s,42.461100910919555,-0.35919248978035406,4.587046939704452,-0.03198052824696135,RU,40.5,nM,dissociation,780.0,900.0
mAb-X-SCK,mAb-X,run-1,mAb-X-A1,A1-2214,2214.0,s,42.30148729171143,-0.08489185749660769,4.33369579490804,-0.12240900946923196,RU,40.5,nM,dissociation,780.0,900.0
mAb-X-SCK,mAb-X,run-1,mAb-X-A1,A1-2215,2215.0,s,42.16255390407634,0.19879508881428887,4.167888853787508,0.20612326165855796,RU,40.5,nM,dissociation,780.0,900.0
mAb-X-SCK,mAb-X,run-1,mAb-X-A1,A1-2216,2216.0,s,42.18901736734305,0.20485311417824673,4.2627489296311385,0.14565248059345673,RU,40.5,nM,dissociation,780.0,900.0
mAb-X-SCK,mAb-X,run-1,mAb-X-A1,A1-2217,2217.0,s,42.50915773943694,-0.09693384444823272,4.104731436398117,0.094458952163227,RU,40.5,nM,dissociation,780.0,900.0
mAb-X-SCK,mAb-X,run-1,mAb-X-A1,A1-2218,2218.0,s,42.26761958678675,0.10092690371239883,4.187469878839279,0.15461677491587109,RU,40.5,nM,dissociation,780.0,900.0
mAb-X-SCK,mAb-X,run-1,mAb-X-A1,A1-2219,2219.0,s,42.135031239501835,0.15682118913954224,4.41274919231373,0.2682821194738923,RU,40.5,nM,dissociation,780.0,900.0
mAb-X-SCK,mAb-X,run-1,mAb-X-A1,A1-2220,2220.0,s,42.30226586835274,0.21066821534859378,4.31697186884543,-0.042600705621930766,RU,40.5,nM,dissociation,780.0,900.0
mAb-X-SCK,mAb-X,run-1,mAb-X-A1,A1-2221,2221.0,s,41.98450813613826,-0.2431724350094424,4.4333106745360205,0.27174372730021024,RU,40.5,nM,dissociation,780.0,900.0
mAb-X-SCK,mAb-X,run-1,mAb-X-A1,A1-2222,2222.0,s,42.21291329036467,0.09003564332593532,4.416829002643967,0.19789912406846652,RU,40.5,nM,dissociation,780.0,900.0
mAb-X-SCK,mAb-X,run-1,mAb-X-A1,A1-2223,2223.0,s,42.05550272787443,-0.13670367106862624,4.286528536328173,-0.007199888985023886,RU,40.5,nM,dissociation,780.0,900.0
mAb-X-SCK,mAb-X,run-1,mAb-X-A1,A1-2224,2224.0,s,41.945617000473156,-0.21661822227181282,4.409056726238117,-0.03441820607662372,RU,40.5,nM,dissociation,780.0,900.0
mAb-X-SCK,mAb-X,run-1,mAb-X-A1,A1-2225,2225.0,s,41.99732398582104,0.18371373656539275,4.346513349363515,0.14016010099488901,RU,40.5,nM,dissociation,780.0,900.0
mAb-X-SCK,mAb-X,run-1,mAb-X-A1,A1-2226,2226.0,s,42.18369318472678,0.05417678955723953,4.518105729188582,0.05596916112542092,RU,40.5,nM,dissociation,780.0,900.0
mAb-X-SCK,mAb-X,run-1,mAb-X-A1,A1-2227,2227.0,s,41.83485509884773,-0.06334418383954682,4.696969571571594,0.06800975597371182,RU,40.5,nM,dissociation,780.0,900.0
mAb-X-SCK,mAb-X,run-1,mAb-X-A1,A1-2228,2228.0,s,42.217935889107814,-0.014835435518894635,4.467535044353502,0.015034331756097854,RU,40.5,nM,dissociation,780.0,900.0
mAb-X-SCK,mAb-X,run-1,mAb-X-A1,A1-2229,2229.0,s,42.482743492619576,0.0365834770961182,4.517841745231703,-0.029019740912818677,RU,40.5,nM,dissociation,780.0,900.0
mAb-X-SCK,mAb-X,run-1,mAb-X-A1,A1-2230,2230.0,s,42.07998625875666,-0.0164297658978786,4.402681761408992,-0.0447484302495604,RU,40.5,nM,dissociation,780.0,900.0
mAb-X-SCK,mAb-X,run-1,mAb-X-A1,A1-2231,2231.0,s,41.89712400318025,0.03754251588880589,4.4303997340184935,0.10882999834751285,RU,40.5,nM,dissociation,780.0,900.0
mAb-X-SCK,mAb-X,run-1,mAb-X-A1,A1-2232,2232.0,s,41.84084490087222,0.14243498863176862,4.404398351435842,0.046354253672549514,RU,40.5,nM,dissociation,780.0,900.0
mAb-X-SCK,mAb-X,run-1,mAb-X-A1,A1-2233,2233.0,s,41.95667230362454,0.09540909778021657,4.333489809534394,0.004768987198566804,RU,40.5,nM,dissociation,780.0,900.0
mAb-X-SCK,mAb-X,run-1,mAb-X-A1,A1-2234,2234.0,s,42.09361719851837,0.1988951076811169,4.411787362276532,0.07521824650041417,RU,40.5,nM,dissociation,780.0,900.0
mAb-X-SCK,mAb-X,run-1,mAb-X-A1,A1-2235,2235.0,s,41.748795724195155,-0.0233024799523344,4.637475271612473,-0.0494098440795355,RU,40.5,nM,dissociation,780.0,900.0
mAb-X-SCK,mAb-X,run-1,mAb-X-A1,A1-2236,2236.0,s,41.969423696921304,0.03170261311388767,4.763785957255264,-0.27527471365666567,RU,40.5,nM,dissociation,780.0,900.0
mAb-X-SCK,mAb-X,run-1,mAb-X-A1,A1-2237,2237.0,s,41.81762291025116,0.039269144384562034,4.494162561873682,0.07432221623183946,RU,40.5,nM,dissociation,780.0,900.0
mAb-X-SCK,mAb-X,run-1,mAb-X-A1,A1-2238,2238.0,s,41.86310625950919,0.10383202991601016,4.597216096110743,-0.3746136751409915,RU,40.5,nM,dissociation,780.0,900.0
mAb-X-SCK,mAb-X,run-1,mAb-X-A1,A1-2239,2239.0,s,42.13125333444194,0.049942085602411174,4.357186396688066,0.20104596969369304,RU,40.5,nM,dissociation,780.0,900.0
mAb-X-SCK,mAb-X,run-1,mAb-X-A1,A1-2240,2240.0,s,41.6319434654227,-0.043650104130371646,4.470174256481723,0.06928465208467391,RU,40.5,nM,dissociation,780.0,900.0
mAb-X-SCK,mAb-X,run-1,mAb-X-A1,A1-2241,2241.0,s,41.93289058492105,0.47568618926677425,4.542279319661339,-0.00462123148527266,RU,40.5,nM,dissociation,780.0,900.0
mAb-X-SCK,mAb-X,run-1,mAb-X-A1,A1-2242,2242.0,s,41.94070410438031,-0.16100282680814135,4.549431025311264,0.18829946394605865,RU,40.5,nM,dissociation,780.0,900.0
mAb-X-SCK,mAb-X,run-1,mAb-X-A1,A1-2243,2243.0,s,41.90920001955466,-0.3132203562262169,4.65918994473595,0.0789312557913776,RU,40.5,nM,dissociation,780.0,900.0
mAb-X-SCK,mAb-X,run-1,mAb-X-A1,A1-2244,2244.0,s,41.67790051685146,0.12509387812547984,4.548222939697661,-0.021459359706417633,RU,40.5,nM,dissociation,780.0,900.0
mAb-X-SCK,mAb-X,run-1,mAb-X-A1,A1-2245,2245.0,s,41.83583051347203,0.034682798973669486,4.431503950451232,-0.040548340389658474,RU,40.5,nM,dissociation,780.0,900.0
mAb-X-SCK,mAb-X,run-1,mAb-X-A1,A1-2246,2246.0,s,41.64710586005875,0.05212216416932077,4.416274358884226,0.2929944462220632,RU,40.5,nM,dissociation,780.0,900.0
mAb-X-SCK,mAb-X,run-1,mAb-X-A1,A1-2247,2247.0,s,41.854547554620375,-0.12395035064156591,4.612678297250116,0.03904504383927782,RU,40.5,nM,dissociation,780.0,900.0
mAb-X-SCK,mAb-X,run-1,mAb-X-A1,A1-2248,2248.0,s,41.559040031357014,0.15518936219398105,4.6198854370563005,-0.13137666881527973,RU,40.5,nM,dissociation,780.0,900.0
mAb-X-SCK,mAb-X,run-1,mAb-X-A1,A1-2249,2249.0,s,41.70276505439125,0.11494870079647103,4.5138232300626875,-0.06861598527052554,RU,40.5,nM,dissociation,780.0,900.0
mAb-X-SCK,mAb-X,run-1,mAb-X-A1,A1-2250,2250.0,s,41.50332453962308,0.08231768088771459,4.4810165807638445,0.03115905947943128,RU,40.5,nM,dissociation,780.0,900.0
mAb-X-SCK,mAb-X,run-1,mAb-X-A1,A1-2251,2251.0,s,41.74790407179339,-0.17469117919113059,4.3210740594747294,0.1062308842777705,RU,40.5,nM,dissociation,780.0,900.0
mAb-X-SCK,mAb-X,run-1,mAb-X-A1,A1-2252,2252.0,s,41.526473335774696,-0.4457600990150101,4.445236011759124,0.1530867606391908,RU,40.5,nM,dissociation,780.0,900.0
mAb-X-SCK,mAb-X,run-1,mAb-X-A1,A1-2253,2253.0,s,41.62707623228398,0.02941900033011984,4.141731609054927,0.11324649421710754,RU,40.5,nM,dissociation,780.0,900.0
mAb-X-SCK,mAb-X,run-1,mAb-X-A1,A1-2254,2254.0,s,41.762344453706795,0.3870873084981369,4.201060465754193,-0.2358037618176393,RU,40.5,nM,dissociation,780.0,900.0
mAb-X-SCK,mAb-X,run-1,mAb-X-A1,A1-2255,2255.0,s,41.49245399060896,-0.2999632176448915,4.433127596769388,-0.035605752089988695,RU,40.5,nM,dissociation,780.0,900.0
mAb-X-SCK,mAb-X,run-1,mAb-X-A1,A1-2256,2256.0,s,41.4925050705428,-0.060927569855996885,4.468680136355534,0.109110151060982,RU,40.5,nM,dissociation,780.0,900.0
mAb-X-SCK,mAb-X,run-1,mAb-X-A1,A1-2257,2257.0,s,41.571712202906554,0.20280341364390453,4.660280860252092,0.08404885978529313,RU,40.5,nM,dissociation,780.0,900.0
mAb-X-SCK,mAb-X,run-1,mAb-X-A1,A1-2258,2258.0,s,41.940456954393845,-0.15717944803626138,4.263556764431469,-0.05725144228111484,RU,40.5,nM,dissociation,780.0,900.0
mAb-X-SCK,mAb-X,run-1,mAb-X-A1,A1-2259,2259.0,s,41.41349667438581,0.22290865747768943,4.489693663583328,0.15735426762883914,RU,40.5,nM,dissociation,780.0,900.0
mAb-X-SCK,mAb-X,run-1,mAb-X-A1,A1-2260,2260.0,s,41.4114572899997,0.1266864120580624,4.589303603132085,0.13842168039200722,RU,40.5,nM,dissociation,780.0,900.0
mAb-X-SCK,mAb-X,run-1,mAb-X-A1,A1-2261,2261.0,s,41.4395993272486,0.12449702556667983,4.531491861643195,0.12635977166933954,RU,40.5,nM,dissociation,780.0,900.0
mAb-X-SCK,mAb-X,run-1,mAb-X-A1,A1-2262,2262.0,s,41.39611747102241,-0.16734948212484219,4.3381459898719195,-0.0772397231812401,RU,40.5,nM,dissociation,780.0,900.0
mAb-X-SCK,mAb-X,run-1,mAb-X-A1,A1-2263,2263.0,s,41.34267112743704,0.22071616488590717,4.434076859152914,0.026985983406418848,RU,40.5,nM,dissociation,780.0,900.0
mAb-X-SCK,mAb-X,run-1,mAb-X-A1,A1-2264,2264.0,s,41.40117345234375,-0.13128643601553305,4.6048937301039965,-0.09948791789738798,RU,40.5,nM,dissociation,780.0,900.0
mAb-X-SCK,mAb-X,run-1,mAb-X-A1,A1-2265,2265.0,s,41.10012606188509,-0.01874303214670147,4.405008547206617,-0.10912777906308399,RU,40.5,nM,dissociation,780.0,900.0
mAb-X-SCK,mAb-X,run-1,mAb-X-A1,A1-2266,2266.0,s,41.23107357358735,0.13849984018939632,4.301006921603911,0.29440334612148705,RU,40.5,nM,dissociation,780.0,900.0
mAb-X-SCK,mAb-X,run-1,mAb-X-A1,A1-2267,2267.0,s,41.4072684760759,-0.00462946523175779,4.58915026526301,-0.16486492977485448,RU,40.5,nM,dissociation,780.0,900.0
mAb-X-SCK,mAb-X,run-1,mAb-X-A1,A1-2268,2268.0,s,41.4778816543632,-0.018037543235894272,4.588710124929149,0.3119965602299451,RU,40.5,nM,dissociation,780.0,900.0
mAb-X-SCK,mAb-X,run-1,mAb-X-A1,A1-2269,2269.0,s,41.572590612015006,-0.17150160162133715,4.768885404596557,0.24137063109886747,RU,40.5,nM,dissociation,780.0,900.0
mAb-X-SCK,mAb-X,run-1,mAb-X-A1,A1-2270,2270.0,s,41.225846117406455,-0.06837526142096727,4.628658581412385,0.08895986569663085,RU,40.5,nM,dissociation,780.0,900.0
mAb-X-SCK,mAb-X,run-1,mAb-X-A1,A1-2271,2271.0,s,41.20744354024992,-0.3321923296341101,4.566229060710412,0.15456526303598045,RU,40.5,nM,dissociation,780.0,900.0
mAb-X-SCK,mAb-X,run-1,mAb-X-A1,A1-2272,2272.0,s,41.105526831525175,0.10720119168270029,4.409458626615961,0.18853546559850093,RU,40.5,nM,dissociation,780.0,900.0
mAb-X-SCK,mAb-X,run-1,mAb-X-A1,A1-2273,2273.0,s,41.159947386303,-0.07886646921756155,4.702097677910688,-0.06081300677334209,RU,40.5,nM,dissociation,780.0,900.0
mAb-X-SCK,mAb-X,run-1,mAb-X-A1,A1-2274,2274.0,s,41.14831663612967,-0.012216615443323758,4.756167642958766,0.016103549458990785,RU,40.5,nM,dissociation,780.0,900.0
mAb-X-SCK,mAb-X,run-1,mAb-X-A1,A1-2275,2275.0,s,41.375631562375126,-0.20100459148490876,4.476307659415976,-0.0017184468580382151,RU,40.5,nM,dissociation,780.0,900.0
mAb-X-SCK,mAb-X,run-1,mAb-X-A1,A1-2276,2276.0,s,41.31926026660792,0.06522619741229133,4.64210532655818,-0.09473226148129173,RU,40.5,nM,dissociation,780.0,900.0
mAb-X-SCK,mAb-X,run-1,mAb-X-A1,A1-2277,2277.0,s,41.13557043482981,0.3125332885200251,4.543829753116787,-0.21847730420063302,RU,40.5,nM,dissociation,780.0,900.0
mAb-X-SCK,mAb-X,run-1,mAb-X-A1,A1-2278,2278.0,s,41.4946216763026,0.1119693662437704,4.6463349524437785,0.17174891673889112,RU,40.5,nM,dissociation,780.0,900.0
mAb-X-SCK,mAb-X,run-1,mAb-X-A1,A1-2279,2279.0,s,41.157238404957674,0.07335151191398392,4.52623637007462,-0.058967073232758,RU,40.5,nM,dissociation,780.0,900.0
mAb-X-SCK,mAb-X,run-1,mAb-X-A1,A1-2280,2280.0,s,41.57804019494834,-0.053362898982110524,4.475803312308923,0.05911590917527883,RU,40.5,nM,dissociation,780.0,900.0
mAb-X-SCK,mAb-X,run-1,mAb-X-A1,A1-2281,2281.0,s,41.18577733030386,-0.054266726602042376,4.778300241210626,0.06452064885560242,RU,40.5,nM,dissociation,780.0,900.0
mAb-X-SCK,mAb-X,run-1,mAb-X-A1,A1-2282,2282.0,s,41.25692148423578,-0.09508274954499135,4.473323171198903,-0.17874477480045084,RU,40.5,nM,dissociation,780.0,900.0
mAb-X-SCK,mAb-X,run-1,mAb-X-A1,A1-2283,2283.0,s,41.11273822666972,0.053809368264293715,4.641414432723717,-0.20500032417740283,RU,40.5,nM,dissociation,780.0,900.0
mAb-X-SCK,mAb-X,run-1,mAb-X-A1,A1-2284,2284.0,s,41.36604983823165,0.12547219837901863,4.459032048456778,0.08540677277687053,RU,40.5,nM,dissociation,780.0,900.0
mAb-X-SCK,mAb-X,run-1,mAb-X-A1,A1-2285,2285.0,s,40.958694078258944,-0.03389479645218967,4.731471568136483,0.1796780114985762,RU,40.5,nM,dissociation,780.0,900.0
mAb-X-SCK,mAb-X,run-1,mAb-X-A1,A1-2286,2286.0,s,40.990973657890216,0.2130431309710029,4.491598975186989,0.1158571951880638,RU,40.5,nM,dissociation,780.0,900.0
mAb-X-SCK,mAb-X,run-1,mAb-X-A1,A1-2287,2287.0,s,40.85787588627575,0.2930349439497554,4.5225451552293165,0.041896013052501395,RU,40.5,nM,dissociation,780.0,900.0
mAb-X-SCK,mAb-X,run-1,mAb-X-A1,A1-2288,2288.0,s,41.00713797167008,0.03856838228638582,4.367010836642702,0.054523250726555575,RU,40.5,nM,dissociation,780.0,900.0
mAb-X-SCK,mAb-X,run-1,mAb-X-A1,A1-2289,2289.0,s,40.93051703246186,0.32426279354390136,4.742194367084113,-0.4322049096652075,RU,40.5,nM,dissociation,780.0,900.0
mAb-X-SCK,mAb-X,run-1,mAb-X-A1,A1-2290,2290.0,s,41.169338195661595,-0.06526333503173962,4.499888717607394,-0.12775622014039315,RU,40.5,nM,dissociation,780.0,900.0
mAb-X-SCK,mAb-X,run-1,mAb-X-A1,A1-2291,2291.0,s,40.98513329770197,0.02871173739219386,4.383830768083251,-0.09949509587924733,RU,40.5,nM,dissociation,780.0,900.0
mAb-X-SCK,mAb-X,run-1,mAb-X-A1,A1-2292,2292.0,s,41.0357442657371,-0.0917838438286266,4.638628167887232,-0.08944002241107056,RU,40.5,nM,dissociation,780.0,900.0
mAb-X-SCK,mAb-X,run-1,mAb-X-A1,A1-2293,2293.0,s,40.95830872922502,-0.01705565214204336,4.794855143161658,0.1420700623622664,RU,40.5,nM,dissociation,780.0,900.0
mAb-X-SCK,mAb-X,run-1,mAb-X-A1,A1-2294,2294.0,s,40.99610730944652,0.04707952699300919,4.692463836707377,0.1727639740709883,RU,40.5,nM,dissociation,780.0,900.0
mAb-X-SCK,mAb-X,run-1,mAb-X-A1,A1-2295,2295.0,s,40.98531380877519,-0.18714956729283944,4.554948878217806,0.04607502445267434,RU,40.5,nM,dissociation,780.0,900.0
mAb-X-SCK,mAb-X,run-1,mAb-X-A1,A1-2296,2296.0,s,41.27543674372963,0.16821558175966891,4.608752895607498,-0.013247218633082553,RU,40.5,nM,dissociation,780.0,900.0
mAb-X-SCK,mAb-X,run-1,mAb-X-A1,A1-2297,2297.0,s,40.88301603578105,-0.3748956528269091,4.75758113479708,0.08812427604846541,RU,40.5,nM,dissociation,780.0,900.0
mAb-X-SCK,mAb-X,run-1,mAb-X-A1,A1-2298,2298.0,s,40.939647797842,0.10120036157588282,4.503557471903673,-0.1305772927543666,RU,40.5,nM,dissociation,780.0,900.0
mAb-X-SCK,mAb-X,run-1,mAb-X-A1,A1-2299,2299.0,s,41.090956310451894,-0.10675171345771926,4.408081914045509,-0.020909034390123853,RU,40.5,nM,dissociation,780.0,900.0
mAb-X-SCK,mAb-X,run-1,mAb-X-A1,A1-2300,2300.0,s,40.9756531721584,0.07352453765782008,4.49063082753065,-0.27556115845552737,RU,40.5,nM,dissociation,780.0,900.0
mAb-X-SCK,mAb-X,run-1,mAb-X-A1,A1-2301,2301.0,s,40.414334537676524,0.14639813162874996,4.758605543385349,-0.12564561545621925,RU,40.5,nM,dissociation,780.0,900.0
mAb-X-SCK,mAb-X,run-1,mAb-X-A1,A1-2302,2302.0,s,40.922116910719744,-0.2314907404763889,4.444647967037151,-0.04424379530944571,RU,40.5,nM,dissociation,780.0,900.0
mAb-X-SCK,mAb-X,run-1,mAb-X-A1,A1-2303,2303.0,s,40.81239065588793,-0.24675351701792958,4.853514855306553,0.11423792189467158,RU,40.5,nM,dissociation,780.0,900.0
mAb-X-SCK,mAb-X,run-1,mAb-X-A1,A1-2304,2304.0,s,40.600565404434214,-0.06025321600366609,4.568704114704756,-0.19828834929007905,RU,40.5,nM,dissociation,780.0,900.0
mAb-X-SCK,mAb-X,run-1,mAb-X-A1,A1-2305,2305.0,s,40.85133503267651,0.17164582332741615,4.525182053580701,-0.14179642937004697,RU,40.5,nM,dissociation,780.0,900.0
mAb-X-SCK,mAb-X,run-1,mAb-X-A1,A1-2306,2306.0,s,40.781986817899856,0.12289398023329928,4.376070718459106,0.25593910448062845,RU,40.5,nM,dissociation,780.0,900.0
mAb-X-SCK,mAb-X,run-1,mAb-X-A1,A1-2307,2307.0,s,40.66871615931383,-0.08370510515114322,4.778413125189452,-0.13220553776045954,RU,40.5,nM,dissociation,780.0,900.0
mAb-X-SCK,mAb-X,run-1,mAb-X-A1,A1-2308,2308.0,s,40.601220141622974,0.10932530071489004,4.342275371435028,-0.24650697600949273,RU,40.5,nM,dissociation,780.0,900.0
mAb-X-SCK,mAb-X,run-1,mAb-X-A1,A1-2309,2309.0,s,40.51231987550149,-0.029287183370480595,4.753700895490749,-0.2706346555615078,RU,40.5,nM,dissociation,780.0,900.0
mAb-X-SCK,mAb-X,run-1,mAb-X-A1,A1-2310,2310.0,s,40.68729232198636,0.08945045727035227,4.652991393761559,0.004141210016441829,RU,40.5,nM,dissociation,780.0,900.0
mAb-X-SCK,mAb-X,run-1,mAb-X-A1,A1-2311,2311.0,s,40.788184791248646,0.17737143334011837,4.428648934172838,-0.012894055895242083,RU,40.5,nM,dissociation,780.0,900.0
mAb-X-SCK,mAb-X,run-1,mAb-X-A1,A1-2312,2312.0,s,40.57714279733902,-0.047873137937060634,4.563911686536221,-0.30323834021822055,RU,40.5,nM,dissociation,780.0,900.0
mAb-X-SCK,mAb-X,run-1,mAb-X-A1,A1-2313,2313.0,s,40.71969004369081,0.04326870792699396,4.830557033057096,-0.09736643443775712,RU,40.5,nM,dissociation,780.0,900.0
mAb-X-SCK,mAb-X,run-1,mAb-X-A1,A1-2314,2314.0,s,40.51387323020981,0.18002908925834965,4.742674734638194,-0.2916977439681083,RU,40.5,nM,dissociation,780.0,900.0
mAb-X-SCK,mAb-X,run-1,mAb-X-A1,A1-2315,2315.0,s,40.78035807327297,0.038245102996438095,4.399901071928313,0.12800250507161237,RU,40.5,nM,dissociation,780.0,900.0
mAb-X-SCK,mAb-X,run-1,mAb-X-A1,A1-2316,2316.0,s,40.76128859514753,-0.12954514863013594,4.820525361765575,-0.09100121780459862,RU,40.5,nM,dissociation,780.0,900.0
mAb-X-SCK,mAb-X,run-1,mAb-X-A1,A1-2317,2317.0,s,40.36563822959699,-0.04220208189255346,4.522031384469408,0.04039445143547013,RU,40.5,nM,dissociation,780.0,900.0
mAb-X-SCK,mAb-X,run-1,mAb-X-A1,A1-2318,2318.0,s,40.431122674980614,-0.0561942615912145,4.532692687049502,0.07124313238379555,RU,40.5,nM,dissociation,780.0,900.0
mAb-X-SCK,mAb-X,run-1,mAb-X-A1,A1-2319,2319.0,s,40.65383375255425,0.061577489273031374,4.626512917031122,0.08127367223101441,RU,40.5,nM,dissociation,780.0,900.0
mAb-X-SCK,mAb-X,run-1,mAb-X-A1,A1-2320,2320.0,s,40.49512233999484,0.15624747113827175,4.766682413511826,-0.26028919195358846,RU,40.5,nM,dissociation,780.0,900.0
mAb-X-SCK,mAb-X,run-1,mAb-X-A1,A1-2321,2321.0,s,40.34414859072586,0.33606313032120205,4.6091809505149515,-0.15254230781113332,RU,40.5,nM,dissociation,780.0,900.0
mAb-X-SCK,mAb-X,run-1,mAb-X-A1,A1-2322,2322.0,s,40.59448414693572,-0.248841209233543,4.6722784372812045,0.20824068215024674,RU,40.5,nM,dissociation,780.0,900.0
mAb-X-SCK,mAb-X,run-1,mAb-X-A1,A1-2323,2323.0,s,40.67072713449419,0.2823493395595346,4.650403719752912,0.268185400150999,RU,40.5,nM,dissociation,780.0,900.0
mAb-X-SCK,mAb-X,run-1,mAb-X-A1,A1-2324,2324.0,s,40.48011544597454,-0.033135608120948165,4.544968867728599,0.2331557935456457,RU,40.5,nM,dissociation,780.0,900.0
mAb-X-SCK,mAb-X,run-1,mAb-X-A1,A1-2325,2325.0,s,40.51424867377665,0.2689439415511661,4.824444251094171,0.07077895677504226,RU,40.5,nM,dissociation,780.0,900.0
mAb-X-SCK,mAb-X,run-1,mAb-X-A1,A1-2326,2326.0,s,40.520195605526496,-0.013055251609937124,4.636915149856733,0.08378110975635396,RU,40.5,nM,dissociation,780.0,900.0
mAb-X-SCK,mAb-X,run-1,mAb-X-A1,A1-2327,2327.0,s,40.427923453503325,0.11652327309676151,4.662291413265821,-0.06414147779983241,RU,40.5,nM,dissociation,780.0,900.0
mAb-X-SCK,mAb-X,run-1,mAb-X-A1,A1-2328,2328.0,s,40.639375118970214,-0.281603218061778,4.698453545016347,0.15106155003583052,RU,40.5,nM,dissociation,780.0,900.0
mAb-X-SCK,mAb-X,run-1,mAb-X-A1,A1-2329,2329.0,s,40.187941362186464,0.040977380493794444,4.599235777618132,0.0009523545212443841,RU,40.5,nM,dissociation,780.0,900.0
mAb-X-SCK,mAb-X,run-1,mAb-X-A1,A1-2330,2330.0,s,40.67796104200088,-0.12424652523403494,4.6444438434350905,-0.1728040343468367,RU,40.5,nM,dissociation,780.0,900.0
mAb-X-SCK,mAb-X,run-1,mAb-X-A1,A1-2331,2331.0,s,40.39591737196292,-0.02504833619040333,4.33940793734909,0.06267380835730527,RU,40.5,nM,dissociation,780.0,900.0
mAb-X-SCK,mAb-X,run-1,mAb-X-A1,A1-2332,2332.0,s,40.25066580751924,-0.09076457156764928,4.9391281205456306,0.07865994327847459,RU,40.5,nM,dissociation,780.0,900.0
mAb-X-SCK,mAb-X,run-1,mAb-X-A1,A1-2333,2333.0,s,40.302772098603114,-0.3027875971583857,4.843098694866981,0.1713991297741224,RU,40.5,nM,dissociation,780.0,900.0
mAb-X-SCK,mAb-X,run-1,mAb-X-A1,A1-2334,2334.0,s,40.45006265372313,0.12880976597546354,4.95604561164205,0.07215595543587519,RU,40.5,nM,dissociation,780.0,900.0
mAb-X-SCK,mAb-X,run-1,mAb-X-A1,A1-2335,2335.0,s,40.22015324112483,-0.12656103555002352,4.787842448071077,-0.09427516982556425,RU,40.5,nM,dissociation,780.0,900.0
mAb-X-SCK,mAb-X,run-1,mAb-X-A1,A1-2336,2336.0,s,40.14159471019252,0.2156556805959346,5.1092373266915745,-0.19976499020361801,RU,40.5,nM,dissociation,780.0,900.0
mAb-X-SCK,mAb-X,run-1,mAb-X-A1,A1-2337,2337.0,s,40.34068503448925,0.27488829074987886,4.756568717106239,-0.01100646428624003,RU,40.5,nM,dissociation,780.0,900.0
mAb-X-SCK,mAb-X,run-1,mAb-X-A1,A1-2338,2338.0,s,40.388946143278204,-0.08647260842433303,4.445047354161403,0.08757559402729198,RU,40.5,nM,dissociation,780.0,900.0
mAb-X-SCK,mAb-X,run-1,mAb-X-A1,A1-2339,2339.0,s,40.13437650464441,-0.1525979804433302,4.435478111877512,-0.11259345530421773,RU,40.5,nM,dissociation,780.0,900.0
mAb-X-SCK,mAb-X,run-1,mAb-X-A1,A1-2340,2340.0,s,40.25144245604011,-0.039606901246587556,4.54096026704842,-0.05687235990632179,RU,40.5,nM,dissociation,780.0,900.0
mAb-X-SCK,mAb-X,run-1,mAb-X-A1,A1-2341,2341.0,s,40.20587320646928,0.06356308857313453,4.74842671600985,-0.11099214301956799,RU,40.5,nM,dissociation,780.0,900.0
mAb-X-SCK,mAb-X,run-1,mAb-X-A1,A1-2342,2342.0,s,40.46034966514323,-0.03152861538083831,4.853290500061633,-0.04056240655731796,RU,40.5,nM,dissociation,780.0,900.0
mAb-X-SCK,mAb-X,run-1,mAb-X-A1,A1-2343,2343.0,s,40.28561256045756,-0.1399975323960492,4.503339295427018,0.0503657067450408,RU,40.5,nM,dissociation,780.0,900.0
mAb-X-SCK,mAb-X,run-1,mAb-X-A1,A1-2344,2344.0,s,39.72546403316787,0.11614062462093756,4.725422557727485,0.11782912360418898,RU,40.5,nM,dissociation,780.0,900.0
mAb-X-SCK,mAb-X,run-1,mAb-X-A1,A1-2345,2345.0,s,40.24346150951356,-0.25047068100899006,4.646213089236428,-0.12849497353637665,RU,40.5,nM,dissociation,780.0,900.0
mAb-X-SCK,mAb-X,run-1,mAb-X-A1,A1-2346,2346.0,s,40.05761166566632,0.08895016198399862,5.009839495329002,-0.1447844079752399,RU,40.5,nM,dissociation,780.0,900.0
mAb-X-SCK,mAb-X,run-1,mAb-X-A1,A1-2347,2347.0,s,40.11456504195546,-0.07412722792236234,4.772174682133131,-0.17406950482468242,RU,40.5,nM,dissociation,780.0,900.0
mAb-X-SCK,mAb-X,run-1,mAb-X-A1,A1-2348,2348.0,s,40.00162969895036,-0.031528936996567586,4.642154203176161,-0.005743026231766897,RU,40.5,nM,dissociation,780.0,900.0
mAb-X-SCK,mAb-X,run-1,mAb-X-A1,A1-2349,2349.0,s,40.33781277611578,0.09982950668855883,4.5693525577836915,-0.2087367984311244,RU,40.5,nM,dissociation,780.0,900.0
mAb-X-SCK,mAb-X,run-1,mAb-X-A1,A1-2350,2350.0,s,39.85455979786346,0.1618813018035821,4.764887916367616,-0.014478725232270312,RU,40.5,nM,dissociation,780.0,900.0
mAb-X-SCK,mAb-X,run-1,mAb-X-A1,A1-2351,2351.0,s,40.09994611829869,-0.01693900806052192,4.469785234045387,0.23248723508104094,RU,40.5,nM,dissociation,780.0,900.0
mAb-X-SCK,mAb-X,run-1,mAb-X-A1,A1-2352,2352.0,s,40.15044469929968,-0.01461117393016221,4.72739835604159,-0.0623537819684037,RU,40.5,nM,dissociation,780.0,900.0
mAb-X-SCK,mAb-X,run-1,mAb-X-A1,A1-2353,2353.0,s,40.028262364119364,-0.031351159899642524,4.694810059186131,0.16780964656794964,RU,40.5,nM,dissociation,780.0,900.0
mAb-X-SCK,mAb-X,run-1,mAb-X-A1,A1-2354,2354.0,s,40.17133858387812,0.20536058783205477,4.973868543738856,0.04200317735400865,RU,40.5,nM,dissociation,780.0,900.0
mAb-X-SCK,mAb-X,run-1,mAb-X-A1,A1-2355,2355.0,s,39.97270796519708,-0.1557348325139421,4.81325598672023,-0.04761343193071874,RU,40.5,nM,dissociation,780.0,900.0
mAb-X-SCK,mAb-X,run-1,mAb-X-A1,A1-2356,2356.0,s,40.03585794428191,-0.05539018662472133,4.736712850782576,-0.010964882669765155,RU,40.5,nM,dissociation,780.0,900.0
mAb-X-SCK,mAb-X,run-1,mAb-X-A1,A1-2357,2357.0,s,40.052745302202965,0.1739806870622768,4.761778605177612,0.18421044235240985,RU,40.5,nM,dissociation,780.0,900.0
mAb-X-SCK,mAb-X,run-1,mAb-X-A1,A1-2358,2358.0,s,40.062050930188796,-0.2883092094768778,4.747110527958869,0.414203110352473,RU,40.5,nM,dissociation,780.0,900.0
mAb-X-SCK,mAb-X,run-1,mAb-X-A1,A1-2359,2359.0,s,39.78766330281517,-0.013907040326890724,4.834447617186056,-0.07825899008346929,RU,40.5,nM,dissociation,780.0,900.0
mAb-X-SCK,mAb-X,run-1,mAb-X-A1,A1-2360,2360.0,s,39.848421323219824,-0.2277781234868811,4.832724281983148,-0.14940328421687152,RU,40.5,nM,dissociation,780.0,900.0
mAb-X-SCK,mAb-X,run-1,mAb-X-A1,A1-2361,2361.0,s,39.87743436623502,-0.08002797700806258,4.72406723595793,-0.15372415201998443,RU,40.5,nM,dissociation,780.0,900.0
mAb-X-SCK,mAb-X,run-1,mAb-X-A1,A1-2362,2362.0,s,39.99687473947933,0.03164904201242948,4.7619364564995,0.06890836494584748,RU,40.5,nM,dissociation,780.0,900.0
mAb-X-SCK,mAb-X,run-1,mAb-X-A1,A1-2363,2363.0,s,39.684707614187026,-0.07377633453831216,5.016781183523823,0.13489394986540365,RU,40.5,nM,dissociation,780.0,900.0
mAb-X-SCK,mAb-X,run-1,mAb-X-A1,A1-2364,2364.0,s,39.69755335554115,-0.14237013960990494,4.643585387512387,-0.14333658720879924,RU,40.5,nM,dissociation,780.0,900.0
mAb-X-SCK,mAb-X,run-1,mAb-X-A1,A1-2365,2365.0,s,39.725759982586375,-0.21392232594382285,5.077165065422379,0.3170458935297818,RU,40.5,nM,dissociation,780.0,900.0
mAb-X-SCK,mAb-X,run-1,mAb-X-A1,A1-2366,2366.0,s,39.65594290097646,-0.1154456107213103,4.674115598733546,0.012302139325137676,RU,40.5,nM,dissociation,780.0,900.0
mAb-X-SCK,mAb-X,run-1,mAb-X-A1,A1-2367,2367.0,s,39.76132491774739,-0.0046404401232497975,4.695026411707303,-0.07993794313471066,RU,40.5,nM,dissociation,780.0,900.0
mAb-X-SCK,mAb-X,run-1,mAb-X-A1,A1-2368,2368.0,s,39.74551303581652,0.20279915377949315,4.799667837169527,0.25983771722072097,RU,40.5,nM,dissociation,780.0,900.0
mAb-X-SCK,mAb-X,run-1,mAb-X-A1,A1-2369,2369.0,s,39.81448723609529,0.07067426828137412,4.878826695027623,-0.11519299568379511,RU,40.5,nM,dissociation,780.0,900.0
mAb-X-SCK,mAb-X,run-1,mAb-X-A1,A1-2370,2370.0,s,39.91152530938662,0.0803615742822527,4.658581322480562,-0.03902865015924893,RU,40.5,nM,dissociation,780.0,900.0
mAb-X-SCK,mAb-X,run-1,mAb-X-A1,A1-2371,2371.0,s,39.80142802330649,-0.09458600356284082,4.906320509257604,-0.2416118000398299,RU,40.5,nM,dissociation,780.0,900.0
mAb-X-SCK,mAb-X,run-1,mAb-X-A1,A1-2372,2372.0,s,39.554750809782554,0.07033659811345806,4.749728835110217,0.2700661149474749,RU,40.5,nM,dissociation,780.0,900.0
mAb-X-SCK,mAb-X,run-1,mAb-X-A1,A1-2373,2373.0,s,39.73960674683277,0.14991665109989696,4.685573803627308,-0.03997321737605255,RU,40.5,nM,dissociation,780.0,900.0
mAb-X-SCK,mAb-X,run-1,mAb-X-A1,A1-2374,2374.0,s,39.42746472300682,-0.09444030159363538,4.738029528577316,-0.1408006566751244,RU,40.5,nM,dissociation,780.0,900.0
mAb-X-SCK,mAb-X,run-1,mAb-X-A1,A1-2375,2375.0,s,39.79531545845054,-0.17234117263504684,4.750645502169827,-0.06278402474534116,RU,40.5,nM,dissociation,780.0,900.0
mAb-X-SCK,mAb-X,run-1,mAb-X-A1,A1-2376,2376.0,s,39.48872277749568,-0.029412113587453124,4.727040108927955,0.06962031274749998,RU,40.5,nM,dissociation,780.0,900.0
mAb-X-SCK,mAb-X,run-1,mAb-X-A1,A1-2377,2377.0,s,39.86667912718293,-0.25830969136280363,4.767429727221244,0.14535393021465612,RU,40.5,nM,dissociation,780.0,900.0
mAb-X-SCK,mAb-X,run-1,mAb-X-A1,A1-2378,2378.0,s,39.768817432658786,0.02398929450841473,4.6802354133401485,0.2032502144215751,RU,40.5,nM,dissociation,780.0,900.0
mAb-X-SCK,mAb-X,run-1,mAb-X-A1,A1-2379,2379.0,s,39.96689398382979,0.11532327244473836,4.816553031935493,-0.3510898601168869,RU,40.5,nM,dissociation,780.0,900.0
mAb-X-SCK,mAb-X,run-1,mAb-X-A1,A1-2380,2380.0,s,39.76471765278991,0.17291586087413577,4.86400826209148,0.007334116576066122,RU,40.5,nM,dissociation,780.0,900.0
mAb-X-SCK,mAb-X,run-1,mAb-X-A1,A1-2381,2381.0,s,39.74713677123807,-0.050472203642011736,5.0512468906645775,-0.12910609825850206,RU,40.5,nM,dissociation,780.0,900.0
mAb-X-SCK,mAb-X,run-1,mAb-X-A1,A1-2382,2382.0,s,39.56585689659268,0.06864278301536707,4.651404610212543,-0.23646424795020135,RU,40.5,nM,dissociation,780.0,900.0
mAb-X-SCK,mAb-X,run-1,mAb-X-A1,A1-2383,2383.0,s,39.5979854555066,-0.0329273890756143,4.786470790868591,0.22689269213703975,RU,40.5,nM,dissociation,780.0,900.0
mAb-X-SCK,mAb-X,run-1,mAb-X-A1,A1-2384,2384.0,s,39.360938323533475,-0.06126607009434628,4.718498597421073,-0.3562718089468735,RU,40.5,nM,dissociation,780.0,900.0
mAb-X-SCK,mAb-X,run-1,mAb-X-A1,A1-2385,2385.0,s,39.47078833495073,0.354807086256834,4.719589601062512,0.011456088767605609,RU,40.5,nM,dissociation,780.0,900.0
mAb-X-SCK,mAb-X,run-1,mAb-X-A1,A1-2386,2386.0,s,39.43993505050435,-0.3505867181556657,4.516254412977244,-0.14960093330173407,RU,40.5,nM,dissociation,780.0,900.0
mAb-X-SCK,mAb-X,run-1,mAb-X-A1,A1-2387,2387.0,s,39.54964944406617,-0.12870094748524954,4.905802137004666,-0.003354008458338048,RU,40.5,nM,dissociation,780.0,900.0
mAb-X-SCK,mAb-X,run-1,mAb-X-A1,A1-2388,2388.0,s,39.33361854545972,-0.19512486631516732,4.7385828672666435,0.037159420310598476,RU,40.5,nM,dissociation,780.0,900.0
mAb-X-SCK,mAb-X,run-1,mAb-X-A1,A1-2389,2389.0,s,39.25895923506187,0.148277717610147,4.603078320238457,-0.14888618527421615,RU,40.5,nM,dissociation,780.0,900.0
mAb-X-SCK,mAb-X,run-1,mAb-X-A1,A1-2390,2390.0,s,39.26238665965673,-0.20777850777777102,4.648860884373425,0.016728369284591548,RU,40.5,nM,dissociation,780.0,900.0
mAb-X-SCK,mAb-X,run-1,mAb-X-A1,A1-2391,2391.0,s,39.40893869525582,0.19747977183376728,4.6595508600481725,0.13706420552274465,RU,40.5,nM,dissociation,780.0,900.0
mAb-X-SCK,mAb-X,run-1,mAb-X-A1,A1-2392,2392.0,s,39.26761741734831,0.006639863305959236,4.989277437814547,-0.10363432558870211,RU,40.5,nM,dissociation,780.0,900.0
mAb-X-SCK,mAb-X,run-1,mAb-X-A1,A1-2393,2393.0,s,39.21057195149309,-0.15245216955947652,4.858005457662221,0.26327945590043256,RU,40.5,nM,dissociation,780.0,900.0
mAb-X-SCK,mAb-X,run-1,mAb-X-A1,A1-2394,2394.0,s,39.266216290342754,0.04898582485585428,4.9271965841687555,-0.020413540855805597,RU,40.5,nM,dissociation,780.0,900.0
mAb-X-SCK,mAb-X,run-1,mAb-X-A1,A1-2395,2395.0,s,39.495961876881736,-0.26517857914207277,4.722571082049955,0.3056781794619223,RU,40.5,nM,dissociation,780.0,900.0
mAb-X-SCK,mAb-X,run-1,mAb-X-A1,A1-2396,2396.0,s,39.675884909666124,0.07104912262497423,4.657293196509353,0.1014794007784182,RU,40.5,nM,dissociation,780.0,900.0
mAb-X-SCK,mAb-X,run-1,mAb-X-A1,A1-2397,2397.0,s,39.144664060062226,-0.38014655956985444,4.766890525778588,0.11961744276738258,RU,40.5,nM,dissociation,780.0,900.0
mAb-X-SCK,mAb-X,run-1,mAb-X-A1,A1-2398,2398.0,s,39.21072449997948,0.18863606980914144,4.683330610037185,0.044889896198146706,RU,40.5,nM,dissociation,780.0,900.0
mAb-X-SCK,mAb-X,run-1,mAb-X-A1,A1-2399,2399.0,s,39.531806632961406,-0.21446100499573412,4.765300073974924,0.282595361745364,RU,40.5,nM,dissociation,780.0,900.0
mAb-X-SCK,mAb-X,run-1,mAb-X-A1,A1-2400,2400.0,s,39.23477044145164,-0.33349790469777935,4.756946485570681,0.1045675147812823,RU,40.5,nM,dissociation,780.0,900.0
mAb-X-SCK,mAb-X,run-1,mAb-X-A1,A1-2401,2401.0,s,39.35258664683256,0.03439964400992683,4.921159987901806,0.178163188135321,RU,40.5,nM,dissociation,780.0,900.0
mAb-X-SCK,mAb-X,run-1,mAb-X-A1,A1-2402,2402.0,s,39.226342458073134,0.07491010196542798,4.7491372718466405,0.1570347761953748,RU,40.5,nM,dissociation,780.0,900.0
mAb-X-SCK,mAb-X,run-1,mAb-X-A1,A1-2403,2403.0,s,39.17983067952938,0.01706055267355733,4.6216968617135645,-0.08629458546106053,RU,40.5,nM,dissociation,780.0,900.0
mAb-X-SCK,mAb-X,run-1,mAb-X-A1,A1-2404,2404.0,s,39.588649271879504,-0.13658404514884268,4.929313740367388,-0.014918533030631368,RU,40.5,nM,dissociation,780.0,900.0
mAb-X-SCK,mAb-X,run-1,mAb-X-A1,A1-2405,2405.0,s,39.21292853095896,0.20055148075443366,4.823908231062196,0.10019985296353928,RU,40.5,nM,dissociation,780.0,900.0
mAb-X-SCK,mAb-X,run-1,mAb-X-A1,A1-2406,2406.0,s,39.13537814046191,0.043572345260880364,4.563329041265256,-0.014108786273091945,RU,40.5,nM,dissociation,780.0,900.0
mAb-X-SCK,mAb-X,run-1,mAb-X-A1,A1-2407,2407.0,s,39.195922239035234,-0.12065241784430582,4.719167503067249,0.1160983308178309,RU,40.5,nM,dissociation,780.0,900.0
mAb-X-SCK,mAb-X,run-1,mAb-X-A1,A1-2408,2408.0,s,39.14696855022447,-0.001917963097453499,4.821252727740888,0.14030562917646067,RU,40.5,nM,dissociation,780.0,900.0
mAb-X-SCK,mAb-X,run-1,mAb-X-A1,A1-2409,2409.0,s,39.22227989060997,-0.3916758057444288,4.856414820181263,-0.0044979182438451195,RU,40.5,nM,dissociation,780.0,900.0
mAb-X-SCK,mAb-X,run-1,mAb-X-A1,A1-2410,2410.0,s,39.23744883826229,0.045083737575000435,4.90430065268429,0.18265996567970075,RU,40.5,nM,dissociation,780.0,900.0
mAb-X-SCK,mAb-X,run-1,mAb-X-A1,A1-2411,2411.0,s,38.98550031656277,0.1597207954699679,4.5596734229127085,-0.034632188386812236,RU,40.5,nM,dissociation,780.0,900.0
mAb-X-SCK,mAb-X,run-1,mAb-X-A1,A1-2412,2412.0,s,39.09724539023367,-0.0886252521942668,4.619283584761732,0.14585965789071365,RU,40.5,nM,dissociation,780.0,900.0
mAb-X-SCK,mAb-X,run-1,mAb-X-A1,A1-2413,2413.0,s,39.200778449424995,-0.09503804785999083,4.526443825320214,0.07523810781175509,RU,40.5,nM,dissociation,780.0,900.0
mAb-X-SCK,mAb-X,run-1,mAb-X-A1,A1-2414,2414.0,s,39.257429542656396,-0.09554507901672808,4.859185595666664,-0.1410359935919505,RU,40.5,nM,dissociation,780.0,900.0
mAb-X-SCK,mAb-X,run-1,mAb-X-A1,A1-2415,2415.0,s,39.08157359598248,-0.4138400627737203,4.929813423685131,-0.0032052545488697715,RU,40.5,nM,dissociation,780.0,900.0
mAb-X-SCK,mAb-X,run-1,mAb-X-A1,A1-2416,2416.0,s,38.96424880889013,-0.2503491074704434,5.046172763567693,0.1510175811319198,RU,40.5,nM,dissociation,780.0,900.0
mAb-X-SCK,mAb-X,run-1,mAb-X-A1,A1-2417,2417.0,s,38.815537986903976,-0.13127101231135338,4.9400969804341806,0.07818701116559006,RU,40.5,nM,dissociation,780.0,900.0
mAb-X-SCK,mAb-X,run-1,mAb-X-A1,A1-2418,2418.0,s,39.01150210628327,-0.0302065285668661,4.729154081144933,0.029314398266609122,RU,40.5,nM,dissociation,780.0,900.0
mAb-X-SCK,mAb-X,run-1,mAb-X-A1,A1-2419,2419.0,s,38.9590891904078,0.005613453952600123,4.705033760779663,-0.12315710231769582,RU,40.5,nM,dissociation,780.0,900.0
mAb-X-SCK,mAb-X,run-1,mAb-X-A1,A1-2420,2420.0,s,39.054579812029424,-0.20632538772126535,5.022621747959261,0.13672058325798028,RU,40.5,nM,dissociation,780.0,900.0
mAb-X-SCK,mAb-X,run-1,mAb-X-A1,A1-2421,2421.0,s,39.61970552726776,-0.14184152811686854,5.086931675060572,-0.313178272611795,RU,40.5,nM,dissociation,780.0,900.0
mAb-X-SCK,mAb-X,run-1,mAb-X-A1,A1-2422,2422.0,s,39.067127388744076,-0.03580333792690287,4.96727152764125,-0.03296623467995908,RU,40.5,nM,dissociation,780.0,900.0
mAb-X-SCK,mAb-X,run-1,mAb-X-A1,A1-2423,2423.0,s,38.86041696533399,-0.20067631286962423,4.710407516410531,0.09733451855524018,RU,40.5,nM,dissociation,780.0,900.0
mAb-X-SCK,mAb-X,run-1,mAb-X-A1,A1-2424,2424.0,s,38.62303257459116,-0.0212223350612911,5.053951275709643,0.2724277151080217,RU,40.5,nM,dissociation,780.0,900.0
mAb-X-SCK,mAb-X,run-1,mAb-X-A1,A1-2425,2425.0,s,39.15014788684529,-0.039421067530868374,4.993148869894179,0.318214843248917,RU,40.5,nM,dissociation,780.0,900.0
mAb-X-SCK,mAb-X,run-1,mAb-X-A1,A1-2426,2426.0,s,39.032591104235486,-0.11155897992449887,4.99733387800939,-0.17496612299247116,RU,40.5,nM,dissociation,780.0,900.0
mAb-X-SCK,mAb-X,run-1,mAb-X-A1,A1-2427,2427.0,s,38.99698332804617,0.05003704096740173,4.6356294813956636,-0.46232069785062196,RU,40.5,nM,dissociation,780.0,900.0
mAb-X-SCK,mAb-X,run-1,mAb-X-A1,A1-2428,2428.0,s,39.084290180642775,0.17817305531786767,5.01380092894545,-0.14485334901833855,RU,40.5,nM,dissociation,780.0,900.0
mAb-X-SCK,mAb-X,run-1,mAb-X-A1,A1-2429,2429.0,s,38.77992024213944,0.13593232357655108,4.899409811345324,-0.01059989062383544,RU,40.5,nM,dissociation,780.0,900.0
mAb-X-SCK,mAb-X,run-1,mAb-X-A1,A1-2430,2430.0,s,38.781009823349834,0.1155509743242016,4.744955428719605,0.09880684100044602,RU,40.5,nM,dissociation,780.0,900.0
mAb-X-SCK,mAb-X,run-1,mAb-X-A1,A1-2431,2431.0,s,38.67831065688026,0.010251735605827433,4.868357628434424,0.017099517692142574,RU,40.5,nM,dissociation,780.0,900.0
mAb-X-SCK,mAb-X,run-1,mAb-X-A1,A1-2432,2432.0,s,38.94326768227778,-0.13518405449752322,4.983895167682749,0.11583321135413373,RU,40.5,nM,dissociation,780.0,900.0
mAb-X-SCK,mAb-X,run-1,mAb-X-A1,A1-2433,2433.0,s,38.65060810300243,0.030413150028284167,4.743572972538971,0.11566389262034507,RU,40.5,nM,dissociation,780.0,900.0
mAb-X-SCK,mAb-X,run-1,mAb-X-A1,A1-2434,2434.0,s,38.48189900453622,0.1335689803595456,4.819420580095144,-0.19440215346514234,RU,40.5,nM,dissociation,780.0,900.0
mAb-X-SCK,mAb-X,run-1,mAb-X-A1,A1-2435,2435.0,s,38.70241127306433,0.10901522392271246,4.558624119465624,-0.2586008624585636,RU,40.5,nM,dissociation,780.0,900.0
mAb-X-SCK,mAb-X,run-1,mAb-X-A1,A1-2436,2436.0,s,38.780856783010826,-0.11403763991632124,4.669135014191209,-0.2654239841628505,RU,40.5,nM,dissociation,780.0,900.0
mAb-X-SCK,mAb-X,run-1,mAb-X-A1,A1-2437,2437.0,s,38.75673149633897,-0.1286600449572956,4.89133929451905,-0.024745118412955583,RU,40.5,nM,dissociation,780.0,900.0
mAb-X-SCK,mAb-X,run-1,mAb-X-A1,A1-2438,2438.0,s,38.67620064759972,0.09474681328731686,4.973583182721037,0.29286265157128527,RU,40.5,nM,dissociation,780.0,900.0
mAb-X-SCK,mAb-X,run-1,mAb-X-A1,A1-2439,2439.0,s,38.960289868221295,-0.15781275981588042,4.795318225069835,0.26217371306174597,RU,40.5,nM,dissociation,780.0,900.0
mAb-X-SCK,mAb-X,run-1,mAb-X-A1,A1-2440,2440.0,s,38.62338294218902,-0.32906774117883436,4.827617763778051,0.05557161327604362,RU,40.5,nM,dissociation,780.0,900.0
mAb-X-SCK,mAb-X,run-1,mAb-X-A1,A1-2441,2441.0,s,38.66608120862619,-0.1733613338045401,4.579846226680811,-0.16734070993553116,RU,40.5,nM,dissociation,780.0,900.0
mAb-X-SCK,mAb-X,run-1,mAb-X-A1,A1-2442,2442.0,s,38.64450320113463,0.09005364090437426,4.881549920301035,-0.019978924243881375,RU,40.5,nM,dissociation,780.0,900.0
mAb-X-SCK,mAb-X,run-1,mAb-X-A1,A1-2443,2443.0,s,38.61283285919285,0.042515704222307146,4.76789956227076,-0.1674911521622146,RU,40.5,nM,dissociation,780.0,900.0
mAb-X-SCK,mAb-X,run-1,mAb-X-A1,A1-2444,2444.0,s,38.497386476368156,0.0167150670836688,5.031312650271778,-0.10396022666007157,RU,40.5,nM,dissociation,780.0,900.0
mAb-X-SCK,mAb-X,run-1,mAb-X-A1,A1-2445,2445.0,s,38.49464786345583,-0.019013805854839635,4.739582785127873,0.020430835455488402,RU,40.5,nM,dissociation,780.0,900.0
mAb-X-SCK,mAb-X,run-1,mAb-X-A1,A1-2446,2446.0,s,38.490297304155625,0.15208722323558763,4.563561139077555,0.03198366468151771,RU,40.5,nM,dissociation,780.0,900.0
mAb-X-SCK,mAb-X,run-1,mAb-X-A1,A1-2447,2447.0,s,38.65210792043373,0.14248173934581818,4.657735882858396,-0.036547938329995096,RU,40.5,nM,dissociation,780.0,900.0
mAb-X-SCK,mAb-X,run-1,mAb-X-A1,A1-2448,2448.0,s,38.373152984745545,0.03373624585888116,4.827591002823386,0.16106964778538388,RU,40.5,nM,dissociation,780.0,900.0
mAb-X-SCK,mAb-X,run-1,mAb-X-A1,A1-2449,2449.0,s,38.54027418188134,0.14452583422659218,4.976866795992215,0.23511093841492192,RU,40.5,nM,dissociation,780.0,900.0
mAb-X-SCK,mAb-X,run-1,mAb-X-A1,A1-2450,2450.0,s,38.50092147724194,0.026125292738746943,4.943926134807704,0.01610697695086866,RU,40.5,nM,dissociation,780.0,900.0
mAb-X-SCK,mAb-X,run-1,mAb-X-A1,A1-2451,2451.0,s,38.39578762216682,0.3028726719017673,5.115849355581882,-0.07413020235269804,RU,40.5,nM,dissociation,780.0,900.0
mAb-X-SCK,mAb-X,run-1,mAb-X-A1,A1-2452,2452.0,s,38.51381443281096,-0.045529361382026526,5.138771861621251,-0.06310121064550188,RU,40.5,nM,dissociation,780.0,900.0
mAb-X-SCK,mAb-X,run-1,mAb-X-A1,A1-2453,2453.0,s,38.39821793273579,-0.04633550228092114,5.163094669186861,0.021782696228864553,RU,40.5,nM,dissociation,780.0,900.0
mAb-X-SCK,mAb-X,run-1,mAb-X-A1,A1-2454,2454.0,s,38.575112559868245,-0.015573938574140501,4.918020276927051,-0.05409951542607339,RU,40.5,nM,dissociation,780.0,900.0
mAb-X-SCK,mAb-X,run-1,mAb-X-A1,A1-2455,2455.0,s,38.49856993752442,0.03701977220603644,4.645374951683069,0.13725448224473796,RU,40.5,nM,dissociation,780.0,900.0
mAb-X-SCK,mAb-X,run-1,mAb-X-A1,A1-2456,2456.0,s,38.426746779226356,-0.015839348377840925,4.756732466578474,-0.06837114599882574,RU,40.5,nM,dissociation,780.0,900.0
mAb-X-SCK,mAb-X,run-1,mAb-X-A1,A1-2457,2457.0,s,38.58366409915059,-0.20255568492344087,4.89125525055416,0.38746278579467475,RU,40.5,nM,dissociation,780.0,900.0
mAb-X-SCK,mAb-X,run-1,mAb-X-A1,A1-2458,2458.0,s,38.78327336457373,-0.136520465568245,4.628343395468281,-0.11786264172216455,RU,40.5,nM,dissociation,780.0,900.0
mAb-X-SCK,mAb-X,run-1,mAb-X-A1,A1-2459,2459.0,s,38.30959358947346,0.07813808254488382,4.782520216716909,0.019821029925433414,RU,40.5,nM,dissociation,780.0,900.0
mAb-X-SCK,mAb-X,run-1,mAb-X-A1,A1-2460,2460.0,s,38.3605625980109,-0.04750905711503322,4.889307825336114,-0.2763898676157383,RU,40.5,nM,dissociation,780.0,900.0
mAb-X-SCK,mAb-X,run-1,mAb-X-A1,A1-2461,2461.0,s,38.32747539406044,0.0973493006709821,4.927581004071602,-0.026256087583564035,RU,40.5,nM,dissociation,780.0,900.0
mAb-X-SCK,mAb-X,run-1,mAb-X-A1,A1-2462,2462.0,s,38.32055393500361,0.03522662500283924,5.024559795419631,0.14594467490489102,RU,40.5,nM,dissociation,780.0,900.0
mAb-X-SCK,mAb-X,run-1,mAb-X-A1,A1-2463,2463.0,s,38.612995668892964,-0.13648528618651767,5.052241592473396,0.25152370945430513,RU,40.5,nM,dissociation,780.0,900.0
mAb-X-SCK,mAb-X,run-1,mAb-X-A1,A1-2464,2464.0,s,38.16850561765775,0.07374031116389337,4.8682658426225505,0.004203625640607046,RU,40.5,nM,dissociation,780.0,900.0
mAb-X-SCK,mAb-X,run-1,mAb-X-A1,A1-2465,2465.0,s,38.560997539652526,-0.22244531925024588,5.061858931730196,0.19559771372125015,RU,40.5,nM,dissociation,780.0,900.0
mAb-X-SCK,mAb-X,run-1,mAb-X-A1,A1-2466,2466.0,s,38.355496861084035,0.11380348381286791,5.075078556364121,-0.013212455267697187,RU,40.5,nM,dissociation,780.0,900.0
mAb-X-SCK,mAb-X,run-1,mAb-X-A1,A1-2467,2467.0,s,37.96560190212034,0.18331889421252456,4.770200787287092,0.18680570455752213,RU,40.5,nM,dissociation,780.0,900.0
mAb-X-SCK,mAb-X,run-1,mAb-X-A1,A1-2468,2468.0,s,38.422675852888524,-0.2109479803487033,4.9355757546016426,-0.27468216651354,RU,40.5,nM,dissociation,780.0,900.0
mAb-X-SCK,mAb-X,run-1,mAb-X-A1,A1-2469,2469.0,s,38.449970252487574,-0.2484977329926215,4.952343690519377,0.19586773054836715,RU,40.5,nM,dissociation,780.0,900.0
mAb-X-SCK,mAb-X,run-1,mAb-X-A1,A1-2470,2470.0,s,38.273609369425486,0.08214584789230182,5.017174201273988,-0.16527160226215906,RU,40.5,nM,dissociation,780.0,900.0
mAb-X-SCK,mAb-X,run-1,mAb-X-A1,A1-2471,2471.0,s,38.00678016217941,-0.1665940231359062,4.840019539192099,-0.02045862677638011,RU,40.5,nM,dissociation,780.0,900.0
mAb-X-SCK,mAb-X,run-1,mAb-X-A1,A1-2472,2472.0,s,38.0838407857576,-0.2655015733608197,4.995863778420089,0.1640682854889843,RU,40.5,nM,dissociation,780.0,900.0
mAb-X-SCK,mAb-X,run-1,mAb-X-A1,A1-2473,2473.0,s,38.19304470911978,-0.1697354633473654,5.091297068728888,-0.23290033528060172,RU,40.5,nM,dissociation,780.0,900.0
mAb-X-SCK,mAb-X,run-1,mAb-X-A1,A1-2474,2474.0,s,38.134116836653874,-0.2434090480265023,4.913956219781668,-0.21139480169776542,RU,40.5,nM,dissociation,780.0,900.0
mAb-X-SCK,mAb-X,run-1,mAb-X-A1,A1-2475,2475.0,s,38.30487913391101,-0.014030893987544932,5.147063775468683,0.04609598252696544,RU,40.5,nM,dissociation,780.0,900.0
mAb-X-SCK,mAb-X,run-1,mAb-X-A1,A1-2476,2476.0,s,38.214684419361824,0.048240396930088844,5.076353760052081,0.23773054597589757,RU,40.5,nM,dissociation,780.0,900.0
mAb-X-SCK,mAb-X,run-1,mAb-X-A1,A1-2477,2477.0,s,38.32196241493896,-0.20864611548745768,5.107119736506061,-0.03328675501770152,RU,40.5,nM,dissociation,780.0,900.0
mAb-X-SCK,mAb-X,run-1,mAb-X-A1,A1-2478,2478.0,s,38.025867726758975,0.1479965460557789,4.96961199308064,0.026987737508584353,RU,40.5,nM,dissociation,780.0,900.0
mAb-X-SCK,mAb-X,run-1,mAb-X-A1,A1-2479,2479.0,s,38.05845350300775,0.07489645196571217,4.893112669447149,0.018477845896837812,RU,40.5,nM,dissociation,780.0,900.0
mAb-X-SCK,mAb-X,run-1,mAb-X-A1,A1-2480,2480.0,s,38.0021234865893,0.14273408490597644,5.0992510683335155,-0.10259849556559021,RU,40.5,nM,dissociation,780.0,900.0
mAb-X-SCK,mAb-X,run-1,mAb-X-A1,A1-2481,2481.0,s,37.97833027611056,-0.08001441847893533,4.862653699605036,0.0513692759247003,RU,40.5,nM,dissociation,780.0,900.0
mAb-X-SCK,mAb-X,run-1,mAb-X-A1,A1-2482,2482.0,s,38.07164733155058,0.1420302549520509,4.758634050603383,-0.06568590404789787,RU,40.5,nM,dissociation,780.0,900.0
mAb-X-SCK,mAb-X,run-1,mAb-X-A1,A1-2483,2483.0,s,38.137671062824836,0.2187145301739335,4.977058967170715,0.05939876701577157,RU,40.5,nM,dissociation,780.0,900.0
mAb-X-SCK,mAb-X,run-1,mAb-X-A1,A1-2484,2484.0,s,37.96719454952477,-0.060981535069896675,5.038387602876741,0.16400553361080208,RU,40.5,nM,dissociation,780.0,900.0
mAb-X-SCK,mAb-X,run-1,mAb-X-A1,A1-2485,2485.0,s,38.21374262188821,-0.2683241118885492,4.881597365094726,-0.16142416998564105,RU,40.5,nM,dissociation,780.0,900.0
mAb-X-SCK,mAb-X,run-1,mAb-X-A1,A1-2486,2486.0,s,37.831055634621315,0.18219431540171052,4.7892052221019235,0.12785409067803913,RU,40.5,nM,dissociation,780.0,900.0
mAb-X-SCK,mAb-X,run-1,mAb-X-A1,A1-2487,2487.0,s,38.137145491855435,0.075122267501486,5.004903474894322,-0.19231030480480313,RU,40.5,nM,dissociation,780.0,900.0
mAb-X-SCK,mAb-X,run-1,mAb-X-A1,A1-2488,2488.0,s,37.74096637790212,0.21883691870003877,4.679205853057748,-0.08134507269545317,RU,40.5,nM,dissociation,780.0,900.0
mAb-X-SCK,mAb-X,run-1,mAb-X-A1,A1-2489,2489.0,s,37.90325368355669,-0.058743395609190605,4.98450127037851,0.29675310536128724,RU,40.5,nM,dissociation,780.0,900.0
mAb-X-SCK,mAb-X,run-1,mAb-X-A1,A1-2490,2490.0,s,38.39938732796322,-0.07807749712792679,5.006995707416221,-8.713140896341147e-05,RU,40.5,nM,dissociation,780.0,900.0
mAb-X-SCK,mAb-X,run-1,mAb-X-A1,A1-2491,2491.0,s,37.92220811663155,-0.09747985465677918,4.775267010229667,0.07792752889694253,RU,40.5,nM,dissociation,780.0,900.0
mAb-X-SCK,mAb-X,run-1,mAb-X-A1,A1-2492,2492.0,s,37.989551542537946,0.022301458492316854,4.97147922137055,-0.2882054573852474,RU,40.5,nM,dissociation,780.0,900.0
mAb-X-SCK,mAb-X,run-1,mAb-X-A1,A1-2493,2493.0,s,37.94335015021224,0.23869875471589036,4.886755665069731,0.06369581257316854,RU,40.5,nM,dissociation,780.0,900.0
mAb-X-SCK,mAb-X,run-1,mAb-X-A1,A1-2494,2494.0,s,37.91962764644277,4.392894018355904e-05,5.006343505598933,-0.018130953439534157,RU,40.5,nM,dissociation,780.0,900.0
mAb-X-SCK,mAb-X,run-1,mAb-X-A1,A1-2495,2495.0,s,37.83084369411832,0.04138279353025677,4.737088551881576,0.07870883106074407,RU,40.5,nM,dissociation,780.0,900.0
mAb-X-SCK,mAb-X,run-1,mAb-X-A1,A1-2496,2496.0,s,38.004186761857206,-0.060084940226601796,4.937177246629823,-0.06652124434758404,RU,40.5,nM,dissociation,780.0,900.0
mAb-X-SCK,mAb-X,run-1,mAb-X-A1,A1-2497,2497.0,s,37.79248175786175,-0.03471898717912031,4.863214645344823,0.003172625138992987,RU,40.5,nM,dissociation,780.0,900.0
mAb-X-SCK,mAb-X,run-1,mAb-X-A1,A1-2498,2498.0,s,37.78674614369856,-0.1915614420186168,5.189528053833301,0.10634923462519993,RU,40.5,nM,dissociation,780.0,900.0
mAb-X-SCK,mAb-X,run-1,mAb-X-A1,A1-2499,2499.0,s,37.525534571801714,0.08850543205433033,4.932570125252416,-0.1059129500014994,RU,40.5,nM,dissociation,780.0,900.0
mAb-X-SCK,mAb-X,run-1,mAb-X-A1,A1-2500,2500.0,s,37.70953409447492,-0.08578183663863968,4.858011179628681,-0.07790705829833713,RU,40.5,nM,dissociation,780.0,900.0
mAb-X-SCK,mAb-X,run-1,mAb-X-A1,A1-2501,2501.0,s,37.86250104407912,-0.20894832695923554,5.266205302362111,-0.18085506015322592,RU,40.5,nM,dissociation,780.0,900.0
mAb-X-SCK,mAb-X,run-1,mAb-X-A1,A1-2502,2502.0,s,37.763074896330764,-0.030436818309622256,5.103900471560922,0.03569502580082964,RU,40.5,nM,dissociation,780.0,900.0
mAb-X-SCK,mAb-X,run-1,mAb-X-A1,A1-2503,2503.0,s,37.73000923096166,-0.20575723449695638,5.100018179992607,-0.22511089576543217,RU,40.5,nM,dissociation,780.0,900.0
mAb-X-SCK,mAb-X,run-1,mAb-X-A1,A1-2504,2504.0,s,37.81731988685143,-0.13770928541474795,4.9371876209969505,-0.03689589308660403,RU,40.5,nM,dissociation,780.0,900.0
mAb-X-SCK,mAb-X,run-1,mAb-X-A1,A1-2505,2505.0,s,37.8894087944695,0.05502865059035033,4.943888584481059,0.19368096736202572,RU,40.5,nM,dissociation,780.0,900.0
mAb-X-SCK,mAb-X,run-1,mAb-X-A1,A1-2506,2506.0,s,37.52686807817781,-0.044061643527337074,4.861003816543154,-0.04115781494740319,RU,40.5,nM,dissociation,780.0,900.0
mAb-X-SCK,mAb-X,run-1,mAb-X-A1,A1-2507,2507.0,s,37.7192185335103,0.023112297364701002,4.999011182911592,0.03188671432792154,RU,40.5,nM,dissociation,780.0,900.0
mAb-X-SCK,mAb-X,run-1,mAb-X-A1,A1-2508,2508.0,s,37.55242650012043,-0.1143004831033651,4.9840285642832045,-0.07809992312737007,RU,40.5,nM,dissociation,780.0,900.0
mAb-X-SCK,mAb-X,run-1,mAb-X-A1,A1-2509,2509.0,s,37.67604877802315,-0.021205396417313376,5.158064825048316,0.276242645619586,RU,40.5,nM,dissociation,780.0,900.0
mAb-X-SCK,mAb-X,run-1,mAb-X-A1,A1-2510,2510.0,s,37.950845963601374,-0.0714173348689026,4.8813018785606035,-0.07651290604990194,RU,40.5,nM,dissociation,780.0,900.0
mAb-X-SCK,mAb-X,run-1,mAb-X-A1,A1-2511,2511.0,s,37.97132405489354,0.18040103934844243,5.087591452756895,0.034703991841030894,RU,40.5,nM,dissociation,780.0,900.0
mAb-X-SCK,mAb-X,run-1,mAb-X-A1,A1-2512,2512.0,s,37.47350210634733,0.012112613238900755,5.026326472802996,-0.12291481614856772,RU,40.5,nM,dissociation,780.0,900.0
mAb-X-SCK,mAb-X,run-1,mAb-X-A1,A1-2513,2513.0,s,37.94665362668389,0.21891894732513237,4.996363510881485,0.012359012950240738,RU,40.5,nM,dissociation,780.0,900.0
mAb-X-SCK,mAb-X,run-1,mAb-X-A1,A1-2514,2514.0,s,37.740570267469465,0.1502115788418393,5.011922378493787,-0.2615046434431298,RU,40.5,nM,dissociation,780.0,900.0
mAb-X-SCK,mAb-X,run-1,mAb-X-A1,A1-2515,2515.0,s,37.66958422017268,0.31792154317283794,5.0680456072162325,0.19225598452575923,RU,40.5,nM,dissociation,780.0,900.0
mAb-X-SCK,mAb-X,run-1,mAb-X-A1,A1-2516,2516.0,s,37.92021391293174,0.0945110359178951,4.975841216692034,0.22732976814418993,RU,40.5,nM,dissociation,780.0,900.0
mAb-X-SCK,mAb-X,run-1,mAb-X-A1,A1-2517,2517.0,s,37.37516337270943,0.16243998250455108,5.093485979371289,0.059397025821349356,RU,40.5,nM,dissociation,780.0,900.0
mAb-X-SCK,mAb-X,run-1,mAb-X-A1,A1-2518,2518.0,s,37.88546004777027,0.08177765648984378,4.958162801990891,-0.16970208797333303,RU,40.5,nM,dissociation,780.0,900.0
mAb-X-SCK,mAb-X,run-1,mAb-X-A1,A1-2519,2519.0,s,37.62890649049939,-0.0780969372335668,4.812750573702903,0.04320102129991384,RU,40.5,nM,dissociation,780.0,900.0
mAb-X-SCK,mAb-X,run-1,mAb-X-A1,A1-2520,2520.0,s,37.41780752934321,-0.0382992150323679,5.086548255188849,-0.1414386243339362,RU,40.5,nM,dissociation,780.0,900.0
mAb-X-SCK,mAb-X,run-1,mAb-X-A1,A1-2521,2521.0,s,37.32771453586597,-0.10893615675524351,5.0984068373226075,0.02811216404810828,RU,40.5,nM,dissociation,780.0,900.0
mAb-X-SCK,mAb-X,run-1,mAb-X-A1,A1-2522,2522.0,s,37.694353664000545,0.06411337242105125,4.960416789024249,-0.05536020574440314,RU,40.5,nM,dissociation,780.0,900.0
mAb-X-SCK,mAb-X,run-1,mAb-X-A1,A1-2523,2523.0,s,37.574790365475714,-0.04521754414230833,5.212118615783066,-0.0005662365046946755,RU,40.5,nM,dissociation,780.0,900.0
mAb-X-SCK,mAb-X,run-1,mAb-X-A1,A1-2524,2524.0,s,37.77628645247732,-0.069195446820244,5.148499140775393,0.09007253150918233,RU,40.5,nM,dissociation,780.0,900.0
mAb-X-SCK,mAb-X,run-1,mAb-X-A1,A1-2525,2525.0,s,37.41441281021254,0.20675519792980213,4.923672186624452,-0.0777610245025771,RU,40.5,nM,dissociation,780.0,900.0
mAb-X-SCK,mAb-X,run-1,mAb-X-A1,A1-2526,2526.0,s,37.53132349260787,0.03585402515375004,5.2480741049614075,0.05450726304681546,RU,40.5,nM,dissociation,780.0,900.0
mAb-X-SCK,mAb-X,run-1,mAb-X-A1,A1-2527,2527.0,s,37.49169745288321,-0.25989998547768545,5.135749157428073,-0.13911430436223327,RU,40.5,nM,dissociation,780.0,900.0
mAb-X-SCK,mAb-X,run-1,mAb-X-A1,A1-2528,2528.0,s,37.30253709996173,-0.06459164067598755,5.101065687445466,0.0679966054864719,RU,40.5,nM,dissociation,780.0,900.0
mAb-X-SCK,mAb-X,run-1,mAb-X-A1,A1-2529,2529.0,s,37.47532123063724,0.11135241908020321,5.314596253376832,0.17063756955655887,RU,40.5,nM,dissociation,780.0,900.0
mAb-X-SCK,mAb-X,run-1,mAb-X-A1,A1-2530,2530.0,s,37.32453107369029,-0.009623753800375976,5.1000982358197495,0.1225490202299347,RU,40.5,nM,dissociation,780.0,900.0
mAb-X-SCK,mAb-X,run-1,mAb-X-A1,A1-2531,2531.0,s,37.63046787780089,0.1922972771565755,5.083129761849301,0.1692951265908119,RU,40.5,nM,dissociation,780.0,900.0
mAb-X-SCK,mAb-X,run-1,mAb-X-A1,A1-2532,2532.0,s,37.3157063543083,-0.11798197024092982,5.216319648330928,-0.03273298048051686,RU,40.5,nM,dissociation,780.0,900.0
mAb-X-SCK,mAb-X,run-1,mAb-X-A1,A1-2533,2533.0,s,37.49543504754783,-0.05571326500025799,4.867875132182509,-0.021477266987918277,RU,40.5,nM,dissociation,780.0,900.0
mAb-X-SCK,mAb-X,run-1,mAb-X-A1,A1-2534,2534.0,s,37.451547382041035,0.0019966458693095527,5.10865654382184,0.008747944113573191,RU,40.5,nM,dissociation,780.0,900.0
mAb-X-SCK,mAb-X,run-1,mAb-X-A1,A1-2535,2535.0,s,37.4295937851089,0.20338470615415363,5.090403810439492,0.029673346264439893,RU,40.5,nM,dissociation,780.0,900.0
mAb-X-SCK,mAb-X,run-1,mAb-X-A1,A1-2536,2536.0,s,37.106402573587495,0.1672835281775446,5.140778977141525,0.09065128515601814,RU,40.5,nM,dissociation,780.0,900.0
mAb-X-SCK,mAb-X,run-1,mAb-X-A1,A1-2537,2537.0,s,37.40829036691029,-0.06560565040910896,4.9036465231272315,-0.13473255703639572,RU,40.5,nM,dissociation,780.0,900.0
mAb-X-SCK,mAb-X,run-1,mAb-X-A1,A1-2538,2538.0,s,37.08998136933731,0.14887188332367765,4.966566613445108,-0.2166494904718613,RU,40.5,nM,dissociation,780.0,900.0
mAb-X-SCK,mAb-X,run-1,mAb-X-A1,A1-2539,2539.0,s,37.18236693478813,0.4756976364628476,5.07941390202697,0.05549654492220194,RU,40.5,nM,dissociation,780.0,900.0
mAb-X-SCK,mAb-X,run-1,mAb-X-A1,A1-2540,2540.0,s,37.14857683950843,0.01391026211733576,4.88300533000208,0.1752659294078632,RU,40.5,nM,dissociation,780.0,900.0
mAb-X-SCK,mAb-X,run-1,mAb-X-A1,A1-2541,2541.0,s,37.1889455807638,0.02865384489741462,5.04312596372179,-0.25679525574755463,RU,40.5,nM,dissociation,780.0,900.0
mAb-X-SCK,mAb-X,run-1,mAb-X-A1,A1-2542,2542.0,s,37.28244932094743,-0.010946162481368895,4.9950642350741,0.07139824761110483,RU,40.5,nM,dissociation,780.0,900.0
mAb-X-SCK,mAb-X,run-1,mAb-X-A1,A1-2543,2543.0,s,36.874026254643894,0.038940269688172706,5.370219128978694,-0.0712158565927242,RU,40.5,nM,dissociation,780.0,900.0
mAb-X-SCK,mAb-X,run-1,mAb-X-A1,A1-2544,2544.0,s,37.04356687139292,0.07222652302134773,5.0952573643465255,0.02977491191124195,RU,40.5,nM,dissociation,780.0,900.0
mAb-X-SCK,mAb-X,run-1,mAb-X-A1,A1-2545,2545.0,s,37.19840462527942,-0.09155215005503575,5.121605763910433,0.05626398201266618,RU,40.5,nM,dissociation,780.0,900.0
mAb-X-SCK,mAb-X,run-1,mAb-X-A1,A1-2546,2546.0,s,37.29293265242751,0.02697598081459617,5.333350584267668,0.0890817264565901,RU,40.5,nM,dissociation,780.0,900.0
mAb-X-SCK,mAb-X,run-1,mAb-X-A1,A1-2547,2547.0,s,37.43101340970683,-0.058820558020828875,4.813971515743648,-0.09280106161993115,RU,40.5,nM,dissociation,780.0,900.0
mAb-X-SCK,mAb-X,run-1,mAb-X-A1,A1-2548,2548.0,s,37.20197803812248,-0.004197557106546424,4.895289040598288,0.09115701920828523,RU,40.5,nM,dissociation,780.0,900.0
mAb-X-SCK,mAb-X,run-1,mAb-X-A1,A1-2549,2549.0,s,37.00736710152213,0.08437854469324257,5.148282509221655,0.042943045005410276,RU,40.5,nM,dissociation,780.0,900.0
mAb-X-SCK,mAb-X,run-1,mAb-X-A1,A1-2550,2550.0,s,37.08012350514406,0.1304621564418381,5.01907507499088,0.12291142434261995,RU,40.5,nM,dissociation,780.0,900.0
mAb-X-SCK,mAb-X,run-1,mAb-X-A1,A1-2551,2551.0,s,37.170462752477874,-0.19514539245796358,5.112297425034299,-0.02069632199989248,RU,40.5,nM,dissociation,780.0,900.0
mAb-X-SCK,mAb-X,run-1,mAb-X-A1,A1-2552,2552.0,s,37.24421753829816,-0.0781229931211731,5.138448108753068,-0.11752972223125249,RU,40.5,nM,dissociation,780.0,900.0
mAb-X-SCK,mAb-X,run-1,mAb-X-A1,A1-2553,2553.0,s,36.99015490683153,0.1242419888079373,4.852965665462561,-0.07442917695478482,RU,40.5,nM,dissociation,780.0,900.0
mAb-X-SCK,mAb-X,run-1,mAb-X-A1,A1-2554,2554.0,s,37.17204404699402,-0.06396303507721476,4.988653817278421,0.22993262722206798,RU,40.5,nM,dissociation,780.0,900.0
mAb-X-SCK,mAb-X,run-1,mAb-X-A1,A1-2555,2555.0,s,37.19785497443015,-0.09758729556897915,5.12167548300716,-0.22056585745543175,RU,40.5,nM,dissociation,780.0,900.0
mAb-X-SCK,mAb-X,run-1,mAb-X-A1,A1-2556,2556.0,s,37.2139816992407,0.11167697593327501,5.089355033993911,-0.14607048246666332,RU,40.5,nM,dissociation,780.0,900.0
mAb-X-SCK,mAb-X,run-1,mAb-X-A1,A1-2557,2557.0,s,37.26461236313843,-0.0018607852951178505,5.273276586133752,-0.2578954184268903,RU,40.5,nM,dissociation,780.0,900.0
mAb-X-SCK,mAb-X,run-1,mAb-X-A1,A1-2558,2558.0,s,37.070179781722764,-0.02548826830703017,5.214291403612432,0.07952669575611841,RU,40.5,nM,dissociation,780.0,900.0
mAb-X-SCK,mAb-X,run-1,mAb-X-A1,A1-2559,2559.0,s,37.02167561579174,0.23056604677467238,5.308047004751109,0.2361158858211316,RU,40.5,nM,dissociation,780.0,900.0
mAb-X-SCK,mAb-X,run-1,mAb-X-A1,A1-2560,2560.0,s,37.06513483100979,-0.050181902495397564,5.22926411279981,-0.04933293738549039,RU,40.5,nM,dissociation,780.0,900.0
mAb-X-SCK,mAb-X,run-1,mAb-X-A1,A1-2561,2561.0,s,36.962391888762646,0.3739767956989672,5.120507291070313,-0.05199702905706117,RU,40.5,nM,dissociation,780.0,900.0
mAb-X-SCK,mAb-X,run-1,mAb-X-A1,A1-2562,2562.0,s,37.06840555046484,0.07299699135384284,5.209968601961003,-0.10409505487791441,RU,40.5,nM,dissociation,780.0,900.0
mAb-X-SCK,mAb-X,run-1,mAb-X-A1,A1-2563,2563.0,s,37.06770714991784,-0.18871773464412392,4.985782045647769,-0.003656364055028347,RU,40.5,nM,dissociation,780.0,900.0
mAb-X-SCK,mAb-X,run-1,mAb-X-A1,A1-2564,2564.0,s,36.732755331876376,0.11618547299320323,5.261758268186107,0.08681459428084266,RU,40.5,nM,dissociation,780.0,900.0
mAb-X-SCK,mAb-X,run-1,mAb-X-A1,A1-2565,2565.0,s,36.63294591851312,0.16525292655267151,5.069315450878005,-0.2670502479644191,RU,40.5,nM,dissociation,780.0,900.0
mAb-X-SCK,mAb-X,run-1,mAb-X-A1,A1-2566,2566.0,s,36.67297957223905,0.1563595223534964,4.973077994569496,0.07553545578335996,RU,40.5,nM,dissociation,780.0,900.0
mAb-X-SCK,mAb-X,run-1,mAb-X-A1,A1-2567,2567.0,s,36.56587842507008,-0.14342677939444837,5.150745841088829,-0.04887431222937571,RU,40.5,nM,dissociation,780.0,900.0
mAb-X-SCK,mAb-X,run-1,mAb-X-A1,A1-2568,2568.0,s,36.790654904472206,-0.05616494010820664,5.169758143268852,-0.1097574536866296,RU,40.5,nM,dissociation,780.0,900.0
mAb-X-SCK,mAb-X,run-1,mAb-X-A1,A1-2569,2569.0,s,36.81526621607108,-0.011722575111962794,4.935511468148445,-0.12957288170225018,RU,40.5,nM,dissociation,780.0,900.0
mAb-X-SCK,mAb-X,run-1,mAb-X-A1,A1-2570,2570.0,s,36.95926438592627,-0.1562636529060763,5.242821284416245,-0.03533448085161266,RU,40.5,nM,dissociation,780.0,900.0
mAb-X-SCK,mAb-X,run-1,mAb-X-A1,A1-2571,2571.0,s,36.715860958764665,0.17075910521863263,5.166981137303085,-0.04598612165474364,RU,40.5,nM,dissociation,780.0,900.0
mAb-X-SCK,mAb-X,run-1,mAb-X-A1,A1-2572,2572.0,s,36.7560214825626,0.12736012704733832,5.19328385019768,-0.08633837138150297,RU,40.5,nM,dissociation,780.0,900.0
mAb-X-SCK,mAb-X,run-1,mAb-X-A1,A1-2573,2573.0,s,36.70969648809676,0.2545314821741815,5.452719800751003,0.11450761432232412,RU,40.5,nM,dissociation,780.0,900.0
mAb-X-SCK,mAb-X,run-1,mAb-X-A1,A1-2574,2574.0,s,36.73006350823353,-0.10542788283051908,5.03557454611559,-0.02963759202317807,RU,40.5,nM,dissociation,780.0,900.0
mAb-X-SCK,mAb-X,run-1,mAb-X-A1,A1-2575,2575.0,s,36.830193623174786,0.017241221568648914,5.189946252188084,0.14063910370600624,RU,40.5,nM,dissociation,780.0,900.0
mAb-X-SCK,mAb-X,run-1,mAb-X-A1,A1-2576,2576.0,s,36.83852025216591,0.1429875790967947,5.338084766492266,0.14563192492145335,RU,40.5,nM,dissociation,780.0,900.0
mAb-X-SCK,mAb-X,run-1,mAb-X-A1,A1-2577,2577.0,s,36.603945813069686,0.19208417781717138,5.025235958041589,-0.096603624788126,RU,40.5,nM,dissociation,780.0,900.0
mAb-X-SCK,mAb-X,run-1,mAb-X-A1,A1-2578,2578.0,s,36.780678770099016,-0.07526561088995222,5.205126928729767,0.06017722006103239,RU,40.5,nM,dissociation,780.0,900.0
mAb-X-SCK,mAb-X,run-1,mAb-X-A1,A1-2579,2579.0,s,36.55252993726691,0.2196747918099409,5.220740527547965,-0.12720881064371534,RU,40.5,nM,dissociation,780.0,900.0
mAb-X-SCK,mAb-X,run-1,mAb-X-A1,A1-2580,2580.0,s,36.69783168150363,0.02171884430747837,5.198064718590127,0.112395014654026,RU,40.5,nM,dissociation,780.0,900.0
mAb-X-SCK,mAb-X,run-1,mAb-X-A1,A1-2581,2581.0,s,36.647559782699346,-0.1929562739289898,5.114046130361738,-0.0014506876686203032,RU,40.5,nM,dissociation,780.0,900.0
mAb-X-SCK,mAb-X,run-1,mAb-X-A1,A1-2582,2582.0,s,36.55128468777249,-0.13853953132180316,5.418126879577752,0.15803385394405503,RU,40.5,nM,dissociation,780.0,900.0
mAb-X-SCK,mAb-X,run-1,mAb-X-A1,A1-2583,2583.0,s,36.69247876228068,0.10541999070570081,5.092372737884241,-0.18846297185725555,RU,40.5,nM,dissociation,780.0,900.0
mAb-X-SCK,mAb-X,run-1,mAb-X-A1,A1-2584,2584.0,s,36.74986270106064,-0.12784676066303766,5.2505682473745665,-0.019732675805600137,RU,40.5,nM,dissociation,780.0,900.0
mAb-X-SCK,mAb-X,run-1,mAb-X-A1,A1-2585,2585.0,s,36.40386473516723,0.05494136139164083,5.287554478645912,-0.012365822962992911,RU,40.5,nM,dissociation,780.0,900.0
mAb-X-SCK,mAb-X,run-1,mAb-X-A1,A1-2586,2586.0,s,36.78715631598097,-0.11011561762086468,5.0716110295991434,0.04769901224629106,RU,40.5,nM,dissociation,780.0,900.0
mAb-X-SCK,mAb-X,run-1,mAb-X-A1,A1-2587,2587.0,s,36.325603071661334,-0.1691650083096488,5.303057927866633,-0.07570193988052956,RU,40.5,nM,dissociation,780.0,900.0
mAb-X-SCK,mAb-X,run-1,mAb-X-A1,A1-2588,2588.0,s,36.72255879325327,-0.10056895313021527,5.036473861278521,0.24265890849803837,RU,40.5,nM,dissociation,780.0,900.0
mAb-X-SCK,mAb-X,run-1,mAb-X-A1,A1-2589,2589.0,s,36.67019560082626,0.17032913954677958,5.086773038033717,-0.18281472494073017,RU,40.5,nM,dissociation,780.0,900.0
mAb-X-SCK,mAb-X,run-1,mAb-X-A1,A1-2590,2590.0,s,36.790023687424565,0.042159207157175416,5.177081127171114,0.14573854476169534,RU,40.5,nM,dissociation,780.0,900.0
mAb-X-SCK,mAb-X,run-1,mAb-X-A1,A1-2591,2591.0,s,36.56381734076213,-0.17266920738038546,5.182077838016169,0.0033852691973504,RU,40.5,nM,dissociation,780.0,900.0
mAb-X-SCK,mAb-X,run-1,mAb-X-A1,A1-2592,2592.0,s,36.54268277903474,0.032889405276008754,5.508586292629071,0.016729454393915905,RU,40.5,nM,dissociation,780.0,900.0
mAb-X-SCK,mAb-X,run-1,mAb-X-A1,A1-2593,2593.0,s,36.453907335593726,0.24496682732372468,5.396876357092235,0.05723029991968269,RU,40.5,nM,dissociation,780.0,900.0
mAb-X-SCK,mAb-X,run-1,mAb-X-A1,A1-2594,2594.0,s,36.59334084746985,0.12373085417144239,5.225448876598833,-0.1662919356843461,RU,40.5,nM,dissociation,780.0,900.0
mAb-X-SCK,mAb-X,run-1,mAb-X-A1,A1-2595,2595.0,s,36.69329412754988,-0.014311427373244378,5.275937469922448,-0.04918563593799441,RU,40.5,nM,dissociation,780.0,900.0
mAb-X-SCK,mAb-X,run-1,mAb-X-A1,A1-2596,2596.0,s,36.503978167121595,-0.39426664817210016,4.982834896555585,0.10944108674595178,RU,40.5,nM,dissociation,780.0,900.0
mAb-X-SCK,mAb-X,run-1,mAb-X-A1,A1-2597,2597.0,s,36.53357438208375,-0.002363448617687779,5.327341866820074,-0.06620174147960979,RU,40.5,nM,dissociation,780.0,900.0
mAb-X-SCK,mAb-X,run-1,mAb-X-A1,A1-2598,2598.0,s,36.43145139951996,0.020142880274904254,5.2444073974292635,0.24820356267740867,RU,40.5,nM,dissociation,780.0,900.0
mAb-X-SCK,mAb-X,run-1,mAb-X-A1,A1-2599,2599.0,s,36.772665757322684,0.051499712431711885,5.25698050822109,-0.23161274636843862,RU,40.5,nM,dissociation,780.0,900.0
mAb-X-SCK,mAb-X,run-1,mAb-X-A1,A1-2600,2600.0,s,36.660664054045235,0.27126384456871466,5.094091402370926,-0.020472747073126903,RU,40.5,nM,dissociation,780.0,900.0
mAb-X-SCK,mAb-X,run-1,mAb-X-A1,A1-2601,2601.0,s,36.33008981547651,0.16021031481017053,5.1913498469080315,-0.10157788608552798,RU,40.5,nM,dissociation,780.0,900.0
mAb-X-SCK,mAb-X,run-1,mAb-X-A1,A1-2602,2602.0,s,36.5078003675466,0.01820902859894456,5.024198023611979,0.12955366595302567,RU,40.5,nM,dissociation,780.0,900.0
mAb-X-SCK,mAb-X,run-1,mAb-X-A1,A1-2603,2603.0,s,36.32246360157041,-0.1027507625421127,5.036892436917058,0.08681065831063585,RU,40.5,nM,dissociation,780.0,900.0
mAb-X-SCK,mAb-X,run-1,mAb-X-A1,A1-2604,2604.0,s,36.36717119772764,0.03265210848452618,5.215599029966016,0.1136343757478711,RU,40.5,nM,dissociation,780.0,900.0
mAb-X-SCK,mAb-X,run-1,mAb-X-A1,A1-2605,2605.0,s,36.149183097967935,0.2745373143220053,5.0312123940004305,-0.3898191739988947,RU,40.5,nM,dissociation,780.0,900.0
mAb-X-SCK,mAb-X,run-1,mAb-X-A1,A1-2606,2606.0,s,36.35688825615446,-0.2183042630703642,5.317557659702562,0.0007359560265028933,RU,40.5,nM,dissociation,780.0,900.0
mAb-X-SCK,mAb-X,run-1,mAb-X-A1,A1-2607,2607.0,s,36.3673828382791,0.09784901494368903,5.2429833941773465,0.012298020620012118,RU,40.5,nM,dissociation,780.0,900.0
mAb-X-SCK,mAb-X,run-1,mAb-X-A1,A1-2608,2608.0,s,36.33445648499979,0.084071389522227,5.269465800757478,0.05055923212669212,RU,40.5,nM,dissociation,780.0,900.0
mAb-X-SCK,mAb-X,run-1,mAb-X-A1,A1-2609,2609.0,s,36.18730045854621,-0.05687620646784773,5.175037837248827,-0.09231329533531778,RU,40.5,nM,dissociation,780.0,900.0
mAb-X-SCK,mAb-X,run-1,mAb-X-A1,A1-2610,2610.0,s,36.75718807868282,0.1887719328412536,5.125292732063248,-0.17790890732085096,RU,40.5,nM,dissociation,780.0,900.0
mAb-X-SCK,mAb-X,run-1,mAb-X-A1,A1-2611,2611.0,s,36.30541388583045,0.0958520195706255,5.45550765860268,-0.17510844211955592,RU,40.5,nM,dissociation,780.0,900.0
mAb-X-SCK,mAb-X,run-1,mAb-X-A1,A1-2612,2612.0,s,36.34474917542331,-0.250247063241642,5.477243282231879,-0.32571716779641063,RU,40.5,nM,dissociation,780.0,900.0
mAb-X-SCK,mAb-X,run-1,mAb-X-A1,A1-2613,2613.0,s,36.17161200361574,0.1819223401383904,5.285443827611324,0.11471148057125212,RU,40.5,nM,dissociation,780.0,900.0
mAb-X-SCK,mAb-X,run-1,mAb-X-A1,A1-2614,2614.0,s,36.14397245847614,-0.014849988922465116,5.073305217536872,0.005327006914939235,RU,40.5,nM,dissociation,780.0,900.0
mAb-X-SCK,mAb-X,run-1,mAb-X-A1,A1-2615,2615.0,s,36.290911649617,-0.04106115611733463,5.4466652401464914,0.0732701466263633,RU,40.5,nM,dissociation,780.0,900.0
mAb-X-SCK,mAb-X,run-1,mAb-X-A1,A1-2616,2616.0,s,36.32173934142746,-0.05177918831091855,4.984163294252984,0.2141484152402586,RU,40.5,nM,dissociation,780.0,900.0
mAb-X-SCK,mAb-X,run-1,mAb-X-A1,A1-2617,2617.0,s,36.26065144212731,0.16973400668515154,5.406027828909373,-0.015605761809844772,RU,40.5,nM,dissociation,780.0,900.0
mAb-X-SCK,mAb-X,run-1,mAb-X-A1,A1-2618,2618.0,s,36.26848005918712,-0.04025172386282216,5.326652006784114,-0.22771253933358304,RU,40.5,nM,dissociation,780.0,900.0
mAb-X-SCK,mAb-X,run-1,mAb-X-A1,A1-2619,2619.0,s,36.48103238189178,-0.08240955880723054,5.114174407130208,-0.038996908146314437,RU,40.5,nM,dissociation,780.0,900.0
mAb-X-SCK,mAb-X,run-1,mAb-X-A1,A1-2620,2620.0,s,36.093094593187004,-0.042281640010791884,5.025535445106244,-0.09417570896354127,RU,40.5,nM,dissociation,780.0,900.0
mAb-X-SCK,mAb-X,run-1,mAb-X-A1,A1-2621,2621.0,s,35.835249898739704,0.10094428177319915,5.172474886038855,0.047820409708270714,RU,40.5,nM,dissociation,780.0,900.0
mAb-X-SCK,mAb-X,run-1,mAb-X-A1,A1-2622,2622.0,s,35.96294112588852,0.02767016878758204,5.412736990916556,-0.0468669320206152,RU,40.5,nM,dissociation,780.0,900.0
mAb-X-SCK,mAb-X,run-1,mAb-X-A1,A1-2623,2623.0,s,36.25063325813212,-0.05465240753404472,5.633409902722349,-0.05739066301247675,RU,40.5,nM,dissociation,780.0,900.0
mAb-X-SCK,mAb-X,run-1,mAb-X-A1,A1-2624,2624.0,s,35.779094058843114,0.08416694179714355,5.275551273996626,0.04907197365034967,RU,40.5,nM,dissociation,780.0,900.0
mAb-X-SCK,mAb-X,run-1,mAb-X-A1,A1-2625,2625.0,s,36.24082972059055,0.10855058532332783,5.380068343047725,-0.0059963401696020045,RU,40.5,nM,dissociation,780.0,900.0
mAb-X-SCK,mAb-X,run-1,mAb-X-A1,A1-2626,2626.0,s,35.83988128331461,-0.038495345544081565,5.282930252150081,0.05487978132423902,RU,40.5,nM,dissociation,780.0,900.0
mAb-X-SCK,mAb-X,run-1,mAb-X-A1,A1-2627,2627.0,s,35.92206508789465,0.04705505662761553,5.318559383198678,0.16504613062527138,RU,40.5,nM,dissociation,780.0,900.0
mAb-X-SCK,mAb-X,run-1,mAb-X-A1,A1-2628,2628.0,s,36.18330729282803,-0.4735230392031131,5.260783698549868,0.0265875963652759,RU,40.5,nM,dissociation,780.0,900.0
mAb-X-SCK,mAb-X,run-1,mAb-X-A1,A1-2629,2629.0,s,36.16250167389885,-0.06859870944604472,4.916980264701288,-0.00897671563787892,RU,40.5,nM,dissociation,780.0,900.0
mAb-X-SCK,mAb-X,run-1,mAb-X-A1,A1-2630,2630.0,s,35.86063148652088,-0.2342057974135046,5.067386802197411,-0.007039243029107575,RU,40.5,nM,dissociation,780.0,900.0
mAb-X-SCK,mAb-X,run-1,mAb-X-A1,A1-2631,2631.0,s,35.88911928980645,-0.01263476531268848,5.0863213622271335,-0.2062076876464818,RU,40.5,nM,dissociation,780.0,900.0
mAb-X-SCK,mAb-X,run-1,mAb-X-A1,A1-2632,2632.0,s,36.15771133092322,0.10560382074184263,5.347627779820802,-0.19290338480620056,RU,40.5,nM,dissociation,780.0,900.0
mAb-X-SCK,mAb-X,run-1,mAb-X-A1,A1-2633,2633.0,s,35.93607774654925,-0.26053226169027727,5.084797440032215,0.048765136315134024,RU,40.5,nM,dissociation,780.0,900.0
mAb-X-SCK,mAb-X,run-1,mAb-X-A1,A1-2634,2634.0,s,35.790418327217374,-0.14187894836568143,5.168283145066628,-0.11415466400899252,RU,40.5,nM,dissociation,780.0,900.0
mAb-X-SCK,mAb-X,run-1,mAb-X-A1,A1-2635,2635.0,s,36.128354314374086,0.054893342787486116,5.598323130171848,-0.08016997989834994,RU,40.5,nM,dissociation,780.0,900.0
mAb-X-SCK,mAb-X,run-1,mAb-X-A1,A1-2636,2636.0,s,35.98243373632523,-0.041546867702816286,5.3812328023566565,-0.037092150171391294,RU,40.5,nM,dissociation,780.0,900.0
mAb-X-SCK,mAb-X,run-1,mAb-X-A1,A1-2637,2637.0,s,36.0967131911719,0.29852503041870226,5.250603355676251,-0.014847461526377916,RU,40.5,nM,dissociation,780.0,900.0
mAb-X-SCK,mAb-X,run-1,mAb-X-A1,A1-2638,2638.0,s,35.99887706355907,0.11965996188651588,5.411813495975298,-0.04818661931796324,RU,40.5,nM,dissociation,780.0,900.0
mAb-X-SCK,mAb-X,run-1,mAb-X-A1,A1-2639,2639.0,s,35.81485729446227,0.09017348240449753,5.352408477087968,0.014383258302061124,RU,40.5,nM,dissociation,780.0,900.0
mAb-X-SCK,mAb-X,run-1,mAb-X-A1,A1-2640,2640.0,s,35.79741993903945,-0.007966402747346286,5.365197890093304,-0.14710852697719728,RU,40.5,nM,dissociation,780.0,900.0
mAb-X-SCK,mAb-X,run-1,mAb-X-A1,A1-2641,2641.0,s,35.78745009808807,0.14497953628967697,5.378851257520362,0.0056543529703771385,RU,40.5,nM,dissociation,780.0,900.0
mAb-X-SCK,mAb-X,run-1,mAb-X-A1,A1-2642,2642.0,s,36.16843369997268,0.23024524701672128,5.470551562886388,0.027076402194732653,RU,40.5,nM,dissociation,780.0,900.0
mAb-X-SCK,mAb-X,run-1,mAb-X-A1,A1-2643,2643.0,s,35.8122689200876,0.175289446265288,5.274568647699956,0.31264097465373797,RU,40.5,nM,dissociation,780.0,900.0
mAb-X-SCK,mAb-X,run-1,mAb-X-A1,A1-2644,2644.0,s,36.03801103522728,-0.2168226138450983,5.085362648893645,-0.050572622135258836,RU,40.5,nM,dissociation,780.0,900.0
mAb-X-SCK,mAb-X,run-1,mAb-X-A1,A1-2645,2645.0,s,35.60437511170816,-0.16080825942707339,5.2501253248776525,0.01785651256505694,RU,40.5,nM,dissociation,780.0,900.0
mAb-X-SCK,mAb-X,run-1,mAb-X-A1,A1-2646,2646.0,s,35.947350350536844,-0.002942962557995275,5.1984508319253955,0.3001598420761325,RU,40.5,nM,dissociation,780.0,900.0
mAb-X-SCK,mAb-X,run-1,mAb-X-A1,A1-2647,2647.0,s,35.90941837512435,0.014436487199876034,5.362543696416297,0.015534824009127708,RU,40.5,nM,dissociation,780.0,900.0
mAb-X-SCK,mAb-X,run-1,mAb-X-A1,A1-2648,2648.0,s,35.78300719112617,-0.19464865967030806,5.439076608974665,-0.13336920616840303,RU,40.5,nM,dissociation,780.0,900.0
mAb-X-SCK,mAb-X,run-1,mAb-X-A1,A1-2649,2649.0,s,35.83671864968373,0.09856384107893752,5.422850533097411,-0.20681481717028224,RU,40.5,nM,dissociation,780.0,900.0
mAb-X-SCK,mAb-X,run-1,mAb-X-A1,A1-2650,2650.0,s,35.91582838559276,-0.020466497336385933,5.431051169379053,0.18672223461485937,RU,40.5,nM,dissociation,780.0,900.0
mAb-X-SCK,mAb-X,run-1,mAb-X-A1,A1-2651,2651.0,s,35.89700080878371,0.16979025904865896,5.384828357598666,0.022698759683312746,RU,40.5,nM,dissociation,780.0,900.0
mAb-X-SCK,mAb-X,run-1,mAb-X-A1,A1-2652,2652.0,s,35.71163835659592,-0.18521735742465723,5.369679272271005,0.0046413887516652845,RU,40.5,nM,dissociation,780.0,900.0
mAb-X-SCK,mAb-X,run-1,mAb-X-A1,A1-2653,2653.0,s,35.79964118256674,-0.08380104928010042,5.283858510789018,-0.037322027088715334,RU,40.5,nM,dissociation,780.0,900.0
mAb-X-SCK,mAb-X,run-1,mAb-X-A1,A1-2654,2654.0,s,35.78085205231403,0.04520639869320426,5.248490166824225,-0.003602705560401592,RU,40.5,nM,dissociation,780.0,900.0
mAb-X-SCK,mAb-X,run-1,mAb-X-A1,A1-2655,2655.0,s,35.75972968770137,0.20723663625581965,5.508536237382093,-0.0654870257005504,RU,40.5,nM,dissociation,780.0,900.0
mAb-X-SCK,mAb-X,run-1,mAb-X-A1,A1-2656,2656.0,s,35.72846315276996,0.06155655763480265,5.021540470994626,-0.3002437403542974,RU,40.5,nM,dissociation,780.0,900.0
mAb-X-SCK,mAb-X,run-1,mAb-X-A1,A1-2657,2657.0,s,35.44299677948589,-0.19323815871863606,5.416518749652959,-0.10970240024447482,RU,40.5,nM,dissociation,780.0,900.0
mAb-X-SCK,mAb-X,run-1,mAb-X-A1,A1-2658,2658.0,s,35.717238181598326,-0.1721542585025608,5.424973581699186,-0.17549970969612247,RU,40.5,nM,dissociation,780.0,900.0
mAb-X-SCK,mAb-X,run-1,mAb-X-A1,A1-2659,2659.0,s,35.69384660351071,-0.02501920441857405,5.285128862980285,0.08424577891711899,RU,40.5,nM,dissociation,780.0,900.0
mAb-X-SCK,mAb-X,run-1,mAb-X-A1,A1-2660,2660.0,s,35.68277966183571,0.08718269392363955,5.300349907952426,0.39716358555448567,RU,40.5,nM,dissociation,780.0,900.0
mAb-X-SCK,mAb-X,run-1,mAb-X-A1,A1-2661,2661.0,s,35.64353054343086,0.022153948565858724,5.381256177429296,-0.15206116218087054,RU,40.5,nM,dissociation,780.0,900.0
mAb-X-SCK,mAb-X,run-1,mAb-X-A1,A1-2662,2662.0,s,35.76092194861216,-0.0034234923209760177,5.730004608756279,-0.010794408594183036,RU,40.5,nM,dissociation,780.0,900.0
mAb-X-SCK,mAb-X,run-1,mAb-X-A1,A1-2663,2663.0,s,35.36238083950631,0.13538857262740833,5.260266165061462,0.12705093292299313,RU,40.5,nM,dissociation,780.0,900.0
mAb-X-SCK,mAb-X,run-1,mAb-X-A1,A1-2664,2664.0,s,35.75545296136567,0.16376679959653764,5.27181350264365,0.10771666881516606,RU,40.5,nM,dissociation,780.0,900.0
mAb-X-SCK,mAb-X,run-1,mAb-X-A1,A1-2665,2665.0,s,35.67010026328287,-0.0022274718998410593,5.504787609828032,0.1514500142960382,RU,40.5,nM,dissociation,780.0,900.0
mAb-X-SCK,mAb-X,run-1,mAb-X-A1,A1-2666,2666.0,s,35.39955962399514,0.06679132219467006,5.499960490972196,-0.1679997788216426,RU,40.5,nM,dissociation,780.0,900.0
mAb-X-SCK,mAb-X,run-1,mAb-X-A1,A1-2667,2667.0,s,34.92672596728182,0.0033798432299149096,5.537022804014823,-0.18420101410867773,RU,40.5,nM,dissociation,780.0,900.0
mAb-X-SCK,mAb-X,run-1,mAb-X-A1,A1-2668,2668.0,s,35.25807659092778,-0.08263338700343859,5.537756748131735,-0.004405519710538932,RU,40.5,nM,dissociation,780.0,900.0
mAb-X-SCK,mAb-X,run-1,mAb-X-A1,A1-2669,2669.0,s,35.272335664267246,-0.21093863578993458,5.337325463389089,0.2723348589030421,RU,40.5,nM,dissociation,780.0,900.0
mAb-X-SCK,mAb-X,run-1,mAb-X-A1,A1-2670,2670.0,s,35.47342806718688,0.03652166153111594,5.374398178082599,-0.16727579589518823,RU,40.5,nM,dissociation,780.0,900.0
mAb-X-SCK,mAb-X,run-1,mAb-X-A1,A1-2671,2671.0,s,35.568395857461546,-0.01851025702414158,5.471171832997399,-0.07511330270877013,RU,40.5,nM,dissociation,780.0,900.0
mAb-X-SCK,mAb-X,run-1,mAb-X-A1,A1-2672,2672.0,s,35.61698026694106,-0.1336163149247353,5.429201105935802,0.2852388389204266,RU,40.5,nM,dissociation,780.0,900.0
mAb-X-SCK,mAb-X,run-1,mAb-X-A1,A1-2673,2673.0,s,35.484620232912356,0.3369961763573921,5.2160849158589615,0.1416025393824869,RU,40.5,nM,dissociation,780.0,900.0
mAb-X-SCK,mAb-X,run-1,mAb-X-A1,A1-2674,2674.0,s,35.53830508824077,0.04332634314907138,5.39256821990823,0.2354051283559188,RU,40.5,nM,dissociation,780.0,900.0
mAb-X-SCK,mAb-X,run-1,mAb-X-A1,A1-2675,2675.0,s,35.45803410778429,-0.12480959442358538,5.276960186793304,-0.25676504802598143,RU,40.5,nM,dissociation,780.0,900.0
mAb-X-SCK,mAb-X,run-1,mAb-X-A1,A1-2676,2676.0,s,35.43202771578535,-0.12763808928219764,5.198654926428401,0.17687339814961572,RU,40.5,nM,dissociation,780.0,900.0
mAb-X-SCK,mAb-X,run-1,mAb-X-A1,A1-2677,2677.0,s,35.51897495093839,-0.17954756753598833,5.492370589492051,0.104719170849179,RU,40.5,nM,dissociation,780.0,900.0
mAb-X-SCK,mAb-X,run-1,mAb-X-A1,A1-2678,2678.0,s,35.33355111699904,0.1537541987614566,4.9935550351153895,0.07590180900021595,RU,40.5,nM,dissociation,780.0,900.0
mAb-X-SCK,mAb-X,run-1,mAb-X-A1,A1-2679,2679.0,s,35.336739057348616,0.029771111647291116,5.172703466280963,0.30881670758572866,RU,40.5,nM,dissociation,780.0,900.0
mAb-X-SCK,mAb-X,run-1,mAb-X-A1,A1-2680,2680.0,s,35.42876330947807,0.051720249026519144,5.361893637886851,-0.003520549207781022,RU,40.5,nM,dissociation,780.0,900.0
mAb-X-SCK,mAb-X,run-1,mAb-X-A1,A1-2681,2681.0,s,35.51175676006945,0.052288264940682914,5.3600180297025934,-0.024345673749110723,RU,40.5,nM,dissociation,780.0,900.0
mAb-X-SCK,mAb-X,run-1,mAb-X-A1,A1-2682,2682.0,s,35.34040821537274,-0.15258611024000376,5.249710872505382,-0.04880935150352127,RU,40.5,nM,dissociation,780.0,900.0
mAb-X-SCK,mAb-X,run-1,mAb-X-A1,A1-2683,2683.0,s,35.33247887261064,0.12902859921607593,5.207365688100778,0.02500325294397297,RU,40.5,nM,dissociation,780.0,900.0
mAb-X-SCK,mAb-X,run-1,mAb-X-A1,A1-2684,2684.0,s,34.9624830505827,0.022611000616980053,5.405699801617328,-0.08167795991704588,RU,40.5,nM,dissociation,780.0,900.0
mAb-X-SCK,mAb-X,run-1,mAb-X-A1,A1-2685,2685.0,s,35.53563258726352,0.02007128062556242,5.357663522619567,-0.23812379266286224,RU,40.5,nM,dissociation,780.0,900.0
mAb-X-SCK,mAb-X,run-1,mAb-X-A1,A1-2686,2686.0,s,35.11598934956973,0.12355632705072137,5.497067104829207,0.0023669053363668357,RU,40.5,nM,dissociation,780.0,900.0
mAb-X-SCK,mAb-X,run-1,mAb-X-A1,A1-2687,2687.0,s,35.15692667603547,-0.11785181802989173,5.478365802416228,-0.01624856803395784,RU,40.5,nM,dissociation,780.0,900.0
mAb-X-SCK,mAb-X,run-1,mAb-X-A1,A1-2688,2688.0,s,35.06793114813883,-0.2496208821865215,5.572914475054531,-0.0346516754044096,RU,40.5,nM,dissociation,780.0,900.0
mAb-X-SCK,mAb-X,run-1,mAb-X-A1,A1-2689,2689.0,s,35.149311802770974,0.00016629435480787532,5.538951054249404,0.06323696867029933,RU,40.5,nM,dissociation,780.0,900.0
mAb-X-SCK,mAb-X,run-1,mAb-X-A1,A1-2690,2690.0,s,35.02671319120751,0.006059893933629612,5.31589276778217,0.11444283898377641,RU,40.5,nM,dissociation,780.0,900.0
mAb-X-SCK,mAb-X,run-1,mAb-X-A1,A1-2691,2691.0,s,35.05720085563384,0.14174888586760487,5.510257090600269,-0.06576457368401133,RU,40.5,nM,dissociation,780.0,900.0
mAb-X-SCK,mAb-X,run-1,mAb-X-A1,A1-2692,2692.0,s,35.450626622412706,0.2587354961447711,5.240632419326573,-0.01991348741241056,RU,40.5,nM,dissociation,780.0,900.0
mAb-X-SCK,mAb-X,run-1,mAb-X-A1,A1-2693,2693.0,s,34.99075709893149,0.08545817512399484,5.571133519877423,-0.12461307901760699,RU,40.5,nM,dissociation,780.0,900.0
mAb-X-SCK,mAb-X,run-1,mAb-X-A1,A1-2694,2694.0,s,35.21450733918647,-0.04073353853151272,5.428253666744253,0.11913777522402644,RU,40.5,nM,dissociation,780.0,900.0
mAb-X-SCK,mAb-X,run-1,mAb-X-A1,A1-2695,2695.0,s,35.16817404898917,0.033386324270774495,5.436128752887941,-0.02321272468185546,RU,40.5,nM,dissociation,780.0,900.0
mAb-X-SCK,mAb-X,run-1,mAb-X-A1,A1-2696,2696.0,s,35.364560863335164,0.0598708481021683,5.160312744315653,-0.0178918840292804,RU,40.5,nM,dissociation,780.0,900.0
mAb-X-SCK,mAb-X,run-1,mAb-X-A1,A1-2697,2697.0,s,34.9272299935376,0.15724951808170765,5.469411729940282,-0.007132465604014225,RU,40.5,nM,dissociation,780.0,900.0
mAb-X-SCK,mAb-X,run-1,mAb-X-A1,A1-2698,2698.0,s,35.11553788945388,-0.06645116228903279,5.359184280280727,-0.026513957236861587,RU,40.5,nM,dissociation,780.0,900.0
mAb-X-SCK,mAb-X,run-1,mAb-X-A1,A1-2699,2699.0,s,35.31500444753138,-0.0720972806837456,5.166874944310867,-0.07303503554727571,RU,40.5,nM,dissociation,780.0,900.0
mAb-X-SCK,mAb-X,run-1,mAb-X-A1,A1-2700,2700.0,s,34.84364810204178,0.07122328563139638,5.457418307273416,-0.11070106011113187,RU,40.5,nM,dissociation,780.0,900.0
mAb-X-SCK,mAb-X,run-1,mAb-X-B1,B1-0,0.0,s,-0.1285440045570261,0.36066655323723934,0.02627677205942836,-0.19871382504948884,RU,0.5,nM,baseline,60.0,180.0
mAb-X-SCK,mAb-X,run-1,mAb-X-B1,B1-1,1.0,s,-0.13179203154692842,-0.00158836778996172,-0.07135644545385197,-0.033482245003767876,RU,0.5,nM,baseline,60.0,180.0
mAb-X-SCK,mAb-X,run-1,mAb-X-B1,B1-2,2.0,s,-0.11340439902482209,-0.04778904016096545,0.13667916410579253,0.36825470486826767,RU,0.5,nM,baseline,60.0,180.0
mAb-X-SCK,mAb-X,run-1,mAb-X-B1,B1-3,3.0,s,-0.06872813718484427,0.19474493775811674,0.04527882036395877,0.07516042537629376,RU,0.5,nM,baseline,60.0,180.0
mAb-X-SCK,mAb-X,run-1,mAb-X-B1,B1-4,4.0,s,0.20825969607450953,-0.23986378929688384,0.24053377515607607,0.08021951897174202,RU,0.5,nM,baseline,60.0,180.0
mAb-X-SCK,mAb-X,run-1,mAb-X-B1,B1-5,5.0,s,0.3692628526171754,0.14895854421153562,-0.12691069230847885,0.12495173037507468,RU,0.5,nM,baseline,60.0,180.0
mAb-X-SCK,mAb-X,run-1,mAb-X-B1,B1-6,6.0,s,0.2011913518330673,-0.012203358787080105,0.15316744279464484,-0.08212639877785456,RU,0.5,nM,baseline,60.0,180.0
mAb-X-SCK,mAb-X,run-1,mAb-X-B1,B1-7,7.0,s,0.16883155581380943,-0.08524261952143047,0.0009585908930651293,0.09808882296646664,RU,0.5,nM,baseline,60.0,180.0
mAb-X-SCK,mAb-X,run-1,mAb-X-B1,B1-8,8.0,s,-0.12445475189307022,-0.2866348180156322,-0.09090844171931357,-0.36060318689968784,RU,0.5,nM,baseline,60.0,180.0
mAb-X-SCK,mAb-X,run-1,mAb-X-B1,B1-9,9.0,s,-0.13860987257737872,-0.21373398258599388,-0.05138824023932473,-0.014579208977102114,RU,0.5,nM,baseline,60.0,180.0
mAb-X-SCK,mAb-X,run-1,mAb-X-B1,B1-10,10.0,s,0.03973059995015499,-0.07154891923456774,0.014126933645478039,0.2107697985740174,RU,0.5,nM,baseline,60.0,180.0
mAb-X-SCK,mAb-X,run-1,mAb-X-B1,B1-11,11.0,s,0.051499024127106184,0.0705333122747812,-0.10169146928617795,-0.09785290765704933,RU,0.5,nM,baseline,60.0,180.0
mAb-X-SCK,mAb-X,run-1,mAb-X-B1,B1-12,12.0,s,0.24909020941446372,0.1012496679380694,-0.017079904685014566,-0.011468977720651466,RU,0.5,nM,baseline,60.0,180.0
mAb-X-SCK,mAb-X,run-1,mAb-X-B1,B1-13,13.0,s,-0.22363948562920558,-0.3018744814818509,-0.13556222336670998,0.04421005608659447,RU,0.5,nM,baseline,60.0,180.0
mAb-X-SCK,mAb-X,run-1,mAb-X-B1,B1-14,14.0,s,0.07487742766576731,0.12574328189717748,0.028495668420691046,0.07879874468008588,RU,0.5,nM,baseline,60.0,180.0
mAb-X-SCK,mAb-X,run-1,mAb-X-B1,B1-15,15.0,s,0.0527605305499599,0.08874272658464073,-0.08350789673605684,-0.1923074018131371,RU,0.5,nM,baseline,60.0,180.0
mAb-X-SCK,mAb-X,run-1,mAb-X-B1,B1-16,16.0,s,0.14958139750104738,0.038283891942609984,-0.02309194417300757,0.05312832607296798,RU,0.5,nM,baseline,60.0,180.0
mAb-X-SCK,mAb-X,run-1,mAb-X-B1,B1-17,17.0,s,0.20995936523211897,-0.05096272108983901,-0.0618216845377019,0.13675422099017198,RU,0.5,nM,baseline,60.0,180.0
mAb-X-SCK,mAb-X,run-1,mAb-X-B1,B1-18,18.0,s,-0.028310815867335956,-0.2153602154423555,-0.243601149580752,0.1904651656572016,RU,0.5,nM,baseline,60.0,180.0
mAb-X-SCK,mAb-X,run-1,mAb-X-B1,B1-19,19.0,s,0.19434390529563533,0.23128649809242127,0.05869029950317732,-0.07544780815904673,RU,0.5,nM,baseline,60.0,180.0
mAb-X-SCK,mAb-X,run-1,mAb-X-B1,B1-20,20.0,s,-0.1452965989575184,-0.0696566378248213,0.27295028185792686,0.2436829848957152,RU,0.5,nM,baseline,60.0,180.0
mAb-X-SCK,mAb-X,run-1,mAb-X-B1,B1-21,21.0,s,0.1747358965541239,0.16389740728479316,0.09682050872854536,-0.008111392441934566,RU,0.5,nM,baseline,60.0,180.0
mAb-X-SCK,mAb-X,run-1,mAb-X-B1,B1-22,22.0,s,0.21879814891404903,0.1422547005152049,-0.05097742100291702,0.07542042029649829,RU,0.5,nM,baseline,60.0,180.0
mAb-X-SCK,mAb-X,run-1,mAb-X-B1,B1-23,23.0,s,0.11420467035437745,0.013943291636765512,0.23199642931425307,0.013153741690607675,RU,0.5,nM,baseline,60.0,180.0
mAb-X-SCK,mAb-X,run-1,mAb-X-B1,B1-24,24.0,s,-0.09802737218997166,-0.03858773108551306,0.3208669132101968,-0.09037014762444211,RU,0.5,nM,baseline,60.0,180.0
mAb-X-SCK,mAb-X,run-1,mAb-X-B1,B1-25,25.0,s,0.08251467333676524,0.2034731376755747,-0.06632887978221792,-0.15806728275742327,RU,0.5,nM,baseline,60.0,180.0
mAb-X-SCK,mAb-X,run-1,mAb-X-B1,B1-26,26.0,s,0.30139629751857416,0.07744534965173269,0.08847890690323862,-0.08404484240473854,RU,0.5,nM,baseline,60.0,180.0
mAb-X-SCK,mAb-X,run-1,mAb-X-B1,B1-27,27.0,s,-0.11431302486573158,-0.004065283753173672,0.033803351095247056,0.2637991588955133,RU,0.5,nM,baseline,60.0,180.0
mAb-X-SCK,mAb-X,run-1,mAb-X-B1,B1-28,28.0,s,0.07492443285972857,0.15284734900356514,-0.021088808865605428,0.20970835292572962,RU,0.5,nM,baseline,60.0,180.0
mAb-X-SCK,mAb-X,run-1,mAb-X-B1,B1-29,29.0,s,0.22021474885231146,-0.13020850442437817,0.07167045819307089,-0.2958766846489487,RU,0.5,nM,baseline,60.0,180.0
mAb-X-SCK,mAb-X,run-1,mAb-X-B1,B1-30,30.0,s,0.05417479462375848,-0.027655634038939347,0.012661186947586875,-0.05525127361660199,RU,0.5,nM,baseline,60.0,180.0
mAb-X-SCK,mAb-X,run-1,mAb-X-B1,B1-31,31.0,s,-0.030512178444660545,0.0469378608935017,0.07944689430940252,0.08476915950450244,RU,0.5,nM,baseline,60.0,180.0
mAb-X-SCK,mAb-X,run-1,mAb-X-B1,B1-32,32.0,s,0.16269589263765483,-0.10587912334872425,-0.11844407565591641,-0.18354305014137373,RU,0.5,nM,baseline,60.0,180.0
mAb-X-SCK,mAb-X,run-1,mAb-X-B1,B1-33,33.0,s,0.10374067408808917,0.21950470716637535,0.06256875875698052,-0.08080920526430208,RU,0.5,nM,baseline,60.0,180.0
mAb-X-SCK,mAb-X,run-1,mAb-X-B1,B1-34,34.0,s,0.2058876785365463,-0.1559234715571923,-0.051728569114199485,-0.006638594634936803,RU,0.5,nM,baseline,60.0,180.0
mAb-X-SCK,mAb-X,run-1,mAb-X-B1,B1-35,35.0,s,0.22346509336953463,0.07317637603376805,-0.001933905997610369,-0.0017302646992649639,RU,0.5,nM,baseline,60.0,180.0
mAb-X-SCK,mAb-X,run-1,mAb-X-B1,B1-36,36.0,s,0.2493348295979473,-0.005896980395279494,0.24739887718035455,-0.13284390625354617,RU,0.5,nM,baseline,60.0,180.0
mAb-X-SCK,mAb-X,run-1,mAb-X-B1,B1-37,37.0,s,0.0808611353646849,0.2692371487732255,0.1394278018045047,0.10389936517197783,RU,0.5,nM,baseline,60.0,180.0
mAb-X-SCK,mAb-X,run-1,mAb-X-B1,B1-38,38.0,s,0.013544571229436891,0.2890545115464448,0.36303253933134766,-0.08301670314750326,RU,0.5,nM,baseline,60.0,180.0
mAb-X-SCK,mAb-X,run-1,mAb-X-B1,B1-39,39.0,s,0.009087441088071732,-0.2718617397481307,-0.014653927090629598,0.13491714971021715,RU,0.5,nM,baseline,60.0,180.0
mAb-X-SCK,mAb-X,run-1,mAb-X-B1,B1-40,40.0,s,-0.0854475870806035,0.10650566355100735,0.12041005589493296,0.2005776236303439,RU,0.5,nM,baseline,60.0,180.0
mAb-X-SCK,mAb-X,run-1,mAb-X-B1,B1-41,41.0,s,0.03350265931765207,0.023521622843637187,0.02313663079606157,-0.09119546471961375,RU,0.5,nM,baseline,60.0,180.0
mAb-X-SCK,mAb-X,run-1,mAb-X-B1,B1-42,42.0,s,0.06167751665736478,0.023771520524876823,0.17695842749166024,0.19990185578610528,RU,0.5,nM,baseline,60.0,180.0
mAb-X-SCK,mAb-X,run-1,mAb-X-B1,B1-43,43.0,s,0.24290788887051512,0.03513080838420546,0.164259253504692,-0.25381918060393743,RU,0.5,nM,baseline,60.0,180.0
mAb-X-SCK,mAb-X,run-1,mAb-X-B1,B1-44,44.0,s,0.08335107076650619,-0.002469187384160646,0.08602571598629156,-0.09930786925110559,RU,0.5,nM,baseline,60.0,180.0
mAb-X-SCK,mAb-X,run-1,mAb-X-B1,B1-45,45.0,s,0.3902269263136996,-0.06918660188747794,0.0775616408191005,-0.12523931818493855,RU,0.5,nM,baseline,60.0,180.0
mAb-X-SCK,mAb-X,run-1,mAb-X-B1,B1-46,46.0,s,0.20320882631498066,0.09308884570336076,0.17782191826463312,-0.10173226805276724,RU,0.5,nM,baseline,60.0,180.0
mAb-X-SCK,mAb-X,run-1,mAb-X-B1,B1-47,47.0,s,-0.08902118288156469,-0.018863442219043708,0.025094827702951975,-0.006886232971796006,RU,0.5,nM,baseline,60.0,180.0
mAb-X-SCK,mAb-X,run-1,mAb-X-B1,B1-48,48.0,s,0.19191073904626177,-0.12385575467596956,0.05368778542649152,0.07664820524400227,RU,0.5,nM,baseline,60.0,180.0
mAb-X-SCK,mAb-X,run-1,mAb-X-B1,B1-49,49.0,s,0.012238074607367352,-0.10517768540110572,-0.1428469101293696,-0.011836853050120322,RU,0.5,nM,baseline,60.0,180.0
mAb-X-SCK,mAb-X,run-1,mAb-X-B1,B1-50,50.0,s,0.3960449984757469,0.0668266577423939,-0.0700972563218798,-0.10002979054220398,RU,0.5,nM,baseline,60.0,180.0
mAb-X-SCK,mAb-X,run-1,mAb-X-B1,B1-51,51.0,s,0.17095499805612402,-0.16545335268615036,0.04849968481403008,-0.012535869906805296,RU,0.5,nM,baseline,60.0,180.0
mAb-X-SCK,mAb-X,run-1,mAb-X-B1,B1-52,52.0,s,0.17129157943000772,-0.02316432574235024,0.029530545948790385,-0.05944059481339503,RU,0.5,nM,baseline,60.0,180.0
mAb-X-SCK,mAb-X,run-1,mAb-X-B1,B1-53,53.0,s,-0.2451514222274236,-0.19503515570098173,0.2244273954644102,-0.24686323066629784,RU,0.5,nM,baseline,60.0,180.0
mAb-X-SCK,mAb-X,run-1,mAb-X-B1,B1-54,54.0,s,-0.1461025184700543,3.858029239544542e-05,-0.04850533648728832,-0.28479446041963374,RU,0.5,nM,baseline,60.0,180.0
mAb-X-SCK,mAb-X,run-1,mAb-X-B1,B1-55,55.0,s,-0.07531860852289603,-0.2534000951300888,0.351394589580332,0.010274104408795923,RU,0.5,nM,baseline,60.0,180.0
mAb-X-SCK,mAb-X,run-1,mAb-X-B1,B1-56,56.0,s,-0.056173873825306045,0.16541581050443066,0.19988021268003853,-0.09077433266015163,RU,0.5,nM,baseline,60.0,180.0
mAb-X-SCK,mAb-X,run-1,mAb-X-B1,B1-57,57.0,s,0.0668118195843751,0.1046920177372899,0.10005376188871996,0.050073875971773714,RU,0.5,nM,baseline,60.0,180.0
mAb-X-SCK,mAb-X,run-1,mAb-X-B1,B1-58,58.0,s,-0.006038456281111507,0.036756119837876904,-0.017036408424797186,0.08839439502280466,RU,0.5,nM,baseline,60.0,180.0
mAb-X-SCK,mAb-X,run-1,mAb-X-B1,B1-59,59.0,s,0.22673606260498477,0.19101079375743102,0.14797815850235405,0.03729851654989165,RU,0.5,nM,baseline,60.0,180.0
mAb-X-SCK,mAb-X,run-1,mAb-X-B1,B1-60,60.0,s,0.414462693050867,0.21673002017118076,-0.15579685112818642,-0.24211267569081846,RU,0.5,nM,association,60.0,180.0
mAb-X-SCK,mAb-X,run-1,mAb-X-B1,B1-61,61.0,s,0.15350295774251957,0.08063358963862968,-0.11512274390287597,-0.22413860068229727,RU,0.5,nM,association,60.0,180.0
mAb-X-SCK,mAb-X,run-1,mAb-X-B1,B1-62,62.0,s,0.3772722615212363,0.14425061134252087,0.24948201877192358,0.18719607554961595,RU,0.5,nM,association,60.0,180.0
mAb-X-SCK,mAb-X,run-1,mAb-X-B1,B1-63,63.0,s,0.3937651193467647,0.12319006883232887,0.19481847023137935,-0.1625792783464262,RU,0.5,nM,association,60.0,180.0
mAb-X-SCK,mAb-X,run-1,mAb-X-B1,B1-64,64.0,s,0.22376018876462506,-0.013353561138598771,0.05818324635033206,0.044438152337456883,RU,0.5,nM,association,60.0,180.0
mAb-X-SCK,mAb-X,run-1,mAb-X-B1,B1-65,65.0,s,0.3400320669688913,0.11741362629496244,0.2060872073075834,0.05821494397922207,RU,0.5,nM,association,60.0,180.0
mAb-X-SCK,mAb-X,run-1,mAb-X-B1,B1-66,66.0,s,0.013167202855611793,0.22743242861394092,0.3707693086667207,-0.1286872977694737,RU,0.5,nM,association,60.0,180.0
mAb-X-SCK,mAb-X,run-1,mAb-X-B1,B1-67,67.0,s,0.46468549050480745,0.22978234111143347,0.28134548844339924,-0.02084487874428368,RU,0.5,nM,association,60.0,180.0
mAb-X-SCK,mAb-X,run-1,mAb-X-B1,B1-68,68.0,s,0.21944353659361632,0.3081786836452891,0.19903477089883648,0.10408635132401964,RU,0.5,nM,association,60.0,180.0
mAb-X-SCK,mAb-X,run-1,mAb-X-B1,B1-69,69.0,s,0.5537964584323445,0.28136093559155106,0.17899403043790282,0.13670604197525657,RU,0.5,nM,association,60.0,180.0
mAb-X-SCK,mAb-X,run-1,mAb-X-B1,B1-70,70.0,s,0.17444153303194632,0.08133134239020195,0.05339745552501883,0.047727998471285414,RU,0.5,nM,association,60.0,180.0
mAb-X-SCK,mAb-X,run-1,mAb-X-B1,B1-71,71.0,s,0.17231926814734658,0.1408832255178896,0.05046113883127759,0.055116253950446295,RU,0.5,nM,association,60.0,180.0
mAb-X-SCK,mAb-X,run-1,mAb-X-B1,B1-72,72.0,s,0.25879839604618937,0.06643407522685629,0.3209006380418662,0.22743931206442813,RU,0.5,nM,association,60.0,180.0
mAb-X-SCK,mAb-X,run-1,mAb-X-B1,B1-73,73.0,s,0.2514477108038349,0.13230581701377186,-0.03623512014336616,-0.08212790621187101,RU,0.5,nM,association,60.0,180.0
mAb-X-SCK,mAb-X,run-1,mAb-X-B1,B1-74,74.0,s,0.38768121434634606,0.13318476548818695,0.14914855548937855,0.17440512660157592,RU,0.5,nM,association,60.0,180.0
mAb-X-SCK,mAb-X,run-1,mAb-X-B1,B1-75,75.0,s,0.4054934911785079,0.14068833711976642,0.10300878050413304,0.2986859200211406,RU,0.5,nM,association,60.0,180.0
mAb-X-SCK,mAb-X,run-1,mAb-X-B1,B1-76,76.0,s,0.49290565164215405,0.37470383923641487,0.029705752950815775,-0.2716648851530419,RU,0.5,nM,association,60.0,180.0
mAb-X-SCK,mAb-X,run-1,mAb-X-B1,B1-77,77.0,s,0.520967059106791,0.032573871897851214,0.2939241207700036,-0.17897426516437812,RU,0.5,nM,association,60.0,180.0
mAb-X-SCK,mAb-X,run-1,mAb-X-B1,B1-78,78.0,s,0.22997301748083504,0.20918822889380684,0.11000792005822616,0.0035042674083104485,RU,0.5,nM,association,60.0,180.0
mAb-X-SCK,mAb-X,run-1,mAb-X-B1,B1-79,79.0,s,0.7241515763456008,0.0015913797914830219,0.22171105026076757,0.12392249831512231,RU,0.5,nM,association,60.0,180.0
mAb-X-SCK,mAb-X,run-1,mAb-X-B1,B1-80,80.0,s,0.4461905147564762,-0.13539588855886792,0.16886659096488205,0.088320417138271,RU,0.5,nM,association,60.0,180.0
mAb-X-SCK,mAb-X,run-1,mAb-X-B1,B1-81,81.0,s,0.40152773015898446,0.1482612673389738,0.04794587136107509,0.002968041821917796,RU,0.5,nM,association,60.0,180.0
mAb-X-SCK,mAb-X,run-1,mAb-X-B1,B1-82,82.0,s,0.42625042369973576,0.11352692670329957,0.2593488820909666,-0.2674144428819755,RU,0.5,nM,association,60.0,180.0
mAb-X-SCK,mAb-X,run-1,mAb-X-B1,B1-83,83.0,s,0.354316530417182,0.011592208708275195,-0.062460178691931684,-0.0104652258417929,RU,0.5,nM,association,60.0,180.0
mAb-X-SCK,mAb-X,run-1,mAb-X-B1,B1-84,84.0,s,0.38278051078821157,-0.02533664746076289,0.11055718855146807,0.18659771399950606,RU,0.5,nM,association,60.0,180.0
mAb-X-SCK,mAb-X,run-1,mAb-X-B1,B1-85,85.0,s,0.6354553260456455,-0.2438735581390361,0.1612051705882768,0.16255430837279997,RU,0.5,nM,association,60.0,180.0
mAb-X-SCK,mAb-X,run-1,mAb-X-B1,B1-86,86.0,s,0.23472137206473676,0.24673133216367532,0.21570545337934693,0.020500173871589915,RU,0.5,nM,association,60.0,180.0
mAb-X-SCK,mAb-X,run-1,mAb-X-B1,B1-87,87.0,s,0.5870591776026772,0.056382970790607174,0.2280877933305457,0.08759407246575901,RU,0.5,nM,association,60.0,180.0
mAb-X-SCK,mAb-X,run-1,mAb-X-B1,B1-88,88.0,s,0.7732847809320191,0.03025875406041182,0.21495939788223337,-0.08898104256310732,RU,0.5,nM,association,60.0,180.0
mAb-X-SCK,mAb-X,run-1,mAb-X-B1,B1-89,89.0,s,0.4718300507079933,-0.020310390340858214,0.06135915780350891,-0.2616682728089794,RU,0.5,nM,association,60.0,180.0
mAb-X-SCK,mAb-X,run-1,mAb-X-B1,B1-90,90.0,s,0.4148759099490153,-0.1738169375963825,0.3397560116922276,-0.01038811955968757,RU,0.5,nM,association,60.0,180.0
mAb-X-SCK,mAb-X,run-1,mAb-X-B1,B1-91,91.0,s,0.4271167206803689,0.29995847732974107,0.11873223864405136,-0.0848348446043496,RU,0.5,nM,association,60.0,180.0
mAb-X-SCK,mAb-X,run-1,mAb-X-B1,B1-92,92.0,s,0.5506539023935275,-0.16463764540499937,0.086287059068149,-0.07074740421387188,RU,0.5,nM,association,60.0,180.0
mAb-X-SCK,mAb-X,run-1,mAb-X-B1,B1-93,93.0,s,0.4201840325167029,0.055342820170231455,0.261617963908508,-0.18385690799284052,RU,0.5,nM,association,60.0,180.0
mAb-X-SCK,mAb-X,run-1,mAb-X-B1,B1-94,94.0,s,0.40234238177215564,-0.16781067120245569,0.275341010552867,0.029715183592231117,RU,0.5,nM,association,60.0,180.0
mAb-X-SCK,mAb-X,run-1,mAb-X-B1,B1-95,95.0,s,0.448742722413967,0.03276325641731876,0.2800275429579741,0.004555093114293812,RU,0.5,nM,association,60.0,180.0
mAb-X-SCK,mAb-X,run-1,mAb-X-B1,B1-96,96.0,s,0.7191020869643534,-0.15532184272084526,-0.114358888228549,0.01156064592952104,RU,0.5,nM,association,60.0,180.0
mAb-X-SCK,mAb-X,run-1,mAb-X-B1,B1-97,97.0,s,0.5676994246409418,0.2113350511817519,0.13210194120581153,-0.09066826321885284,RU,0.5,nM,association,60.0,180.0
mAb-X-SCK,mAb-X,run-1,mAb-X-B1,B1-98,98.0,s,0.7243904752360648,0.1724645056072423,0.1417606650342327,0.25284431655998924,RU,0.5,nM,association,60.0,180.0
mAb-X-SCK,mAb-X,run-1,mAb-X-B1,B1-99,99.0,s,0.7829283450935209,0.1649171023599222,0.13507589485536167,0.12956653252899927,RU,0.5,nM,association,60.0,180.0
mAb-X-SCK,mAb-X,run-1,mAb-X-B1,B1-100,100.0,s,0.6143589405863958,-0.003621143836450458,-0.0055730989471132475,0.15842306035860904,RU,0.5,nM,association,60.0,180.0
mAb-X-SCK,mAb-X,run-1,mAb-X-B1,B1-101,101.0,s,0.9126806154459888,-0.18261099953031723,0.19705558784143634,-0.04975347734539821,RU,0.5,nM,association,60.0,180.0
mAb-X-SCK,mAb-X,run-1,mAb-X-B1,B1-102,102.0,s,0.5731692896492041,0.22341942410404064,0.02766893115150698,-0.006900902246208387,RU,0.5,nM,association,60.0,180.0
mAb-X-SCK,mAb-X,run-1,mAb-X-B1,B1-103,103.0,s,0.46583885993752866,0.2836423679019616,0.2508170777170929,-0.28519608749865055,RU,0.5,nM,association,60.0,180.0
mAb-X-SCK,mAb-X,run-1,mAb-X-B1,B1-104,104.0,s,0.7952871423947387,0.08803994306305606,-0.0021345240233221485,0.07767026073580817,RU,0.5,nM,association,60.0,180.0
mAb-X-SCK,mAb-X,run-1,mAb-X-B1,B1-105,105.0,s,0.7884017886523845,0.10668114636537654,-0.029224335184913047,-0.06074657104361693,RU,0.5,nM,association,60.0,180.0
mAb-X-SCK,mAb-X,run-1,mAb-X-B1,B1-106,106.0,s,0.6787110062346801,0.41316747809395216,0.25270082426807755,-0.1444595207561726,RU,0.5,nM,association,60.0,180.0
mAb-X-SCK,mAb-X,run-1,mAb-X-B1,B1-107,107.0,s,0.34933418778235525,0.2419277593516489,0.19993713002674451,0.08750584976919516,RU,0.5,nM,association,60.0,180.0
mAb-X-SCK,mAb-X,run-1,mAb-X-B1,B1-108,108.0,s,0.6655205187919041,0.08263024590676518,9.713704571792658e-05,-0.00547858871159492,RU,0.5,nM,association,60.0,180.0
mAb-X-SCK,mAb-X,run-1,mAb-X-B1,B1-109,109.0,s,0.777323424783974,0.17425726923267978,0.2217010548787648,-0.001212449040401068,RU,0.5,nM,association,60.0,180.0
mAb-X-SCK,mAb-X,run-1,mAb-X-B1,B1-110,110.0,s,0.6470259442203037,-0.15422322485893264,0.24760031104641111,0.23264656720679255,RU,0.5,nM,association,60.0,180.0
mAb-X-SCK,mAb-X,run-1,mAb-X-B1,B1-111,111.0,s,0.7906333495182365,0.14575750008067956,0.2164572150534572,-0.2078288035229994,RU,0.5,nM,association,60.0,180.0
mAb-X-SCK,mAb-X,run-1,mAb-X-B1,B1-112,112.0,s,0.6202586191779392,0.32344881038389917,0.02405783626197161,0.005181500536517104,RU,0.5,nM,association,60.0,180.0
mAb-X-SCK,mAb-X,run-1,mAb-X-B1,B1-113,113.0,s,0.779038969578871,-0.056734925649836634,0.06601443664623804,0.10121309438481788,RU,0.5,nM,association,60.0,180.0
mAb-X-SCK,mAb-X,run-1,mAb-X-B1,B1-114,114.0,s,0.9026085364071544,0.3182930645615391,0.508862037483314,0.023862943562040165,RU,0.5,nM,association,60.0,180.0
mAb-X-SCK,mAb-X,run-1,mAb-X-B1,B1-115,115.0,s,0.7592296942569514,-0.09382035763106943,0.20630979525042564,-0.31558386336889566,RU,0.5,nM,association,60.0,180.0
mAb-X-SCK,mAb-X,run-1,mAb-X-B1,B1-116,116.0,s,0.8140406528630697,0.19159323781515758,0.24598356446756828,-0.3204560793348576,RU,0.5,nM,association,60.0,180.0
mAb-X-SCK,mAb-X,run-1,mAb-X-B1,B1-117,117.0,s,0.6969189860289255,0.15746129119554164,0.46218247882254837,-0.026236856261819392,RU,0.5,nM,association,60.0,180.0
mAb-X-SCK,mAb-X,run-1,mAb-X-B1,B1-118,118.0,s,0.9593135255904062,-0.128199643954107,0.22704427150791245,-0.20828290919542694,RU,0.5,nM,association,60.0,180.0
mAb-X-SCK,mAb-X,run-1,mAb-X-B1,B1-119,119.0,s,0.9514475621567116,0.2864175037265392,0.2759373260978251,0.219514705361473,RU,0.5,nM,association,60.0,180.0
mAb-X-SCK,mAb-X,run-1,mAb-X-B1,B1-120,120.0,s,0.8663279692130582,0.2064402548528731,0.40941126848612985,-0.06080186028157055,RU,0.5,nM,association,60.0,180.0
mAb-X-SCK,mAb-X,run-1,mAb-X-B1,B1-121,121.0,s,0.9815998258984571,0.0714104072019302,0.39109457505440065,-0.05024649158970959,RU,0.5,nM,association,60.0,180.0
mAb-X-SCK,mAb-X,run-1,mAb-X-B1,B1-122,122.0,s,0.7566302436052863,-0.11392123445404019,0.21797047698296276,-0.09064776309235158,RU,0.5,nM,association,60.0,180.0
mAb-X-SCK,mAb-X,run-1,mAb-X-B1,B1-123,123.0,s,0.7731436604818168,-0.033509555867925145,0.5001914698590545,0.0689447925832084,RU,0.5,nM,association,60.0,180.0
mAb-X-SCK,mAb-X,run-1,mAb-X-B1,B1-124,124.0,s,0.9150865085599451,0.1473633630286313,0.4266901230835176,-0.09656315917816384,RU,0.5,nM,association,60.0,180.0
mAb-X-SCK,mAb-X,run-1,mAb-X-B1,B1-125,125.0,s,0.9785056016470043,0.2012881176551532,0.33102134086245216,-0.05683389077870579,RU,0.5,nM,association,60.0,180.0
mAb-X-SCK,mAb-X,run-1,mAb-X-B1,B1-126,126.0,s,0.7650551704011636,0.16816419923613996,0.23798720711186827,-0.05536272469623666,RU,0.5,nM,association,60.0,180.0
mAb-X-SCK,mAb-X,run-1,mAb-X-B1,B1-127,127.0,s,0.7038249563537944,-0.013914637904879859,0.2925643386505328,-0.04163991005126736,RU,0.5,nM,association,60.0,180.0
mAb-X-SCK,mAb-X,run-1,mAb-X-B1,B1-128,128.0,s,0.9078457791865259,0.07479917930737555,0.15249904798750918,-0.11469007501746814,RU,0.5,nM,association,60.0,180.0
mAb-X-SCK,mAb-X,run-1,mAb-X-B1,B1-129,129.0,s,0.9416641454171667,0.4295374004280269,0.46262533553490814,0.1664157802829563,RU,0.5,nM,association,60.0,180.0
mAb-X-SCK,mAb-X,run-1,mAb-X-B1,B1-130,130.0,s,0.6804780198225016,0.12224613591499606,0.12524696464070456,-0.034658975844298646,RU,0.5,nM,association,60.0,180.0
mAb-X-SCK,mAb-X,run-1,mAb-X-B1,B1-131,131.0,s,0.9018035957439449,0.3786653956304301,0.40643799595353725,-0.0035126945630521347,RU,0.5,nM,association,60.0,180.0
mAb-X-SCK,mAb-X,run-1,mAb-X-B1,B1-132,132.0,s,1.0054989347817391,-0.05260424848732319,0.13764574193347162,0.25519513060090154,RU,0.5,nM,association,60.0,180.0
mAb-X-SCK,mAb-X,run-1,mAb-X-B1,B1-133,133.0,s,0.8661985921857712,0.14103698004798107,0.0418915060758103,0.10092022940758737,RU,0.5,nM,association,60.0,180.0
mAb-X-SCK,mAb-X,run-1,mAb-X-B1,B1-134,134.0,s,1.2270767731903218,0.028172148452097846,0.627728474659514,-0.0011436161163065153,RU,0.5,nM,association,60.0,180.0
mAb-X-SCK,mAb-X,run-1,mAb-X-B1,B1-135,135.0,s,0.8415764244646867,0.15829203208883752,0.07808462739098168,0.43305964626931204,RU,0.5,nM,association,60.0,180.0
mAb-X-SCK,mAb-X,run-1,mAb-X-B1,B1-136,136.0,s,0.9758592107085557,-0.184767915622086,0.31797647314179617,0.10512939766156869,RU,0.5,nM,association,60.0,180.0
mAb-X-SCK,mAb-X,run-1,mAb-X-B1,B1-137,137.0,s,1.0558786223400802,0.19140360068511103,0.14077991146382401,-0.13735957471718271,RU,0.5,nM,association,60.0,180.0
mAb-X-SCK,mAb-X,run-1,mAb-X-B1,B1-138,138.0,s,1.2323755757030495,0.18388362147661846,0.428312752374273,0.1668175903239168,RU,0.5,nM,association,60.0,180.0
mAb-X-SCK,mAb-X,run-1,mAb-X-B1,B1-139,139.0,s,0.9662551540892551,0.11786821548678662,0.45292153219249576,-0.01223543833477833,RU,0.5,nM,association,60.0,180.0
mAb-X-SCK,mAb-X,run-1,mAb-X-B1,B1-140,140.0,s,1.1788938721062179,-0.0881145665837119,0.2470121639390982,-0.2878052425265339,RU,0.5,nM,association,60.0,180.0
mAb-X-SCK,mAb-X,run-1,mAb-X-B1,B1-141,141.0,s,1.0436810449023992,0.31712373952321665,0.133874128349943,-0.07506916987926944,RU,0.5,nM,association,60.0,180.0
mAb-X-SCK,mAb-X,run-1,mAb-X-B1,B1-142,142.0,s,1.2567290418711665,0.1769835261234098,0.36461588041758497,-0.009358846569894939,RU,0.5,nM,association,60.0,180.0
mAb-X-SCK,mAb-X,run-1,mAb-X-B1,B1-143,143.0,s,0.944454059710303,-0.08125213061756649,0.22288702101998178,-0.03582728150861149,RU,0.5,nM,association,60.0,180.0
mAb-X-SCK,mAb-X,run-1,mAb-X-B1,B1-144,144.0,s,1.1167496283337686,0.2825677889328574,0.2502998417789753,0.10547286896783867,RU,0.5,nM,association,60.0,180.0
mAb-X-SCK,mAb-X,run-1,mAb-X-B1,B1-145,145.0,s,1.1420320130719595,0.11445578005431772,0.2496749782771392,-0.18825864784121762,RU,0.5,nM,association,60.0,180.0
mAb-X-SCK,mAb-X,run-1,mAb-X-B1,B1-146,146.0,s,0.8927954928171301,0.14968114605527566,0.30881253022620997,0.12519077824109318,RU,0.5,nM,association,60.0,180.0
mAb-X-SCK,mAb-X,run-1,mAb-X-B1,B1-147,147.0,s,0.969462767605024,0.15554399505235372,0.19258740244362724,0.18774454011177844,RU,0.5,nM,association,60.0,180.0
mAb-X-SCK,mAb-X,run-1,mAb-X-B1,B1-148,148.0,s,0.9433990587621474,0.001325670005216023,0.2788844459747154,0.08566077139130548,RU,0.5,nM,association,60.0,180.0
mAb-X-SCK,mAb-X,run-1,mAb-X-B1,B1-149,149.0,s,1.3072978936096424,0.14922957608812062,0.4779594942341437,0.12381234353605688,RU,0.5,nM,association,60.0,180.0
mAb-X-SCK,mAb-X,run-1,mAb-X-B1,B1-150,150.0,s,0.9560762528044493,0.14384750334024946,0.42984017939535135,-0.11992093708274476,RU,0.5,nM,association,60.0,180.0
mAb-X-SCK,mAb-X,run-1,mAb-X-B1,B1-151,151.0,s,1.1062829408037744,-0.020399769058386114,0.2547630754641867,0.12545214372610922,RU,0.5,nM,association,60.0,180.0
mAb-X-SCK,mAb-X,run-1,mAb-X-B1,B1-152,152.0,s,0.746645223587562,-0.15720712258349895,0.2827216720267776,0.27325708079614547,RU,0.5,nM,association,60.0,180.0
mAb-X-SCK,mAb-X,run-1,mAb-X-B1,B1-153,153.0,s,0.7924901780439483,-0.04363185359923119,0.3977894044226119,-0.07371775760976484,RU,0.5,nM,association,60.0,180.0
mAb-X-SCK,mAb-X,run-1,mAb-X-B1,B1-154,154.0,s,1.561212348442999,0.19497031689519945,0.44423399890897275,0.011875253249131133,RU,0.5,nM,association,60.0,180.0
mAb-X-SCK,mAb-X,run-1,mAb-X-B1,B1-155,155.0,s,1.257494264548808,0.009431564641094473,0.2811558581174687,-0.0684783617821073,RU,0.5,nM,association,60.0,180.0
mAb-X-SCK,mAb-X,run-1,mAb-X-B1,B1-156,156.0,s,1.2783923511954547,0.05686677496998567,0.1862061076173438,0.048006872107786244,RU,0.5,nM,association,60.0,180.0
mAb-X-SCK,mAb-X,run-1,mAb-X-B1,B1-157,157.0,s,1.0256265956471942,-0.00931823889927387,0.3288355916726139,0.1595069084013925,RU,0.5,nM,association,60.0,180.0
mAb-X-SCK,mAb-X,run-1,mAb-X-B1,B1-158,158.0,s,1.075218097737548,-0.012281329430573376,0.30871885612518085,-0.05498637492304196,RU,0.5,nM,association,60.0,180.0
mAb-X-SCK,mAb-X,run-1,mAb-X-B1,B1-159,159.0,s,1.2988058094260062,0.1800525031418147,0.36521943013223057,0.09275402240758178,RU,0.5,nM,association,60.0,180.0
mAb-X-SCK,mAb-X,run-1,mAb-X-B1,B1-160,160.0,s,1.0321732120112486,0.22816224278250297,0.37537585267595447,-0.05809067723549588,RU,0.5,nM,association,60.0,180.0
mAb-X-SCK,mAb-X,run-1,mAb-X-B1,B1-161,161.0,s,1.0163298732491066,0.19576616533996988,0.23496985320212646,-0.20045605183511445,RU,0.5,nM,association,60.0,180.0
mAb-X-SCK,mAb-X,run-1,mAb-X-B1,B1-162,162.0,s,1.2174799001206718,0.2046229215295171,0.5520704330675728,0.1474970696757997,RU,0.5,nM,association,60.0,180.0
mAb-X-SCK,mAb-X,run-1,mAb-X-B1,B1-163,163.0,s,0.9994900317754805,0.09370572759423743,0.7137062454351099,-0.19115084401116392,RU,0.5,nM,association,60.0,180.0
mAb-X-SCK,mAb-X,run-1,mAb-X-B1,B1-164,164.0,s,1.2445313299169407,0.15538895732682295,0.24449608416177945,0.1094521523875878,RU,0.5,nM,association,60.0,180.0
mAb-X-SCK,mAb-X,run-1,mAb-X-B1,B1-165,165.0,s,1.1106077445895592,0.37242036976822834,0.4841548624391161,0.13375636426811574,RU,0.5,nM,association,60.0,180.0
mAb-X-SCK,mAb-X,run-1,mAb-X-B1,B1-166,166.0,s,1.3355079253635647,-0.005292084521622012,0.44742605811092956,0.15802399403926326,RU,0.5,nM,association,60.0,180.0
mAb-X-SCK,mAb-X,run-1,mAb-X-B1,B1-167,167.0,s,1.2604888569721844,-0.19387617520731154,0.13794760292542962,0.09294857818814141,RU,0.5,nM,association,60.0,180.0
mAb-X-SCK,mAb-X,run-1,mAb-X-B1,B1-168,168.0,s,1.38986015049338,0.25094432330965727,0.3028612582828069,0.13394163023403652,RU,0.5,nM,association,60.0,180.0
mAb-X-SCK,mAb-X,run-1,mAb-X-B1,B1-169,169.0,s,0.9320883116861051,0.23512300265609398,0.5461286957046291,0.062088325888448884,RU,0.5,nM,association,60.0,180.0
mAb-X-SCK,mAb-X,run-1,mAb-X-B1,B1-170,170.0,s,1.2663191505358786,0.22689421953479155,-0.0695862174862073,-0.05361130205875456,RU,0.5,nM,association,60.0,180.0
mAb-X-SCK,mAb-X,run-1,mAb-X-B1,B1-171,171.0,s,1.2738688742621906,-0.1481483039209553,0.5010821667045342,-0.11070161830254645,RU,0.5,nM,association,60.0,180.0
mAb-X-SCK,mAb-X,run-1,mAb-X-B1,B1-172,172.0,s,1.2646844614898765,-0.05415754322801446,0.5485862499339521,0.09978281360264343,RU,0.5,nM,association,60.0,180.0
mAb-X-SCK,mAb-X,run-1,mAb-X-B1,B1-173,173.0,s,1.3427877375609847,0.0747364848391523,0.38582116561421986,-0.09572608703678147,RU,0.5,nM,association,60.0,180.0
mAb-X-SCK,mAb-X,run-1,mAb-X-B1,B1-174,174.0,s,1.0642210514778407,0.10811295478114319,0.41569243489692176,0.15881276941324515,RU,0.5,nM,association,60.0,180.0
mAb-X-SCK,mAb-X,run-1,mAb-X-B1,B1-175,175.0,s,1.2909369648253313,-0.014726251246980127,0.36924925304076694,0.0891139179974594,RU,0.5,nM,association,60.0,180.0
mAb-X-SCK,mAb-X,run-1,mAb-X-B1,B1-176,176.0,s,1.3635601246415843,-0.00449209151133588,0.27146169363190614,0.03219440969896068,RU,0.5,nM,association,60.0,180.0
mAb-X-SCK,mAb-X,run-1,mAb-X-B1,B1-177,177.0,s,1.0880961081101044,0.41732335817533067,0.23411139991534835,-0.054652530327925074,RU,0.5,nM,association,60.0,180.0
mAb-X-SCK,mAb-X,run-1,mAb-X-B1,B1-178,178.0,s,1.1337987706704844,0.15746936858884003,0.5322534908938764,-0.1371444718321453,RU,0.5,nM,association,60.0,180.0
mAb-X-SCK,mAb-X,run-1,mAb-X-B1,B1-179,179.0,s,1.1735713960478773,0.12338469725281612,0.38792844943667876,-0.11240452701658597,RU,0.5,nM,association,60.0,180.0
mAb-X-SCK,mAb-X,run-1,mAb-X-B1,B1-180,180.0,s,1.4355249446516178,0.32744895991524603,0.3473449135825938,-0.04208669906343855,RU,0.5,nM,dissociation,60.0,180.0
mAb-X-SCK,mAb-X,run-1,mAb-X-B1,B1-181,181.0,s,1.3735203290438707,0.24274065915430207,0.37995513589169205,-0.2079687908436189,RU,0.5,nM,dissociation,60.0,180.0
mAb-X-SCK,mAb-X,run-1,mAb-X-B1,B1-182,182.0,s,1.6358847800274616,0.13630158737544606,0.2618270565606986,0.10141939377266071,RU,0.5,nM,dissociation,60.0,180.0
mAb-X-SCK,mAb-X,run-1,mAb-X-B1,B1-183,183.0,s,1.2515952923105047,0.09436704338747508,0.18649729358215328,-0.029406212195759125,RU,0.5,nM,dissociation,60.0,180.0
mAb-X-SCK,mAb-X,run-1,mAb-X-B1,B1-184,184.0,s,1.333362055195619,-0.2458260789040439,0.40735088705852196,-0.07676657133818054,RU,0.5,nM,dissociation,60.0,180.0
mAb-X-SCK,mAb-X,run-1,mAb-X-B1,B1-185,185.0,s,1.1394669516162126,-0.22625589508358393,0.37410432679896904,0.01955272290074372,RU,0.5,nM,dissociation,60.0,180.0
mAb-X-SCK,mAb-X,run-1,mAb-X-B1,B1-186,186.0,s,1.242307527130698,0.19544730055629322,0.40849589278779425,-0.15946526433497676,RU,0.5,nM,dissociation,60.0,180.0
mAb-X-SCK,mAb-X,run-1,mAb-X-B1,B1-187,187.0,s,1.5800465284393959,0.005172942274158314,0.3740615104750428,0.10917883030400334,RU,0.5,nM,dissociation,60.0,180.0
mAb-X-SCK,mAb-X,run-1,mAb-X-B1,B1-188,188.0,s,1.3745023786457582,0.14061463534559188,0.14617999959222613,0.24522256128493614,RU,0.5,nM,dissociation,60.0,180.0
mAb-X-SCK,mAb-X,run-1,mAb-X-B1,B1-189,189.0,s,1.2488169474330442,-0.04249236867623375,0.3027489770171019,0.330075318893799,RU,0.5,nM,dissociation,60.0,180.0
mAb-X-SCK,mAb-X,run-1,mAb-X-B1,B1-190,190.0,s,1.0798309078445492,0.0858981648783854,0.31706059021627747,-0.006277026272298433,RU,0.5,nM,dissociation,60.0,180.0
mAb-X-SCK,mAb-X,run-1,mAb-X-B1,B1-191,191.0,s,1.1724195734299783,0.04500932575518346,0.5473320174008773,-0.46184342625503116,RU,0.5,nM,dissociation,60.0,180.0
mAb-X-SCK,mAb-X,run-1,mAb-X-B1,B1-192,192.0,s,1.1388949448622476,0.017654843425447642,0.37036647857383104,-0.08089529277957795,RU,0.5,nM,dissociation,60.0,180.0
mAb-X-SCK,mAb-X,run-1,mAb-X-B1,B1-193,193.0,s,1.7372010369929387,0.016633846343665243,0.3408329361387049,0.14330410183474615,RU,0.5,nM,dissociation,60.0,180.0
mAb-X-SCK,mAb-X,run-1,mAb-X-B1,B1-194,194.0,s,1.176555772867675,0.01782855813537218,0.4026505677821857,-0.13357733838927963,RU,0.5,nM,dissociation,60.0,180.0
mAb-X-SCK,mAb-X,run-1,mAb-X-B1,B1-195,195.0,s,1.3978423972485445,0.15403520794031186,0.2208132594044967,-0.12018034613885503,RU,0.5,nM,dissociation,60.0,180.0
mAb-X-SCK,mAb-X,run-1,mAb-X-B1,B1-196,196.0,s,1.2560906781427865,0.09632606671063777,0.4213748021289377,0.12101308766211141,RU,0.5,nM,dissociation,60.0,180.0
mAb-X-SCK,mAb-X,run-1,mAb-X-B1,B1-197,197.0,s,1.3860708753593192,-0.17693450132026278,0.3630818660100579,-0.07944399491926653,RU,0.5,nM,dissociation,60.0,180.0
mAb-X-SCK,mAb-X,run-1,mAb-X-B1,B1-198,198.0,s,1.1366803331113562,-0.20517557745417336,0.2727491672679826,0.015104715296237553,RU,0.5,nM,dissociation,60.0,180.0
mAb-X-SCK,mAb-X,run-1,mAb-X-B1,B1-199,199.0,s,1.2289086339582276,-0.1907525603687089,0.4774698212868705,0.09507383848672572,RU,0.5,nM,dissociation,60.0,180.0
mAb-X-SCK,mAb-X,run-1,mAb-X-B1,B1-200,200.0,s,1.240568843284445,-0.043109894411461895,0.35335953745152615,-0.2415568422709929,RU,0.5,nM,dissociation,60.0,180.0
mAb-X-SCK,mAb-X,run-1,mAb-X-B1,B1-201,201.0,s,1.2908669366631753,-0.12740928838400017,0.4043241887726469,-0.12028428606089317,RU,0.5,nM,dissociation,60.0,180.0
mAb-X-SCK,mAb-X,run-1,mAb-X-B1,B1-202,202.0,s,1.2154905276143415,0.03245068154168811,0.316430712727466,-0.044391890782166994,RU,0.5,nM,dissociation,60.0,180.0
mAb-X-SCK,mAb-X,run-1,mAb-X-B1,B1-203,203.0,s,1.232631608653527,0.19811027296024278,0.6507526483759085,0.015432287495836921,RU,0.5,nM,dissociation,60.0,180.0
mAb-X-SCK,mAb-X,run-1,mAb-X-B1,B1-204,204.0,s,1.2783192545676711,-0.019934932385640047,0.43034273322382693,-0.19960434497456606,RU,0.5,nM,dissociation,60.0,180.0
mAb-X-SCK,mAb-X,run-1,mAb-X-B1,B1-205,205.0,s,1.4799105335094969,-0.008179386424337333,0.3772443661737324,0.08620040167909299,RU,0.5,nM,dissociation,60.0,180.0
mAb-X-SCK,mAb-X,run-1,mAb-X-B1,B1-206,206.0,s,1.0283974408207868,-0.008176051956284569,0.14765846043444508,-0.12814998045805762,RU,0.5,nM,dissociation,60.0,180.0
mAb-X-SCK,mAb-X,run-1,mAb-X-B1,B1-207,207.0,s,1.349530470525699,-0.14768236280966068,0.6632102423488995,0.060136346826967994,RU,0.5,nM,dissociation,60.0,180.0
mAb-X-SCK,mAb-X,run-1,mAb-X-B1,B1-208,208.0,s,1.4561119418051898,0.13925600667771285,0.21842594000217994,-0.08214778757794614,RU,0.5,nM,dissociation,60.0,180.0
mAb-X-SCK,mAb-X,run-1,mAb-X-B1,B1-209,209.0,s,1.2144762491828167,0.20843098350832087,0.23775801896461482,0.28797738987422106,RU,0.5,nM,dissociation,60.0,180.0
mAb-X-SCK,mAb-X,run-1,mAb-X-B1,B1-210,210.0,s,1.556738278658329,0.09382621591772121,0.6593400894003179,-0.2007136470434321,RU,0.5,nM,dissociation,60.0,180.0
mAb-X-SCK,mAb-X,run-1,mAb-X-B1,B1-211,211.0,s,1.2409947979526639,-0.1122020524873927,0.33558747722435023,-0.04326598158383847,RU,0.5,nM,dissociation,60.0,180.0
mAb-X-SCK,mAb-X,run-1,mAb-X-B1,B1-212,212.0,s,1.3176187633702237,-0.05334129921493945,0.32814581179879393,0.13785478402646492,RU,0.5,nM,dissociation,60.0,180.0
mAb-X-SCK,mAb-X,run-1,mAb-X-B1,B1-213,213.0,s,1.1799483148090184,-0.09821172448558711,0.2476605980693837,0.04624035680313235,RU,0.5,nM,dissociation,60.0,180.0
mAb-X-SCK,mAb-X,run-1,mAb-X-B1,B1-214,214.0,s,1.1954721658537515,0.10432108263846084,0.2088613689779805,-0.20420373412508616,RU,0.5,nM,dissociation,60.0,180.0
mAb-X-SCK,mAb-X,run-1,mAb-X-B1,B1-215,215.0,s,1.2752439261590414,0.29124096779455083,0.41497381128689637,-0.006937852562145457,RU,0.5,nM,dissociation,60.0,180.0
mAb-X-SCK,mAb-X,run-1,mAb-X-B1,B1-216,216.0,s,1.3065325058647475,0.043076139177272856,0.5377327044278533,0.043165130644008426,RU,0.5,nM,dissociation,60.0,180.0
mAb-X-SCK,mAb-X,run-1,mAb-X-B1,B1-217,217.0,s,1.5002159243351987,-0.1663448866853038,0.48826557959625017,-0.2700801758205638,RU,0.5,nM,dissociation,60.0,180.0
mAb-X-SCK,mAb-X,run-1,mAb-X-B1,B1-218,218.0,s,1.340725393509346,0.04854029251160999,0.5648710545617116,-0.008899251819781677,RU,0.5,nM,dissociation,60.0,180.0
mAb-X-SCK,mAb-X,run-1,mAb-X-B1,B1-219,219.0,s,1.310207216070808,0.05131487765357962,0.5359091483957997,0.03839380005296534,RU,0.5,nM,dissociation,60.0,180.0
mAb-X-SCK,mAb-X,run-1,mAb-X-B1,B1-220,220.0,s,1.1623364681050334,-0.05624402883286692,0.41214899850041425,-0.24883068268253766,RU,0.5,nM,dissociation,60.0,180.0
mAb-X-SCK,mAb-X,run-1,mAb-X-B1,B1-221,221.0,s,1.5920468324778039,0.140725339697533,0.5075941967671562,0.0171178391572782,RU,0.5,nM,dissociation,60.0,180.0
mAb-X-SCK,mAb-X,run-1,mAb-X-B1,B1-222,222.0,s,1.2567454334582742,-0.25434852933754143,0.3991213071567385,0.2444306942640158,RU,0.5,nM,dissociation,60.0,180.0
mAb-X-SCK,mAb-X,run-1,mAb-X-B1,B1-223,223.0,s,0.8673528094972739,0.22248676927871117,0.4362220961490426,0.08196274009569117,RU,0.5,nM,dissociation,60.0,180.0
mAb-X-SCK,mAb-X,run-1,mAb-X-B1,B1-224,224.0,s,1.3211373518966387,0.010473136322295172,0.5620727694672639,-0.14777985029633128,RU,0.5,nM,dissociation,60.0,180.0
mAb-X-SCK,mAb-X,run-1,mAb-X-B1,B1-225,225.0,s,1.4472279419236727,0.291411195356669,0.4452359408401954,-0.05464991475876437,RU,0.5,nM,dissociation,60.0,180.0
mAb-X-SCK,mAb-X,run-1,mAb-X-B1,B1-226,226.0,s,1.1561743124449464,-0.0736945938693589,0.5928469481607463,-0.018040037917597264,RU,0.5,nM,dissociation,60.0,180.0
mAb-X-SCK,mAb-X,run-1,mAb-X-B1,B1-227,227.0,s,1.3604370025119228,-0.02454412524053969,0.5756201751552131,0.15490904602377556,RU,0.5,nM,dissociation,60.0,180.0
mAb-X-SCK,mAb-X,run-1,mAb-X-B1,B1-228,228.0,s,1.0706304517515506,-0.08257312461992257,0.561440754656065,-0.0226280191338404,RU,0.5,nM,dissociation,60.0,180.0
mAb-X-SCK,mAb-X,run-1,mAb-X-B1,B1-229,229.0,s,1.1902239329366657,-0.025563520861656516,0.7547257600755086,0.03778751993052033,RU,0.5,nM,dissociation,60.0,180.0
mAb-X-SCK,mAb-X,run-1,mAb-X-B1,B1-230,230.0,s,1.378495063876583,0.05080903396358057,0.3352746736246694,-0.05035069934968092,RU,0.5,nM,dissociation,60.0,180.0
mAb-X-SCK,mAb-X,run-1,mAb-X-B1,B1-231,231.0,s,1.2837776129389757,-0.20372852224932597,0.5225664876815067,-0.21531624385233109,RU,0.5,nM,dissociation,60.0,180.0
mAb-X-SCK,mAb-X,run-1,mAb-X-B1,B1-232,232.0,s,1.1886447814701513,0.005831648976855262,0.46401637102603316,0.10996163361817612,RU,0.5,nM,dissociation,60.0,180.0
mAb-X-SCK,mAb-X,run-1,mAb-X-B1,B1-233,233.0,s,1.4011071107180373,0.06914183627377196,0.5096313330256297,-0.30111260137573487,RU,0.5,nM,dissociation,60.0,180.0
mAb-X-SCK,mAb-X,run-1,mAb-X-B1,B1-234,234.0,s,1.1308190203627713,-0.20440668637694578,0.6315605644984671,0.29856615459343666,RU,0.5,nM,dissociation,60.0,180.0
mAb-X-SCK,mAb-X,run-1,mAb-X-B1,B1-235,235.0,s,1.0671624217632245,0.20207529799034296,0.40730900402019043,-0.15171339943934326,RU,0.5,nM,dissociation,60.0,180.0
mAb-X-SCK,mAb-X,run-1,mAb-X-B1,B1-236,236.0,s,1.4053365062837646,0.18699414240600568,0.6380645788940663,-0.09546051069492122,RU,0.5,nM,dissociation,60.0,180.0
mAb-X-SCK,mAb-X,run-1,mAb-X-B1,B1-237,237.0,s,1.3018377417197544,0.004262309052732865,0.7446007283134736,0.13534724166297782,RU,0.5,nM,dissociation,60.0,180.0
mAb-X-SCK,mAb-X,run-1,mAb-X-B1,B1-238,238.0,s,1.3802656103788744,0.10429157720815396,0.5390143023054226,0.0543794383945815,RU,0.5,nM,dissociation,60.0,180.0
mAb-X-SCK,mAb-X,run-1,mAb-X-B1,B1-239,239.0,s,1.4723085341816309,-0.20619603535179726,0.3790405743442927,-0.07848165337335501,RU,0.5,nM,dissociation,60.0,180.0
mAb-X-SCK,mAb-X,run-1,mAb-X-B1,B1-240,240.0,s,1.4719398301803277,0.19708941080168274,0.3493468756891422,0.09170447843403744,RU,1.5,nM,association,240.0,360.0
mAb-X-SCK,mAb-X,run-1,mAb-X-B1,B1-241,241.0,s,1.875487692159834,0.25399773736497094,0.5524043380765301,-0.1893625787926711,RU,1.5,nM,association,240.0,360.0
mAb-X-SCK,mAb-X,run-1,mAb-X-B1,B1-242,242.0,s,1.8958992380782898,0.278522994289136,0.5174960959406545,-0.0933167167865153,RU,1.5,nM,association,240.0,360.0
mAb-X-SCK,mAb-X,run-1,mAb-X-B1,B1-243,243.0,s,1.8476958981624483,0.3411787911167995,0.270543468612587,-0.060668972476231715,RU,1.5,nM,association,240.0,360.0
mAb-X-SCK,mAb-X,run-1,mAb-X-B1,B1-244,244.0,s,1.7910460853093861,0.3231562654434596,0.23496446544319338,0.3756567027980144,RU,1.5,nM,association,240.0,360.0
mAb-X-SCK,mAb-X,run-1,mAb-X-B1,B1-245,245.0,s,1.950581146058485,0.28386522891864724,0.6702445541641247,0.016787248657546668,RU,1.5,nM,association,240.0,360.0
mAb-X-SCK,mAb-X,run-1,mAb-X-B1,B1-246,246.0,s,1.9761333110422052,0.27686925977764204,0.515340834449886,-0.15633305068750492,RU,1.5,nM,association,240.0,360.0
mAb-X-SCK,mAb-X,run-1,mAb-X-B1,B1-247,247.0,s,1.6667642201064523,0.35323740280960236,0.669637244959228,-0.12246291037631205,RU,1.5,nM,association,240.0,360.0
mAb-X-SCK,mAb-X,run-1,mAb-X-B1,B1-248,248.0,s,1.8257056050600458,-0.029993992355304477,0.7265242837312305,-0.06644068698205538,RU,1.5,nM,association,240.0,360.0
mAb-X-SCK,mAb-X,run-1,mAb-X-B1,B1-249,249.0,s,1.695342298434487,0.30055439775988924,0.5901143646064618,-0.15843272444224507,RU,1.5,nM,association,240.0,360.0
mAb-X-SCK,mAb-X,run-1,mAb-X-B1,B1-250,250.0,s,1.8494299396455685,0.19477045139425025,0.28641255448031533,0.0675183355993091,RU,1.5,nM,association,240.0,360.0
mAb-X-SCK,mAb-X,run-1,mAb-X-B1,B1-251,251.0,s,1.8467505628505518,-0.01178675721346542,0.7439621005082566,0.2844175187822975,RU,1.5,nM,association,240.0,360.0
mAb-X-SCK,mAb-X,run-1,mAb-X-B1,B1-252,252.0,s,1.9874908292424187,0.27153565277734704,0.4510949994984454,-0.19617829894513994,RU,1.5,nM,association,240.0,360.0
mAb-X-SCK,mAb-X,run-1,mAb-X-B1,B1-253,253.0,s,1.7939834368165843,0.27154194379258345,0.35209828567319446,-0.17122099417403222,RU,1.5,nM,association,240.0,360.0
mAb-X-SCK,mAb-X,run-1,mAb-X-B1,B1-254,254.0,s,1.8856438293746791,0.2200198489539747,0.5829676124128256,0.4027747316323789,RU,1.5,nM,association,240.0,360.0
mAb-X-SCK,mAb-X,run-1,mAb-X-B1,B1-255,255.0,s,2.032732527207435,0.4129365819412558,0.8272770907211202,-0.09609278827882137,RU,1.5,nM,association,240.0,360.0
mAb-X-SCK,mAb-X,run-1,mAb-X-B1,B1-256,256.0,s,2.272613417735405,0.004296679285264143,0.3092835155435554,-0.16498156521241888,RU,1.5,nM,association,240.0,360.0
mAb-X-SCK,mAb-X,run-1,mAb-X-B1,B1-257,257.0,s,2.16012029611302,0.09036043292317097,0.4938383482476214,-0.21030662629665178,RU,1.5,nM,association,240.0,360.0
mAb-X-SCK,mAb-X,run-1,mAb-X-B1,B1-258,258.0,s,1.8258388207028555,0.10750707354591518,0.6531840013835146,0.07857145708997947,RU,1.5,nM,association,240.0,360.0
mAb-X-SCK,mAb-X,run-1,mAb-X-B1,B1-259,259.0,s,2.2208553404523452,0.22668159018367537,0.733117462111996,-0.09687022507376304,RU,1.5,nM,association,240.0,360.0
mAb-X-SCK,mAb-X,run-1,mAb-X-B1,B1-260,260.0,s,1.9781277586346533,0.3582429029820706,0.6583095606239676,-0.09973947608773882,RU,1.5,nM,association,240.0,360.0
mAb-X-SCK,mAb-X,run-1,mAb-X-B1,B1-261,261.0,s,1.9581653049996968,0.25491834343665387,0.7955081980187213,-0.06333491022366913,RU,1.5,nM,association,240.0,360.0
mAb-X-SCK,mAb-X,run-1,mAb-X-B1,B1-262,262.0,s,1.798784797973194,0.4104733612393892,0.5454964751237568,-0.022926060136501412,RU,1.5,nM,association,240.0,360.0
mAb-X-SCK,mAb-X,run-1,mAb-X-B1,B1-263,263.0,s,2.089740621876404,0.4610663036926873,0.5394238945976991,0.09451293198797416,RU,1.5,nM,association,240.0,360.0
mAb-X-SCK,mAb-X,run-1,mAb-X-B1,B1-264,264.0,s,2.192757147279665,0.36186029155528054,0.6179516848575144,-0.19678921252884682,RU,1.5,nM,association,240.0,360.0
mAb-X-SCK,mAb-X,run-1,mAb-X-B1,B1-265,265.0,s,2.249472058610789,0.49957191613732016,0.6136510093989807,-0.19219190168439312,RU,1.5,nM,association,240.0,360.0
mAb-X-SCK,mAb-X,run-1,mAb-X-B1,B1-266,266.0,s,2.276996285945625,0.2034918333829011,0.6478018706742678,-0.09262848607151017,RU,1.5,nM,association,240.0,360.0
mAb-X-SCK,mAb-X,run-1,mAb-X-B1,B1-267,267.0,s,2.266989518095293,0.17450547619382936,0.8578384122804068,-0.4249099800460853,RU,1.5,nM,association,240.0,360.0
mAb-X-SCK,mAb-X,run-1,mAb-X-B1,B1-268,268.0,s,2.229341999450474,-0.15419408161607173,0.42730104370270083,0.17271062214421493,RU,1.5,nM,association,240.0,360.0
mAb-X-SCK,mAb-X,run-1,mAb-X-B1,B1-269,269.0,s,2.5504346856459,0.19553338291773492,0.37058380520792744,0.13743474751228535,RU,1.5,nM,association,240.0,360.0
mAb-X-SCK,mAb-X,run-1,mAb-X-B1,B1-270,270.0,s,2.7765804068212647,0.12468814223413063,0.7156711127508506,-0.3879513586095904,RU,1.5,nM,association,240.0,360.0
mAb-X-SCK,mAb-X,run-1,mAb-X-B1,B1-271,271.0,s,2.384244884363925,0.16798168596373803,0.5882690669191432,0.1740193081216117,RU,1.5,nM,association,240.0,360.0
mAb-X-SCK,mAb-X,run-1,mAb-X-B1,B1-272,272.0,s,2.320085790944755,0.5425547007847747,0.6596560245316467,0.08078409558568504,RU,1.5,nM,association,240.0,360.0
mAb-X-SCK,mAb-X,run-1,mAb-X-B1,B1-273,273.0,s,2.1628718548092083,0.23765222581920167,0.6110247341024694,-0.018733393376704943,RU,1.5,nM,association,240.0,360.0
mAb-X-SCK,mAb-X,run-1,mAb-X-B1,B1-274,274.0,s,2.4653360057774005,0.2072982411132383,0.8723051757528473,-0.0580218313904682,RU,1.5,nM,association,240.0,360.0
mAb-X-SCK,mAb-X,run-1,mAb-X-B1,B1-275,275.0,s,2.4827762828739237,0.17028996611363917,0.43903167905441387,0.14806260003008437,RU,1.5,nM,association,240.0,360.0
mAb-X-SCK,mAb-X,run-1,mAb-X-B1,B1-276,276.0,s,2.7058711681415666,0.021617305255257124,0.718516608932764,-0.1537456023042107,RU,1.5,nM,association,240.0,360.0
mAb-X-SCK,mAb-X,run-1,mAb-X-B1,B1-277,277.0,s,2.471184254069902,0.25828259526931907,0.4975509117171317,0.1938632830723116,RU,1.5,nM,association,240.0,360.0
mAb-X-SCK,mAb-X,run-1,mAb-X-B1,B1-278,278.0,s,2.7168203214301774,0.18326278487767636,0.5703677348218451,0.08131362366361802,RU,1.5,nM,association,240.0,360.0
mAb-X-SCK,mAb-X,run-1,mAb-X-B1,B1-279,279.0,s,2.8435662683668936,0.4513420449264235,0.5636802165686662,0.025020616165558025,RU,1.5,nM,association,240.0,360.0
mAb-X-SCK,mAb-X,run-1,mAb-X-B1,B1-280,280.0,s,3.1685357749803873,0.13051712236595764,0.4703242755747032,0.11212408450643317,RU,1.5,nM,association,240.0,360.0
mAb-X-SCK,mAb-X,run-1,mAb-X-B1,B1-281,281.0,s,2.52505889755907,0.030605719386926133,0.6218408668146411,0.02416474505583072,RU,1.5,nM,association,240.0,360.0
mAb-X-SCK,mAb-X,run-1,mAb-X-B1,B1-282,282.0,s,2.5875474948807278,0.3243719158679533,0.6383050976606792,-0.08376565283026374,RU,1.5,nM,association,240.0,360.0
mAb-X-SCK,mAb-X,run-1,mAb-X-B1,B1-283,283.0,s,2.5308214276610563,0.3000392822006872,0.41513098533814063,0.009730721991428312,RU,1.5,nM,association,240.0,360.0
mAb-X-SCK,mAb-X,run-1,mAb-X-B1,B1-284,284.0,s,3.0850443495033475,0.20159253412584674,0.6180340427642484,0.06486526542032596,RU,1.5,nM,association,240.0,360.0
mAb-X-SCK,mAb-X,run-1,mAb-X-B1,B1-285,285.0,s,2.7396878718689224,0.27143452889462527,0.38951980506631956,-0.14325605110097972,RU,1.5,nM,association,240.0,360.0
mAb-X-SCK,mAb-X,run-1,mAb-X-B1,B1-286,286.0,s,2.7738124914800997,0.29812532660589863,0.5218423506736232,0.14156600128847713,RU,1.5,nM,association,240.0,360.0
mAb-X-SCK,mAb-X,run-1,mAb-X-B1,B1-287,287.0,s,2.708886646272939,0.2879598395815544,0.7265391259784877,-0.046988060140170186,RU,1.5,nM,association,240.0,360.0
mAb-X-SCK,mAb-X,run-1,mAb-X-B1,B1-288,288.0,s,2.876690004160702,0.16949287986728462,0.5816715853682417,0.1395652292767442,RU,1.5,nM,association,240.0,360.0
mAb-X-SCK,mAb-X,run-1,mAb-X-B1,B1-289,289.0,s,2.6551714033983993,0.20759641590774996,0.8318390573858754,-0.07236247956148772,RU,1.5,nM,association,240.0,360.0
mAb-X-SCK,mAb-X,run-1,mAb-X-B1,B1-290,290.0,s,2.8691832229692653,0.16085012787695496,0.4470228885357651,0.09571385419463892,RU,1.5,nM,association,240.0,360.0
mAb-X-SCK,mAb-X,run-1,mAb-X-B1,B1-291,291.0,s,2.685707082142999,-0.03910078230210717,0.42174244111566417,-0.18895977559699498,RU,1.5,nM,association,240.0,360.0
mAb-X-SCK,mAb-X,run-1,mAb-X-B1,B1-292,292.0,s,2.9515534722766352,0.5569576442499524,0.5519013598408266,0.34386688050724507,RU,1.5,nM,association,240.0,360.0
mAb-X-SCK,mAb-X,run-1,mAb-X-B1,B1-293,293.0,s,2.668191850879019,0.45123429311053653,0.4350545260083378,0.1221809929695107,RU,1.5,nM,association,240.0,360.0
mAb-X-SCK,mAb-X,run-1,mAb-X-B1,B1-294,294.0,s,3.1999123153938944,0.38567672527552754,0.40158558259722454,0.17940529563318816,RU,1.5,nM,association,240.0,360.0
mAb-X-SCK,mAb-X,run-1,mAb-X-B1,B1-295,295.0,s,2.7437785683704425,0.13984609565590467,0.4171531120922709,0.07337582964746181,RU,1.5,nM,association,240.0,360.0
mAb-X-SCK,mAb-X,run-1,mAb-X-B1,B1-296,296.0,s,2.6933507946950437,0.16353739679024032,0.6320414775505238,0.1970175458533004,RU,1.5,nM,association,240.0,360.0
mAb-X-SCK,mAb-X,run-1,mAb-X-B1,B1-297,297.0,s,2.913614287710131,0.2935697701773478,0.762139439224393,0.05002553745711738,RU,1.5,nM,association,240.0,360.0
mAb-X-SCK,mAb-X,run-1,mAb-X-B1,B1-298,298.0,s,3.027566847969231,0.19026314762272178,0.7817916435168099,0.0948108931018052,RU,1.5,nM,association,240.0,360.0
mAb-X-SCK,mAb-X,run-1,mAb-X-B1,B1-299,299.0,s,2.970514754403594,0.4651596436132305,0.7918252606999694,-0.012830021448101225,RU,1.5,nM,association,240.0,360.0
mAb-X-SCK,mAb-X,run-1,mAb-X-B1,B1-300,300.0,s,3.2187846726781695,0.15188678650168985,0.4868138223866393,-0.011592924681955505,RU,1.5,nM,association,240.0,360.0
mAb-X-SCK,mAb-X,run-1,mAb-X-B1,B1-301,301.0,s,3.2437275774074226,0.21071588485415646,0.5115820843204791,0.2852810731736322,RU,1.5,nM,association,240.0,360.0
mAb-X-SCK,mAb-X,run-1,mAb-X-B1,B1-302,302.0,s,3.2799372659680577,0.20366570872147644,0.5873940121266479,-0.20675173002647818,RU,1.5,nM,association,240.0,360.0
mAb-X-SCK,mAb-X,run-1,mAb-X-B1,B1-303,303.0,s,3.235569656727086,-0.006489135775252619,0.5633996352989306,-0.05310112233484645,RU,1.5,nM,association,240.0,360.0
mAb-X-SCK,mAb-X,run-1,mAb-X-B1,B1-304,304.0,s,2.9991125545228474,0.12688229356514213,0.8745900598140545,-0.12057512373118687,RU,1.5,nM,association,240.0,360.0
mAb-X-SCK,mAb-X,run-1,mAb-X-B1,B1-305,305.0,s,3.2221693715002044,0.06951344587646396,0.6571381617833767,0.027970062778481884,RU,1.5,nM,association,240.0,360.0
mAb-X-SCK,mAb-X,run-1,mAb-X-B1,B1-306,306.0,s,3.2826512700628823,0.31138525087444585,0.4748196565048122,0.013630883023096311,RU,1.5,nM,association,240.0,360.0
mAb-X-SCK,mAb-X,run-1,mAb-X-B1,B1-307,307.0,s,3.339054117895531,0.18672347721222848,0.4814616072362782,0.2438421254669019,RU,1.5,nM,association,240.0,360.0
mAb-X-SCK,mAb-X,run-1,mAb-X-B1,B1-308,308.0,s,3.3447152996012752,0.044294810455532324,0.6689823776625691,-0.03385300606684992,RU,1.5,nM,association,240.0,360.0
mAb-X-SCK,mAb-X,run-1,mAb-X-B1,B1-309,309.0,s,3.321998988794448,0.23238524545480027,0.6742967664194018,0.36147103485593157,RU,1.5,nM,association,240.0,360.0
mAb-X-SCK,mAb-X,run-1,mAb-X-B1,B1-310,310.0,s,3.2677044273983737,0.018561630401633306,0.8082329661916063,0.09456076699852846,RU,1.5,nM,association,240.0,360.0
mAb-X-SCK,mAb-X,run-1,mAb-X-B1,B1-311,311.0,s,3.3311940476495105,0.3468470998792434,0.49722937412061713,-0.21402339429930592,RU,1.5,nM,association,240.0,360.0
mAb-X-SCK,mAb-X,run-1,mAb-X-B1,B1-312,312.0,s,3.4400224254780234,0.10247644662413187,0.9757227054165882,0.12509215121819567,RU,1.5,nM,association,240.0,360.0
mAb-X-SCK,mAb-X,run-1,mAb-X-B1,B1-313,313.0,s,3.575328032952773,0.13093138711299818,0.5159906024178105,0.18705641417485605,RU,1.5,nM,association,240.0,360.0
mAb-X-SCK,mAb-X,run-1,mAb-X-B1,B1-314,314.0,s,3.3374326049644543,0.40925576703686717,0.44017842238293114,0.20500060023488206,RU,1.5,nM,association,240.0,360.0
mAb-X-SCK,mAb-X,run-1,mAb-X-B1,B1-315,315.0,s,3.4047066322702277,0.33384027307390657,0.526330660344512,-0.04796487650708805,RU,1.5,nM,association,240.0,360.0
mAb-X-SCK,mAb-X,run-1,mAb-X-B1,B1-316,316.0,s,3.58342506827731,0.2648148510027315,0.6205080360441034,0.2848463113882546,RU,1.5,nM,association,240.0,360.0
mAb-X-SCK,mAb-X,run-1,mAb-X-B1,B1-317,317.0,s,3.575842339091583,0.36055352000184443,0.2973510874058808,0.05605248387062055,RU,1.5,nM,association,240.0,360.0
mAb-X-SCK,mAb-X,run-1,mAb-X-B1,B1-318,318.0,s,3.613885563240241,0.1007037039531355,0.5212668414074335,0.0019166504990222408,RU,1.5,nM,association,240.0,360.0
mAb-X-SCK,mAb-X,run-1,mAb-X-B1,B1-319,319.0,s,3.3997889268687227,0.13364570509292348,0.6867851942698118,0.06425112068187382,RU,1.5,nM,association,240.0,360.0
mAb-X-SCK,mAb-X,run-1,mAb-X-B1,B1-320,320.0,s,3.7482609787580254,0.5464888307157787,0.5002967504526898,0.07717966935907043,RU,1.5,nM,association,240.0,360.0
mAb-X-SCK,mAb-X,run-1,mAb-X-B1,B1-321,321.0,s,3.63020561024909,0.23840923242910006,0.7739062628794875,0.12561301211043818,RU,1.5,nM,association,240.0,360.0
mAb-X-SCK,mAb-X,run-1,mAb-X-B1,B1-322,322.0,s,3.521276849143384,0.07716814784428452,0.6090648658936632,-0.22458138721264853,RU,1.5,nM,association,240.0,360.0
mAb-X-SCK,mAb-X,run-1,mAb-X-B1,B1-323,323.0,s,3.4976187392595106,0.02754519683983242,0.7648499158919532,0.015775140323288687,RU,1.5,nM,association,240.0,360.0
mAb-X-SCK,mAb-X,run-1,mAb-X-B1,B1-324,324.0,s,3.8731081080029846,0.14620050162497594,0.808392987997204,-0.010632459453030119,RU,1.5,nM,association,240.0,360.0
mAb-X-SCK,mAb-X,run-1,mAb-X-B1,B1-325,325.0,s,3.5989574865909018,0.21418613201917994,0.6630092581901171,0.10204385613181371,RU,1.5,nM,association,240.0,360.0
mAb-X-SCK,mAb-X,run-1,mAb-X-B1,B1-326,326.0,s,3.7370725540619167,0.2110503847991964,0.5732415255416635,-0.09063201543809196,RU,1.5,nM,association,240.0,360.0
mAb-X-SCK,mAb-X,run-1,mAb-X-B1,B1-327,327.0,s,3.7846311897525897,0.30977299892233195,0.5948189812288803,-0.0006551173082861395,RU,1.5,nM,association,240.0,360.0
mAb-X-SCK,mAb-X,run-1,mAb-X-B1,B1-328,328.0,s,3.961554969632994,0.04017096016328231,0.6544590699172934,-0.22202097811283103,RU,1.5,nM,association,240.0,360.0
mAb-X-SCK,mAb-X,run-1,mAb-X-B1,B1-329,329.0,s,3.8820741110590715,0.13309736923433407,0.7411441287407126,-0.0928976430137261,RU,1.5,nM,association,240.0,360.0
mAb-X-SCK,mAb-X,run-1,mAb-X-B1,B1-330,330.0,s,3.9350298240350123,0.29690085382637554,0.5898807417362094,0.019777884001714322,RU,1.5,nM,association,240.0,360.0
mAb-X-SCK,mAb-X,run-1,mAb-X-B1,B1-331,331.0,s,3.8007338524456973,0.12340217459712331,0.7590491588846877,0.08743223268112159,RU,1.5,nM,association,240.0,360.0
mAb-X-SCK,mAb-X,run-1,mAb-X-B1,B1-332,332.0,s,4.000610240238017,0.2900303332070862,0.6253800958384246,-0.030710265597128774,RU,1.5,nM,association,240.0,360.0
mAb-X-SCK,mAb-X,run-1,mAb-X-B1,B1-333,333.0,s,3.6605635015161835,0.2157696103985559,0.7117385413197699,-0.2569111662456,RU,1.5,nM,association,240.0,360.0
mAb-X-SCK,mAb-X,run-1,mAb-X-B1,B1-334,334.0,s,3.966611952412956,-0.11853687698078846,0.5049068704794748,0.013566130411592846,RU,1.5,nM,association,240.0,360.0
mAb-X-SCK,mAb-X,run-1,mAb-X-B1,B1-335,335.0,s,3.788550526600312,0.38000417024512123,0.6179576425415283,-0.023317530988673892,RU,1.5,nM,association,240.0,360.0
mAb-X-SCK,mAb-X,run-1,mAb-X-B1,B1-336,336.0,s,3.92965170700184,0.10062197529656568,0.4272079721322391,-0.006493001474699148,RU,1.5,nM,association,240.0,360.0
mAb-X-SCK,mAb-X,run-1,mAb-X-B1,B1-337,337.0,s,3.93215639965001,0.14175658150105105,0.5869263924216059,0.12661816645331667,RU,1.5,nM,association,240.0,360.0
mAb-X-SCK,mAb-X,run-1,mAb-X-B1,B1-338,338.0,s,3.7570182337325253,0.27454648521983915,0.8005588686946199,0.1030305330774104,RU,1.5,nM,association,240.0,360.0
mAb-X-SCK,mAb-X,run-1,mAb-X-B1,B1-339,339.0,s,3.930758485946059,0.1789753359974718,0.3475184932823263,0.19682345804666868,RU,1.5,nM,association,240.0,360.0
mAb-X-SCK,mAb-X,run-1,mAb-X-B1,B1-340,340.0,s,3.791000877451618,0.25886770582044705,0.8366725255366957,0.046733446886953654,RU,1.5,nM,association,240.0,360.0
mAb-X-SCK,mAb-X,run-1,mAb-X-B1,B1-341,341.0,s,3.9452647246257313,0.1546026630235008,0.4171593136016467,-0.18102101422951086,RU,1.5,nM,association,240.0,360.0
mAb-X-SCK,mAb-X,run-1,mAb-X-B1,B1-342,342.0,s,4.097725438872044,-0.0008022331904905811,0.7085160142030819,-0.018667462904132386,RU,1.5,nM,association,240.0,360.0
mAb-X-SCK,mAb-X,run-1,mAb-X-B1,B1-343,343.0,s,4.320854403889033,0.06448206436363288,0.5058579116185173,0.2992584992059379,RU,1.5,nM,association,240.0,360.0
mAb-X-SCK,mAb-X,run-1,mAb-X-B1,B1-344,344.0,s,4.298320602842655,0.053135692297123116,1.030248123643081,-0.03997746862625497,RU,1.5,nM,association,240.0,360.0
mAb-X-SCK,mAb-X,run-1,mAb-X-B1,B1-345,345.0,s,4.2389681572716995,0.16398838141853297,0.800397125141379,-0.051329909659840356,RU,1.5,nM,association,240.0,360.0
mAb-X-SCK,mAb-X,run-1,mAb-X-B1,B1-346,346.0,s,4.111469379288443,0.09841900724885136,0.5851232623092536,-0.1312247046910487,RU,1.5,nM,association,240.0,360.0
mAb-X-SCK,mAb-X,run-1,mAb-X-B1,B1-347,347.0,s,4.414591995373013,0.12354735107459401,0.7403319309381097,0.003402142468768516,RU,1.5,nM,association,240.0,360.0
mAb-X-SCK,mAb-X,run-1,mAb-X-B1,B1-348,348.0,s,4.402370162719867,0.20186530245518008,0.5794331849479579,-0.08786368134128637,RU,1.5,nM,association,240.0,360.0
mAb-X-SCK,mAb-X,run-1,mAb-X-B1,B1-349,349.0,s,4.322455405337338,0.4408976268399411,0.8510820362506304,-0.050662955923088865,RU,1.5,nM,association,240.0,360.0
mAb-X-SCK,mAb-X,run-1,mAb-X-B1,B1-350,350.0,s,4.38295894972294,-0.04285264885083989,0.759259402200214,-0.19340330865217045,RU,1.5,nM,association,240.0,360.0
mAb-X-SCK,mAb-X,run-1,mAb-X-B1,B1-351,351.0,s,4.2634788523961,0.28409560866829503,0.6939988981090806,0.0894020410085973,RU,1.5,nM,association,240.0,360.0
mAb-X-SCK,mAb-X,run-1,mAb-X-B1,B1-352,352.0,s,4.389178298495184,0.4231577347891493,0.731590005890878,0.10361607911734612,RU,1.5,nM,association,240.0,360.0
mAb-X-SCK,mAb-X,run-1,mAb-X-B1,B1-353,353.0,s,4.20829240475819,0.15349461215726737,0.6477600335204351,0.14642600422586105,RU,1.5,nM,association,240.0,360.0
mAb-X-SCK,mAb-X,run-1,mAb-X-B1,B1-354,354.0,s,4.398660863703205,0.40290400236710877,0.6398093611984479,-0.017516287942456934,RU,1.5,nM,association,240.0,360.0
mAb-X-SCK,mAb-X,run-1,mAb-X-B1,B1-355,355.0,s,4.573470698301778,0.30824498029771624,0.9186076545893342,0.15818084720849712,RU,1.5,nM,association,240.0,360.0
mAb-X-SCK,mAb-X,run-1,mAb-X-B1,B1-356,356.0,s,4.476872424541479,0.484186271076451,0.757258442274498,0.0850550620921336,RU,1.5,nM,association,240.0,360.0
mAb-X-SCK,mAb-X,run-1,mAb-X-B1,B1-357,357.0,s,4.353403333935054,0.4973107579781346,0.7362729921374553,-0.13779011893760154,RU,1.5,nM,association,240.0,360.0
mAb-X-SCK,mAb-X,run-1,mAb-X-B1,B1-358,358.0,s,4.704938316220864,0.18470234286615497,0.8367451568568124,0.13911297765812378,RU,1.5,nM,association,240.0,360.0
mAb-X-SCK,mAb-X,run-1,mAb-X-B1,B1-359,359.0,s,4.405867609799048,0.33423531220792246,0.5443278085578074,0.17327706882508717,RU,1.5,nM,association,240.0,360.0
mAb-X-SCK,mAb-X,run-1,mAb-X-B1,B1-360,360.0,s,4.236286372182346,0.07028534685040456,0.6365020893853753,0.31444662805243556,RU,1.5,nM,dissociation,240.0,360.0
mAb-X-SCK,mAb-X,run-1,mAb-X-B1,B1-361,361.0,s,4.128907475713295,-0.3306462855038917,0.7597223610219064,-0.001764582752280086,RU,1.5,nM,dissociation,240.0,360.0
mAb-X-SCK,mAb-X,run-1,mAb-X-B1,B1-362,362.0,s,4.2820609695811696,0.01983168115782008,0.6796691333554776,-0.01874677547328257,RU,1.5,nM,dissociation,240.0,360.0
mAb-X-SCK,mAb-X,run-1,mAb-X-B1,B1-363,363.0,s,4.32384290196014,-0.002740182705178582,0.6192757838772798,-0.07557100479703997,RU,1.5,nM,dissociation,240.0,360.0
mAb-X-SCK,mAb-X,run-1,mAb-X-B1,B1-364,364.0,s,4.29216352351632,-0.08144617219145468,0.5970576646970378,-0.17806580346061765,RU,1.5,nM,dissociation,240.0,360.0
mAb-X-SCK,mAb-X,run-1,mAb-X-B1,B1-365,365.0,s,4.313617185940237,-0.1610481720476966,0.8081691057785475,0.11440281573074967,RU,1.5,nM,dissociation,240.0,360.0
mAb-X-SCK,mAb-X,run-1,mAb-X-B1,B1-366,366.0,s,4.560502827913085,-0.19690474380172507,0.7091834213025806,0.1394461795749359,RU,1.5,nM,dissociation,240.0,360.0
mAb-X-SCK,mAb-X,run-1,mAb-X-B1,B1-367,367.0,s,4.260642515067462,0.11849678405801066,0.7906932605681011,0.08183121496671532,RU,1.5,nM,dissociation,240.0,360.0
mAb-X-SCK,mAb-X,run-1,mAb-X-B1,B1-368,368.0,s,4.228549621940036,0.04276698758974214,0.802750437550764,-0.07026750890943476,RU,1.5,nM,dissociation,240.0,360.0
mAb-X-SCK,mAb-X,run-1,mAb-X-B1,B1-369,369.0,s,4.227277940009525,-0.2575833331345209,0.7247439353008355,0.07850421284349364,RU,1.5,nM,dissociation,240.0,360.0
mAb-X-SCK,mAb-X,run-1,mAb-X-B1,B1-370,370.0,s,4.285832266991603,0.0007453077437938666,0.4453055307102998,-0.01923407420015623,RU,1.5,nM,dissociation,240.0,360.0
mAb-X-SCK,mAb-X,run-1,mAb-X-B1,B1-371,371.0,s,4.258796498728938,0.1401234403736848,0.603569174643894,0.14588092666504998,RU,1.5,nM,dissociation,240.0,360.0
mAb-X-SCK,mAb-X,run-1,mAb-X-B1,B1-372,372.0,s,4.36851834918708,0.26844936425540955,0.619743602326584,-0.26984193480408125,RU,1.5,nM,dissociation,240.0,360.0
mAb-X-SCK,mAb-X,run-1,mAb-X-B1,B1-373,373.0,s,4.23617387059594,0.11955450019022804,0.6960380641483476,0.0502616083734306,RU,1.5,nM,dissociation,240.0,360.0
mAb-X-SCK,mAb-X,run-1,mAb-X-B1,B1-374,374.0,s,4.348796265884754,-0.02353260131877964,0.7800302144079981,0.20071457922976402,RU,1.5,nM,dissociation,240.0,360.0
mAb-X-SCK,mAb-X,run-1,mAb-X-B1,B1-375,375.0,s,4.400011648548052,-0.058056061778321504,0.7491940714589586,0.058885871051459274,RU,1.5,nM,dissociation,240.0,360.0
mAb-X-SCK,mAb-X,run-1,mAb-X-B1,B1-376,376.0,s,4.252241976464525,-0.060383730832363425,0.5861305029897219,0.05260196289361656,RU,1.5,nM,dissociation,240.0,360.0
mAb-X-SCK,mAb-X,run-1,mAb-X-B1,B1-377,377.0,s,4.256433407681231,-0.1554240987236467,0.8611503903098361,-0.04311089395789056,RU,1.5,nM,dissociation,240.0,360.0
mAb-X-SCK,mAb-X,run-1,mAb-X-B1,B1-378,378.0,s,4.290884008846943,0.042163691823053955,0.7248666148136664,0.1866784488252975,RU,1.5,nM,dissociation,240.0,360.0
mAb-X-SCK,mAb-X,run-1,mAb-X-B1,B1-379,379.0,s,4.174510000948685,-0.10686711970335645,0.759038634394133,0.022190375523631182,RU,1.5,nM,dissociation,240.0,360.0
mAb-X-SCK,mAb-X,run-1,mAb-X-B1,B1-380,380.0,s,4.329310658866626,0.024684180477979944,0.8599098619422951,0.15987420721650025,RU,1.5,nM,dissociation,240.0,360.0
mAb-X-SCK,mAb-X,run-1,mAb-X-B1,B1-381,381.0,s,4.492555049360139,-0.24853072695099315,0.8726711804049929,-0.07174033440803904,RU,1.5,nM,dissociation,240.0,360.0
mAb-X-SCK,mAb-X,run-1,mAb-X-B1,B1-382,382.0,s,4.372916921999966,0.14827795787066647,0.7531886579413067,-0.19412528096056733,RU,1.5,nM,dissociation,240.0,360.0
mAb-X-SCK,mAb-X,run-1,mAb-X-B1,B1-383,383.0,s,4.185373666203993,0.20608553127105786,0.799921749620488,0.10421009834153323,RU,1.5,nM,dissociation,240.0,360.0
mAb-X-SCK,mAb-X,run-1,mAb-X-B1,B1-384,384.0,s,4.449438092124726,-0.03473265396086213,0.5240651988972236,0.1331989248203482,RU,1.5,nM,dissociation,240.0,360.0
mAb-X-SCK,mAb-X,run-1,mAb-X-B1,B1-385,385.0,s,4.0505059576162825,0.18695554484447055,0.46394608811683663,0.11534190964753262,RU,1.5,nM,dissociation,240.0,360.0
mAb-X-SCK,mAb-X,run-1,mAb-X-B1,B1-386,386.0,s,4.166661104831059,0.30751188989400663,0.8790364399309805,0.08631190367874882,RU,1.5,nM,dissociation,240.0,360.0
mAb-X-SCK,mAb-X,run-1,mAb-X-B1,B1-387,387.0,s,4.391505999067548,0.1988703964020078,0.92785078817053,0.15489649790917018,RU,1.5,nM,dissociation,240.0,360.0
mAb-X-SCK,mAb-X,run-1,mAb-X-B1,B1-388,388.0,s,4.479652818953487,0.12057848478940393,0.8168981134946172,-0.11924837884265285,RU,1.5,nM,dissociation,240.0,360.0
mAb-X-SCK,mAb-X,run-1,mAb-X-B1,B1-389,389.0,s,4.400247276170609,-0.28965599315854035,0.8647952158614376,0.11637734460484596,RU,1.5,nM,dissociation,240.0,360.0
mAb-X-SCK,mAb-X,run-1,mAb-X-B1,B1-390,390.0,s,4.287395282095854,-0.10934129964238408,0.7344166581260136,0.04280969733394363,RU,1.5,nM,dissociation,240.0,360.0
mAb-X-SCK,mAb-X,run-1,mAb-X-B1,B1-391,391.0,s,4.109662666279496,-0.0666376257324941,0.9369129541478317,-0.08003059666230093,RU,1.5,nM,dissociation,240.0,360.0
mAb-X-SCK,mAb-X,run-1,mAb-X-B1,B1-392,392.0,s,4.316767964586295,0.11686478300355134,0.5242460490233025,0.38554457323628655,RU,1.5,nM,dissociation,240.0,360.0
mAb-X-SCK,mAb-X,run-1,mAb-X-B1,B1-393,393.0,s,4.342618172195599,-0.24118031247912736,0.7307041602642013,-0.07090933609798046,RU,1.5,nM,dissociation,240.0,360.0
mAb-X-SCK,mAb-X,run-1,mAb-X-B1,B1-394,394.0,s,4.423923510114589,0.16203005247331284,0.8186073300644043,0.09774578072375886,RU,1.5,nM,dissociation,240.0,360.0
mAb-X-SCK,mAb-X,run-1,mAb-X-B1,B1-395,395.0,s,4.257208910454311,0.010704385754584666,0.894319847138535,0.08122824891777802,RU,1.5,nM,dissociation,240.0,360.0
mAb-X-SCK,mAb-X,run-1,mAb-X-B1,B1-396,396.0,s,4.14476899609888,0.04093371892415531,0.8212108520374781,-0.20122683379867207,RU,1.5,nM,dissociation,240.0,360.0
mAb-X-SCK,mAb-X,run-1,mAb-X-B1,B1-397,397.0,s,4.469483099699767,-0.11344691826758993,0.7762685889206223,0.006533928430585267,RU,1.5,nM,dissociation,240.0,360.0
mAb-X-SCK,mAb-X,run-1,mAb-X-B1,B1-398,398.0,s,4.348900472364835,0.12970777453824806,0.8598074203796741,0.18185713072114282,RU,1.5,nM,dissociation,240.0,360.0
mAb-X-SCK,mAb-X,run-1,mAb-X-B1,B1-399,399.0,s,4.356673682973816,-0.31499699726334474,0.9053155291805309,0.08391470503353586,RU,1.5,nM,dissociation,240.0,360.0
mAb-X-SCK,mAb-X,run-1,mAb-X-B1,B1-400,400.0,s,4.173998086312457,-0.137848882487986,1.0365696766913244,0.011019254142984856,RU,1.5,nM,dissociation,240.0,360.0
mAb-X-SCK,mAb-X,run-1,mAb-X-B1,B1-401,401.0,s,4.269938227218678,0.1545584324753411,0.8703097554666792,-0.01726426844911047,RU,1.5,nM,dissociation,240.0,360.0
mAb-X-SCK,mAb-X,run-1,mAb-X-B1,B1-402,402.0,s,4.299543743284324,0.07364488391633602,0.8416476199283647,0.016232935564245488,RU,1.5,nM,dissociation,240.0,360.0
mAb-X-SCK,mAb-X,run-1,mAb-X-B1,B1-403,403.0,s,4.155178982857533,0.02362264142831763,0.9242761960487259,0.1961019161814494,RU,1.5,nM,dissociation,240.0,360.0
mAb-X-SCK,mAb-X,run-1,mAb-X-B1,B1-404,404.0,s,4.173859361507176,0.05822783738642192,0.7066685987230853,0.21122127663844303,RU,1.5,nM,dissociation,240.0,360.0
mAb-X-SCK,mAb-X,run-1,mAb-X-B1,B1-405,405.0,s,4.286826295444398,0.015046708700631056,0.7953422929361881,-0.18082295631075063,RU,1.5,nM,dissociation,240.0,360.0
mAb-X-SCK,mAb-X,run-1,mAb-X-B1,B1-406,406.0,s,4.278972987396825,-0.0503346611754292,0.7046632992471101,-0.021708525194156253,RU,1.5,nM,dissociation,240.0,360.0
mAb-X-SCK,mAb-X,run-1,mAb-X-B1,B1-407,407.0,s,4.359998533492273,-0.12429708978873887,0.9809510334405748,-0.09034597897714389,RU,1.5,nM,dissociation,240.0,360.0
mAb-X-SCK,mAb-X,run-1,mAb-X-B1,B1-408,408.0,s,4.343305977050368,0.07367451743148185,0.6728907855218297,0.2963942041890406,RU,1.5,nM,dissociation,240.0,360.0
mAb-X-SCK,mAb-X,run-1,mAb-X-B1,B1-409,409.0,s,4.067707742454313,0.08087778231487577,1.2578237452482433,-0.08971761082629305,RU,1.5,nM,dissociation,240.0,360.0
mAb-X-SCK,mAb-X,run-1,mAb-X-B1,B1-410,410.0,s,4.141620381721074,0.10066868773369368,0.5861384152209617,-0.2314944827812568,RU,1.5,nM,dissociation,240.0,360.0
mAb-X-SCK,mAb-X,run-1,mAb-X-B1,B1-411,411.0,s,4.313630709466228,0.12712570493333275,0.8348679035106483,-0.20269348004227603,RU,1.5,nM,dissociation,240.0,360.0
mAb-X-SCK,mAb-X,run-1,mAb-X-B1,B1-412,412.0,s,4.332459140666794,0.08059751104746764,0.9790699786803948,-0.02229629893202081,RU,1.5,nM,dissociation,240.0,360.0
mAb-X-SCK,mAb-X,run-1,mAb-X-B1,B1-413,413.0,s,4.280274006367396,0.033229851665850865,0.8901782921792827,0.17416733999541364,RU,1.5,nM,dissociation,240.0,360.0
mAb-X-SCK,mAb-X,run-1,mAb-X-B1,B1-414,414.0,s,4.381479450682494,-0.06962613541986275,0.9455729521195417,0.370384183421556,RU,1.5,nM,dissociation,240.0,360.0
mAb-X-SCK,mAb-X,run-1,mAb-X-B1,B1-415,415.0,s,4.367841030262867,-0.02800431065568875,0.5705020337265877,0.1428026572446106,RU,1.5,nM,dissociation,240.0,360.0
mAb-X-SCK,mAb-X,run-1,mAb-X-B1,B1-416,416.0,s,4.157571736365977,-0.22997214445428177,0.6332876771056688,-0.0459143238134503,RU,1.5,nM,dissociation,240.0,360.0
mAb-X-SCK,mAb-X,run-1,mAb-X-B1,B1-417,417.0,s,4.283706513661736,-0.20582799249082534,0.8518886757501313,-0.07279597576800127,RU,1.5,nM,dissociation,240.0,360.0
mAb-X-SCK,mAb-X,run-1,mAb-X-B1,B1-418,418.0,s,4.592830184711024,0.0907350666260313,0.9951991717568506,0.1726826903102206,RU,1.5,nM,dissociation,240.0,360.0
mAb-X-SCK,mAb-X,run-1,mAb-X-B1,B1-419,419.0,s,4.3288002910178305,-0.048402680168702854,0.7794662144022255,-0.05527786994094811,RU,1.5,nM,dissociation,240.0,360.0
mAb-X-SCK,mAb-X,run-1,mAb-X-B1,B1-420,420.0,s,4.927863789483556,1.1069400881377156,0.8042522063663392,0.24657598893008567,RU,4.5,nM,association,420.0,540.0
mAb-X-SCK,mAb-X,run-1,mAb-X-B1,B1-421,421.0,s,5.0216298367447605,0.5493464159898668,0.9473587497705434,0.004387570914093267,RU,4.5,nM,association,420.0,540.0
mAb-X-SCK,mAb-X,run-1,mAb-X-B1,B1-422,422.0,s,5.247827130944667,0.6596146193377987,0.9714967560561851,0.029804602865196317,RU,4.5,nM,association,420.0,540.0
mAb-X-SCK,mAb-X,run-1,mAb-X-B1,B1-423,423.0,s,4.949105668781655,0.5162394643557291,0.6989980957467994,-0.052246148660200116,RU,4.5,nM,association,420.0,540.0
mAb-X-SCK,mAb-X,run-1,mAb-X-B1,B1-424,424.0,s,5.063837558168136,0.5961261947227339,0.6838468280076839,-0.06449669064517129,RU,4.5,nM,association,420.0,540.0
mAb-X-SCK,mAb-X,run-1,mAb-X-B1,B1-425,425.0,s,5.535215942898908,0.5426361764418123,1.0037551923091248,0.17849803320887553,RU,4.5,nM,association,420.0,540.0
mAb-X-SCK,mAb-X,run-1,mAb-X-B1,B1-426,426.0,s,5.354918245074699,0.5604559589691324,0.703778742329449,0.0821311830681448,RU,4.5,nM,association,420.0,540.0
mAb-X-SCK,mAb-X,run-1,mAb-X-B1,B1-427,427.0,s,5.4794157372261045,0.7891869844370313,0.7337212928937606,-0.014860988038015215,RU,4.5,nM,association,420.0,540.0
mAb-X-SCK,mAb-X,run-1,mAb-X-B1,B1-428,428.0,s,5.51276548646126,0.8349218342590328,0.7856151280274075,-0.020813461945740318,RU,4.5,nM,association,420.0,540.0
mAb-X-SCK,mAb-X,run-1,mAb-X-B1,B1-429,429.0,s,5.921158322411456,0.6649451590595122,0.9208123247075888,0.025644622365466253,RU,4.5,nM,association,420.0,540.0
mAb-X-SCK,mAb-X,run-1,mAb-X-B1,B1-430,430.0,s,5.604207657580518,0.34872508813949576,0.7762046395430287,-0.12245440735038071,RU,4.5,nM,association,420.0,540.0
mAb-X-SCK,mAb-X,run-1,mAb-X-B1,B1-431,431.0,s,5.78929758022791,0.9430041520069334,0.867722185161558,0.26149201298215047,RU,4.5,nM,association,420.0,540.0
mAb-X-SCK,mAb-X,run-1,mAb-X-B1,B1-432,432.0,s,6.16504486962864,0.6866428769400048,0.7842060288945113,0.005078460774399529,RU,4.5,nM,association,420.0,540.0
mAb-X-SCK,mAb-X,run-1,mAb-X-B1,B1-433,433.0,s,5.823916567014076,0.6626315967133801,0.9869862831686406,-0.02614562793196899,RU,4.5,nM,association,420.0,540.0
mAb-X-SCK,mAb-X,run-1,mAb-X-B1,B1-434,434.0,s,5.8695500623010215,0.6586074023872217,0.9063901628289728,0.17854886646701587,RU,4.5,nM,association,420.0,540.0
mAb-X-SCK,mAb-X,run-1,mAb-X-B1,B1-435,435.0,s,5.848119097662782,0.5007302491151538,0.9714143262733332,-0.10262535998596117,RU,4.5,nM,association,420.0,540.0
mAb-X-SCK,mAb-X,run-1,mAb-X-B1,B1-436,436.0,s,6.038400990129803,0.7480675878972498,0.7516414699079428,-0.11663869375215029,RU,4.5,nM,association,420.0,540.0
mAb-X-SCK,mAb-X,run-1,mAb-X-B1,B1-437,437.0,s,6.152579857626826,0.7595784186536817,0.8241739952993966,-0.09569611357923499,RU,4.5,nM,association,420.0,540.0
mAb-X-SCK,mAb-X,run-1,mAb-X-B1,B1-438,438.0,s,6.348979725823588,0.57228603501211,0.7721978411313798,-0.18753171868881438,RU,4.5,nM,association,420.0,540.0
mAb-X-SCK,mAb-X,run-1,mAb-X-B1,B1-439,439.0,s,6.17787644862749,0.5970816645201809,1.0034881997992204,0.1221714088833774,RU,4.5,nM,association,420.0,540.0
mAb-X-SCK,mAb-X,run-1,mAb-X-B1,B1-440,440.0,s,6.728535160537611,0.8945986640895192,0.8461140947368346,0.08245092420006732,RU,4.5,nM,association,420.0,540.0
mAb-X-SCK,mAb-X,run-1,mAb-X-B1,B1-441,441.0,s,6.372088752013515,0.9616878938879434,0.9092630249576901,-0.21422920243513047,RU,4.5,nM,association,420.0,540.0
mAb-X-SCK,mAb-X,run-1,mAb-X-B1,B1-442,442.0,s,6.513583557925756,0.7583032413106865,1.2553399377988164,0.01775897597714285,RU,4.5,nM,association,420.0,540.0
mAb-X-SCK,mAb-X,run-1,mAb-X-B1,B1-443,443.0,s,6.719827667802454,0.5741738631061816,0.7081506989933852,-0.04462969665889548,RU,4.5,nM,association,420.0,540.0
mAb-X-SCK,mAb-X,run-1,mAb-X-B1,B1-444,444.0,s,6.406901608275396,0.6754104576674662,1.088366646612934,-0.0277127939911519,RU,4.5,nM,association,420.0,540.0
mAb-X-SCK,mAb-X,run-1,mAb-X-B1,B1-445,445.0,s,6.701023019854493,0.6720927216035216,0.9615682120525226,0.04097543870358639,RU,4.5,nM,association,420.0,540.0
mAb-X-SCK,mAb-X,run-1,mAb-X-B1,B1-446,446.0,s,6.603387740035491,0.6475250391396958,0.8610170018596269,-0.03198713912687068,RU,4.5,nM,association,420.0,540.0
mAb-X-SCK,mAb-X,run-1,mAb-X-B1,B1-447,447.0,s,6.845671883778928,0.691707297444886,1.0473948653408238,-0.15161945739266672,RU,4.5,nM,association,420.0,540.0
mAb-X-SCK,mAb-X,run-1,mAb-X-B1,B1-448,448.0,s,6.791988557404029,0.7431628999313604,0.999906719967412,-0.004156395717078287,RU,4.5,nM,association,420.0,540.0
mAb-X-SCK,mAb-X,run-1,mAb-X-B1,B1-449,449.0,s,6.951553968139894,0.5780748219188194,1.0098448519909464,0.12350823053293444,RU,4.5,nM,association,420.0,540.0
mAb-X-SCK,mAb-X,run-1,mAb-X-B1,B1-450,450.0,s,6.915418513511222,0.8159520418483805,0.8338075136958393,0.13735620292820414,RU,4.5,nM,association,420.0,540.0
mAb-X-SCK,mAb-X,run-1,mAb-X-B1,B1-451,451.0,s,7.010853452349524,0.6839414600483723,1.2570459072736555,0.03255953332451325,RU,4.5,nM,association,420.0,540.0
mAb-X-SCK,mAb-X,run-1,mAb-X-B1,B1-452,452.0,s,7.413756779322676,0.9628973334399478,0.7934747539369182,0.3375934443687814,RU,4.5,nM,association,420.0,540.0
mAb-X-SCK,mAb-X,run-1,mAb-X-B1,B1-453,453.0,s,7.214575197876982,0.7241113901393921,1.0881856755418466,0.08194050358071296,RU,4.5,nM,association,420.0,540.0
mAb-X-SCK,mAb-X,run-1,mAb-X-B1,B1-454,454.0,s,7.194225516609365,0.7538163327898174,0.9443948718814736,0.1438989841757525,RU,4.5,nM,association,420.0,540.0
mAb-X-SCK,mAb-X,run-1,mAb-X-B1,B1-455,455.0,s,7.2888940629379455,0.557059454198627,0.9840446563611056,-0.15882684101775688,RU,4.5,nM,association,420.0,540.0
mAb-X-SCK,mAb-X,run-1,mAb-X-B1,B1-456,456.0,s,7.263623054533942,0.7640789335396141,0.9637711939744633,0.0060473803963555185,RU,4.5,nM,association,420.0,540.0
mAb-X-SCK,mAb-X,run-1,mAb-X-B1,B1-457,457.0,s,7.265914790231402,0.6010084047375363,1.1080675980112362,-0.19600844254476366,RU,4.5,nM,association,420.0,540.0
mAb-X-SCK,mAb-X,run-1,mAb-X-B1,B1-458,458.0,s,7.489802272291656,0.31624255824516845,0.80013827891497,0.008974299063997297,RU,4.5,nM,association,420.0,540.0
mAb-X-SCK,mAb-X,run-1,mAb-X-B1,B1-459,459.0,s,7.74468819514996,0.7466542424032351,0.9255480606775732,0.12480542241165443,RU,4.5,nM,association,420.0,540.0
mAb-X-SCK,mAb-X,run-1,mAb-X-B1,B1-460,460.0,s,7.750469545861331,0.7644923402659087,1.2131425934619224,0.04622613406344659,RU,4.5,nM,association,420.0,540.0
mAb-X-SCK,mAb-X,run-1,mAb-X-B1,B1-461,461.0,s,7.6948297614394745,0.7688841780987037,0.8590715235546845,-0.3298377128842836,RU,4.5,nM,association,420.0,540.0
mAb-X-SCK,mAb-X,run-1,mAb-X-B1,B1-462,462.0,s,7.727155741805114,0.5981336427480664,0.7710526874269755,-0.04491993237709082,RU,4.5,nM,association,420.0,540.0
mAb-X-SCK,mAb-X,run-1,mAb-X-B1,B1-463,463.0,s,8.13098976312156,0.4764549588315504,1.0104715458851772,-0.10917647464592976,RU,4.5,nM,association,420.0,540.0
mAb-X-SCK,mAb-X,run-1,mAb-X-B1,B1-464,464.0,s,7.596079186151268,0.6689030923342211,0.7455762078407477,-0.060306259485907635,RU,4.5,nM,association,420.0,540.0
mAb-X-SCK,mAb-X,run-1,mAb-X-B1,B1-465,465.0,s,8.32299410764308,0.5888112819354285,0.8961336548791625,0.07910893034635626,RU,4.5,nM,association,420.0,540.0
mAb-X-SCK,mAb-X,run-1,mAb-X-B1,B1-466,466.0,s,8.067582039970267,0.7908728193132359,0.7200006563730242,-0.16440587482164018,RU,4.5,nM,association,420.0,540.0
mAb-X-SCK,mAb-X,run-1,mAb-X-B1,B1-467,467.0,s,7.990327322697551,0.6666744996016709,0.9864977450433935,-0.058254208482892825,RU,4.5,nM,association,420.0,540.0
mAb-X-SCK,mAb-X,run-1,mAb-X-B1,B1-468,468.0,s,8.001403545117386,0.5933528515185209,0.8675549211816295,0.2555207521020992,RU,4.5,nM,association,420.0,540.0
mAb-X-SCK,mAb-X,run-1,mAb-X-B1,B1-469,469.0,s,8.428883029237165,0.7124080323121061,0.9040368761422343,-0.09484304195110485,RU,4.5,nM,association,420.0,540.0
mAb-X-SCK,mAb-X,run-1,mAb-X-B1,B1-470,470.0,s,8.343317030701604,0.615398309857078,0.49436206266008337,-0.24979533044473573,RU,4.5,nM,association,420.0,540.0
mAb-X-SCK,mAb-X,run-1,mAb-X-B1,B1-471,471.0,s,8.58024494065498,0.9283795455088716,0.8144495585754816,0.10154561158173629,RU,4.5,nM,association,420.0,540.0
mAb-X-SCK,mAb-X,run-1,mAb-X-B1,B1-472,472.0,s,8.381843877285432,0.7032676103578016,0.9248031903098064,0.004996215482461883,RU,4.5,nM,association,420.0,540.0
mAb-X-SCK,mAb-X,run-1,mAb-X-B1,B1-473,473.0,s,8.788716233124642,0.8786222548624072,0.8168296167934286,0.22686705693538944,RU,4.5,nM,association,420.0,540.0
mAb-X-SCK,mAb-X,run-1,mAb-X-B1,B1-474,474.0,s,8.940593364903682,1.042164816121917,0.8834519588265253,0.04065391302863161,RU,4.5,nM,association,420.0,540.0
mAb-X-SCK,mAb-X,run-1,mAb-X-B1,B1-475,475.0,s,8.595237895819304,0.8100615620660957,0.7149368084737756,0.0821652277386405,RU,4.5,nM,association,420.0,540.0
mAb-X-SCK,mAb-X,run-1,mAb-X-B1,B1-476,476.0,s,8.938412508116535,0.6964770193640049,1.0535909250914708,-0.127058062283715,RU,4.5,nM,association,420.0,540.0
mAb-X-SCK,mAb-X,run-1,mAb-X-B1,B1-477,477.0,s,8.950051983029056,0.9700678472585775,1.0361114023499451,-0.17614623292926163,RU,4.5,nM,association,420.0,540.0
mAb-X-SCK,mAb-X,run-1,mAb-X-B1,B1-478,478.0,s,8.69011397664173,0.3954281218755991,1.1191597606720245,0.1340567033614544,RU,4.5,nM,association,420.0,540.0
mAb-X-SCK,mAb-X,run-1,mAb-X-B1,B1-479,479.0,s,9.018082784071101,0.9096854225576386,0.6568228334647056,-0.038578323441991295,RU,4.5,nM,association,420.0,540.0
mAb-X-SCK,mAb-X,run-1,mAb-X-B1,B1-480,480.0,s,9.134329570288875,0.601127143580712,0.9345027967832471,-0.11517229856500912,RU,4.5,nM,association,420.0,540.0
mAb-X-SCK,mAb-X,run-1,mAb-X-B1,B1-481,481.0,s,9.025290572411365,0.6815849753797364,0.7740254346051135,-0.012071372609049665,RU,4.5,nM,association,420.0,540.0
mAb-X-SCK,mAb-X,run-1,mAb-X-B1,B1-482,482.0,s,8.982737900432832,0.660287954111757,0.8271042905902792,0.03522364697412555,RU,4.5,nM,association,420.0,540.0
mAb-X-SCK,mAb-X,run-1,mAb-X-B1,B1-483,483.0,s,9.226437698718543,0.7641662101182993,1.0382197981029195,-0.07757094769047242,RU,4.5,nM,association,420.0,540.0
mAb-X-SCK,mAb-X,run-1,mAb-X-B1,B1-484,484.0,s,9.334028456929536,0.47341535582924815,1.1176692390136709,-0.021005378960316956,RU,4.5,nM,association,420.0,540.0
mAb-X-SCK,mAb-X,run-1,mAb-X-B1,B1-485,485.0,s,9.242383217764495,0.43879307981132887,0.7028700187821928,-0.20016283567845608,RU,4.5,nM,association,420.0,540.0
mAb-X-SCK,mAb-X,run-1,mAb-X-B1,B1-486,486.0,s,9.306123502605816,0.7035798593524102,0.7651497513476537,-0.11383036151071324,RU,4.5,nM,association,420.0,540.0
mAb-X-SCK,mAb-X,run-1,mAb-X-B1,B1-487,487.0,s,9.42299851211447,0.6884680718801203,1.2799900647883855,-0.02012199796862416,RU,4.5,nM,association,420.0,540.0
mAb-X-SCK,mAb-X,run-1,mAb-X-B1,B1-488,488.0,s,9.508584889186631,0.33306318138028546,1.014235639961907,-0.15188755007951735,RU,4.5,nM,association,420.0,540.0
mAb-X-SCK,mAb-X,run-1,mAb-X-B1,B1-489,489.0,s,9.380850228545803,0.688406949066275,1.018915603038672,-0.05367652204890439,RU,4.5,nM,association,420.0,540.0
mAb-X-SCK,mAb-X,run-1,mAb-X-B1,B1-490,490.0,s,9.760318156978682,0.6612219996197596,1.1521885626503234,-0.08480480055943797,RU,4.5,nM,association,420.0,540.0
mAb-X-SCK,mAb-X,run-1,mAb-X-B1,B1-491,491.0,s,9.508839276663336,0.7905649632058104,1.1358784366130361,-0.10498274349454297,RU,4.5,nM,association,420.0,540.0
mAb-X-SCK,mAb-X,run-1,mAb-X-B1,B1-492,492.0,s,9.68612111358399,0.4577987339584919,1.2727788137973037,-0.21641927069257616,RU,4.5,nM,association,420.0,540.0
mAb-X-SCK,mAb-X,run-1,mAb-X-B1,B1-493,493.0,s,9.771824474073703,0.8311987855939745,0.8262746534988561,0.1574648936430937,RU,4.5,nM,association,420.0,540.0
mAb-X-SCK,mAb-X,run-1,mAb-X-B1,B1-494,494.0,s,9.69589412020506,0.761966790074743,0.8287367624521873,0.12580612033636154,RU,4.5,nM,association,420.0,540.0
mAb-X-SCK,mAb-X,run-1,mAb-X-B1,B1-495,495.0,s,9.987744563263739,0.7102742545276225,0.7766562941716001,-0.11871679742000536,RU,4.5,nM,association,420.0,540.0
mAb-X-SCK,mAb-X,run-1,mAb-X-B1,B1-496,496.0,s,10.182558031704607,0.8162513195058488,1.071635220339206,-0.06508882771876055,RU,4.5,nM,association,420.0,540.0
mAb-X-SCK,mAb-X,run-1,mAb-X-B1,B1-497,497.0,s,10.179950054032776,0.447803713846214,0.976403537729948,-0.032313820434706333,RU,4.5,nM,association,420.0,540.0
mAb-X-SCK,mAb-X,run-1,mAb-X-B1,B1-498,498.0,s,9.993287919761014,0.5392637574650097,1.1597980326466792,-0.09284055718260029,RU,4.5,nM,association,420.0,540.0
mAb-X-SCK,mAb-X,run-1,mAb-X-B1,B1-499,499.0,s,10.323177089359238,0.8834310610007887,1.1250731532550826,0.05763189843276938,RU,4.5,nM,association,420.0,540.0
mAb-X-SCK,mAb-X,run-1,mAb-X-B1,B1-500,500.0,s,10.070492378166444,0.6497924034326554,0.9502866383848132,-0.08123156765501628,RU,4.5,nM,association,420.0,540.0
mAb-X-SCK,mAb-X,run-1,mAb-X-B1,B1-501,501.0,s,10.400128014814154,0.6911725216391524,1.341922105695709,-0.08605544070847347,RU,4.5,nM,association,420.0,540.0
mAb-X-SCK,mAb-X,run-1,mAb-X-B1,B1-502,502.0,s,10.369791298838692,0.730922810521055,1.0174005533273964,0.11871772792832867,RU,4.5,nM,association,420.0,540.0
mAb-X-SCK,mAb-X,run-1,mAb-X-B1,B1-503,503.0,s,10.321971306557778,0.9185487520815789,0.9871748677997063,0.20678185217091719,RU,4.5,nM,association,420.0,540.0
mAb-X-SCK,mAb-X,run-1,mAb-X-B1,B1-504,504.0,s,10.699230691709918,0.6880943218288453,0.9218535850308897,-0.020985403588564207,RU,4.5,nM,association,420.0,540.0
mAb-X-SCK,mAb-X,run-1,mAb-X-B1,B1-505,505.0,s,10.55848994605451,0.9163900091564168,0.8481520260052038,0.08615368070489406,RU,4.5,nM,association,420.0,540.0
mAb-X-SCK,mAb-X,run-1,mAb-X-B1,B1-506,506.0,s,10.50415194634279,0.5057267620288397,0.8323189477739913,0.02477731112563104,RU,4.5,nM,association,420.0,540.0
mAb-X-SCK,mAb-X,run-1,mAb-X-B1,B1-507,507.0,s,10.817266393345955,0.6331809421166142,0.8872925875076586,-0.11590632369654932,RU,4.5,nM,association,420.0,540.0
mAb-X-SCK,mAb-X,run-1,mAb-X-B1,B1-508,508.0,s,10.662230864429473,0.8459279641965265,0.9571254664331896,-0.018770173802481322,RU,4.5,nM,association,420.0,540.0
mAb-X-SCK,mAb-X,run-1,mAb-X-B1,B1-509,509.0,s,10.765713314900703,0.8047097655542877,1.2772000730526543,0.12723441662862175,RU,4.5,nM,association,420.0,540.0
mAb-X-SCK,mAb-X,run-1,mAb-X-B1,B1-510,510.0,s,10.71863626609518,0.6850788411614783,1.2171385406367081,-0.09745705225873702,RU,4.5,nM,association,420.0,540.0
mAb-X-SCK,mAb-X,run-1,mAb-X-B1,B1-511,511.0,s,10.980361378768247,0.6141828790199556,1.2668455785697468,-0.10036488602696753,RU,4.5,nM,association,420.0,540.0
mAb-X-SCK,mAb-X,run-1,mAb-X-B1,B1-512,512.0,s,10.619472503466937,0.4322620152371347,1.2356965139418654,0.07542938213659182,RU,4.5,nM,association,420.0,540.0
mAb-X-SCK,mAb-X,run-1,mAb-X-B1,B1-513,513.0,s,11.038917194298737,0.6128861723412296,1.2384762004039476,0.005058878874285485,RU,4.5,nM,association,420.0,540.0
mAb-X-SCK,mAb-X,run-1,mAb-X-B1,B1-514,514.0,s,10.857360139553803,0.7071676936932197,0.7536340867740626,-0.17200303189014188,RU,4.5,nM,association,420.0,540.0
mAb-X-SCK,mAb-X,run-1,mAb-X-B1,B1-515,515.0,s,10.935584772636146,0.7136471583686308,0.9686386992162904,0.12406167740734188,RU,4.5,nM,association,420.0,540.0
mAb-X-SCK,mAb-X,run-1,mAb-X-B1,B1-516,516.0,s,11.308990243347978,0.6402065863103643,1.159733435523726,0.10080877686992785,RU,4.5,nM,association,420.0,540.0
mAb-X-SCK,mAb-X,run-1,mAb-X-B1,B1-517,517.0,s,11.077379157267977,0.7915804784971473,0.9109367390800673,0.15751605054913745,RU,4.5,nM,association,420.0,540.0
mAb-X-SCK,mAb-X,run-1,mAb-X-B1,B1-518,518.0,s,11.444784756244989,0.7833091909641005,0.9969433391881438,0.030819011854014193,RU,4.5,nM,association,420.0,540.0
mAb-X-SCK,mAb-X,run-1,mAb-X-B1,B1-519,519.0,s,11.512324076541061,0.6766148738833107,0.964375499472552,0.030026560013209417,RU,4.5,nM,association,420.0,540.0
mAb-X-SCK,mAb-X,run-1,mAb-X-B1,B1-520,520.0,s,11.256564397563077,0.8188820328183117,1.0895246690400184,0.018668620452023502,RU,4.5,nM,association,420.0,540.0
mAb-X-SCK,mAb-X,run-1,mAb-X-B1,B1-521,521.0,s,11.833380277733182,0.5682897084872512,0.9749262085885715,0.1428068390670233,RU,4.5,nM,association,420.0,540.0
mAb-X-SCK,mAb-X,run-1,mAb-X-B1,B1-522,522.0,s,11.678548002483309,0.4979397358911189,1.1361977326718846,0.18717264813554407,RU,4.5,nM,association,420.0,540.0
mAb-X-SCK,mAb-X,run-1,mAb-X-B1,B1-523,523.0,s,11.576194312444239,0.4246524448210801,0.8377940284912881,-0.05682859799149608,RU,4.5,nM,association,420.0,540.0
mAb-X-SCK,mAb-X,run-1,mAb-X-B1,B1-524,524.0,s,11.567997344673746,0.646554973769162,1.0255865371007464,0.45269863322250264,RU,4.5,nM,association,420.0,540.0
mAb-X-SCK,mAb-X,run-1,mAb-X-B1,B1-525,525.0,s,11.962751524798884,0.4985185719134045,1.1662120208282694,0.2192304670490557,RU,4.5,nM,association,420.0,540.0
mAb-X-SCK,mAb-X,run-1,mAb-X-B1,B1-526,526.0,s,11.822306179339826,0.60499384820166,1.3151593382266742,-0.03121731638534902,RU,4.5,nM,association,420.0,540.0
mAb-X-SCK,mAb-X,run-1,mAb-X-B1,B1-527,527.0,s,12.039808995238282,0.6533848676849533,1.2482087388786565,-0.21413089837176155,RU,4.5,nM,association,420.0,540.0
mAb-X-SCK,mAb-X,run-1,mAb-X-B1,B1-528,528.0,s,11.978146963024626,0.5485945352052044,0.9470245740608075,0.28414560470646544,RU,4.5,nM,association,420.0,540.0
mAb-X-SCK,mAb-X,run-1,mAb-X-B1,B1-529,529.0,s,11.90037015547908,0.7197325523271604,1.0713729127040317,-0.14366013159569263,RU,4.5,nM,association,420.0,540.0
mAb-X-SCK,mAb-X,run-1,mAb-X-B1,B1-530,530.0,s,11.991923930449174,0.823506392727894,1.116235493417402,-0.00397197670982954,RU,4.5,nM,association,420.0,540.0
mAb-X-SCK,mAb-X,run-1,mAb-X-B1,B1-531,531.0,s,12.017648608498881,0.7010677011112889,1.2617891736692102,-0.11869008821260749,RU,4.5,nM,association,420.0,540.0
mAb-X-SCK,mAb-X,run-1,mAb-X-B1,B1-532,532.0,s,12.157217031304343,0.47953937229056076,0.906071858071974,0.0713263141631665,RU,4.5,nM,association,420.0,540.0
mAb-X-SCK,mAb-X,run-1,mAb-X-B1,B1-533,533.0,s,12.208434938494971,0.6657660188995727,1.128000021345243,-0.017488306471393288,RU,4.5,nM,association,420.0,540.0
mAb-X-SCK,mAb-X,run-1,mAb-X-B1,B1-534,534.0,s,12.381607184890592,0.7374697177459621,1.1751579989955951,-0.1061139977627708,RU,4.5,nM,association,420.0,540.0
mAb-X-SCK,mAb-X,run-1,mAb-X-B1,B1-535,535.0,s,12.396412489955676,0.7693986793264528,1.1128259140780297,-0.12942181189397411,RU,4.5,nM,association,420.0,540.0
mAb-X-SCK,mAb-X,run-1,mAb-X-B1,B1-536,536.0,s,12.152754468711027,0.7498883126252243,1.1693606167563606,-0.2283270397518355,RU,4.5,nM,association,420.0,540.0
mAb-X-SCK,mAb-X,run-1,mAb-X-B1,B1-537,537.0,s,12.37311234071099,0.7584295942405359,0.949556407881497,0.17980896032094404,RU,4.5,nM,association,420.0,540.0
mAb-X-SCK,mAb-X,run-1,mAb-X-B1,B1-538,538.0,s,12.480835873778652,0.9482165572833245,1.0113933511810238,-0.4064210238396867,RU,4.5,nM,association,420.0,540.0
mAb-X-SCK,mAb-X,run-1,mAb-X-B1,B1-539,539.0,s,12.433315057906071,0.7685459717401517,0.8307489155194153,-0.07859372149913649,RU,4.5,nM,association,420.0,540.0
mAb-X-SCK,mAb-X,run-1,mAb-X-B1,B1-540,540.0,s,12.171982439407902,0.23052943476562787,1.1544156365346745,-0.10392444679693057,RU,4.5,nM,dissociation,420.0,540.0
mAb-X-SCK,mAb-X,run-1,mAb-X-B1,B1-541,541.0,s,12.095618229383781,0.20709407765817223,1.14855645370911,0.02018363923625773,RU,4.5,nM,dissociation,420.0,540.0
mAb-X-SCK,mAb-X,run-1,mAb-X-B1,B1-542,542.0,s,11.871935247241172,-0.19830332859786015,1.2132715753330676,0.2796974970302873,RU,4.5,nM,dissociation,420.0,540.0
mAb-X-SCK,mAb-X,run-1,mAb-X-B1,B1-543,543.0,s,11.639854054513464,0.06480956952211459,1.1492973274543987,0.026398048970086446,RU,4.5,nM,dissociation,420.0,540.0
mAb-X-SCK,mAb-X,run-1,mAb-X-B1,B1-544,544.0,s,11.837040456774576,-0.19941495978391624,1.3092577715211275,0.17373895276431478,RU,4.5,nM,dissociation,420.0,540.0
mAb-X-SCK,mAb-X,run-1,mAb-X-B1,B1-545,545.0,s,11.918567760857046,0.01155052416348221,1.13662375863328,0.024561196842249798,RU,4.5,nM,dissociation,420.0,540.0
mAb-X-SCK,mAb-X,run-1,mAb-X-B1,B1-546,546.0,s,11.758159081330756,0.012965076676563646,0.9572669991001203,-0.2739705855948783,RU,4.5,nM,dissociation,420.0,540.0
mAb-X-SCK,mAb-X,run-1,mAb-X-B1,B1-547,547.0,s,11.662724853867834,0.008453477975873322,0.7006250300962236,0.025203730736751365,RU,4.5,nM,dissociation,420.0,540.0
mAb-X-SCK,mAb-X,run-1,mAb-X-B1,B1-548,548.0,s,11.932092880222708,-0.010946711006383773,1.1776594466886903,0.1776582063858104,RU,4.5,nM,dissociation,420.0,540.0
mAb-X-SCK,mAb-X,run-1,mAb-X-B1,B1-549,549.0,s,11.782874019986814,0.13145867684263213,0.9339126023066651,0.2894643672757497,RU,4.5,nM,dissociation,420.0,540.0
mAb-X-SCK,mAb-X,run-1,mAb-X-B1,B1-550,550.0,s,11.84398835395369,0.03185177817371925,1.4097728242873142,-0.1804948699309875,RU,4.5,nM,dissociation,420.0,540.0
mAb-X-SCK,mAb-X,run-1,mAb-X-B1,B1-551,551.0,s,11.912184869446014,0.12293433498255077,1.238714517804761,0.23359059371995242,RU,4.5,nM,dissociation,420.0,540.0
mAb-X-SCK,mAb-X,run-1,mAb-X-B1,B1-552,552.0,s,11.8208722406758,0.10064158800978905,1.0413182607263651,-0.05375743650585922,RU,4.5,nM,dissociation,420.0,540.0
mAb-X-SCK,mAb-X,run-1,mAb-X-B1,B1-553,553.0,s,11.608357858945844,-0.26182407585800255,1.114506661879656,0.08108408015090451,RU,4.5,nM,dissociation,420.0,540.0
mAb-X-SCK,mAb-X,run-1,mAb-X-B1,B1-554,554.0,s,12.322757540900419,-0.09102325147802907,1.087830497144226,-0.08162431238700536,RU,4.5,nM,dissociation,420.0,540.0
mAb-X-SCK,mAb-X,run-1,mAb-X-B1,B1-555,555.0,s,12.143505845901647,-0.05845683062298356,1.0023239958151176,0.18153679269147888,RU,4.5,nM,dissociation,420.0,540.0
mAb-X-SCK,mAb-X,run-1,mAb-X-B1,B1-556,556.0,s,11.750762988781268,-0.11361332129913719,1.0104273746365375,-0.07726348718605282,RU,4.5,nM,dissociation,420.0,540.0
mAb-X-SCK,mAb-X,run-1,mAb-X-B1,B1-557,557.0,s,12.17146932277726,-0.2512368340497444,1.1723904851075657,0.07404064647006403,RU,4.5,nM,dissociation,420.0,540.0
mAb-X-SCK,mAb-X,run-1,mAb-X-B1,B1-558,558.0,s,12.207417863580698,-0.043105773690678854,1.1997941784669124,-0.09836712855900925,RU,4.5,nM,dissociation,420.0,540.0
mAb-X-SCK,mAb-X,run-1,mAb-X-B1,B1-559,559.0,s,11.84086808796084,0.05768580153196366,1.139343586980932,-0.004300474911307892,RU,4.5,nM,dissociation,420.0,540.0
mAb-X-SCK,mAb-X,run-1,mAb-X-B1,B1-560,560.0,s,11.998034527883945,-0.15992141119179826,1.5154755967193347,-0.20664592347584437,RU,4.5,nM,dissociation,420.0,540.0
mAb-X-SCK,mAb-X,run-1,mAb-X-B1,B1-561,561.0,s,11.708179025339376,0.36125925092985334,1.0972806092844438,0.01010418028319841,RU,4.5,nM,dissociation,420.0,540.0
mAb-X-SCK,mAb-X,run-1,mAb-X-B1,B1-562,562.0,s,11.685031067750076,0.1290700592299093,1.1088023076150975,0.13016034012089664,RU,4.5,nM,dissociation,420.0,540.0
mAb-X-SCK,mAb-X,run-1,mAb-X-B1,B1-563,563.0,s,11.780346379551409,0.15119303060416386,0.9064781379459463,-0.13142052693265288,RU,4.5,nM,dissociation,420.0,540.0
mAb-X-SCK,mAb-X,run-1,mAb-X-B1,B1-564,564.0,s,11.931773543493886,-0.04057082156726514,1.0338680407676288,-0.34500898447070305,RU,4.5,nM,dissociation,420.0,540.0
mAb-X-SCK,mAb-X,run-1,mAb-X-B1,B1-565,565.0,s,11.747101816198958,-0.031637537112588765,1.375666014418446,-0.12278176415360632,RU,4.5,nM,dissociation,420.0,540.0
mAb-X-SCK,mAb-X,run-1,mAb-X-B1,B1-566,566.0,s,11.727962083685393,-0.07301852291435988,1.2903750549745059,0.004639647917526372,RU,4.5,nM,dissociation,420.0,540.0
mAb-X-SCK,mAb-X,run-1,mAb-X-B1,B1-567,567.0,s,12.087147256425425,-0.12429793331668357,1.134472342486438,0.11120655463226918,RU,4.5,nM,dissociation,420.0,540.0
mAb-X-SCK,mAb-X,run-1,mAb-X-B1,B1-568,568.0,s,11.692745465684109,0.24646563112247805,1.2899304399110834,-0.08686947959731439,RU,4.5,nM,dissociation,420.0,540.0
mAb-X-SCK,mAb-X,run-1,mAb-X-B1,B1-569,569.0,s,11.731578627666044,-0.014312951464920613,1.0591517455235675,-0.10332033025010137,RU,4.5,nM,dissociation,420.0,540.0
mAb-X-SCK,mAb-X,run-1,mAb-X-B1,B1-570,570.0,s,12.009401871319522,-0.11991015710063323,1.1909964917761648,-0.11453534892009373,RU,4.5,nM,dissociation,420.0,540.0
mAb-X-SCK,mAb-X,run-1,mAb-X-B1,B1-571,571.0,s,11.890389069087796,-0.29155031626783995,1.0017764443932204,-0.08029588868044656,RU,4.5,nM,dissociation,420.0,540.0
mAb-X-SCK,mAb-X,run-1,mAb-X-B1,B1-572,572.0,s,11.922583270979988,-0.140935862825164,1.2182559563520148,0.14954435973037275,RU,4.5,nM,dissociation,420.0,540.0
mAb-X-SCK,mAb-X,run-1,mAb-X-B1,B1-573,573.0,s,11.600403014296544,0.042758074517885526,1.0493573602260684,-0.21911685840039266,RU,4.5,nM,dissociation,420.0,540.0
mAb-X-SCK,mAb-X,run-1,mAb-X-B1,B1-574,574.0,s,11.84645345396183,-0.0017983748155046418,1.3703489406465745,0.05538913773863983,RU,4.5,nM,dissociation,420.0,540.0
mAb-X-SCK,mAb-X,run-1,mAb-X-B1,B1-575,575.0,s,11.738633834729791,0.12780843947114917,1.0139599985439423,-0.1492721848756325,RU,4.5,nM,dissociation,420.0,540.0
mAb-X-SCK,mAb-X,run-1,mAb-X-B1,B1-576,576.0,s,11.738941479005245,0.11440560782095244,1.1407785284856626,-0.10477280364199225,RU,4.5,nM,dissociation,420.0,540.0
mAb-X-SCK,mAb-X,run-1,mAb-X-B1,B1-577,577.0,s,11.96544933811965,0.12672800788558283,1.1949896272863334,0.05251229981334414,RU,4.5,nM,dissociation,420.0,540.0
mAb-X-SCK,mAb-X,run-1,mAb-X-B1,B1-578,578.0,s,11.9987483364124,0.014712969706871125,1.0074899870518117,0.16930066164127563,RU,4.5,nM,dissociation,420.0,540.0
mAb-X-SCK,mAb-X,run-1,mAb-X-B1,B1-579,579.0,s,11.738727181141106,0.07119794333436748,1.3855027138166127,-0.030182760675984483,RU,4.5,nM,dissociation,420.0,540.0
mAb-X-SCK,mAb-X,run-1,mAb-X-B1,B1-580,580.0,s,11.738104003375918,-0.2469357724364121,1.2240906982790507,0.22407643871856728,RU,4.5,nM,dissociation,420.0,540.0
mAb-X-SCK,mAb-X,run-1,mAb-X-B1,B1-581,581.0,s,11.752194325285462,0.02643192409129235,1.1840556570924223,0.10370733672010772,RU,4.5,nM,dissociation,420.0,540.0
mAb-X-SCK,mAb-X,run-1,mAb-X-B1,B1-582,582.0,s,11.429718574603138,0.043832290462312684,1.2659738515090977,0.23730010772115367,RU,4.5,nM,dissociation,420.0,540.0
mAb-X-SCK,mAb-X,run-1,mAb-X-B1,B1-583,583.0,s,11.894211807343359,0.2676133689651616,1.3510217163350984,-0.07084527808852692,RU,4.5,nM,dissociation,420.0,540.0
mAb-X-SCK,mAb-X,run-1,mAb-X-B1,B1-584,584.0,s,11.571432219669406,0.0795588535315897,1.423944144464051,-0.005122569465995953,RU,4.5,nM,dissociation,420.0,540.0
mAb-X-SCK,mAb-X,run-1,mAb-X-B1,B1-585,585.0,s,12.043227572412375,0.08829058360986224,1.1107862642559732,-0.10425563700759966,RU,4.5,nM,dissociation,420.0,540.0
mAb-X-SCK,mAb-X,run-1,mAb-X-B1,B1-586,586.0,s,11.687522575586797,-0.10978996302555977,1.009814823512645,0.028599989469183715,RU,4.5,nM,dissociation,420.0,540.0
mAb-X-SCK,mAb-X,run-1,mAb-X-B1,B1-587,587.0,s,11.763650055186204,0.056896804220357915,1.38364633458068,0.08751068094894224,RU,4.5,nM,dissociation,420.0,540.0
mAb-X-SCK,mAb-X,run-1,mAb-X-B1,B1-588,588.0,s,11.660090899176243,0.07509933128452267,1.1423269615930256,-0.06193838941404414,RU,4.5,nM,dissociation,420.0,540.0
mAb-X-SCK,mAb-X,run-1,mAb-X-B1,B1-589,589.0,s,11.869807360851112,0.2502264100886242,1.2493703146100923,-0.22702165180443643,RU,4.5,nM,dissociation,420.0,540.0
mAb-X-SCK,mAb-X,run-1,mAb-X-B1,B1-590,590.0,s,11.636455227907536,-0.1216895198161379,1.1129709669147019,-0.24285314031606384,RU,4.5,nM,dissociation,420.0,540.0
mAb-X-SCK,mAb-X,run-1,mAb-X-B1,B1-591,591.0,s,11.560456822389341,-0.021423034251793663,1.1811056126689714,-0.19471477806588477,RU,4.5,nM,dissociation,420.0,540.0
mAb-X-SCK,mAb-X,run-1,mAb-X-B1,B1-592,592.0,s,11.583806384943234,-0.20535671791847473,1.5116020505633183,0.07398048043741035,RU,4.5,nM,dissociation,420.0,540.0
mAb-X-SCK,mAb-X,run-1,mAb-X-B1,B1-593,593.0,s,11.601352578953747,-0.11088189262656965,0.9625465655041102,0.10614048912533623,RU,4.5,nM,dissociation,420.0,540.0
mAb-X-SCK,mAb-X,run-1,mAb-X-B1,B1-594,594.0,s,11.751088557054398,0.14113795341393676,1.0427741375445985,-0.08660140001815987,RU,4.5,nM,dissociation,420.0,540.0
mAb-X-SCK,mAb-X,run-1,mAb-X-B1,B1-595,595.0,s,11.682022779882415,-0.03892402640769101,0.9551719928097455,-0.08074841050085088,RU,4.5,nM,dissociation,420.0,540.0
mAb-X-SCK,mAb-X,run-1,mAb-X-B1,B1-596,596.0,s,11.68862310457303,-0.03579077558598617,0.9990725817107782,0.29505251085801093,RU,4.5,nM,dissociation,420.0,540.0
mAb-X-SCK,mAb-X,run-1,mAb-X-B1,B1-597,597.0,s,11.674768828191345,-0.10678003248187275,0.9563683893704682,0.18433449497768298,RU,4.5,nM,dissociation,420.0,540.0
mAb-X-SCK,mAb-X,run-1,mAb-X-B1,B1-598,598.0,s,11.657680264095111,-0.10518784467780823,0.8830833265110702,-0.17101499497444425,RU,4.5,nM,dissociation,420.0,540.0
mAb-X-SCK,mAb-X,run-1,mAb-X-B1,B1-599,599.0,s,11.835958649944462,-0.13471862084709263,1.057484683403648,0.012294092831924477,RU,4.5,nM,dissociation,420.0,540.0
mAb-X-SCK,mAb-X,run-1,mAb-X-B1,B1-600,600.0,s,13.486282933335184,2.112498749335646,1.3490447242323667,-0.06611330124145622,RU,13.5,nM,association,600.0,720.0
mAb-X-SCK,mAb-X,run-1,mAb-X-B1,B1-601,601.0,s,13.924268487026348,2.0562952293150913,1.1455874830993038,-0.033489833862809876,RU,13.5,nM,association,600.0,720.0
mAb-X-SCK,mAb-X,run-1,mAb-X-B1,B1-602,602.0,s,13.906423889008723,1.996881790286369,1.0493978694425588,0.11096478461578241,RU,13.5,nM,association,600.0,720.0
mAb-X-SCK,mAb-X,run-1,mAb-X-B1,B1-603,603.0,s,14.372567822715785,1.9342681413610292,0.9006801849794351,-0.1355036387325236,RU,13.5,nM,association,600.0,720.0
mAb-X-SCK,mAb-X,run-1,mAb-X-B1,B1-604,604.0,s,14.220918724036125,1.8130223583707803,1.1132417110687216,-0.14855278279238054,RU,13.5,nM,association,600.0,720.0
mAb-X-SCK,mAb-X,run-1,mAb-X-B1,B1-605,605.0,s,14.745757745125388,2.1098169973342555,1.331839573009918,-0.03345251157428265,RU,13.5,nM,association,600.0,720.0
mAb-X-SCK,mAb-X,run-1,mAb-X-B1,B1-606,606.0,s,15.055047532212054,2.200110394184136,1.1318660860646208,-0.15097898572634805,RU,13.5,nM,association,600.0,720.0
mAb-X-SCK,mAb-X,run-1,mAb-X-B1,B1-607,607.0,s,15.133367918765911,1.9071222134043717,1.1398179008728087,-0.07681337929151617,RU,13.5,nM,association,600.0,720.0
mAb-X-SCK,mAb-X,run-1,mAb-X-B1,B1-608,608.0,s,15.357232849282497,1.8685403047302214,1.3155731635550143,-0.1148830539143439,RU,13.5,nM,association,600.0,720.0
mAb-X-SCK,mAb-X,run-1,mAb-X-B1,B1-609,609.0,s,15.485837012342136,1.7611701939267796,1.317341402051182,-0.2554964915443371,RU,13.5,nM,association,600.0,720.0
mAb-X-SCK,mAb-X,run-1,mAb-X-B1,B1-610,610.0,s,15.597407377692347,2.1244196940909483,1.2801443615477286,0.02413688303897397,RU,13.5,nM,association,600.0,720.0
mAb-X-SCK,mAb-X,run-1,mAb-X-B1,B1-611,611.0,s,15.746363887075468,1.9713340088588887,1.1254094925486415,0.13205564441064682,RU,13.5,nM,association,600.0,720.0
mAb-X-SCK,mAb-X,run-1,mAb-X-B1,B1-612,612.0,s,15.7062902443153,2.120608854076554,0.9187245223739854,0.2506999523332999,RU,13.5,nM,association,600.0,720.0
mAb-X-SCK,mAb-X,run-1,mAb-X-B1,B1-613,613.0,s,16.142257391118214,2.073587542792007,1.3938808501320736,0.1962272427415784,RU,13.5,nM,association,600.0,720.0
mAb-X-SCK,mAb-X,run-1,mAb-X-B1,B1-614,614.0,s,16.220427792158663,1.9460918250731152,1.2994206659677399,-0.16240776185078357,RU,13.5,nM,association,600.0,720.0
mAb-X-SCK,mAb-X,run-1,mAb-X-B1,B1-615,615.0,s,16.283196517189708,2.2011003717894306,1.426316545594846,0.09840739682005772,RU,13.5,nM,association,600.0,720.0
mAb-X-SCK,mAb-X,run-1,mAb-X-B1,B1-616,616.0,s,16.64664829662368,2.102357673293877,1.1138713908960323,-0.17565851488547055,RU,13.5,nM,association,600.0,720.0
mAb-X-SCK,mAb-X,run-1,mAb-X-B1,B1-617,617.0,s,16.95395847546465,2.0889306500625113,1.1827036788397747,0.031717105298470945,RU,13.5,nM,association,600.0,720.0
mAb-X-SCK,mAb-X,run-1,mAb-X-B1,B1-618,618.0,s,17.073983793560682,1.880431855781437,1.2453495829689056,-0.10845036421817711,RU,13.5,nM,association,600.0,720.0
mAb-X-SCK,mAb-X,run-1,mAb-X-B1,B1-619,619.0,s,16.936808162355245,2.1246587467772966,1.3860392707970208,-0.16566854227086703,RU,13.5,nM,association,600.0,720.0
mAb-X-SCK,mAb-X,run-1,mAb-X-B1,B1-620,620.0,s,17.471632048241254,2.0579842832594077,1.2576673709443094,-0.19506013818552628,RU,13.5,nM,association,600.0,720.0
mAb-X-SCK,mAb-X,run-1,mAb-X-B1,B1-621,621.0,s,17.59668714783038,2.1447637897251366,1.3504956606981193,-0.03665256907672059,RU,13.5,nM,association,600.0,720.0
mAb-X-SCK,mAb-X,run-1,mAb-X-B1,B1-622,622.0,s,17.5484912248078,1.9836247078802638,1.4805896707089912,0.1600755912730521,RU,13.5,nM,association,600.0,720.0
mAb-X-SCK,mAb-X,run-1,mAb-X-B1,B1-623,623.0,s,18.009435632819866,2.1717678275330234,1.4297701455816838,0.003609817224492301,RU,13.5,nM,association,600.0,720.0
mAb-X-SCK,mAb-X,run-1,mAb-X-B1,B1-624,624.0,s,17.8435767299076,2.0814406830504404,1.223089463352504,-0.07135622153219759,RU,13.5,nM,association,600.0,720.0
mAb-X-SCK,mAb-X,run-1,mAb-X-B1,B1-625,625.0,s,18.35953748755683,2.212585835821227,1.1093055548646265,0.03448110537028022,RU,13.5,nM,association,600.0,720.0
mAb-X-SCK,mAb-X,run-1,mAb-X-B1,B1-626,626.0,s,18.280090171538426,1.9624524642979628,1.2411430635254121,-0.11042708954366696,RU,13.5,nM,association,600.0,720.0
mAb-X-SCK,mAb-X,run-1,mAb-X-B1,B1-627,627.0,s,18.385620642701888,2.1671021791948837,0.8614409958518023,0.057770258190056316,RU,13.5,nM,association,600.0,720.0
mAb-X-SCK,mAb-X,run-1,mAb-X-B1,B1-628,628.0,s,18.800296119831625,2.1359926556426565,1.2894857199754821,0.007163838667898008,RU,13.5,nM,association,600.0,720.0
mAb-X-SCK,mAb-X,run-1,mAb-X-B1,B1-629,629.0,s,18.892540324200596,1.897985404611545,1.3222450099668954,0.21327484959649323,RU,13.5,nM,association,600.0,720.0
mAb-X-SCK,mAb-X,run-1,mAb-X-B1,B1-630,630.0,s,19.08553400450819,2.1632308106908984,1.3172713004018992,0.2594826416346049,RU,13.5,nM,association,600.0,720.0
mAb-X-SCK,mAb-X,run-1,mAb-X-B1,B1-631,631.0,s,19.214284969908633,2.173773859262301,1.18842026162541,0.06655010610192057,RU,13.5,nM,association,600.0,720.0
mAb-X-SCK,mAb-X,run-1,mAb-X-B1,B1-632,632.0,s,19.1309790505695,2.1324246146988757,1.3164182439174343,0.19445395390378276,RU,13.5,nM,association,600.0,720.0
mAb-X-SCK,mAb-X,run-1,mAb-X-B1,B1-633,633.0,s,19.502396934985573,2.23006120240398,1.2624224651238065,-0.09886512104714736,RU,13.5,nM,association,600.0,720.0
mAb-X-SCK,mAb-X,run-1,mAb-X-B1,B1-634,634.0,s,19.520772456032315,1.7785837247581513,1.2160445207696584,0.010017386833467659,RU,13.5,nM,association,600.0,720.0
mAb-X-SCK,mAb-X,run-1,mAb-X-B1,B1-635,635.0,s,19.781098065470673,2.038355957885611,1.350453125041826,-0.1062441458169593,RU,13.5,nM,association,600.0,720.0
mAb-X-SCK,mAb-X,run-1,mAb-X-B1,B1-636,636.0,s,19.816684852906512,1.8900913065193088,1.3665898462048869,0.004508020028502798,RU,13.5,nM,association,600.0,720.0
mAb-X-SCK,mAb-X,run-1,mAb-X-B1,B1-637,637.0,s,20.312180200250427,2.1497893734023417,0.9739634864196697,-0.1461384563217312,RU,13.5,nM,association,600.0,720.0
mAb-X-SCK,mAb-X,run-1,mAb-X-B1,B1-638,638.0,s,20.31584536209674,2.024510406237248,1.023292939233037,0.20055082407308267,RU,13.5,nM,association,600.0,720.0
mAb-X-SCK,mAb-X,run-1,mAb-X-B1,B1-639,639.0,s,20.541884796987667,2.0935082366528,1.23597520089587,0.17379888259159051,RU,13.5,nM,association,600.0,720.0
mAb-X-SCK,mAb-X,run-1,mAb-X-B1,B1-640,640.0,s,20.698427489239805,2.0004491214659077,1.2776470951059473,0.16336510151082476,RU,13.5,nM,association,600.0,720.0
mAb-X-SCK,mAb-X,run-1,mAb-X-B1,B1-641,641.0,s,20.844729054709756,2.2235474203677343,1.2665984547468527,0.1809308968021697,RU,13.5,nM,association,600.0,720.0
mAb-X-SCK,mAb-X,run-1,mAb-X-B1,B1-642,642.0,s,21.011195707906268,1.9858089921905244,1.2908755314226399,-0.0901643629600274,RU,13.5,nM,association,600.0,720.0
mAb-X-SCK,mAb-X,run-1,mAb-X-B1,B1-643,643.0,s,20.75056109689208,2.0164148904081185,1.1368095805086051,0.2092023280294375,RU,13.5,nM,association,600.0,720.0
mAb-X-SCK,mAb-X,run-1,mAb-X-B1,B1-644,644.0,s,21.206527809734784,1.9552817394567026,1.170348022824285,-0.04263427325904545,RU,13.5,nM,association,600.0,720.0
mAb-X-SCK,mAb-X,run-1,mAb-X-B1,B1-645,645.0,s,21.625134965798104,2.0216812981484966,1.2279251575337513,0.03372414879157434,RU,13.5,nM,association,600.0,720.0
mAb-X-SCK,mAb-X,run-1,mAb-X-B1,B1-646,646.0,s,21.694704541570406,2.145702580622032,1.1763378548841275,0.12962947961822302,RU,13.5,nM,association,600.0,720.0
mAb-X-SCK,mAb-X,run-1,mAb-X-B1,B1-647,647.0,s,21.746576402510787,1.9784816949423571,1.1908793907929014,0.24466417678946012,RU,13.5,nM,association,600.0,720.0
mAb-X-SCK,mAb-X,run-1,mAb-X-B1,B1-648,648.0,s,21.769183948138664,1.8207233882327254,1.4272609403640408,-0.050945507103636725,RU,13.5,nM,association,600.0,720.0
mAb-X-SCK,mAb-X,run-1,mAb-X-B1,B1-649,649.0,s,22.167533128804898,2.095273746119524,1.1641470530582705,-0.06857598752414827,RU,13.5,nM,association,600.0,720.0
mAb-X-SCK,mAb-X,run-1,mAb-X-B1,B1-650,650.0,s,22.207119096798817,1.8299081482259199,1.160930921280586,-0.04770632322557187,RU,13.5,nM,association,600.0,720.0
mAb-X-SCK,mAb-X,run-1,mAb-X-B1,B1-651,651.0,s,22.36354364020519,2.0388130487364715,1.1813714920172862,-0.03669016707073299,RU,13.5,nM,association,600.0,720.0
mAb-X-SCK,mAb-X,run-1,mAb-X-B1,B1-652,652.0,s,22.609049944398652,2.310096679354391,1.2166485570132781,0.11842662712244029,RU,13.5,nM,association,600.0,720.0
mAb-X-SCK,mAb-X,run-1,mAb-X-B1,B1-653,653.0,s,22.75369477112662,2.015512987727257,0.9042353720204079,0.22946526855936616,RU,13.5,nM,association,600.0,720.0
mAb-X-SCK,mAb-X,run-1,mAb-X-B1,B1-654,654.0,s,22.84763579797856,1.8694320153403443,1.2347957584094709,0.0009515645247253816,RU,13.5,nM,association,600.0,720.0
mAb-X-SCK,mAb-X,run-1,mAb-X-B1,B1-655,655.0,s,22.94280082224212,2.0449238426982492,1.1786099507513608,0.0735796293005715,RU,13.5,nM,association,600.0,720.0
mAb-X-SCK,mAb-X,run-1,mAb-X-B1,B1-656,656.0,s,23.078731097244596,2.036026096523893,1.1520188846533015,0.10710336599733283,RU,13.5,nM,association,600.0,720.0
mAb-X-SCK,mAb-X,run-1,mAb-X-B1,B1-657,657.0,s,23.311204461406927,2.1427854210360144,1.2829915144170976,-0.03225972264959189,RU,13.5,nM,association,600.0,720.0
mAb-X-SCK,mAb-X,run-1,mAb-X-B1,B1-658,658.0,s,23.683923964878684,2.0345312571857472,1.2281770977996684,-0.1580644116943544,RU,13.5,nM,association,600.0,720.0
mAb-X-SCK,mAb-X,run-1,mAb-X-B1,B1-659,659.0,s,23.64168017911772,2.0189886735331046,1.1925418767371565,0.06990025309904346,RU,13.5,nM,association,600.0,720.0
mAb-X-SCK,mAb-X,run-1,mAb-X-B1,B1-660,660.0,s,23.702298951179948,2.159287866791151,1.3817589859306587,0.08978585247197825,RU,13.5,nM,association,600.0,720.0
mAb-X-SCK,mAb-X,run-1,mAb-X-B1,B1-661,661.0,s,24.066446010923602,2.311353669342539,1.1733871561824598,-0.10719635849350585,RU,13.5,nM,association,600.0,720.0
mAb-X-SCK,mAb-X,run-1,mAb-X-B1,B1-662,662.0,s,24.242817288674626,1.8569559318064273,1.4411139592613225,0.26969509402769937,RU,13.5,nM,association,600.0,720.0
mAb-X-SCK,mAb-X,run-1,mAb-X-B1,B1-663,663.0,s,24.23878157075362,1.963888903607425,1.5107243248599445,-0.0010205307889715241,RU,13.5,nM,association,600.0,720.0
mAb-X-SCK,mAb-X,run-1,mAb-X-B1,B1-664,664.0,s,24.121388391093507,2.1438000864458915,1.3337839548624324,0.170809066834354,RU,13.5,nM,association,600.0,720.0
mAb-X-SCK,mAb-X,run-1,mAb-X-B1,B1-665,665.0,s,24.40233775306,1.9733038484136183,1.4095632441689705,-0.04704066299086442,RU,13.5,nM,association,600.0,720.0
mAb-X-SCK,mAb-X,run-1,mAb-X-B1,B1-666,666.0,s,24.763101555897876,1.896862723411019,1.3877105211903669,0.018569944556329984,RU,13.5,nM,association,600.0,720.0
mAb-X-SCK,mAb-X,run-1,mAb-X-B1,B1-667,667.0,s,24.86084745003643,1.9918279182164906,1.2722432196179434,0.09763465335812681,RU,13.5,nM,association,600.0,720.0
mAb-X-SCK,mAb-X,run-1,mAb-X-B1,B1-668,668.0,s,24.9967384092943,1.8516832305472242,1.2970595038298374,-0.0825500309647544,RU,13.5,nM,association,600.0,720.0
mAb-X-SCK,mAb-X,run-1,mAb-X-B1,B1-669,669.0,s,25.366973653510133,1.8766168642788814,1.1303488922321359,0.0938259780868565,RU,13.5,nM,association,600.0,720.0
mAb-X-SCK,mAb-X,run-1,mAb-X-B1,B1-670,670.0,s,25.414777206605326,1.8139239608222388,1.4732623919520156,0.11542293305401784,RU,13.5,nM,association,600.0,720.0
mAb-X-SCK,mAb-X,run-1,mAb-X-B1,B1-671,671.0,s,25.607231582611497,1.9291530016362552,1.2405243558599,0.025587291414437722,RU,13.5,nM,association,600.0,720.0
mAb-X-SCK,mAb-X,run-1,mAb-X-B1,B1-672,672.0,s,25.475910461762368,1.9559780386609944,1.3360480503184675,-0.011264531303261357,RU,13.5,nM,association,600.0,720.0
mAb-X-SCK,mAb-X,run-1,mAb-X-B1,B1-673,673.0,s,25.803581786744576,2.11768578905121,1.4135401986508602,-0.43385761609677215,RU,13.5,nM,association,600.0,720.0
mAb-X-SCK,mAb-X,run-1,mAb-X-B1,B1-674,674.0,s,26.064352842085064,2.224200856437517,1.2552391599508614,-0.012223939505291978,RU,13.5,nM,association,600.0,720.0
mAb-X-SCK,mAb-X,run-1,mAb-X-B1,B1-675,675.0,s,26.04017223609591,1.9353760615240463,1.3470653303528308,-0.15053603262065593,RU,13.5,nM,association,600.0,720.0
mAb-X-SCK,mAb-X,run-1,mAb-X-B1,B1-676,676.0,s,26.333018180105494,1.721105470292771,1.3233542624545902,-0.12894727809733406,RU,13.5,nM,association,600.0,720.0
mAb-X-SCK,mAb-X,run-1,mAb-X-B1,B1-677,677.0,s,26.326853574347844,1.9576082346425314,0.9726193682571888,-0.1819409221436863,RU,13.5,nM,association,600.0,720.0
mAb-X-SCK,mAb-X,run-1,mAb-X-B1,B1-678,678.0,s,26.519030013634186,2.0270523208009728,1.6073061645886457,-0.31470734162065217,RU,13.5,nM,association,600.0,720.0
mAb-X-SCK,mAb-X,run-1,mAb-X-B1,B1-679,679.0,s,26.76595639468388,2.021890759014401,1.157897578814955,0.04064192830567502,RU,13.5,nM,association,600.0,720.0
mAb-X-SCK,mAb-X,run-1,mAb-X-B1,B1-680,680.0,s,26.694886577617925,1.9737290534166805,1.3355628940937787,0.169618209903348,RU,13.5,nM,association,600.0,720.0
mAb-X-SCK,mAb-X,run-1,mAb-X-B1,B1-681,681.0,s,26.84278436316359,2.203077796285044,1.3324572306205178,-0.1605902922029709,RU,13.5,nM,association,600.0,720.0
mAb-X-SCK,mAb-X,run-1,mAb-X-B1,B1-682,682.0,s,27.18886018138177,2.0166447554481928,1.2840219769404786,0.01089462253134575,RU,13.5,nM,association,600.0,720.0
mAb-X-SCK,mAb-X,run-1,mAb-X-B1,B1-683,683.0,s,27.36283953475515,2.163673263133708,1.3836402274906743,-0.19476152247228973,RU,13.5,nM,association,600.0,720.0
mAb-X-SCK,mAb-X,run-1,mAb-X-B1,B1-684,684.0,s,27.1636789447139,1.8417792012988905,1.282041511834109,0.13730572950731534,RU,13.5,nM,association,600.0,720.0
mAb-X-SCK,mAb-X,run-1,mAb-X-B1,B1-685,685.0,s,27.601809636563477,1.982445275694277,1.1971927945835221,-0.01654321571240558,RU,13.5,nM,association,600.0,720.0
mAb-X-SCK,mAb-X,run-1,mAb-X-B1,B1-686,686.0,s,27.7164807729979,2.0154729520598025,1.6137390938874465,0.1413340304346814,RU,13.5,nM,association,600.0,720.0
mAb-X-SCK,mAb-X,run-1,mAb-X-B1,B1-687,687.0,s,27.87287191598677,1.9862087770289263,1.3780846580145236,-0.06923987487970314,RU,13.5,nM,association,600.0,720.0
mAb-X-SCK,mAb-X,run-1,mAb-X-B1,B1-688,688.0,s,27.89094566173493,1.911289534102449,1.5964226358710945,-0.11260132503714115,RU,13.5,nM,association,600.0,720.0
mAb-X-SCK,mAb-X,run-1,mAb-X-B1,B1-689,689.0,s,28.013292785013327,2.01961193750759,1.4732994883077697,-0.05175861906096515,RU,13.5,nM,association,600.0,720.0
mAb-X-SCK,mAb-X,run-1,mAb-X-B1,B1-690,690.0,s,28.032792791018448,2.039773920783083,1.2159914568201409,0.05916820025209088,RU,13.5,nM,association,600.0,720.0
mAb-X-SCK,mAb-X,run-1,mAb-X-B1,B1-691,691.0,s,28.193737309341543,1.7748570957304084,1.3697418695079462,-0.15951632692882842,RU,13.5,nM,association,600.0,720.0
mAb-X-SCK,mAb-X,run-1,mAb-X-B1,B1-692,692.0,s,28.405298159626838,2.08595633812338,1.238966493582451,-0.15127149472142395,RU,13.5,nM,association,600.0,720.0
mAb-X-SCK,mAb-X,run-1,mAb-X-B1,B1-693,693.0,s,28.443907868928115,1.795024961705885,1.2431755349903373,0.08729236994642511,RU,13.5,nM,association,600.0,720.0
mAb-X-SCK,mAb-X,run-1,mAb-X-B1,B1-694,694.0,s,28.75478466629832,1.8587259243757233,1.694744446001601,0.041158427963783245,RU,13.5,nM,association,600.0,720.0
mAb-X-SCK,mAb-X,run-1,mAb-X-B1,B1-695,695.0,s,28.887260784036368,2.312111487932959,1.2681886869274979,0.12249426236801735,RU,13.5,nM,association,600.0,720.0
mAb-X-SCK,mAb-X,run-1,mAb-X-B1,B1-696,696.0,s,29.307766970689784,2.1061502783133235,1.1975664126773802,0.13230204232979817,RU,13.5,nM,association,600.0,720.0
mAb-X-SCK,mAb-X,run-1,mAb-X-B1,B1-697,697.0,s,29.101278988582006,2.2829435863689085,1.4001094155936504,-0.23394403671349137,RU,13.5,nM,association,600.0,720.0
mAb-X-SCK,mAb-X,run-1,mAb-X-B1,B1-698,698.0,s,29.583270338098917,2.1592877437283287,1.646244837253965,-0.2439127353680711,RU,13.5,nM,association,600.0,720.0
mAb-X-SCK,mAb-X,run-1,mAb-X-B1,B1-699,699.0,s,29.56881994324777,1.9805666899158916,1.374344222574528,-0.1484184498982024,RU,13.5,nM,association,600.0,720.0
mAb-X-SCK,mAb-X,run-1,mAb-X-B1,B1-700,700.0,s,29.71701608577417,1.863429322295439,1.6814043979564446,0.3027305156656864,RU,13.5,nM,association,600.0,720.0
mAb-X-SCK,mAb-X,run-1,mAb-X-B1,B1-701,701.0,s,29.728218477680933,2.103756170805514,1.4878026852259951,0.18037307831903518,RU,13.5,nM,association,600.0,720.0
mAb-X-SCK,mAb-X,run-1,mAb-X-B1,B1-702,702.0,s,29.97758140928897,2.018093664753605,1.298960171685365,-0.1495126007590065,RU,13.5,nM,association,600.0,720.0
mAb-X-SCK,mAb-X,run-1,mAb-X-B1,B1-703,703.0,s,30.183482296914413,1.9710371685690469,1.5107549063117591,0.23729911803235038,RU,13.5,nM,association,600.0,720.0
mAb-X-SCK,mAb-X,run-1,mAb-X-B1,B1-704,704.0,s,30.29877143660889,2.345710807456597,1.1467346171713184,0.1518254932722657,RU,13.5,nM,association,600.0,720.0
mAb-X-SCK,mAb-X,run-1,mAb-X-B1,B1-705,705.0,s,29.90814944272766,1.831857125208285,1.4187565895727678,-0.10170823599473434,RU,13.5,nM,association,600.0,720.0
mAb-X-SCK,mAb-X,run-1,mAb-X-B1,B1-706,706.0,s,30.553348906497586,2.1442621582560566,1.3589651475696845,0.015455484254939198,RU,13.5,nM,association,600.0,720.0
mAb-X-SCK,mAb-X,run-1,mAb-X-B1,B1-707,707.0,s,30.526246882982424,2.0409474139469843,1.412682485609692,0.13199713584104067,RU,13.5,nM,association,600.0,720.0
mAb-X-SCK,mAb-X,run-1,mAb-X-B1,B1-708,708.0,s,30.41952401915209,1.8725614823936645,1.2825890697580948,0.08901351430787478,RU,13.5,nM,association,600.0,720.0
mAb-X-SCK,mAb-X,run-1,mAb-X-B1,B1-709,709.0,s,30.79513168342181,2.06172432712377,1.4820240792843868,-0.0917527079779204,RU,13.5,nM,association,600.0,720.0
mAb-X-SCK,mAb-X,run-1,mAb-X-B1,B1-710,710.0,s,30.9926554920006,2.082670272701439,1.284206780212318,-0.16465953061802455,RU,13.5,nM,association,600.0,720.0
mAb-X-SCK,mAb-X,run-1,mAb-X-B1,B1-711,711.0,s,30.954646439774702,2.2834212486627905,1.5948876846397133,0.07836776810025683,RU,13.5,nM,association,600.0,720.0
mAb-X-SCK,mAb-X,run-1,mAb-X-B1,B1-712,712.0,s,31.0851472025528,1.7204255311158643,1.2287566939516563,0.10490532118878677,RU,13.5,nM,association,600.0,720.0
mAb-X-SCK,mAb-X,run-1,mAb-X-B1,B1-713,713.0,s,31.526268488481172,2.1115617774899764,1.4908869088685615,0.2497627806897815,RU,13.5,nM,association,600.0,720.0
mAb-X-SCK,mAb-X,run-1,mAb-X-B1,B1-714,714.0,s,31.512707231165834,1.7864377232578545,1.3001794189543934,-0.07254070564518071,RU,13.5,nM,association,600.0,720.0
mAb-X-SCK,mAb-X,run-1,mAb-X-B1,B1-715,715.0,s,31.608270385895388,1.9601661793753333,1.8457991152559718,0.08400600090501359,RU,13.5,nM,association,600.0,720.0
mAb-X-SCK,mAb-X,run-1,mAb-X-B1,B1-716,716.0,s,31.692721192069378,1.9431235311356698,1.4620260193061745,0.1036290203856206,RU,13.5,nM,association,600.0,720.0
mAb-X-SCK,mAb-X,run-1,mAb-X-B1,B1-717,717.0,s,31.796279062323,2.0778059483947566,1.4773678200720803,0.141910467160441,RU,13.5,nM,association,600.0,720.0
mAb-X-SCK,mAb-X,run-1,mAb-X-B1,B1-718,718.0,s,31.897409752947496,2.066252174741661,1.5751104376452714,-0.16798485790556592,RU,13.5,nM,association,600.0,720.0
mAb-X-SCK,mAb-X,run-1,mAb-X-B1,B1-719,719.0,s,32.16944448361063,2.39330354504923,1.3087261752015957,-0.13702282089646414,RU,13.5,nM,association,600.0,720.0
mAb-X-SCK,mAb-X,run-1,mAb-X-B1,B1-720,720.0,s,30.16084085578632,-0.2831702416506568,1.4856503041919793,-0.19474676539701488,RU,13.5,nM,dissociation,600.0,720.0
mAb-X-SCK,mAb-X,run-1,mAb-X-B1,B1-721,721.0,s,30.372908387937272,0.04380198467731679,1.5009611894947565,-0.08165219488537573,RU,13.5,nM,dissociation,600.0,720.0
mAb-X-SCK,mAb-X,run-1,mAb-X-B1,B1-722,722.0,s,30.2014610854102,0.01898018234305354,1.33491896921003,0.17607186818339457,RU,13.5,nM,dissociation,600.0,720.0
mAb-X-SCK,mAb-X,run-1,mAb-X-B1,B1-723,723.0,s,30.162128491528474,0.1600650181083306,1.3534346973487514,-0.009794476273232832,RU,13.5,nM,dissociation,600.0,720.0
mAb-X-SCK,mAb-X,run-1,mAb-X-B1,B1-724,724.0,s,30.25842578098819,-0.15958253954778986,1.499359572999369,-0.01238217121285124,RU,13.5,nM,dissociation,600.0,720.0
mAb-X-SCK,mAb-X,run-1,mAb-X-B1,B1-725,725.0,s,30.000577379772206,-0.06974122507434566,1.3958961914153316,0.03262398979984823,RU,13.5,nM,dissociation,600.0,720.0
mAb-X-SCK,mAb-X,run-1,mAb-X-B1,B1-726,726.0,s,30.05846544532473,0.10447521614251255,1.5911435534360756,0.034376030517763966,RU,13.5,nM,dissociation,600.0,720.0
mAb-X-SCK,mAb-X,run-1,mAb-X-B1,B1-727,727.0,s,30.159586832710467,-0.08633383395849023,1.413765096318723,-0.12895205700331328,RU,13.5,nM,dissociation,600.0,720.0
mAb-X-SCK,mAb-X,run-1,mAb-X-B1,B1-728,728.0,s,29.950742493876536,0.1287429541251903,1.4538584219982154,-0.20224925403462624,RU,13.5,nM,dissociation,600.0,720.0
mAb-X-SCK,mAb-X,run-1,mAb-X-B1,B1-729,729.0,s,30.05788841830988,-0.15328879901198322,1.2987369231893415,0.06646443959994794,RU,13.5,nM,dissociation,600.0,720.0
mAb-X-SCK,mAb-X,run-1,mAb-X-B1,B1-730,730.0,s,30.00426984551353,0.04553522539915928,1.6157843318676193,-0.23560527113312255,RU,13.5,nM,dissociation,600.0,720.0
mAb-X-SCK,mAb-X,run-1,mAb-X-B1,B1-731,731.0,s,30.063439533064567,-0.11579603011107897,1.4644510598848284,0.07863215857060465,RU,13.5,nM,dissociation,600.0,720.0
mAb-X-SCK,mAb-X,run-1,mAb-X-B1,B1-732,732.0,s,30.217321056956465,0.2298953786248979,1.6381413930152218,0.22616728972043182,RU,13.5,nM,dissociation,600.0,720.0
mAb-X-SCK,mAb-X,run-1,mAb-X-B1,B1-733,733.0,s,30.014637713899116,0.10841656623717426,1.5697559909507504,0.32529434762795634,RU,13.5,nM,dissociation,600.0,720.0
mAb-X-SCK,mAb-X,run-1,mAb-X-B1,B1-734,734.0,s,29.767878239392772,-0.1473010750825602,1.5034548445355638,0.13393204774317238,RU,13.5,nM,dissociation,600.0,720.0
mAb-X-SCK,mAb-X,run-1,mAb-X-B1,B1-735,735.0,s,30.035649263048107,-0.10088389979817151,1.6994569850052468,-0.02669900844444029,RU,13.5,nM,dissociation,600.0,720.0
mAb-X-SCK,mAb-X,run-1,mAb-X-B1,B1-736,736.0,s,29.86168773828063,-0.00044205703073105104,1.6281432868491443,0.07098593928581261,RU,13.5,nM,dissociation,600.0,720.0
mAb-X-SCK,mAb-X,run-1,mAb-X-B1,B1-737,737.0,s,29.93982321871337,-0.05526729484850689,1.2472829380717316,-0.13710156956643643,RU,13.5,nM,dissociation,600.0,720.0
mAb-X-SCK,mAb-X,run-1,mAb-X-B1,B1-738,738.0,s,29.823618612535455,0.04157035000030657,1.2852446386186167,0.1030230885619729,RU,13.5,nM,dissociation,600.0,720.0
mAb-X-SCK,mAb-X,run-1,mAb-X-B1,B1-739,739.0,s,30.20119602098976,-0.004980086424872677,1.4558333780053885,-0.20225962551732826,RU,13.5,nM,dissociation,600.0,720.0
mAb-X-SCK,mAb-X,run-1,mAb-X-B1,B1-740,740.0,s,30.092041183475132,0.19196254404014018,1.5752359787269163,0.09021707706597008,RU,13.5,nM,dissociation,600.0,720.0
mAb-X-SCK,mAb-X,run-1,mAb-X-B1,B1-741,741.0,s,29.967102354417182,-0.25634909275229156,1.2884338618566948,-0.06494680631710241,RU,13.5,nM,dissociation,600.0,720.0
mAb-X-SCK,mAb-X,run-1,mAb-X-B1,B1-742,742.0,s,29.911776920275447,0.031132620953255186,1.4373629899046558,0.14664608515179922,RU,13.5,nM,dissociation,600.0,720.0
mAb-X-SCK,mAb-X,run-1,mAb-X-B1,B1-743,743.0,s,29.774573399632786,-0.14655364405867358,1.458295926707086,-0.029110177279550446,RU,13.5,nM,dissociation,600.0,720.0
mAb-X-SCK,mAb-X,run-1,mAb-X-B1,B1-744,744.0,s,29.83569188614511,0.047690323056866574,1.6400322602077733,0.08197228672497985,RU,13.5,nM,dissociation,600.0,720.0
mAb-X-SCK,mAb-X,run-1,mAb-X-B1,B1-745,745.0,s,29.95055698512917,-0.03259396348091197,1.434489526765922,-0.025314827755407332,RU,13.5,nM,dissociation,600.0,720.0
mAb-X-SCK,mAb-X,run-1,mAb-X-B1,B1-746,746.0,s,29.953346057658216,0.0756011603467368,1.5867008272282044,0.011304275842914224,RU,13.5,nM,dissociation,600.0,720.0
mAb-X-SCK,mAb-X,run-1,mAb-X-B1,B1-747,747.0,s,29.677826526870234,-0.23826101847062317,1.4713388974962696,-0.0747979515425448,RU,13.5,nM,dissociation,600.0,720.0
mAb-X-SCK,mAb-X,run-1,mAb-X-B1,B1-748,748.0,s,29.886450951579185,0.08907605810964979,1.4835285988124918,-0.09770026862156968,RU,13.5,nM,dissociation,600.0,720.0
mAb-X-SCK,mAb-X,run-1,mAb-X-B1,B1-749,749.0,s,29.722847544539146,0.08836630809626442,1.5271304072916163,0.015147838813280558,RU,13.5,nM,dissociation,600.0,720.0
mAb-X-SCK,mAb-X,run-1,mAb-X-B1,B1-750,750.0,s,29.888922882082554,0.05274650141804117,1.6299661118731472,0.015247815580504552,RU,13.5,nM,dissociation,600.0,720.0
mAb-X-SCK,mAb-X,run-1,mAb-X-B1,B1-751,751.0,s,29.785230734578438,-0.01879049344321913,1.8024626555543863,0.041273221005597,RU,13.5,nM,dissociation,600.0,720.0
mAb-X-SCK,mAb-X,run-1,mAb-X-B1,B1-752,752.0,s,29.960887409107364,-0.01563945070518158,1.3020543068247283,0.03947288461276267,RU,13.5,nM,dissociation,600.0,720.0
mAb-X-SCK,mAb-X,run-1,mAb-X-B1,B1-753,753.0,s,29.809484992463563,-0.2333450344977406,1.2524024539089125,-0.08499084443976071,RU,13.5,nM,dissociation,600.0,720.0
mAb-X-SCK,mAb-X,run-1,mAb-X-B1,B1-754,754.0,s,29.941914448073938,0.07115012375813205,1.39202619833266,-0.06852941891122498,RU,13.5,nM,dissociation,600.0,720.0
mAb-X-SCK,mAb-X,run-1,mAb-X-B1,B1-755,755.0,s,29.426465391616375,-0.20420909799404227,1.423906415208881,0.1422721757498334,RU,13.5,nM,dissociation,600.0,720.0
mAb-X-SCK,mAb-X,run-1,mAb-X-B1,B1-756,756.0,s,29.90840980420631,-0.01894540837929509,1.4808428817874635,-0.0426311865299703,RU,13.5,nM,dissociation,600.0,720.0
mAb-X-SCK,mAb-X,run-1,mAb-X-B1,B1-757,757.0,s,29.649300703847867,-0.15591168836811528,1.6848876274454239,0.11524709098929997,RU,13.5,nM,dissociation,600.0,720.0
mAb-X-SCK,mAb-X,run-1,mAb-X-B1,B1-758,758.0,s,29.656522826763947,-0.1961667421787509,1.4744397908723108,0.03914651712929047,RU,13.5,nM,dissociation,600.0,720.0
mAb-X-SCK,mAb-X,run-1,mAb-X-B1,B1-759,759.0,s,29.89340113899051,-0.15233075550800704,1.430794643089458,0.2031539460920294,RU,13.5,nM,dissociation,600.0,720.0
mAb-X-SCK,mAb-X,run-1,mAb-X-B1,B1-760,760.0,s,29.882601283647446,0.013998782559828574,1.6011752564625972,-0.03177663040372512,RU,13.5,nM,dissociation,600.0,720.0
mAb-X-SCK,mAb-X,run-1,mAb-X-B1,B1-761,761.0,s,29.716404967178345,0.11043239866188652,1.3596582772567132,-0.1265444132430966,RU,13.5,nM,dissociation,600.0,720.0
mAb-X-SCK,mAb-X,run-1,mAb-X-B1,B1-762,762.0,s,29.774147496780017,0.04360303336900174,1.2580546946633389,0.0632034120650824,RU,13.5,nM,dissociation,600.0,720.0
mAb-X-SCK,mAb-X,run-1,mAb-X-B1,B1-763,763.0,s,29.6567563685003,-0.053559337965305265,1.4765577496226168,-0.039410107706700025,RU,13.5,nM,dissociation,600.0,720.0
mAb-X-SCK,mAb-X,run-1,mAb-X-B1,B1-764,764.0,s,29.703337164913464,0.09900414134511984,1.4251705202444063,-0.17455518101382453,RU,13.5,nM,dissociation,600.0,720.0
mAb-X-SCK,mAb-X,run-1,mAb-X-B1,B1-765,765.0,s,29.400903753928475,-0.22160071259626193,1.6318523363374768,0.013234350849250955,RU,13.5,nM,dissociation,600.0,720.0
mAb-X-SCK,mAb-X,run-1,mAb-X-B1,B1-766,766.0,s,29.65716699634129,-0.23150324992931648,1.3780857632394514,0.31954862455226773,RU,13.5,nM,dissociation,600.0,720.0
mAb-X-SCK,mAb-X,run-1,mAb-X-B1,B1-767,767.0,s,29.47872686503094,-0.1186344929059162,1.494798634562655,0.26856260375308494,RU,13.5,nM,dissociation,600.0,720.0
mAb-X-SCK,mAb-X,run-1,mAb-X-B1,B1-768,768.0,s,29.93576732344956,-0.005903744224009007,1.430287041985125,-0.15191426799340194,RU,13.5,nM,dissociation,600.0,720.0
mAb-X-SCK,mAb-X,run-1,mAb-X-B1,B1-769,769.0,s,29.73869299724409,-0.1654422716441718,1.926902642106062,-0.23587013614463578,RU,13.5,nM,dissociation,600.0,720.0
mAb-X-SCK,mAb-X,run-1,mAb-X-B1,B1-770,770.0,s,29.674207014190994,-0.210030091974329,1.6257027640827966,0.19308701233932782,RU,13.5,nM,dissociation,600.0,720.0
mAb-X-SCK,mAb-X,run-1,mAb-X-B1,B1-771,771.0,s,29.50999546530831,0.06759474183671273,1.4124585973860682,-0.0567843818326663,RU,13.5,nM,dissociation,600.0,720.0
mAb-X-SCK,mAb-X,run-1,mAb-X-B1,B1-772,772.0,s,29.793565408589025,-0.07493623876165988,1.4538717842515159,-0.13242038282062524,RU,13.5,nM,dissociation,600.0,720.0
mAb-X-SCK,mAb-X,run-1,mAb-X-B1,B1-773,773.0,s,29.365303943968485,-0.017603610820788384,1.8021891883464751,0.1389621026943123,RU,13.5,nM,dissociation,600.0,720.0
mAb-X-SCK,mAb-X,run-1,mAb-X-B1,B1-774,774.0,s,29.442268404882245,-0.21764672666493254,1.7074926633601482,-0.06702373092618402,RU,13.5,nM,dissociation,600.0,720.0
mAb-X-SCK,mAb-X,run-1,mAb-X-B1,B1-775,775.0,s,29.751155044840775,-0.0389359117923258,1.6273158245058374,0.06688185365433037,RU,13.5,nM,dissociation,600.0,720.0
mAb-X-SCK,mAb-X,run-1,mAb-X-B1,B1-776,776.0,s,29.48795471089821,0.19160289534981728,1.7648476437197467,-0.09901852918171107,RU,13.5,nM,dissociation,600.0,720.0
mAb-X-SCK,mAb-X,run-1,mAb-X-B1,B1-777,777.0,s,29.205247375282948,0.18393480567021434,1.407389933758821,0.19110143474602173,RU,13.5,nM,dissociation,600.0,720.0
mAb-X-SCK,mAb-X,run-1,mAb-X-B1,B1-778,778.0,s,29.204331946639094,-0.025646818578192156,1.3800475148798952,-0.24779205636456536,RU,13.5,nM,dissociation,600.0,720.0
mAb-X-SCK,mAb-X,run-1,mAb-X-B1,B1-779,779.0,s,29.520459195176343,-0.13624905924111969,1.596833986707204,0.21181705822302013,RU,13.5,nM,dissociation,600.0,720.0
mAb-X-SCK,mAb-X,run-1,mAb-X-B1,B1-780,780.0,s,35.55994802545089,6.190076240766638,1.299687717376126,0.1628715356737179,RU,40.5,nM,association,780.0,900.0
mAb-X-SCK,mAb-X,run-1,mAb-X-B1,B1-781,781.0,s,35.91357406890195,6.141144049920473,1.70170334099817,0.14635205715512445,RU,40.5,nM,association,780.0,900.0
mAb-X-SCK,mAb-X,run-1,mAb-X-B1,B1-782,782.0,s,36.56730830776206,5.844837957723887,1.368355055449403,0.0005435765935544762,RU,40.5,nM,association,780.0,900.0
mAb-X-SCK,mAb-X,run-1,mAb-X-B1,B1-783,783.0,s,36.71466154718171,6.187393807207566,1.505740932434489,0.029040736921581253,RU,40.5,nM,association,780.0,900.0
mAb-X-SCK,mAb-X,run-1,mAb-X-B1,B1-784,784.0,s,37.50338570136359,6.1691216375869065,1.6285126289557121,-0.11886470638312346,RU,40.5,nM,association,780.0,900.0
mAb-X-SCK,mAb-X,run-1,mAb-X-B1,B1-785,785.0,s,37.60531974294576,6.216347876365856,1.3200605620852395,0.05017717340530093,RU,40.5,nM,association,780.0,900.0
mAb-X-SCK,mAb-X,run-1,mAb-X-B1,B1-786,786.0,s,37.62715883457039,6.108667602692734,1.2310159059798662,-0.01185061596742295,RU,40.5,nM,association,780.0,900.0
mAb-X-SCK,mAb-X,run-1,mAb-X-B1,B1-787,787.0,s,38.430710640049746,6.036867450982174,1.5537943859239258,0.22401383696900407,RU,40.5,nM,association,780.0,900.0
mAb-X-SCK,mAb-X,run-1,mAb-X-B1,B1-788,788.0,s,38.54308160780544,5.7028466330809815,1.4202030482808614,0.07174598795324127,RU,40.5,nM,association,780.0,900.0
mAb-X-SCK,mAb-X,run-1,mAb-X-B1,B1-789,789.0,s,39.30383166579692,6.4304745287879,1.7822924510655658,0.06852695312895198,RU,40.5,nM,association,780.0,900.0
mAb-X-SCK,mAb-X,run-1,mAb-X-B1,B1-790,790.0,s,39.3113048172733,6.1052039330245975,1.7320470748786438,0.04690573094929826,RU,40.5,nM,association,780.0,900.0
mAb-X-SCK,mAb-X,run-1,mAb-X-B1,B1-791,791.0,s,39.70124023253553,6.125976442513963,1.3816246975662345,0.07521014500407863,RU,40.5,nM,association,780.0,900.0
mAb-X-SCK,mAb-X,run-1,mAb-X-B1,B1-792,792.0,s,40.426853935872074,6.063333416147098,1.6637703902327583,0.12124545994094643,RU,40.5,nM,association,780.0,900.0
mAb-X-SCK,mAb-X,run-1,mAb-X-B1,B1-793,793.0,s,40.64461167425673,6.051357573717762,1.7207918913470859,0.2256057164281655,RU,40.5,nM,association,780.0,900.0
mAb-X-SCK,mAb-X,run-1,mAb-X-B1,B1-794,794.0,s,41.14647188116913,6.019639440818215,1.6263339762770104,0.1742491478770233,RU,40.5,nM,association,780.0,900.0
mAb-X-SCK,mAb-X,run-1,mAb-X-B1,B1-795,795.0,s,41.31625519816841,5.813315778301969,1.5285096448137854,-0.005325408499486176,RU,40.5,nM,association,780.0,900.0
mAb-X-SCK,mAb-X,run-1,mAb-X-B1,B1-796,796.0,s,41.63083474252702,6.107633211314893,1.6552133654522898,-0.05209682757046189,RU,40.5,nM,association,780.0,900.0
mAb-X-SCK,mAb-X,run-1,mAb-X-B1,B1-797,797.0,s,42.09571496373553,6.505424013492003,1.6882702954101243,-0.09077828589325077,RU,40.5,nM,association,780.0,900.0
mAb-X-SCK,mAb-X,run-1,mAb-X-B1,B1-798,798.0,s,42.4325870667463,6.017036903850092,1.6656877375067798,0.21264360092257295,RU,40.5,nM,association,780.0,900.0
mAb-X-SCK,mAb-X,run-1,mAb-X-B1,B1-799,799.0,s,42.63980418092757,6.312528143672673,1.361809734320533,0.10504481789863805,RU,40.5,nM,association,780.0,900.0
mAb-X-SCK,mAb-X,run-1,mAb-X-B1,B1-800,800.0,s,42.80523838931727,6.038860448661147,1.8922529537854902,0.01236188721232611,RU,40.5,nM,association,780.0,900.0
mAb-X-SCK,mAb-X,run-1,mAb-X-B1,B1-801,801.0,s,43.44038004476757,6.023414212593198,1.5632876699734197,0.07359781367899011,RU,40.5,nM,association,780.0,900.0
mAb-X-SCK,mAb-X,run-1,mAb-X-B1,B1-802,802.0,s,43.60892320304999,6.118691006858361,1.5526618078076275,-0.16414154439578907,RU,40.5,nM,association,780.0,900.0
mAb-X-SCK,mAb-X,run-1,mAb-X-B1,B1-803,803.0,s,44.07669536571246,6.080705842595115,1.6195238645722982,-0.14965076959544907,RU,40.5,nM,association,780.0,900.0
mAb-X-SCK,mAb-X,run-1,mAb-X-B1,B1-804,804.0,s,44.440264278997745,6.012245394253397,1.7916577670340126,0.06058227774798439,RU,40.5,nM,association,780.0,900.0
mAb-X-SCK,mAb-X,run-1,mAb-X-B1,B1-805,805.0,s,44.88108360326029,5.926601988814405,1.6391203647370616,-0.011016237333513618,RU,40.5,nM,association,780.0,900.0
mAb-X-SCK,mAb-X,run-1,mAb-X-B1,B1-806,806.0,s,45.09450283453408,6.245355006114,1.7607692960955479,-0.23858335711701836,RU,40.5,nM,association,780.0,900.0
mAb-X-SCK,mAb-X,run-1,mAb-X-B1,B1-807,807.0,s,45.149102591316414,5.944826115604705,1.683907756643286,-0.21633773760814207,RU,40.5,nM,association,780.0,900.0
mAb-X-SCK,mAb-X,run-1,mAb-X-B1,B1-808,808.0,s,45.7425399751991,6.095082190353352,1.6804618281433528,0.37699356449413607,RU,40.5,nM,association,780.0,900.0
mAb-X-SCK,mAb-X,run-1,mAb-X-B1,B1-809,809.0,s,46.13986341724034,6.081669479583643,1.6597031035764305,0.12092960527470256,RU,40.5,nM,association,780.0,900.0
mAb-X-SCK,mAb-X,run-1,mAb-X-B1,B1-810,810.0,s,46.248786557814746,6.013390778579528,1.5621705748143695,0.05252401739975284,RU,40.5,nM,association,780.0,900.0
mAb-X-SCK,mAb-X,run-1,mAb-X-B1,B1-811,811.0,s,46.91507643664914,5.776646015981478,1.6263673284397393,0.01335923920438963,RU,40.5,nM,association,780.0,900.0
mAb-X-SCK,mAb-X,run-1,mAb-X-B1,B1-812,812.0,s,47.01696996332033,6.034293086988549,1.6931434140844221,0.0029415594971142264,RU,40.5,nM,association,780.0,900.0
mAb-X-SCK,mAb-X,run-1,mAb-X-B1,B1-813,813.0,s,47.203045178586535,6.094915055221447,1.575891727286172,0.19302859440988293,RU,40.5,nM,association,780.0,900.0
mAb-X-SCK,mAb-X,run-1,mAb-X-B1,B1-814,814.0,s,47.634060123301616,6.129613365423586,1.8711118333751098,0.33789499925333183,RU,40.5,nM,association,780.0,900.0
mAb-X-SCK,mAb-X,run-1,mAb-X-B1,B1-815,815.0,s,47.955265848012395,6.0656392995390895,1.6369742615159997,-0.017468456730057494,RU,40.5,nM,association,780.0,900.0
mAb-X-SCK,mAb-X,run-1,mAb-X-B1,B1-816,816.0,s,48.120751512198204,6.238174972561106,1.392680293416125,-0.360749391705618,RU,40.5,nM,association,780.0,900.0
mAb-X-SCK,mAb-X,run-1,mAb-X-B1,B1-817,817.0,s,48.48840214959717,5.778660105573138,1.5438480345190024,0.2610627149881536,RU,40.5,nM,association,780.0,900.0
mAb-X-SCK,mAb-X,run-1,mAb-X-B1,B1-818,818.0,s,48.98321203840659,6.085874946828055,1.6475649988016547,-0.19279867284665372,RU,40.5,nM,association,780.0,900.0
mAb-X-SCK,mAb-X,run-1,mAb-X-B1,B1-819,819.0,s,49.128287305631545,5.915632526746684,1.5411981303427331,-0.09933328890340987,RU,40.5,nM,association,780.0,900.0
mAb-X-SCK,mAb-X,run-1,mAb-X-B1,B1-820,820.0,s,49.30705817924616,5.930824067595922,1.6450511594195918,0.23990161828492335,RU,40.5,nM,association,780.0,900.0
mAb-X-SCK,mAb-X,run-1,mAb-X-B1,B1-821,821.0,s,49.7732651867476,5.758156406454466,1.7413281316154188,0.058251445948664354,RU,40.5,nM,association,780.0,900.0
mAb-X-SCK,mAb-X,run-1,mAb-X-B1,B1-822,822.0,s,49.759268499145264,6.175910290309972,1.6725102197098183,-0.0314978414725519,RU,40.5,nM,association,780.0,900.0
mAb-X-SCK,mAb-X,run-1,mAb-X-B1,B1-823,823.0,s,50.332227918879774,5.85310061043127,1.622548183036703,0.34158203767038997,RU,40.5,nM,association,780.0,900.0
mAb-X-SCK,mAb-X,run-1,mAb-X-B1,B1-824,824.0,s,50.57843709133713,6.200529961293005,1.7385573757839823,0.15416296020624584,RU,40.5,nM,association,780.0,900.0
mAb-X-SCK,mAb-X,run-1,mAb-X-B1,B1-825,825.0,s,50.77250849110643,6.259415472845525,1.5385669259772021,-0.19027312423351436,RU,40.5,nM,association,780.0,900.0
mAb-X-SCK,mAb-X,run-1,mAb-X-B1,B1-826,826.0,s,51.182570424227,6.227303398762727,1.7992989471172245,-0.156291149450347,RU,40.5,nM,association,780.0,900.0
mAb-X-SCK,mAb-X,run-1,mAb-X-B1,B1-827,827.0,s,51.26823582842558,6.0112769950354465,1.6066521484867515,0.04589826818206768,RU,40.5,nM,association,780.0,900.0
mAb-X-SCK,mAb-X,run-1,mAb-X-B1,B1-828,828.0,s,51.38454727267779,6.165364495273086,1.6103241675339868,0.2006455908208409,RU,40.5,nM,association,780.0,900.0
mAb-X-SCK,mAb-X,run-1,mAb-X-B1,B1-829,829.0,s,52.12295579161875,5.947865010667723,1.7368802928755496,0.01669925552915336,RU,40.5,nM,association,780.0,900.0
mAb-X-SCK,mAb-X,run-1,mAb-X-B1,B1-830,830.0,s,52.267710796621145,6.025882434323556,1.76402310560609,-0.0014135961811967777,RU,40.5,nM,association,780.0,900.0
mAb-X-SCK,mAb-X,run-1,mAb-X-B1,B1-831,831.0,s,52.709123126263066,6.293999775111631,1.7547765146017205,0.34829271205414314,RU,40.5,nM,association,780.0,900.0
mAb-X-SCK,mAb-X,run-1,mAb-X-B1,B1-832,832.0,s,52.689905499791514,5.896164306768007,1.731241827577079,-0.1798504695954112,RU,40.5,nM,association,780.0,900.0
mAb-X-SCK,mAb-X,run-1,mAb-X-B1,B1-833,833.0,s,52.87458306261595,6.075566072060793,1.4956271499502867,0.14442296094326468,RU,40.5,nM,association,780.0,900.0
mAb-X-SCK,mAb-X,run-1,mAb-X-B1,B1-834,834.0,s,53.32943475573009,6.341322363204655,1.339476465244537,-0.039395335264147506,RU,40.5,nM,association,780.0,900.0
mAb-X-SCK,mAb-X,run-1,mAb-X-B1,B1-835,835.0,s,53.504784419816154,6.3902371970100775,1.73096737267164,-0.0640631030683184,RU,40.5,nM,association,780.0,900.0
mAb-X-SCK,mAb-X,run-1,mAb-X-B1,B1-836,836.0,s,53.940866387301355,5.999975803129741,1.3681041086756347,-0.15779852188180768,RU,40.5,nM,association,780.0,900.0
mAb-X-SCK,mAb-X,run-1,mAb-X-B1,B1-837,837.0,s,53.79325820070329,6.107443968072927,1.704997227953239,0.015394818595679958,RU,40.5,nM,association,780.0,900.0
mAb-X-SCK,mAb-X,run-1,mAb-X-B1,B1-838,838.0,s,54.324782214056064,5.949985679527084,1.667204325906707,-0.06400656308841468,RU,40.5,nM,association,780.0,900.0
mAb-X-SCK,mAb-X,run-1,mAb-X-B1,B1-839,839.0,s,54.563614529388005,6.361483724336041,1.742677723105569,0.1658788362253705,RU,40.5,nM,association,780.0,900.0
mAb-X-SCK,mAb-X,run-1,mAb-X-B1,B1-840,840.0,s,54.5978740825257,6.090165129399418,1.693270660034849,-0.081918364201462,RU,40.5,nM,association,780.0,900.0
mAb-X-SCK,mAb-X,run-1,mAb-X-B1,B1-841,841.0,s,54.811957480058624,6.211924798289345,1.8180447035731724,0.29624584322196534,RU,40.5,nM,association,780.0,900.0
mAb-X-SCK,mAb-X,run-1,mAb-X-B1,B1-842,842.0,s,55.181624251288326,5.91620060970188,1.573180520815868,0.2129950933475167,RU,40.5,nM,association,780.0,900.0
mAb-X-SCK,mAb-X,run-1,mAb-X-B1,B1-843,843.0,s,55.44053201450588,6.118062975360113,1.6640600279196316,-0.008222613730050286,RU,40.5,nM,association,780.0,900.0
mAb-X-SCK,mAb-X,run-1,mAb-X-B1,B1-844,844.0,s,55.58040023007665,6.106975462292596,1.6387506371299296,0.02181894317224399,RU,40.5,nM,association,780.0,900.0
mAb-X-SCK,mAb-X,run-1,mAb-X-B1,B1-845,845.0,s,55.885388460265965,6.348558308861728,1.929424988472645,0.13248502072867996,RU,40.5,nM,association,780.0,900.0
mAb-X-SCK,mAb-X,run-1,mAb-X-B1,B1-846,846.0,s,56.37802272381061,5.889724571050798,1.5126427015078197,-0.11672727466215237,RU,40.5,nM,association,780.0,900.0
mAb-X-SCK,mAb-X,run-1,mAb-X-B1,B1-847,847.0,s,56.570349647832224,5.984759629732501,1.597638112033036,0.04619389850931935,RU,40.5,nM,association,780.0,900.0
mAb-X-SCK,mAb-X,run-1,mAb-X-B1,B1-848,848.0,s,56.60836257216684,5.961665962329213,1.5956952877863322,-0.04145209701931004,RU,40.5,nM,association,780.0,900.0
mAb-X-SCK,mAb-X,run-1,mAb-X-B1,B1-849,849.0,s,56.94828830021507,6.229348894859199,1.6324729252857542,0.13602210957894806,RU,40.5,nM,association,780.0,900.0
mAb-X-SCK,mAb-X,run-1,mAb-X-B1,B1-850,850.0,s,56.88048198550474,5.898112437660987,1.8172735271721254,0.09000794745587483,RU,40.5,nM,association,780.0,900.0
mAb-X-SCK,mAb-X,run-1,mAb-X-B1,B1-851,851.0,s,57.31720348679126,6.0904912169266225,1.7581867942216989,0.07526334167191104,RU,40.5,nM,association,780.0,900.0
mAb-X-SCK,mAb-X,run-1,mAb-X-B1,B1-852,852.0,s,57.68039877799732,6.201997034859099,1.65586881826658,-0.00675339215299533,RU,40.5,nM,association,780.0,900.0
mAb-X-SCK,mAb-X,run-1,mAb-X-B1,B1-853,853.0,s,57.89463117380401,5.929769616877442,1.8531719962724391,-0.02655604208117409,RU,40.5,nM,association,780.0,900.0
mAb-X-SCK,mAb-X,run-1,mAb-X-B1,B1-854,854.0,s,58.14958365288443,5.937793083899219,1.6372828168489368,0.10103634927544193,RU,40.5,nM,association,780.0,900.0
mAb-X-SCK,mAb-X,run-1,mAb-X-B1,B1-855,855.0,s,58.328127478210604,6.0397613022121766,1.406605889274091,0.044513941383812,RU,40.5,nM,association,780.0,900.0
mAb-X-SCK,mAb-X,run-1,mAb-X-B1,B1-856,856.0,s,58.53171429078553,6.059327043323528,1.807220526934408,-0.2132432892017241,RU,40.5,nM,association,780.0,900.0
mAb-X-SCK,mAb-X,run-1,mAb-X-B1,B1-857,857.0,s,58.46083191988179,6.176291285250415,1.7604877403183743,-0.1482583481887522,RU,40.5,nM,association,780.0,900.0
mAb-X-SCK,mAb-X,run-1,mAb-X-B1,B1-858,858.0,s,58.64932868012405,5.995492805370585,1.4284858911869605,0.2975623854936893,RU,40.5,nM,association,780.0,900.0
mAb-X-SCK,mAb-X,run-1,mAb-X-B1,B1-859,859.0,s,59.210742461720905,5.8416844098468,1.7684800403619052,0.058525355383897054,RU,40.5,nM,association,780.0,900.0
mAb-X-SCK,mAb-X,run-1,mAb-X-B1,B1-860,860.0,s,59.202446247791926,5.894710671427995,1.5480955670679537,-0.270172349186447,RU,40.5,nM,association,780.0,900.0
mAb-X-SCK,mAb-X,run-1,mAb-X-B1,B1-861,861.0,s,59.48279052106703,6.224562977572442,1.6853486344112667,-0.16855803470095562,RU,40.5,nM,association,780.0,900.0
mAb-X-SCK,mAb-X,run-1,mAb-X-B1,B1-862,862.0,s,59.47569670832972,5.914181675400633,1.4494282773211324,-0.17058804939394062,RU,40.5,nM,association,780.0,900.0
mAb-X-SCK,mAb-X,run-1,mAb-X-B1,B1-863,863.0,s,59.72309494227128,6.190990296175614,1.6624448548129402,0.018718862158078158,RU,40.5,nM,association,780.0,900.0
mAb-X-SCK,mAb-X,run-1,mAb-X-B1,B1-864,864.0,s,60.015724848940906,6.009139982391992,1.821836598221073,-0.023913625083868188,RU,40.5,nM,association,780.0,900.0
mAb-X-SCK,mAb-X,run-1,mAb-X-B1,B1-865,865.0,s,60.15879104840576,6.385032649390511,1.4986168820296233,0.2252672686805098,RU,40.5,nM,association,780.0,900.0
mAb-X-SCK,mAb-X,run-1,mAb-X-B1,B1-866,866.0,s,60.47911471656852,5.95210155359423,1.8803848851902334,0.023636610372124618,RU,40.5,nM,association,780.0,900.0
mAb-X-SCK,mAb-X,run-1,mAb-X-B1,B1-867,867.0,s,60.66831542090359,5.952465635462703,1.8827238816640377,-0.1609377321114166,RU,40.5,nM,association,780.0,900.0
mAb-X-SCK,mAb-X,run-1,mAb-X-B1,B1-868,868.0,s,61.21651673163264,5.897846184941283,1.8079582898851432,0.015757837834571298,RU,40.5,nM,association,780.0,900.0
mAb-X-SCK,mAb-X,run-1,mAb-X-B1,B1-869,869.0,s,61.2134986223675,6.199594745742561,1.7469312590373303,-0.013374385892634743,RU,40.5,nM,association,780.0,900.0
mAb-X-SCK,mAb-X,run-1,mAb-X-B1,B1-870,870.0,s,61.09392899456388,5.880188401819871,1.6239433309100164,0.18646760536746282,RU,40.5,nM,association,780.0,900.0
mAb-X-SCK,mAb-X,run-1,mAb-X-B1,B1-871,871.0,s,61.522949484528255,5.9872698217272164,1.7332071179525557,0.09317398696741887,RU,40.5,nM,association,780.0,900.0
mAb-X-SCK,mAb-X,run-1,mAb-X-B1,B1-872,872.0,s,61.73840666298993,6.085251559491853,1.63621409504732,0.02470352400336756,RU,40.5,nM,association,780.0,900.0
mAb-X-SCK,mAb-X,run-1,mAb-X-B1,B1-873,873.0,s,61.693210014727654,6.217556149795916,1.8082957957570034,-0.09358698508525276,RU,40.5,nM,association,780.0,900.0
mAb-X-SCK,mAb-X,run-1,mAb-X-B1,B1-874,874.0,s,61.89794301726305,5.998431205617819,1.7793588330065,-0.1272352691549488,RU,40.5,nM,association,780.0,900.0
mAb-X-SCK,mAb-X,run-1,mAb-X-B1,B1-875,875.0,s,62.23710492514908,5.999795043022889,1.6843852112450854,0.03584675165735764,RU,40.5,nM,association,780.0,900.0
mAb-X-SCK,mAb-X,run-1,mAb-X-B1,B1-876,876.0,s,62.379084891027844,6.17337213351719,1.849248669223941,0.22390568333393912,RU,40.5,nM,association,780.0,900.0
mAb-X-SCK,mAb-X,run-1,mAb-X-B1,B1-877,877.0,s,62.5433807292146,6.124946674043622,1.4875332517690163,0.26574634118325097,RU,40.5,nM,association,780.0,900.0
mAb-X-SCK,mAb-X,run-1,mAb-X-B1,B1-878,878.0,s,63.20516444564052,6.289097313552608,1.8033777905082513,0.26044820800096063,RU,40.5,nM,association,780.0,900.0
mAb-X-SCK,mAb-X,run-1,mAb-X-B1,B1-879,879.0,s,62.86842778922589,6.28851580155845,1.6590774761719227,-0.15660701512230044,RU,40.5,nM,association,780.0,900.0
mAb-X-SCK,mAb-X,run-1,mAb-X-B1,B1-880,880.0,s,63.11788928793662,6.2549267437672205,1.6212438588742004,0.008331591047358705,RU,40.5,nM,association,780.0,900.0
mAb-X-SCK,mAb-X,run-1,mAb-X-B1,B1-881,881.0,s,63.46149873623449,6.112964549656666,1.8709750100243965,-0.041882385207349056,RU,40.5,nM,association,780.0,900.0
mAb-X-SCK,mAb-X,run-1,mAb-X-B1,B1-882,882.0,s,63.334091145739514,6.082975431470576,1.9681922174268909,0.20115855803508867,RU,40.5,nM,association,780.0,900.0
mAb-X-SCK,mAb-X,run-1,mAb-X-B1,B1-883,883.0,s,63.66986934962396,6.328067731791291,1.7920697338134233,0.1657714540233078,RU,40.5,nM,association,780.0,900.0
mAb-X-SCK,mAb-X,run-1,mAb-X-B1,B1-884,884.0,s,63.79665264461303,6.115441367100892,1.718072319686126,0.08534663772560332,RU,40.5,nM,association,780.0,900.0
mAb-X-SCK,mAb-X,run-1,mAb-X-B1,B1-885,885.0,s,63.9324745912814,6.112534621815437,1.8527036444871319,-0.3233191250438158,RU,40.5,nM,association,780.0,900.0
mAb-X-SCK,mAb-X,run-1,mAb-X-B1,B1-886,886.0,s,63.93101049368758,6.3349325798311416,1.5722920248046737,0.12788934196716337,RU,40.5,nM,association,780.0,900.0
mAb-X-SCK,mAb-X,run-1,mAb-X-B1,B1-887,887.0,s,64.12272995544959,6.123267126206366,1.7295490226940347,-0.14147109891700899,RU,40.5,nM,association,780.0,900.0
mAb-X-SCK,mAb-X,run-1,mAb-X-B1,B1-888,888.0,s,64.38272062633453,6.248041907809212,2.0454944873329866,0.0002254854044466408,RU,40.5,nM,association,780.0,900.0
mAb-X-SCK,mAb-X,run-1,mAb-X-B1,B1-889,889.0,s,64.56305278755283,6.0350726781570945,2.063276209884866,-0.20375872595555386,RU,40.5,nM,association,780.0,900.0
mAb-X-SCK,mAb-X,run-1,mAb-X-B1,B1-890,890.0,s,64.74987102437916,6.109321472202853,1.5706653815302467,-0.35793817310848836,RU,40.5,nM,association,780.0,900.0
mAb-X-SCK,mAb-X,run-1,mAb-X-B1,B1-891,891.0,s,64.6683004645001,6.3034987800966285,2.007564551162097,0.14833661567150608,RU,40.5,nM,association,780.0,900.0
mAb-X-SCK,mAb-X,run-1,mAb-X-B1,B1-892,892.0,s,65.2007611656161,6.0264953556733065,1.7161658650740972,0.006228674845349889,RU,40.5,nM,association,780.0,900.0
mAb-X-SCK,mAb-X,run-1,mAb-X-B1,B1-893,893.0,s,65.53421853246574,6.125197573370944,1.7382946127090422,0.44227244873591504,RU,40.5,nM,association,780.0,900.0
mAb-X-SCK,mAb-X,run-1,mAb-X-B1,B1-894,894.0,s,65.4325891884613,6.45753885517591,1.920593007140283,0.05698696283561591,RU,40.5,nM,association,780.0,900.0
mAb-X-SCK,mAb-X,run-1,mAb-X-B1,B1-895,895.0,s,65.53809856517458,5.9491654081819405,1.6158558502577842,-0.022030219523182924,RU,40.5,nM,association,780.0,900.0
mAb-X-SCK,mAb-X,run-1,mAb-X-B1,B1-896,896.0,s,65.90553543268172,6.208746566403158,1.9532208676263287,0.05434377454574699,RU,40.5,nM,association,780.0,900.0
mAb-X-SCK,mAb-X,run-1,mAb-X-B1,B1-897,897.0,s,65.77520448999185,5.994566682624173,1.9517049442228578,-0.06866811941171172,RU,40.5,nM,association,780.0,900.0
mAb-X-SCK,mAb-X,run-1,mAb-X-B1,B1-898,898.0,s,65.88149844617364,6.050873955588425,1.9533172109725367,-0.02084950261250591,RU,40.5,nM,association,780.0,900.0
mAb-X-SCK,mAb-X,run-1,mAb-X-B1,B1-899,899.0,s,66.24204203720076,5.881464092135085,1.9206277205843765,-0.0784730688580552,RU,40.5,nM,association,780.0,900.0
mAb-X-SCK,mAb-X,run-1,mAb-X-B1,B1-900,900.0,s,60.32152871747563,-0.06104082020490502,1.351242512788508,0.05104667719382104,RU,40.5,nM,dissociation,780.0,900.0
mAb-X-SCK,mAb-X,run-1,mAb-X-B1,B1-901,901.0,s,60.33483728783852,-0.12430996199766423,1.796963486786344,0.09744414309682284,RU,40.5,nM,dissociation,780.0,900.0
mAb-X-SCK,mAb-X,run-1,mAb-X-B1,B1-902,902.0,s,60.214785248009704,0.009015568767311683,1.679135656837722,-0.019434431126172682,RU,40.5,nM,dissociation,780.0,900.0
mAb-X-SCK,mAb-X,run-1,mAb-X-B1,B1-903,903.0,s,60.50830100538204,0.188925747550422,1.7314070682388516,0.07738596825384525,RU,40.5,nM,dissociation,780.0,900.0
mAb-X-SCK,mAb-X,run-1,mAb-X-B1,B1-904,904.0,s,60.2822501060697,0.04891856089919072,1.6909654137713794,-0.1041435910994681,RU,40.5,nM,dissociation,780.0,900.0
mAb-X-SCK,mAb-X,run-1,mAb-X-B1,B1-905,905.0,s,59.8736539852307,0.19969881212132426,1.868757752071467,-0.1461771680143779,RU,40.5,nM,dissociation,780.0,900.0
mAb-X-SCK,mAb-X,run-1,mAb-X-B1,B1-906,906.0,s,60.09560909070633,-0.024238241762617407,1.6758980201539724,-0.20546907871509493,RU,40.5,nM,dissociation,780.0,900.0
mAb-X-SCK,mAb-X,run-1,mAb-X-B1,B1-907,907.0,s,60.10182277817381,0.12442766944427983,1.8232006896447308,0.05922909295940567,RU,40.5,nM,dissociation,780.0,900.0
mAb-X-SCK,mAb-X,run-1,mAb-X-B1,B1-908,908.0,s,60.0026102776939,-0.2593151239004893,1.8591692369303117,0.013543991300005217,RU,40.5,nM,dissociation,780.0,900.0
mAb-X-SCK,mAb-X,run-1,mAb-X-B1,B1-909,909.0,s,60.030089702334614,0.07806689939618269,1.8840349261597402,0.05062542500040187,RU,40.5,nM,dissociation,780.0,900.0
mAb-X-SCK,mAb-X,run-1,mAb-X-B1,B1-910,910.0,s,59.756340451236206,-0.012887565086812035,1.7479571007421704,-0.33527658194633114,RU,40.5,nM,dissociation,780.0,900.0
mAb-X-SCK,mAb-X,run-1,mAb-X-B1,B1-911,911.0,s,59.75738482749643,-0.14117534423746636,1.97667427324036,-0.34385056151518195,RU,40.5,nM,dissociation,780.0,900.0
mAb-X-SCK,mAb-X,run-1,mAb-X-B1,B1-912,912.0,s,60.08495492156064,0.07056710941366219,1.782085593553223,0.18587498359099544,RU,40.5,nM,dissociation,780.0,900.0
mAb-X-SCK,mAb-X,run-1,mAb-X-B1,B1-913,913.0,s,60.25284815417301,-0.015072356813620633,1.900369009583673,0.03756973901662939,RU,40.5,nM,dissociation,780.0,900.0
mAb-X-SCK,mAb-X,run-1,mAb-X-B1,B1-914,914.0,s,59.89418161936035,-0.1341769494731335,2.0585727967831753,0.03822295757730058,RU,40.5,nM,dissociation,780.0,900.0
mAb-X-SCK,mAb-X,run-1,mAb-X-B1,B1-915,915.0,s,59.78104198187124,-0.013683778950689108,1.6223171534563758,-0.00021385725217040863,RU,40.5,nM,dissociation,780.0,900.0
mAb-X-SCK,mAb-X,run-1,mAb-X-B1,B1-916,916.0,s,59.99370490358146,-0.027360661523933977,1.699838631380295,0.04551630407581452,RU,40.5,nM,dissociation,780.0,900.0
mAb-X-SCK,mAb-X,run-1,mAb-X-B1,B1-917,917.0,s,59.880463937747244,-0.13253257240865177,1.9915921913769747,-0.019109812207321736,RU,40.5,nM,dissociation,780.0,900.0
mAb-X-SCK,mAb-X,run-1,mAb-X-B1,B1-918,918.0,s,59.85081243775089,0.02678829918247153,1.8190375386034894,-0.04950600164093154,RU,40.5,nM,dissociation,780.0,900.0
mAb-X-SCK,mAb-X,run-1,mAb-X-B1,B1-919,919.0,s,59.70670890478271,0.04858808891713894,1.8933559404936273,-0.17899241984462186,RU,40.5,nM,dissociation,780.0,900.0
mAb-X-SCK,mAb-X,run-1,mAb-X-B1,B1-920,920.0,s,59.912357171048875,-0.21183701854439152,1.7992723387447231,-0.039387907303985656,RU,40.5,nM,dissociation,780.0,900.0
mAb-X-SCK,mAb-X,run-1,mAb-X-B1,B1-921,921.0,s,59.63527238140907,-0.096248835313424,1.9880331869009442,-0.0704814222124301,RU,40.5,nM,dissociation,780.0,900.0
mAb-X-SCK,mAb-X,run-1,mAb-X-B1,B1-922,922.0,s,59.42153066843981,0.014685418142440143,1.840301218420924,-0.08748474290299053,RU,40.5,nM,dissociation,780.0,900.0
mAb-X-SCK,mAb-X,run-1,mAb-X-B1,B1-923,923.0,s,59.69573604649363,-0.07748311182719261,1.989309932531883,-0.07223748789003241,RU,40.5,nM,dissociation,780.0,900.0
mAb-X-SCK,mAb-X,run-1,mAb-X-B1,B1-924,924.0,s,59.48641905514214,0.06664095360457922,1.7115458167522042,0.3124186821651611,RU,40.5,nM,dissociation,780.0,900.0
mAb-X-SCK,mAb-X,run-1,mAb-X-B1,B1-925,925.0,s,59.58344804746216,-0.22041199693599672,1.9113633778916583,0.20371504210724198,RU,40.5,nM,dissociation,780.0,900.0
mAb-X-SCK,mAb-X,run-1,mAb-X-B1,B1-926,926.0,s,59.51586430754846,0.1530229451141622,1.7850620266291348,0.19850465221499386,RU,40.5,nM,dissociation,780.0,900.0
mAb-X-SCK,mAb-X,run-1,mAb-X-B1,B1-927,927.0,s,59.58863982460337,-0.06344324867723954,1.8689163566664686,0.3329689164708715,RU,40.5,nM,dissociation,780.0,900.0
mAb-X-SCK,mAb-X,run-1,mAb-X-B1,B1-928,928.0,s,59.512114875120744,0.013303591958434967,1.684022506312893,-0.06582948697690638,RU,40.5,nM,dissociation,780.0,900.0
mAb-X-SCK,mAb-X,run-1,mAb-X-B1,B1-929,929.0,s,59.28261377685152,-0.07333935651384962,1.762138091390234,0.07615319582301752,RU,40.5,nM,dissociation,780.0,900.0
mAb-X-SCK,mAb-X,run-1,mAb-X-B1,B1-930,930.0,s,59.45433358966742,-0.10155292242040675,1.807643639106699,0.07952515199055267,RU,40.5,nM,dissociation,780.0,900.0
mAb-X-SCK,mAb-X,run-1,mAb-X-B1,B1-931,931.0,s,59.505165214487796,-0.06728951893102274,2.011792003268443,0.0519365227329517,RU,40.5,nM,dissociation,780.0,900.0
mAb-X-SCK,mAb-X,run-1,mAb-X-B1,B1-932,932.0,s,59.57779200285227,0.050620393225355394,2.0726037041315957,0.15298836894789283,RU,40.5,nM,dissociation,780.0,900.0
mAb-X-SCK,mAb-X,run-1,mAb-X-B1,B1-933,933.0,s,59.08522518838779,-0.11097978690718462,1.8019538311593786,-0.2098474394739367,RU,40.5,nM,dissociation,780.0,900.0
mAb-X-SCK,mAb-X,run-1,mAb-X-B1,B1-934,934.0,s,59.01969430311291,0.12271727517627365,2.035743216730284,-0.033265480500454525,RU,40.5,nM,dissociation,780.0,900.0
mAb-X-SCK,mAb-X,run-1,mAb-X-B1,B1-935,935.0,s,59.3715644032918,-0.2344716675195854,2.1076179146645027,-0.07515386588186952,RU,40.5,nM,dissociation,780.0,900.0
mAb-X-SCK,mAb-X,run-1,mAb-X-B1,B1-936,936.0,s,59.28405192610797,-0.19011727746289364,2.1342538538042386,0.012356507226057863,RU,40.5,nM,dissociation,780.0,900.0
mAb-X-SCK,mAb-X,run-1,mAb-X-B1,B1-937,937.0,s,59.25644653571092,0.12157324482777958,1.8445902367878715,0.1636823664206126,RU,40.5,nM,dissociation,780.0,900.0
mAb-X-SCK,mAb-X,run-1,mAb-X-B1,B1-938,938.0,s,59.04897140548667,0.19341253973226316,1.6137265654383925,-0.16550269570278342,RU,40.5,nM,dissociation,780.0,900.0
mAb-X-SCK,mAb-X,run-1,mAb-X-B1,B1-939,939.0,s,59.01312170415972,-0.23588195056778166,1.6639966240832138,-0.11423046936383177,RU,40.5,nM,dissociation,780.0,900.0
mAb-X-SCK,mAb-X,run-1,mAb-X-B1,B1-940,940.0,s,59.16952516273419,0.06696271059332902,1.648683017932916,0.17214623482555078,RU,40.5,nM,dissociation,780.0,900.0
mAb-X-SCK,mAb-X,run-1,mAb-X-B1,B1-941,941.0,s,59.41728757902127,-0.08310535118055917,1.8913347168760988,0.25655969415628505,RU,40.5,nM,dissociation,780.0,900.0
mAb-X-SCK,mAb-X,run-1,mAb-X-B1,B1-942,942.0,s,59.02921166521936,0.04503799020492107,1.9858303557781742,-0.10578372407239241,RU,40.5,nM,dissociation,780.0,900.0
mAb-X-SCK,mAb-X,run-1,mAb-X-B1,B1-943,943.0,s,59.21903215834913,-0.1565332460080358,1.7889839862371695,-0.040810966210173605,RU,40.5,nM,dissociation,780.0,900.0
mAb-X-SCK,mAb-X,run-1,mAb-X-B1,B1-944,944.0,s,59.014474696074785,-0.015527992183516243,2.0460391679550907,-0.05315425164375538,RU,40.5,nM,dissociation,780.0,900.0
mAb-X-SCK,mAb-X,run-1,mAb-X-B1,B1-945,945.0,s,59.25726332391256,-0.05644221499805562,2.089208441793994,-0.1496597200180368,RU,40.5,nM,dissociation,780.0,900.0
mAb-X-SCK,mAb-X,run-1,mAb-X-B1,B1-946,946.0,s,59.0925527229093,0.22350528573396813,1.8724062572915796,-0.22854052207258446,RU,40.5,nM,dissociation,780.0,900.0
mAb-X-SCK,mAb-X,run-1,mAb-X-B1,B1-947,947.0,s,58.877414068158345,-0.0011391304384475685,1.6787657244976306,-0.004178919229653281,RU,40.5,nM,dissociation,780.0,900.0
mAb-X-SCK,mAb-X,run-1,mAb-X-B1,B1-948,948.0,s,59.12491894187906,0.10661513903076199,1.6903521263468746,-0.017649535126396127,RU,40.5,nM,dissociation,780.0,900.0
mAb-X-SCK,mAb-X,run-1,mAb-X-B1,B1-949,949.0,s,59.114632528403526,0.03746363815931703,1.6711676485791065,-0.11255509774190797,RU,40.5,nM,dissociation,780.0,900.0
mAb-X-SCK,mAb-X,run-1,mAb-X-B1,B1-950,950.0,s,58.8462274435191,-0.029491314560370605,1.883042642127204,-0.06086488348014332,RU,40.5,nM,dissociation,780.0,900.0
mAb-X-SCK,mAb-X,run-1,mAb-X-B1,B1-951,951.0,s,59.15967253658702,0.09061634946886112,1.8875881853852727,0.1101572880616295,RU,40.5,nM,dissociation,780.0,900.0
mAb-X-SCK,mAb-X,run-1,mAb-X-B1,B1-952,952.0,s,58.686530537476116,-0.06405908439024827,1.9140834572396022,-0.2159797015937728,RU,40.5,nM,dissociation,780.0,900.0
mAb-X-SCK,mAb-X,run-1,mAb-X-B1,B1-953,953.0,s,58.690673035707974,0.3434769790739966,1.9754033805800577,-0.06575771548575444,RU,40.5,nM,dissociation,780.0,900.0
mAb-X-SCK,mAb-X,run-1,mAb-X-B1,B1-954,954.0,s,58.66028039578493,0.07499882186577174,2.0724457047126723,-0.3552805719848989,RU,40.5,nM,dissociation,780.0,900.0
mAb-X-SCK,mAb-X,run-1,mAb-X-B1,B1-955,955.0,s,58.670715785660846,-0.3435303685130372,1.9076880065553354,-0.14568116227010186,RU,40.5,nM,dissociation,780.0,900.0
mAb-X-SCK,mAb-X,run-1,mAb-X-B1,B1-956,956.0,s,58.71236612335562,0.09896317139773127,2.0885833230516657,0.001138857693720101,RU,40.5,nM,dissociation,780.0,900.0
mAb-X-SCK,mAb-X,run-1,mAb-X-B1,B1-957,957.0,s,58.848479498762856,-0.2103490933723517,1.77606674881835,-0.22207729951345148,RU,40.5,nM,dissociation,780.0,900.0
mAb-X-SCK,mAb-X,run-1,mAb-X-B1,B1-958,958.0,s,58.822784815396545,-0.01899619753518873,2.103909710926971,0.17993325874211358,RU,40.5,nM,dissociation,780.0,900.0
mAb-X-SCK,mAb-X,run-1,mAb-X-B1,B1-959,959.0,s,58.640278839907516,-0.09685190122421813,1.7859366940193777,-0.1586183268534018,RU,40.5,nM,dissociation,780.0,900.0
mAb-X-SCK,mAb-X,run-1,mAb-X-B1,B1-960,960.0,s,58.955102210543984,-0.026587454390220727,1.7406879660352748,0.2340984969110681,RU,40.5,nM,dissociation,780.0,900.0
mAb-X-SCK,mAb-X,run-1,mAb-X-B1,B1-961,961.0,s,58.63423301822897,-0.065109247526969,1.9491382644203976,0.07042488942491346,RU,40.5,nM,dissociation,780.0,900.0
mAb-X-SCK,mAb-X,run-1,mAb-X-B1,B1-962,962.0,s,58.56499278323145,-0.316467039860648,1.8074522767241952,-0.040452746209959076,RU,40.5,nM,dissociation,780.0,900.0
mAb-X-SCK,mAb-X,run-1,mAb-X-B1,B1-963,963.0,s,58.67244392214415,0.15588959314551606,1.9158190039937635,-0.13451815481620052,RU,40.5,nM,dissociation,780.0,900.0
mAb-X-SCK,mAb-X,run-1,mAb-X-B1,B1-964,964.0,s,58.56226721529948,-0.1937829898363024,1.8258285031858739,0.0927069080729796,RU,40.5,nM,dissociation,780.0,900.0
mAb-X-SCK,mAb-X,run-1,mAb-X-B1,B1-965,965.0,s,58.687942284683125,0.28716403181331296,1.7824588590025892,0.030676222124526177,RU,40.5,nM,dissociation,780.0,900.0
mAb-X-SCK,mAb-X,run-1,mAb-X-B1,B1-966,966.0,s,58.257392647011756,-0.17295565697743706,1.8393496009113488,-0.15023154145685966,RU,40.5,nM,dissociation,780.0,900.0
mAb-X-SCK,mAb-X,run-1,mAb-X-B1,B1-967,967.0,s,58.190918684081275,-0.3233408326835875,1.8427243895492351,0.0774607454538044,RU,40.5,nM,dissociation,780.0,900.0
mAb-X-SCK,mAb-X,run-1,mAb-X-B1,B1-968,968.0,s,58.45177202984663,-0.12315549222938006,2.1002278926273394,0.0105953372336497,RU,40.5,nM,dissociation,780.0,900.0
mAb-X-SCK,mAb-X,run-1,mAb-X-B1,B1-969,969.0,s,58.29440365161608,-0.1319842026023245,1.8636518888107798,-0.07408675867924468,RU,40.5,nM,dissociation,780.0,900.0
mAb-X-SCK,mAb-X,run-1,mAb-X-B1,B1-970,970.0,s,58.588509717878864,0.09088369005593998,2.249629573828493,-0.050070975387450145,RU,40.5,nM,dissociation,780.0,900.0
mAb-X-SCK,mAb-X,run-1,mAb-X-B1,B1-971,971.0,s,58.41381282860784,0.00827648625969024,2.1281465266940014,0.06735487166019331,RU,40.5,nM,dissociation,780.0,900.0
mAb-X-SCK,mAb-X,run-1,mAb-X-B1,B1-972,972.0,s,58.309781767673975,0.0740009861420021,1.9689724318782347,-0.10581947511414556,RU,40.5,nM,dissociation,780.0,900.0
mAb-X-SCK,mAb-X,run-1,mAb-X-B1,B1-973,973.0,s,58.26485803118007,-0.08304593803337529,1.7370963086309814,-0.16851424693695452,RU,40.5,nM,dissociation,780.0,900.0
mAb-X-SCK,mAb-X,run-1,mAb-X-B1,B1-974,974.0,s,58.40433061200721,-0.1568951737283141,1.9902577231245537,-0.08687506388159451,RU,40.5,nM,dissociation,780.0,900.0
mAb-X-SCK,mAb-X,run-1,mAb-X-B1,B1-975,975.0,s,58.107129846582005,-0.03517257622987299,2.1070850779989754,0.022018039978036596,RU,40.5,nM,dissociation,780.0,900.0
mAb-X-SCK,mAb-X,run-1,mAb-X-B1,B1-976,976.0,s,58.33718026535439,-0.15878856978203046,2.1780569286085085,0.17721504225935344,RU,40.5,nM,dissociation,780.0,900.0
mAb-X-SCK,mAb-X,run-1,mAb-X-B1,B1-977,977.0,s,58.33672710735867,-0.10147280849639796,2.1738606161462743,0.08000500061884062,RU,40.5,nM,dissociation,780.0,900.0
mAb-X-SCK,mAb-X,run-1,mAb-X-B1,B1-978,978.0,s,58.0103042890683,0.022322417444264865,1.9986724153833693,-0.1074273166457324,RU,40.5,nM,dissociation,780.0,900.0
mAb-X-SCK,mAb-X,run-1,mAb-X-B1,B1-979,979.0,s,58.182935089689565,0.4197954584506728,2.0737269357482777,0.01297050170189483,RU,40.5,nM,dissociation,780.0,900.0
mAb-X-SCK,mAb-X,run-1,mAb-X-B1,B1-980,980.0,s,57.93714049345137,0.2830831558733789,2.090834705432332,0.10430605785182899,RU,40.5,nM,dissociation,780.0,900.0
mAb-X-SCK,mAb-X,run-1,mAb-X-B1,B1-981,981.0,s,57.8413248358894,0.1487919241282484,2.12043621666141,-0.1360962432383189,RU,40.5,nM,dissociation,780.0,900.0
mAb-X-SCK,mAb-X,run-1,mAb-X-B1,B1-982,982.0,s,58.16062835511725,0.13563649003566458,1.840978545777432,-0.21995361349702455,RU,40.5,nM,dissociation,780.0,900.0
mAb-X-SCK,mAb-X,run-1,mAb-X-B1,B1-983,983.0,s,57.88186282410522,-0.010187186395717536,1.842008635561939,0.3386234834191218,RU,40.5,nM,dissociation,780.0,900.0
mAb-X-SCK,mAb-X,run-1,mAb-X-B1,B1-984,984.0,s,57.929002890332136,-0.11420379348937534,1.9865694227165238,-0.18409163004052106,RU,40.5,nM,dissociation,780.0,900.0
mAb-X-SCK,mAb-X,run-1,mAb-X-B1,B1-985,985.0,s,57.820456982846416,0.10623873597163408,1.9629620693344438,0.1617952278689481,RU,40.5,nM,dissociation,780.0,900.0
mAb-X-SCK,mAb-X,run-1,mAb-X-B1,B1-986,986.0,s,58.027898019388886,-0.11494555928233603,1.9601430422032549,-0.1307322809890018,RU,40.5,nM,dissociation,780.0,900.0
mAb-X-SCK,mAb-X,run-1,mAb-X-B1,B1-987,987.0,s,58.12094955225593,0.008507404997490477,2.068473684024108,0.05000994165332215,RU,40.5,nM,dissociation,780.0,900.0
mAb-X-SCK,mAb-X,run-1,mAb-X-B1,B1-988,988.0,s,57.99083509338976,-0.1981705739124504,1.914411229586496,-0.03085113978736715,RU,40.5,nM,dissociation,780.0,900.0
mAb-X-SCK,mAb-X,run-1,mAb-X-B1,B1-989,989.0,s,58.036570408035736,-0.14180793550064147,1.8041949886182416,0.039635728842410324,RU,40.5,nM,dissociation,780.0,900.0
mAb-X-SCK,mAb-X,run-1,mAb-X-B1,B1-990,990.0,s,57.67297872876245,0.23021060656882097,1.9266022894916957,0.05006713095766437,RU,40.5,nM,dissociation,780.0,900.0
mAb-X-SCK,mAb-X,run-1,mAb-X-B1,B1-991,991.0,s,57.75527555558276,0.19975730809109066,1.9914617487296669,0.013004243576055619,RU,40.5,nM,dissociation,780.0,900.0
mAb-X-SCK,mAb-X,run-1,mAb-X-B1,B1-992,992.0,s,57.880649995229696,0.047434804205269715,1.973620635969314,-0.027045265369631505,RU,40.5,nM,dissociation,780.0,900.0
mAb-X-SCK,mAb-X,run-1,mAb-X-B1,B1-993,993.0,s,57.65576570704897,0.12674270642578614,2.103202576825385,0.017521391649432713,RU,40.5,nM,dissociation,780.0,900.0
mAb-X-SCK,mAb-X,run-1,mAb-X-B1,B1-994,994.0,s,57.58354662319147,0.39362158228602867,1.926322976778525,0.13141969024598696,RU,40.5,nM,dissociation,780.0,900.0
mAb-X-SCK,mAb-X,run-1,mAb-X-B1,B1-995,995.0,s,57.7961911637527,-0.1945351049878629,1.976411415818235,-0.17879619794188314,RU,40.5,nM,dissociation,780.0,900.0
mAb-X-SCK,mAb-X,run-1,mAb-X-B1,B1-996,996.0,s,57.443249313224236,0.36684780561499203,1.9261173202194726,0.12175672301221079,RU,40.5,nM,dissociation,780.0,900.0
mAb-X-SCK,mAb-X,run-1,mAb-X-B1,B1-997,997.0,s,57.76830836876261,0.00849816113166506,1.6712434634205195,-0.05865867298331505,RU,40.5,nM,dissociation,780.0,900.0
mAb-X-SCK,mAb-X,run-1,mAb-X-B1,B1-998,998.0,s,57.69799816538662,0.06652380512426441,1.6648453027465926,0.22034377661388146,RU,40.5,nM,dissociation,780.0,900.0
mAb-X-SCK,mAb-X,run-1,mAb-X-B1,B1-999,999.0,s,57.653982328979,-0.3122078577916351,2.091861760243754,0.10889284587003721,RU,40.5,nM,dissociation,780.0,900.0
mAb-X-SCK,mAb-X,run-1,mAb-X-B1,B1-1000,1000.0,s,57.57256930389907,0.0042200713681033435,2.0222107179511344,-0.12364913370645259,RU,40.5,nM,dissociation,780.0,900.0
mAb-X-SCK,mAb-X,run-1,mAb-X-B1,B1-1001,1001.0,s,57.726255190803464,-0.17078074010045266,2.0414993596551487,-0.13480398268937377,RU,40.5,nM,dissociation,780.0,900.0
mAb-X-SCK,mAb-X,run-1,mAb-X-B1,B1-1002,1002.0,s,57.73167528907168,0.08737470215071454,2.0675429691910927,-0.18121239249969298,RU,40.5,nM,dissociation,780.0,900.0
mAb-X-SCK,mAb-X,run-1,mAb-X-B1,B1-1003,1003.0,s,57.629402259781465,0.055562672875544186,2.054880182519779,0.14836601123119908,RU,40.5,nM,dissociation,780.0,900.0
mAb-X-SCK,mAb-X,run-1,mAb-X-B1,B1-1004,1004.0,s,57.28895444143266,-0.06800001729577045,1.997402751434756,-0.1377489068615618,RU,40.5,nM,dissociation,780.0,900.0
mAb-X-SCK,mAb-X,run-1,mAb-X-B1,B1-1005,1005.0,s,57.45509520092054,-0.07343335815878616,2.1053262416655616,-0.07130307245337698,RU,40.5,nM,dissociation,780.0,900.0
mAb-X-SCK,mAb-X,run-1,mAb-X-B1,B1-1006,1006.0,s,57.3195214069459,-0.07962806858960207,2.0076549035821727,-0.1760959409888649,RU,40.5,nM,dissociation,780.0,900.0
mAb-X-SCK,mAb-X,run-1,mAb-X-B1,B1-1007,1007.0,s,57.419391507983775,-0.13295537267320615,1.8835932639048898,0.2686158168943295,RU,40.5,nM,dissociation,780.0,900.0
mAb-X-SCK,mAb-X,run-1,mAb-X-B1,B1-1008,1008.0,s,57.28032801734272,0.026708363256810596,2.041752103167636,-0.11816587612098196,RU,40.5,nM,dissociation,780.0,900.0
mAb-X-SCK,mAb-X,run-1,mAb-X-B1,B1-1009,1009.0,s,57.282752867696175,0.1428992482017126,2.018688435808105,-0.18923593202908676,RU,40.5,nM,dissociation,780.0,900.0
mAb-X-SCK,mAb-X,run-1,mAb-X-B1,B1-1010,1010.0,s,57.385450161335164,-0.018079955761972803,1.9379337283289615,-0.27187050701652365,RU,40.5,nM,dissociation,780.0,900.0
mAb-X-SCK,mAb-X,run-1,mAb-X-B1,B1-1011,1011.0,s,57.32881467375489,-0.06070628396569826,2.1123861957900707,0.03449023966035436,RU,40.5,nM,dissociation,780.0,900.0
mAb-X-SCK,mAb-X,run-1,mAb-X-B1,B1-1012,1012.0,s,57.32668353771198,-0.3153389332709161,1.8968656053773565,0.0010614919213493975,RU,40.5,nM,dissociation,780.0,900.0
mAb-X-SCK,mAb-X,run-1,mAb-X-B1,B1-1013,1013.0,s,57.04670321479967,0.08624495491304644,1.731262908841865,0.01957378653258419,RU,40.5,nM,dissociation,780.0,900.0
mAb-X-SCK,mAb-X,run-1,mAb-X-B1,B1-1014,1014.0,s,57.05847185797688,0.016376014948371126,2.049862816165388,-0.11888022410440298,RU,40.5,nM,dissociation,780.0,900.0
mAb-X-SCK,mAb-X,run-1,mAb-X-B1,B1-1015,1015.0,s,57.267587199901776,0.2543326755848817,2.2361492523008724,-0.05116100579722777,RU,40.5,nM,dissociation,780.0,900.0
mAb-X-SCK,mAb-X,run-1,mAb-X-B1,B1-1016,1016.0,s,57.42857432434253,-0.12414277937531851,2.0768038297720772,-0.03145245487081789,RU,40.5,nM,dissociation,780.0,900.0
mAb-X-SCK,mAb-X,run-1,mAb-X-B1,B1-1017,1017.0,s,57.1183382182236,-0.0549417403695853,2.116778783251556,-0.23113460875447006,RU,40.5,nM,dissociation,780.0,900.0
mAb-X-SCK,mAb-X,run-1,mAb-X-B1,B1-1018,1018.0,s,57.239981885816235,-0.012339477504969013,2.0549845398999174,0.11855282160756388,RU,40.5,nM,dissociation,780.0,900.0
mAb-X-SCK,mAb-X,run-1,mAb-X-B1,B1-1019,1019.0,s,57.28532843153682,-0.0005320322705974147,2.277469225703181,-0.2853114808339734,RU,40.5,nM,dissociation,780.0,900.0
mAb-X-SCK,mAb-X,run-1,mAb-X-B1,B1-1020,1020.0,s,56.92369350085147,-0.20166884805399823,2.209945308796374,-0.17639058667138,RU,40.5,nM,dissociation,780.0,900.0
mAb-X-SCK,mAb-X,run-1,mAb-X-B1,B1-1021,1021.0,s,57.201754363908925,-0.03198394445755729,1.8096444587802414,0.019681734850964954,RU,40.5,nM,dissociation,780.0,900.0
mAb-X-SCK,mAb-X,run-1,mAb-X-B1,B1-1022,1022.0,s,57.0668409915191,-0.07912320167416305,2.0665926818367795,-0.05997032056341959,RU,40.5,nM,dissociation,780.0,900.0
mAb-X-SCK,mAb-X,run-1,mAb-X-B1,B1-1023,1023.0,s,57.06782338679105,-0.12616337798690969,2.1475908990408166,-0.017520621589250943,RU,40.5,nM,dissociation,780.0,900.0
mAb-X-SCK,mAb-X,run-1,mAb-X-B1,B1-1024,1024.0,s,57.110283855360656,0.10735221035954934,2.0376279903081183,0.2734002925495809,RU,40.5,nM,dissociation,780.0,900.0
mAb-X-SCK,mAb-X,run-1,mAb-X-B1,B1-1025,1025.0,s,56.986240298203384,-0.25545926134622043,2.0878412101192114,0.01484526443795976,RU,40.5,nM,dissociation,780.0,900.0
mAb-X-SCK,mAb-X,run-1,mAb-X-B1,B1-1026,1026.0,s,57.004381971980266,-0.08568130325761703,2.056337155674217,-0.028684712760304938,RU,40.5,nM,dissociation,780.0,900.0
mAb-X-SCK,mAb-X,run-1,mAb-X-B1,B1-1027,1027.0,s,56.84286687299933,0.035243708616901626,2.089038107263795,0.1490433764488169,RU,40.5,nM,dissociation,780.0,900.0
mAb-X-SCK,mAb-X,run-1,mAb-X-B1,B1-1028,1028.0,s,56.8356132501596,-0.25034686827647884,2.0380976412479677,-0.260624267889028,RU,40.5,nM,dissociation,780.0,900.0
mAb-X-SCK,mAb-X,run-1,mAb-X-B1,B1-1029,1029.0,s,56.675425301204996,-0.22092834450308535,2.1308204639105948,0.188610521123233,RU,40.5,nM,dissociation,780.0,900.0
mAb-X-SCK,mAb-X,run-1,mAb-X-B1,B1-1030,1030.0,s,56.43230773150086,-0.04259016949779965,1.9683518096241785,-0.20465864402226575,RU,40.5,nM,dissociation,780.0,900.0
mAb-X-SCK,mAb-X,run-1,mAb-X-B1,B1-1031,1031.0,s,57.048872992853056,0.0792724950032474,1.979366379836117,-0.04076837502874735,RU,40.5,nM,dissociation,780.0,900.0
mAb-X-SCK,mAb-X,run-1,mAb-X-B1,B1-1032,1032.0,s,56.55931486339841,-0.22470265135207135,1.9769202678941393,-0.18114632934548053,RU,40.5,nM,dissociation,780.0,900.0
mAb-X-SCK,mAb-X,run-1,mAb-X-B1,B1-1033,1033.0,s,56.6073899084779,-0.1806531446047819,2.030942916115065,-0.0040831129389018814,RU,40.5,nM,dissociation,780.0,900.0
mAb-X-SCK,mAb-X,run-1,mAb-X-B1,B1-1034,1034.0,s,56.6555956136666,-0.20342056375527598,2.1426686352084565,0.04207852076615375,RU,40.5,nM,dissociation,780.0,900.0
mAb-X-SCK,mAb-X,run-1,mAb-X-B1,B1-1035,1035.0,s,56.445796265718656,-0.11858645182055412,2.2165537730065075,-0.08576052246949947,RU,40.5,nM,dissociation,780.0,900.0
mAb-X-SCK,mAb-X,run-1,mAb-X-B1,B1-1036,1036.0,s,56.5487341509233,0.031394646413680255,2.2580354613021947,-0.24126524674376842,RU,40.5,nM,dissociation,780.0,900.0
mAb-X-SCK,mAb-X,run-1,mAb-X-B1,B1-1037,1037.0,s,56.77773080955686,0.16586157514522137,2.171065275185339,-0.07298058826842044,RU,40.5,nM,dissociation,780.0,900.0
mAb-X-SCK,mAb-X,run-1,mAb-X-B1,B1-1038,1038.0,s,56.649889467543396,-0.10005551449044127,1.7991517548092197,-0.11429138068205179,RU,40.5,nM,dissociation,780.0,900.0
mAb-X-SCK,mAb-X,run-1,mAb-X-B1,B1-1039,1039.0,s,56.44816253981763,-0.1108429366117526,2.064841064347571,0.021686709857394598,RU,40.5,nM,dissociation,780.0,900.0
mAb-X-SCK,mAb-X,run-1,mAb-X-B1,B1-1040,1040.0,s,56.557697486498306,0.025578490044054998,1.928429419330444,0.08622252015255755,RU,40.5,nM,dissociation,780.0,900.0
mAb-X-SCK,mAb-X,run-1,mAb-X-B1,B1-1041,1041.0,s,56.47629457435985,-0.005155688071095316,2.2454571607690386,-0.02608686994115043,RU,40.5,nM,dissociation,780.0,900.0
mAb-X-SCK,mAb-X,run-1,mAb-X-B1,B1-1042,1042.0,s,56.43572148876256,0.10996262943278837,2.172600917096911,0.10127607835680229,RU,40.5,nM,dissociation,780.0,900.0
mAb-X-SCK,mAb-X,run-1,mAb-X-B1,B1-1043,1043.0,s,56.644323309008556,-0.06641802580349375,2.06524196336397,-0.1650856511053355,RU,40.5,nM,dissociation,780.0,900.0
mAb-X-SCK,mAb-X,run-1,mAb-X-B1,B1-1044,1044.0,s,56.5028911504792,-0.10653682538787278,2.08399250619745,-0.07367565132608102,RU,40.5,nM,dissociation,780.0,900.0
mAb-X-SCK,mAb-X,run-1,mAb-X-B1,B1-1045,1045.0,s,56.41324478036205,0.0868718543502064,2.145252500004183,-0.08023819218413979,RU,40.5,nM,dissociation,780.0,900.0
mAb-X-SCK,mAb-X,run-1,mAb-X-B1,B1-1046,1046.0,s,56.33003594324704,0.07083822818857936,2.044675072147669,0.2443611270674809,RU,40.5,nM,dissociation,780.0,900.0
mAb-X-SCK,mAb-X,run-1,mAb-X-B1,B1-1047,1047.0,s,56.48929495239479,-0.03418473401056658,2.2675918898339367,0.12056297600587189,RU,40.5,nM,dissociation,780.0,900.0
mAb-X-SCK,mAb-X,run-1,mAb-X-B1,B1-1048,1048.0,s,56.52089691391748,-0.11711983589779101,1.923974647618964,-0.07609420146166422,RU,40.5,nM,dissociation,780.0,900.0
mAb-X-SCK,mAb-X,run-1,mAb-X-B1,B1-1049,1049.0,s,56.02823969613579,-0.16181943447497957,2.19212167980401,-0.3182140909034557,RU,40.5,nM,dissociation,780.0,900.0
mAb-X-SCK,mAb-X,run-1,mAb-X-B1,B1-1050,1050.0,s,56.38984202533199,0.15679592559044772,1.89374219820927,-0.08086753948119917,RU,40.5,nM,dissociation,780.0,900.0
mAb-X-SCK,mAb-X,run-1,mAb-X-B1,B1-1051,1051.0,s,56.11902549605664,-0.0258507518811261,1.9849398284058086,0.06594869300600552,RU,40.5,nM,dissociation,780.0,900.0
mAb-X-SCK,mAb-X,run-1,mAb-X-B1,B1-1052,1052.0,s,56.33807416100866,-0.18873310126050452,2.110317892001271,-0.14576662793701162,RU,40.5,nM,dissociation,780.0,900.0
mAb-X-SCK,mAb-X,run-1,mAb-X-B1,B1-1053,1053.0,s,56.18213806852737,-0.03450273468158653,1.9963322924500746,-0.14801091345539924,RU,40.5,nM,dissociation,780.0,900.0
mAb-X-SCK,mAb-X,run-1,mAb-X-B1,B1-1054,1054.0,s,56.17345774418539,0.07999852351467628,2.042963555070679,0.025379599823334098,RU,40.5,nM,dissociation,780.0,900.0
mAb-X-SCK,mAb-X,run-1,mAb-X-B1,B1-1055,1055.0,s,56.5586929194328,0.12184575651466747,2.2291014263924525,-0.2721700854485353,RU,40.5,nM,dissociation,780.0,900.0
mAb-X-SCK,mAb-X,run-1,mAb-X-B1,B1-1056,1056.0,s,56.09752002724384,0.015875688813619164,1.750002646818324,0.09416685063610195,RU,40.5,nM,dissociation,780.0,900.0
mAb-X-SCK,mAb-X,run-1,mAb-X-B1,B1-1057,1057.0,s,56.15669919967122,-0.16217350432326183,1.9357571368893236,-0.31584533116329067,RU,40.5,nM,dissociation,780.0,900.0
mAb-X-SCK,mAb-X,run-1,mAb-X-B1,B1-1058,1058.0,s,55.947316369805854,0.08022312436085711,2.1875486429528066,-0.06696273235861172,RU,40.5,nM,dissociation,780.0,900.0
mAb-X-SCK,mAb-X,run-1,mAb-X-B1,B1-1059,1059.0,s,55.91939994316658,-0.049011021320737855,1.9674305404414374,-0.1303141764263641,RU,40.5,nM,dissociation,780.0,900.0
mAb-X-SCK,mAb-X,run-1,mAb-X-B1,B1-1060,1060.0,s,56.023173260797854,-0.0913169921036109,2.129558601047151,0.02099468614112035,RU,40.5,nM,dissociation,780.0,900.0
mAb-X-SCK,mAb-X,run-1,mAb-X-B1,B1-1061,1061.0,s,56.16342007010514,0.21530293611954426,2.0112415837516266,0.0032765618574607117,RU,40.5,nM,dissociation,780.0,900.0
mAb-X-SCK,mAb-X,run-1,mAb-X-B1,B1-1062,1062.0,s,55.80875703723734,0.05851758853155481,2.122573080301734,0.3522831428952036,RU,40.5,nM,dissociation,780.0,900.0
mAb-X-SCK,mAb-X,run-1,mAb-X-B1,B1-1063,1063.0,s,56.026899947507,0.0008841896006129948,2.08771730526069,-0.080711898009724,RU,40.5,nM,dissociation,780.0,900.0
mAb-X-SCK,mAb-X,run-1,mAb-X-B1,B1-1064,1064.0,s,55.942221634311124,0.20116476362793392,2.1149872632308875,-0.024014565660811678,RU,40.5,nM,dissociation,780.0,900.0
mAb-X-SCK,mAb-X,run-1,mAb-X-B1,B1-1065,1065.0,s,56.126161273749744,0.12294132524474408,2.2469530178606982,-0.06535915859376983,RU,40.5,nM,dissociation,780.0,900.0
mAb-X-SCK,mAb-X,run-1,mAb-X-B1,B1-1066,1066.0,s,55.809968558071475,0.03658543936628387,2.2449417805359255,0.06333386633396455,RU,40.5,nM,dissociation,780.0,900.0
mAb-X-SCK,mAb-X,run-1,mAb-X-B1,B1-1067,1067.0,s,55.713293886067596,-0.15440839583478547,2.1662224229023423,-0.18454107403429695,RU,40.5,nM,dissociation,780.0,900.0
mAb-X-SCK,mAb-X,run-1,mAb-X-B1,B1-1068,1068.0,s,55.748006712708765,0.02622442984596512,1.9328314766860792,-0.08745807774951947,RU,40.5,nM,dissociation,780.0,900.0
mAb-X-SCK,mAb-X,run-1,mAb-X-B1,B1-1069,1069.0,s,55.92180153313813,-0.24700214803623677,2.111608672153871,-0.1390303908815297,RU,40.5,nM,dissociation,780.0,900.0
mAb-X-SCK,mAb-X,run-1,mAb-X-B1,B1-1070,1070.0,s,55.86495221436616,-0.14179860245713707,1.9668802145937174,-0.012657320576582701,RU,40.5,nM,dissociation,780.0,900.0
mAb-X-SCK,mAb-X,run-1,mAb-X-B1,B1-1071,1071.0,s,55.707497912088314,0.2551385200838035,2.10180810880672,0.15985957536405024,RU,40.5,nM,dissociation,780.0,900.0
mAb-X-SCK,mAb-X,run-1,mAb-X-B1,B1-1072,1072.0,s,55.55513643597307,0.06638809151527342,2.2274716241254016,0.017675404825886414,RU,40.5,nM,dissociation,780.0,900.0
mAb-X-SCK,mAb-X,run-1,mAb-X-B1,B1-1073,1073.0,s,55.82102450232527,0.05320490485222868,2.043642896751112,-0.05590928884125176,RU,40.5,nM,dissociation,780.0,900.0
mAb-X-SCK,mAb-X,run-1,mAb-X-B1,B1-1074,1074.0,s,55.632588788438966,0.12181167937445461,1.9387238909180757,0.15917378056144302,RU,40.5,nM,dissociation,780.0,900.0
mAb-X-SCK,mAb-X,run-1,mAb-X-B1,B1-1075,1075.0,s,55.54775643688624,0.07889104905611466,2.3523021539788047,-0.1495462949933841,RU,40.5,nM,dissociation,780.0,900.0
mAb-X-SCK,mAb-X,run-1,mAb-X-B1,B1-1076,1076.0,s,55.70165754718647,0.053176137367201386,1.901500560629178,-0.13625656084134544,RU,40.5,nM,dissociation,780.0,900.0
mAb-X-SCK,mAb-X,run-1,mAb-X-B1,B1-1077,1077.0,s,55.799402388194096,-0.08265401008898329,2.5189076312262575,-0.09698693536069161,RU,40.5,nM,dissociation,780.0,900.0
mAb-X-SCK,mAb-X,run-1,mAb-X-B1,B1-1078,1078.0,s,55.54709116806351,-0.127166578733163,1.8155296773694087,0.23636508715355428,RU,40.5,nM,dissociation,780.0,900.0
mAb-X-SCK,mAb-X,run-1,mAb-X-B1,B1-1079,1079.0,s,55.756363045350795,-0.006215706813639771,2.186561298418242,-0.2563642658293281,RU,40.5,nM,dissociation,780.0,900.0
mAb-X-SCK,mAb-X,run-1,mAb-X-B1,B1-1080,1080.0,s,55.782074636547456,-0.19452271093734402,2.1841031363043624,0.07157865574204857,RU,40.5,nM,dissociation,780.0,900.0
mAb-X-SCK,mAb-X,run-1,mAb-X-B1,B1-1081,1081.0,s,55.47020444512141,-0.00789291672945943,1.9658387603690846,0.34441216811202036,RU,40.5,nM,dissociation,780.0,900.0
mAb-X-SCK,mAb-X,run-1,mAb-X-B1,B1-1082,1082.0,s,55.60660505881359,-0.11393633870163293,2.182721699746469,0.2612838626486563,RU,40.5,nM,dissociation,780.0,900.0
mAb-X-SCK,mAb-X,run-1,mAb-X-B1,B1-1083,1083.0,s,55.56048324321202,0.14761379673107267,2.2586912433218393,-0.1442941000649648,RU,40.5,nM,dissociation,780.0,900.0
mAb-X-SCK,mAb-X,run-1,mAb-X-B1,B1-1084,1084.0,s,55.44842639424356,0.22067492202060282,2.1156361627388653,0.0460943631668869,RU,40.5,nM,dissociation,780.0,900.0
mAb-X-SCK,mAb-X,run-1,mAb-X-B1,B1-1085,1085.0,s,55.33180537144506,-0.12440438518654351,2.126568438063472,-0.11100118867324447,RU,40.5,nM,dissociation,780.0,900.0
mAb-X-SCK,mAb-X,run-1,mAb-X-B1,B1-1086,1086.0,s,55.55180903543153,0.05111500519514333,2.31104156287723,0.057885430514045315,RU,40.5,nM,dissociation,780.0,900.0
mAb-X-SCK,mAb-X,run-1,mAb-X-B1,B1-1087,1087.0,s,55.373420278984845,-0.18521734984359062,2.2102570768812644,0.04960349476189807,RU,40.5,nM,dissociation,780.0,900.0
mAb-X-SCK,mAb-X,run-1,mAb-X-B1,B1-1088,1088.0,s,55.3781105808808,0.12615667022834326,2.065385477012786,0.02082209420303315,RU,40.5,nM,dissociation,780.0,900.0
mAb-X-SCK,mAb-X,run-1,mAb-X-B1,B1-1089,1089.0,s,55.45141658103168,-0.057808135965266134,2.065827033688936,-0.08919934369963213,RU,40.5,nM,dissociation,780.0,900.0
mAb-X-SCK,mAb-X,run-1,mAb-X-B1,B1-1090,1090.0,s,55.21376066908415,0.03772960192709428,2.1839333270104504,-0.2581420336270785,RU,40.5,nM,dissociation,780.0,900.0
mAb-X-SCK,mAb-X,run-1,mAb-X-B1,B1-1091,1091.0,s,55.39189562970968,0.09183532064114387,2.2854788437628564,-0.22528219554902182,RU,40.5,nM,dissociation,780.0,900.0
mAb-X-SCK,mAb-X,run-1,mAb-X-B1,B1-1092,1092.0,s,55.24594670827223,0.05365580952570905,1.9943300963221589,-0.16119324967183143,RU,40.5,nM,dissociation,780.0,900.0
mAb-X-SCK,mAb-X,run-1,mAb-X-B1,B1-1093,1093.0,s,55.27388613059408,-0.1416493842192451,2.271519399100806,-0.2319155277787444,RU,40.5,nM,dissociation,780.0,900.0
mAb-X-SCK,mAb-X,run-1,mAb-X-B1,B1-1094,1094.0,s,55.072503080094734,0.1145602851208476,2.2668380889275936,-0.14927948514334077,RU,40.5,nM,dissociation,780.0,900.0
mAb-X-SCK,mAb-X,run-1,mAb-X-B1,B1-1095,1095.0,s,55.276289951429185,0.09082935024400812,2.1963898655324003,-0.10268179850526912,RU,40.5,nM,dissociation,780.0,900.0
mAb-X-SCK,mAb-X,run-1,mAb-X-B1,B1-1096,1096.0,s,54.893233165245775,-0.012626083211190926,2.1017763002661116,-0.10342663879096393,RU,40.5,nM,dissociation,780.0,900.0
mAb-X-SCK,mAb-X,run-1,mAb-X-B1,B1-1097,1097.0,s,55.21310696283796,0.1865036973780317,2.3090117340962832,0.12176606133901179,RU,40.5,nM,dissociation,780.0,900.0
mAb-X-SCK,mAb-X,run-1,mAb-X-B1,B1-1098,1098.0,s,55.04074592247029,0.09782335367478111,2.3750921111284713,-0.019585563620251302,RU,40.5,nM,dissociation,780.0,900.0
mAb-X-SCK,mAb-X,run-1,mAb-X-B1,B1-1099,1099.0,s,55.02968241832505,-0.03964555364945813,2.282554273381727,-0.13766924898129282,RU,40.5,nM,dissociation,780.0,900.0
mAb-X-SCK,mAb-X,run-1,mAb-X-B1,B1-1100,1100.0,s,55.11393686730486,0.09705865818524248,2.1143772898635373,-0.06096886117037878,RU,40.5,nM,dissociation,780.0,900.0
mAb-X-SCK,mAb-X,run-1,mAb-X-B1,B1-1101,1101.0,s,55.02398524855274,-0.31290857574049863,2.0844121939963265,0.22151678044530573,RU,40.5,nM,dissociation,780.0,900.0
mAb-X-SCK,mAb-X,run-1,mAb-X-B1,B1-1102,1102.0,s,55.15515541649998,0.2540282812833249,2.3002385457104433,-0.2234362635005536,RU,40.5,nM,dissociation,780.0,900.0
mAb-X-SCK,mAb-X,run-1,mAb-X-B1,B1-1103,1103.0,s,54.78263040531332,0.11668401889754251,2.1431187250360693,0.4075920287712212,RU,40.5,nM,dissociation,780.0,900.0
mAb-X-SCK,mAb-X,run-1,mAb-X-B1,B1-1104,1104.0,s,55.1150675289305,-0.047334406861806295,2.2458211913944153,-0.0008795293785849678,RU,40.5,nM,dissociation,780.0,900.0
mAb-X-SCK,mAb-X,run-1,mAb-X-B1,B1-1105,1105.0,s,55.099655719344064,0.001174253707033776,2.2949509273763233,-0.05943726191764559,RU,40.5,nM,dissociation,780.0,900.0
mAb-X-SCK,mAb-X,run-1,mAb-X-B1,B1-1106,1106.0,s,54.8802439216103,-0.015256919409579734,2.191756864908503,-0.15098139386253645,RU,40.5,nM,dissociation,780.0,900.0
mAb-X-SCK,mAb-X,run-1,mAb-X-B1,B1-1107,1107.0,s,54.728753387531086,-0.08035865948447965,2.2860979405490163,-0.04302641810164624,RU,40.5,nM,dissociation,780.0,900.0
mAb-X-SCK,mAb-X,run-1,mAb-X-B1,B1-1108,1108.0,s,55.096336568211036,-0.27775101648811423,2.120074396912529,0.11587545388936395,RU,40.5,nM,dissociation,780.0,900.0
mAb-X-SCK,mAb-X,run-1,mAb-X-B1,B1-1109,1109.0,s,54.8180849591223,0.03160372419591234,2.411000933279335,0.1410247230807189,RU,40.5,nM,dissociation,780.0,900.0
mAb-X-SCK,mAb-X,run-1,mAb-X-B1,B1-1110,1110.0,s,54.65579642955493,-0.07066194708832405,2.4832733472388,0.03143671469404728,RU,40.5,nM,dissociation,780.0,900.0
mAb-X-SCK,mAb-X,run-1,mAb-X-B1,B1-1111,1111.0,s,54.79988987155886,-0.12812216648282398,2.126100790681769,0.0010085508500733515,RU,40.5,nM,dissociation,780.0,900.0
mAb-X-SCK,mAb-X,run-1,mAb-X-B1,B1-1112,1112.0,s,54.98315965400211,-0.02735191585626642,1.9390038688969629,0.05095528307668521,RU,40.5,nM,dissociation,780.0,900.0
mAb-X-SCK,mAb-X,run-1,mAb-X-B1,B1-1113,1113.0,s,54.63208578621501,-0.04840614460359083,2.322653437426732,-0.13065790554138967,RU,40.5,nM,dissociation,780.0,900.0
mAb-X-SCK,mAb-X,run-1,mAb-X-B1,B1-1114,1114.0,s,54.67778736651818,0.16367316428171305,2.4406036922786742,-0.14112654942143563,RU,40.5,nM,dissociation,780.0,900.0
mAb-X-SCK,mAb-X,run-1,mAb-X-B1,B1-1115,1115.0,s,54.530139428637526,-0.2955868434630143,2.014409869016195,0.2129742739855215,RU,40.5,nM,dissociation,780.0,900.0
mAb-X-SCK,mAb-X,run-1,mAb-X-B1,B1-1116,1116.0,s,54.67673171997237,-0.21825325595120643,2.271054516644248,0.12733609188053457,RU,40.5,nM,dissociation,780.0,900.0
mAb-X-SCK,mAb-X,run-1,mAb-X-B1,B1-1117,1117.0,s,54.62171392777983,-0.03168247099826082,2.178115927748994,0.27634320103795,RU,40.5,nM,dissociation,780.0,900.0
mAb-X-SCK,mAb-X,run-1,mAb-X-B1,B1-1118,1118.0,s,54.602678949651526,0.12583409943192225,2.138794026312813,-0.24450865180708764,RU,40.5,nM,dissociation,780.0,900.0
mAb-X-SCK,mAb-X,run-1,mAb-X-B1,B1-1119,1119.0,s,54.95497197516389,0.1669293800278068,2.334308293964515,0.06588453120726276,RU,40.5,nM,dissociation,780.0,900.0
mAb-X-SCK,mAb-X,run-1,mAb-X-B1,B1-1120,1120.0,s,54.3775342396998,-0.08092503232286626,2.1227334804007154,0.33571591991581456,RU,40.5,nM,dissociation,780.0,900.0
mAb-X-SCK,mAb-X,run-1,mAb-X-B1,B1-1121,1121.0,s,54.77217860119362,-0.12859379949516817,2.203940710482696,0.2156455498048717,RU,40.5,nM,dissociation,780.0,900.0
mAb-X-SCK,mAb-X,run-1,mAb-X-B1,B1-1122,1122.0,s,54.5728349580346,0.09200618295845368,2.370228396183752,0.06124380132530309,RU,40.5,nM,dissociation,780.0,900.0
mAb-X-SCK,mAb-X,run-1,mAb-X-B1,B1-1123,1123.0,s,54.51535963532336,-0.053111250826738336,2.321610093067205,0.025474764514441937,RU,40.5,nM,dissociation,780.0,900.0
mAb-X-SCK,mAb-X,run-1,mAb-X-B1,B1-1124,1124.0,s,54.574882784327215,0.4213197383111527,2.2477023823327102,0.16061732339976256,RU,40.5,nM,dissociation,780.0,900.0
mAb-X-SCK,mAb-X,run-1,mAb-X-B1,B1-1125,1125.0,s,54.51153079948164,-0.13112678668581718,2.31185716835215,-0.13150490547544158,RU,40.5,nM,dissociation,780.0,900.0
mAb-X-SCK,mAb-X,run-1,mAb-X-B1,B1-1126,1126.0,s,54.373422306086105,-0.2807426223483797,2.230577259334957,-0.1071167382234255,RU,40.5,nM,dissociation,780.0,900.0
mAb-X-SCK,mAb-X,run-1,mAb-X-B1,B1-1127,1127.0,s,54.42617010408806,-0.23132783375064073,2.48137992145898,0.22353405930453554,RU,40.5,nM,dissociation,780.0,900.0
mAb-X-SCK,mAb-X,run-1,mAb-X-B1,B1-1128,1128.0,s,54.45179386406161,0.08539319347818443,2.5487294607755984,0.2670003905581419,RU,40.5,nM,dissociation,780.0,900.0
mAb-X-SCK,mAb-X,run-1,mAb-X-B1,B1-1129,1129.0,s,54.190323274249245,0.10250681408848641,2.36148468869817,-0.14270028366114132,RU,40.5,nM,dissociation,780.0,900.0
mAb-X-SCK,mAb-X,run-1,mAb-X-B1,B1-1130,1130.0,s,54.35255897557686,-0.13745491734452792,2.29911372596293,0.13547033351781296,RU,40.5,nM,dissociation,780.0,900.0
mAb-X-SCK,mAb-X,run-1,mAb-X-B1,B1-1131,1131.0,s,54.509968122185846,0.08817750793729558,2.1231421497608256,0.08346172955915113,RU,40.5,nM,dissociation,780.0,900.0
mAb-X-SCK,mAb-X,run-1,mAb-X-B1,B1-1132,1132.0,s,54.46553415094189,-0.019379996064877853,2.211558305218114,-0.059600211886794215,RU,40.5,nM,dissociation,780.0,900.0
mAb-X-SCK,mAb-X,run-1,mAb-X-B1,B1-1133,1133.0,s,54.252997423142475,-0.037607863663425466,2.301385094095435,0.004683462327505602,RU,40.5,nM,dissociation,780.0,900.0
mAb-X-SCK,mAb-X,run-1,mAb-X-B1,B1-1134,1134.0,s,53.945374671668134,-0.05381431591082333,2.3463548789602355,0.19453057809435506,RU,40.5,nM,dissociation,780.0,900.0
mAb-X-SCK,mAb-X,run-1,mAb-X-B1,B1-1135,1135.0,s,54.4343874193602,0.07312339082259818,2.478852070880957,-0.21356645722765177,RU,40.5,nM,dissociation,780.0,900.0
mAb-X-SCK,mAb-X,run-1,mAb-X-B1,B1-1136,1136.0,s,54.23655158762875,-0.03940686455079284,2.369680515868283,-0.37737165841993836,RU,40.5,nM,dissociation,780.0,900.0
mAb-X-SCK,mAb-X,run-1,mAb-X-B1,B1-1137,1137.0,s,54.24153729365699,-0.07717115886706406,2.371159573453626,0.10009617309672703,RU,40.5,nM,dissociation,780.0,900.0
mAb-X-SCK,mAb-X,run-1,mAb-X-B1,B1-1138,1138.0,s,54.27773479004059,-0.11474994280861855,2.4935305834021744,-0.04119689785439766,RU,40.5,nM,dissociation,780.0,900.0
mAb-X-SCK,mAb-X,run-1,mAb-X-B1,B1-1139,1139.0,s,54.390076789669735,0.07558013255741967,2.308510027913667,0.06483423501123596,RU,40.5,nM,dissociation,780.0,900.0
mAb-X-SCK,mAb-X,run-1,mAb-X-B1,B1-1140,1140.0,s,53.93374590712658,0.15092953675733603,2.40101065840599,0.07920621334538004,RU,40.5,nM,dissociation,780.0,900.0
mAb-X-SCK,mAb-X,run-1,mAb-X-B1,B1-1141,1141.0,s,54.02928500655583,-0.07630078341884913,2.3656071370578404,-0.0522456144221472,RU,40.5,nM,dissociation,780.0,900.0
mAb-X-SCK,mAb-X,run-1,mAb-X-B1,B1-1142,1142.0,s,53.891794944435844,0.10125961177243324,2.252362292716538,-0.0937500455940816,RU,40.5,nM,dissociation,780.0,900.0
mAb-X-SCK,mAb-X,run-1,mAb-X-B1,B1-1143,1143.0,s,54.297151266204075,0.035073343894034624,2.0373449105038475,-0.07449909825857742,RU,40.5,nM,dissociation,780.0,900.0
mAb-X-SCK,mAb-X,run-1,mAb-X-B1,B1-1144,1144.0,s,53.78210231390716,-0.017436982688046596,2.5843127066451177,0.07976175916873667,RU,40.5,nM,dissociation,780.0,900.0
mAb-X-SCK,mAb-X,run-1,mAb-X-B1,B1-1145,1145.0,s,54.17874808117843,0.2536801972669723,2.5653763363764304,0.19894728914433893,RU,40.5,nM,dissociation,780.0,900.0
mAb-X-SCK,mAb-X,run-1,mAb-X-B1,B1-1146,1146.0,s,54.1105007772314,0.19593403141856192,2.348541654645242,0.11698336241076647,RU,40.5,nM,dissociation,780.0,900.0
mAb-X-SCK,mAb-X,run-1,mAb-X-B1,B1-1147,1147.0,s,54.08884455524374,-0.37032552726189255,2.3828313951710838,-0.17862999454759795,RU,40.5,nM,dissociation,780.0,900.0
mAb-X-SCK,mAb-X,run-1,mAb-X-B1,B1-1148,1148.0,s,53.61703412018347,-0.1687096077745451,2.3518377097206877,-0.05355938571247382,RU,40.5,nM,dissociation,780.0,900.0
mAb-X-SCK,mAb-X,run-1,mAb-X-B1,B1-1149,1149.0,s,54.036720989724174,-0.04051408546158201,2.5171320254435985,-0.21021984955688758,RU,40.5,nM,dissociation,780.0,900.0
mAb-X-SCK,mAb-X,run-1,mAb-X-B1,B1-1150,1150.0,s,53.69685970607766,0.12904122299368556,2.171781788266804,-0.015149929942695494,RU,40.5,nM,dissociation,780.0,900.0
mAb-X-SCK,mAb-X,run-1,mAb-X-B1,B1-1151,1151.0,s,53.92483867675057,0.09327297707603606,2.194743679251257,-0.03034057713592111,RU,40.5,nM,dissociation,780.0,900.0
mAb-X-SCK,mAb-X,run-1,mAb-X-B1,B1-1152,1152.0,s,53.902251943182335,-0.03981402353738596,2.199125122025901,0.04607865265021451,RU,40.5,nM,dissociation,780.0,900.0
mAb-X-SCK,mAb-X,run-1,mAb-X-B1,B1-1153,1153.0,s,53.67866480316028,0.2231936334422682,2.294456388289404,0.054510982921727444,RU,40.5,nM,dissociation,780.0,900.0
mAb-X-SCK,mAb-X,run-1,mAb-X-B1,B1-1154,1154.0,s,53.62978001669665,-0.11039977516099471,2.4111572545910533,-0.005416987357086044,RU,40.5,nM,dissociation,780.0,900.0
mAb-X-SCK,mAb-X,run-1,mAb-X-B1,B1-1155,1155.0,s,53.68942141138062,0.19996514309933197,2.1786519845997896,-0.06231773038809466,RU,40.5,nM,dissociation,780.0,900.0
mAb-X-SCK,mAb-X,run-1,mAb-X-B1,B1-1156,1156.0,s,53.56282383220399,-0.06356402523014827,2.3624816978506944,-0.030769508575355216,RU,40.5,nM,dissociation,780.0,900.0
mAb-X-SCK,mAb-X,run-1,mAb-X-B1,B1-1157,1157.0,s,53.587444036251696,-0.14026549459399731,2.320569206330154,-0.20026076250943847,RU,40.5,nM,dissociation,780.0,900.0
mAb-X-SCK,mAb-X,run-1,mAb-X-B1,B1-1158,1158.0,s,53.52023298304205,0.16006781247248544,2.2393683476471056,-0.08955235671430417,RU,40.5,nM,dissociation,780.0,900.0
mAb-X-SCK,mAb-X,run-1,mAb-X-B1,B1-1159,1159.0,s,53.829028060586246,0.005150450753921692,2.6137556318901245,-0.18184234539081187,RU,40.5,nM,dissociation,780.0,900.0
mAb-X-SCK,mAb-X,run-1,mAb-X-B1,B1-1160,1160.0,s,53.647863194371155,0.12892331434046458,2.4122790363844895,-0.17045818891071482,RU,40.5,nM,dissociation,780.0,900.0
mAb-X-SCK,mAb-X,run-1,mAb-X-B1,B1-1161,1161.0,s,53.51810678240634,0.1537580304643048,2.368001603791958,-0.10540120482385963,RU,40.5,nM,dissociation,780.0,900.0
mAb-X-SCK,mAb-X,run-1,mAb-X-B1,B1-1162,1162.0,s,53.397085967838585,-0.16633998742677764,2.1513133557488455,-0.06495472393085179,RU,40.5,nM,dissociation,780.0,900.0
mAb-X-SCK,mAb-X,run-1,mAb-X-B1,B1-1163,1163.0,s,53.60006310186816,0.06433877762866097,2.3609117248008475,-0.07382164700864774,RU,40.5,nM,dissociation,780.0,900.0
mAb-X-SCK,mAb-X,run-1,mAb-X-B1,B1-1164,1164.0,s,52.9896122494065,-0.2939160346598636,2.468255452955492,-0.1988431892476387,RU,40.5,nM,dissociation,780.0,900.0
mAb-X-SCK,mAb-X,run-1,mAb-X-B1,B1-1165,1165.0,s,53.5215862276211,0.16919357361556567,2.4101113728750962,0.04786665169723972,RU,40.5,nM,dissociation,780.0,900.0
mAb-X-SCK,mAb-X,run-1,mAb-X-B1,B1-1166,1166.0,s,53.62284577171802,-0.19726866982394842,1.9871073284604093,0.008425421257638642,RU,40.5,nM,dissociation,780.0,900.0
mAb-X-SCK,mAb-X,run-1,mAb-X-B1,B1-1167,1167.0,s,53.63049147790705,-0.10763482086490106,2.2534407981887195,0.2597560065896798,RU,40.5,nM,dissociation,780.0,900.0
mAb-X-SCK,mAb-X,run-1,mAb-X-B1,B1-1168,1168.0,s,53.32985815647317,0.05729390159044126,2.437859438681718,0.04893000925650062,RU,40.5,nM,dissociation,780.0,900.0
mAb-X-SCK,mAb-X,run-1,mAb-X-B1,B1-1169,1169.0,s,53.37841786362556,-0.159756918147181,2.375732228205373,-0.13220346235797292,RU,40.5,nM,dissociation,780.0,900.0
mAb-X-SCK,mAb-X,run-1,mAb-X-B1,B1-1170,1170.0,s,53.34089430034998,0.09739210365449592,2.3145422479295292,-0.1333858076835722,RU,40.5,nM,dissociation,780.0,900.0
mAb-X-SCK,mAb-X,run-1,mAb-X-B1,B1-1171,1171.0,s,53.43125120277711,-0.10807460642834865,2.204946397012464,-0.21800177999517656,RU,40.5,nM,dissociation,780.0,900.0
mAb-X-SCK,mAb-X,run-1,mAb-X-B1,B1-1172,1172.0,s,53.251970910234135,-0.2362284873979219,2.1969563912020997,-0.10672404599879208,RU,40.5,nM,dissociation,780.0,900.0
mAb-X-SCK,mAb-X,run-1,mAb-X-B1,B1-1173,1173.0,s,53.18129645123061,-0.1631493447287008,2.4952365125920655,-0.18494833589977225,RU,40.5,nM,dissociation,780.0,900.0
mAb-X-SCK,mAb-X,run-1,mAb-X-B1,B1-1174,1174.0,s,53.326703581545075,0.26691984601644597,2.442292236860113,-0.006255449618106756,RU,40.5,nM,dissociation,780.0,900.0
mAb-X-SCK,mAb-X,run-1,mAb-X-B1,B1-1175,1175.0,s,53.57624193295168,0.13458789451348357,2.298909346505613,-0.04497647594250468,RU,40.5,nM,dissociation,780.0,900.0
mAb-X-SCK,mAb-X,run-1,mAb-X-B1,B1-1176,1176.0,s,53.425860228873994,0.07971197496652754,2.6229912050909086,-0.015186369528805902,RU,40.5,nM,dissociation,780.0,900.0
mAb-X-SCK,mAb-X,run-1,mAb-X-B1,B1-1177,1177.0,s,53.22551278436995,0.17227257294939055,2.05361808712147,0.032986137198547934,RU,40.5,nM,dissociation,780.0,900.0
mAb-X-SCK,mAb-X,run-1,mAb-X-B1,B1-1178,1178.0,s,53.193675418323,0.040521751607185484,2.3035390985564335,0.01627149262586995,RU,40.5,nM,dissociation,780.0,900.0
mAb-X-SCK,mAb-X,run-1,mAb-X-B1,B1-1179,1179.0,s,52.98634137182829,0.15957830264489847,2.067445318225701,-0.08351229796084875,RU,40.5,nM,dissociation,780.0,900.0
mAb-X-SCK,mAb-X,run-1,mAb-X-B1,B1-1180,1180.0,s,53.26020765636061,0.14423646992459613,2.35063186029824,-0.1244464197431965,RU,40.5,nM,dissociation,780.0,900.0
mAb-X-SCK,mAb-X,run-1,mAb-X-B1,B1-1181,1181.0,s,53.140144964613626,0.14244409965607874,2.2698191757274984,-0.07106335375371815,RU,40.5,nM,dissociation,780.0,900.0
mAb-X-SCK,mAb-X,run-1,mAb-X-B1,B1-1182,1182.0,s,53.25952805556533,0.16691763508374577,2.4435504742202996,-0.08892232870553717,RU,40.5,nM,dissociation,780.0,900.0
mAb-X-SCK,mAb-X,run-1,mAb-X-B1,B1-1183,1183.0,s,53.35985269629803,0.057141659452009656,2.4081041041703166,-0.17402308189520152,RU,40.5,nM,dissociation,780.0,900.0
mAb-X-SCK,mAb-X,run-1,mAb-X-B1,B1-1184,1184.0,s,53.076335297339035,0.07790672370682404,2.097932545274962,0.15063337881797417,RU,40.5,nM,dissociation,780.0,900.0
mAb-X-SCK,mAb-X,run-1,mAb-X-B1,B1-1185,1185.0,s,53.089661421854814,-0.0956138659837553,2.29631427298115,0.04514524039100052,RU,40.5,nM,dissociation,780.0,900.0
mAb-X-SCK,mAb-X,run-1,mAb-X-B1,B1-1186,1186.0,s,52.81603241120946,-0.05478327138690509,2.086910344975883,0.03107437878437571,RU,40.5,nM,dissociation,780.0,900.0
mAb-X-SCK,mAb-X,run-1,mAb-X-B1,B1-1187,1187.0,s,53.166307177219004,0.17372526396214016,2.2922095999823973,0.05414178546194484,RU,40.5,nM,dissociation,780.0,900.0
mAb-X-SCK,mAb-X,run-1,mAb-X-B1,B1-1188,1188.0,s,52.84009547574914,0.041637102264159724,2.3312280024275553,-0.06527925822494368,RU,40.5,nM,dissociation,780.0,900.0
mAb-X-SCK,mAb-X,run-1,mAb-X-B1,B1-1189,1189.0,s,52.942725831930744,-0.15564681174147713,2.374748514796686,-0.08049871816748334,RU,40.5,nM,dissociation,780.0,900.0
mAb-X-SCK,mAb-X,run-1,mAb-X-B1,B1-1190,1190.0,s,52.7411091329316,0.12800071893231058,2.013520992049618,-0.09946636928204614,RU,40.5,nM,dissociation,780.0,900.0
mAb-X-SCK,mAb-X,run-1,mAb-X-B1,B1-1191,1191.0,s,53.06752221385146,-0.020458806954325576,2.6349308528929027,0.014395693370942368,RU,40.5,nM,dissociation,780.0,900.0
mAb-X-SCK,mAb-X,run-1,mAb-X-B1,B1-1192,1192.0,s,52.76959325636428,-0.15755977139319008,2.0808479049089565,0.09125587374297155,RU,40.5,nM,dissociation,780.0,900.0
mAb-X-SCK,mAb-X,run-1,mAb-X-B1,B1-1193,1193.0,s,52.87631184638076,0.1948801563026821,2.3617985534958126,0.13988726862330444,RU,40.5,nM,dissociation,780.0,900.0
mAb-X-SCK,mAb-X,run-1,mAb-X-B1,B1-1194,1194.0,s,53.08018934414483,0.2427793693658009,2.1221470095419606,0.11118943770224397,RU,40.5,nM,dissociation,780.0,900.0
mAb-X-SCK,mAb-X,run-1,mAb-X-B1,B1-1195,1195.0,s,52.87001715598289,-0.22684349269942228,2.2274000410690453,0.1592447733417839,RU,40.5,nM,dissociation,780.0,900.0
mAb-X-SCK,mAb-X,run-1,mAb-X-B1,B1-1196,1196.0,s,52.72487738260489,-0.12295685239641096,2.321847860630768,-0.09650237191533162,RU,40.5,nM,dissociation,780.0,900.0
mAb-X-SCK,mAb-X,run-1,mAb-X-B1,B1-1197,1197.0,s,52.99775478100642,-0.011074273705663079,2.3801419211143804,-0.028967432367645388,RU,40.5,nM,dissociation,780.0,900.0
mAb-X-SCK,mAb-X,run-1,mAb-X-B1,B1-1198,1198.0,s,52.48888255782803,-0.015913310772926615,2.4477992850508086,-0.037909618439301816,RU,40.5,nM,dissociation,780.0,900.0
mAb-X-SCK,mAb-X,run-1,mAb-X-B1,B1-1199,1199.0,s,52.52886633517058,-0.04126128563830248,2.5698759073733277,0.035103025644361095,RU,40.5,nM,dissociation,780.0,900.0
mAb-X-SCK,mAb-X,run-1,mAb-X-B1,B1-1200,1200.0,s,52.59159807080836,-0.10798468392614285,2.2961294937370083,-0.009260986093610576,RU,40.5,nM,dissociation,780.0,900.0
mAb-X-SCK,mAb-X,run-1,mAb-X-B1,B1-1201,1201.0,s,52.780898552204455,-0.056937203409375345,2.395045875102821,-0.036166081555858286,RU,40.5,nM,dissociation,780.0,900.0
mAb-X-SCK,mAb-X,run-1,mAb-X-B1,B1-1202,1202.0,s,52.67662318484796,0.010039652588746955,2.4838787247163023,-0.12528683594914744,RU,40.5,nM,dissociation,780.0,900.0
mAb-X-SCK,mAb-X,run-1,mAb-X-B1,B1-1203,1203.0,s,52.71016759743675,-0.08184294846936924,2.2137470669780215,0.010766226397772503,RU,40.5,nM,dissociation,780.0,900.0
mAb-X-SCK,mAb-X,run-1,mAb-X-B1,B1-1204,1204.0,s,52.57330892630249,0.06148444873500993,2.516980146819511,-0.19797280508956236,RU,40.5,nM,dissociation,780.0,900.0
mAb-X-SCK,mAb-X,run-1,mAb-X-B1,B1-1205,1205.0,s,52.57790891364602,-0.06861483137048013,2.294377093280075,-0.0003343681565713957,RU,40.5,nM,dissociation,780.0,900.0
mAb-X-SCK,mAb-X,run-1,mAb-X-B1,B1-1206,1206.0,s,52.59031569266593,-0.1041417562292399,2.0492546523595836,-0.16584975867692073,RU,40.5,nM,dissociation,780.0,900.0
mAb-X-SCK,mAb-X,run-1,mAb-X-B1,B1-1207,1207.0,s,52.49728085471243,-0.11301692597275044,2.2928338021156227,0.024745555372937926,RU,40.5,nM,dissociation,780.0,900.0
mAb-X-SCK,mAb-X,run-1,mAb-X-B1,B1-1208,1208.0,s,52.44829442249493,0.2620266722776575,2.364898154527328,-0.08615982383866258,RU,40.5,nM,dissociation,780.0,900.0
mAb-X-SCK,mAb-X,run-1,mAb-X-B1,B1-1209,1209.0,s,52.37551233235313,0.05443023785768071,2.389486694461125,-0.145150256502004,RU,40.5,nM,dissociation,780.0,900.0
mAb-X-SCK,mAb-X,run-1,mAb-X-B1,B1-1210,1210.0,s,52.50304938622757,-0.00762760801685205,2.2462695115907345,-0.08107968183732042,RU,40.5,nM,dissociation,780.0,900.0
mAb-X-SCK,mAb-X,run-1,mAb-X-B1,B1-1211,1211.0,s,52.49992533925104,0.0855497847618178,2.5228354164408167,-0.026327643304407088,RU,40.5,nM,dissociation,780.0,900.0
mAb-X-SCK,mAb-X,run-1,mAb-X-B1,B1-1212,1212.0,s,52.57602176576705,0.05241016668614238,2.3272748834695034,0.12781971827179034,RU,40.5,nM,dissociation,780.0,900.0
mAb-X-SCK,mAb-X,run-1,mAb-X-B1,B1-1213,1213.0,s,52.49387031560271,0.04469554281767086,2.6237120498026925,-0.10075457043543945,RU,40.5,nM,dissociation,780.0,900.0
mAb-X-SCK,mAb-X,run-1,mAb-X-B1,B1-1214,1214.0,s,52.22384696054608,-0.011402396971486919,2.1948796847146337,-0.06015842105845659,RU,40.5,nM,dissociation,780.0,900.0
mAb-X-SCK,mAb-X,run-1,mAb-X-B1,B1-1215,1215.0,s,52.188472660008955,-0.1365705355346867,2.5389681177176415,-0.11180761904703397,RU,40.5,nM,dissociation,780.0,900.0
mAb-X-SCK,mAb-X,run-1,mAb-X-B1,B1-1216,1216.0,s,52.245270656023344,-0.14813404780475758,2.4000751567299305,0.20381828467126942,RU,40.5,nM,dissociation,780.0,900.0
mAb-X-SCK,mAb-X,run-1,mAb-X-B1,B1-1217,1217.0,s,52.2379154089522,0.10258581769894005,2.3568232227327326,0.10656861812935543,RU,40.5,nM,dissociation,780.0,900.0
mAb-X-SCK,mAb-X,run-1,mAb-X-B1,B1-1218,1218.0,s,52.18614304619755,1.0242248556788066e-06,2.395701291697964,-0.13396435410084528,RU,40.5,nM,dissociation,780.0,900.0
mAb-X-SCK,mAb-X,run-1,mAb-X-B1,B1-1219,1219.0,s,52.37545255324693,-0.04859230746248583,2.462048690547458,-0.040893530748095035,RU,40.5,nM,dissociation,780.0,900.0
mAb-X-SCK,mAb-X,run-1,mAb-X-B1,B1-1220,1220.0,s,52.18281492526701,-0.41525353392932857,2.3427281646523297,-0.037622776705356735,RU,40.5,nM,dissociation,780.0,900.0
mAb-X-SCK,mAb-X,run-1,mAb-X-B1,B1-1221,1221.0,s,52.46921829652923,-0.27024252637675217,2.746525142854042,-0.1295987101389573,RU,40.5,nM,dissociation,780.0,900.0
mAb-X-SCK,mAb-X,run-1,mAb-X-B1,B1-1222,1222.0,s,52.10621892518499,-0.1310919004693717,2.5223907912668486,-0.00415988312122497,RU,40.5,nM,dissociation,780.0,900.0
mAb-X-SCK,mAb-X,run-1,mAb-X-B1,B1-1223,1223.0,s,52.00105003238499,-7.95539889492089e-05,2.2234842883394506,-0.07543182441500046,RU,40.5,nM,dissociation,780.0,900.0
mAb-X-SCK,mAb-X,run-1,mAb-X-B1,B1-1224,1224.0,s,52.14385608584315,0.004144714137869244,2.296573175081423,0.06315967870191096,RU,40.5,nM,dissociation,780.0,900.0
mAb-X-SCK,mAb-X,run-1,mAb-X-B1,B1-1225,1225.0,s,52.1276162213832,-0.2337840572339579,2.459959676819121,0.11839888809887822,RU,40.5,nM,dissociation,780.0,900.0
mAb-X-SCK,mAb-X,run-1,mAb-X-B1,B1-1226,1226.0,s,51.93381303512435,-0.0006217487561962071,2.5791481692134894,-0.14133307038329898,RU,40.5,nM,dissociation,780.0,900.0
mAb-X-SCK,mAb-X,run-1,mAb-X-B1,B1-1227,1227.0,s,51.956975692322224,0.1696814773101066,2.291765258767349,0.26362571851865413,RU,40.5,nM,dissociation,780.0,900.0
mAb-X-SCK,mAb-X,run-1,mAb-X-B1,B1-1228,1228.0,s,52.127528957666854,-0.30325048805501864,2.0169832542954462,0.04907739191718063,RU,40.5,nM,dissociation,780.0,900.0
mAb-X-SCK,mAb-X,run-1,mAb-X-B1,B1-1229,1229.0,s,51.99639591902644,-0.20449406140567117,2.072194881854962,-0.10080458392789252,RU,40.5,nM,dissociation,780.0,900.0
mAb-X-SCK,mAb-X,run-1,mAb-X-B1,B1-1230,1230.0,s,51.99442658739659,0.1820748804987457,2.533937754504381,0.18335423773399015,RU,40.5,nM,dissociation,780.0,900.0
mAb-X-SCK,mAb-X,run-1,mAb-X-B1,B1-1231,1231.0,s,51.92875109502619,-0.01402189408740129,2.7078644362636135,0.03253744073252077,RU,40.5,nM,dissociation,780.0,900.0
mAb-X-SCK,mAb-X,run-1,mAb-X-B1,B1-1232,1232.0,s,51.73100311323904,0.1513797819595867,2.4141469703165117,0.02474266190942595,RU,40.5,nM,dissociation,780.0,900.0
mAb-X-SCK,mAb-X,run-1,mAb-X-B1,B1-1233,1233.0,s,52.13400185863075,0.054532053075129525,2.4229103412416357,-0.07797790874286459,RU,40.5,nM,dissociation,780.0,900.0
mAb-X-SCK,mAb-X,run-1,mAb-X-B1,B1-1234,1234.0,s,51.91790160548047,-0.48355603939828556,2.4798093685420386,-0.08571248766964457,RU,40.5,nM,dissociation,780.0,900.0
mAb-X-SCK,mAb-X,run-1,mAb-X-B1,B1-1235,1235.0,s,51.898338127217855,-0.05680631977348734,2.5407695435981643,0.17799800678900637,RU,40.5,nM,dissociation,780.0,900.0
mAb-X-SCK,mAb-X,run-1,mAb-X-B1,B1-1236,1236.0,s,51.694884119625655,0.08958391218706858,2.5578096104411783,-0.005482730301282882,RU,40.5,nM,dissociation,780.0,900.0
mAb-X-SCK,mAb-X,run-1,mAb-X-B1,B1-1237,1237.0,s,51.83116714769199,-0.07994620379589072,2.5129753113598903,0.23126185302665922,RU,40.5,nM,dissociation,780.0,900.0
mAb-X-SCK,mAb-X,run-1,mAb-X-B1,B1-1238,1238.0,s,51.758707447610725,-0.10200518607594687,2.4266352900425896,0.11224499730998848,RU,40.5,nM,dissociation,780.0,900.0
mAb-X-SCK,mAb-X,run-1,mAb-X-B1,B1-1239,1239.0,s,51.77411856180924,0.23446223265947364,2.1815548422926154,-0.15949160442567806,RU,40.5,nM,dissociation,780.0,900.0
mAb-X-SCK,mAb-X,run-1,mAb-X-B1,B1-1240,1240.0,s,51.67147565421207,0.027903707885391187,2.354290130076957,-0.02095634671563878,RU,40.5,nM,dissociation,780.0,900.0
mAb-X-SCK,mAb-X,run-1,mAb-X-B1,B1-1241,1241.0,s,52.05426312657033,-0.12780410207344117,2.4843151143605544,0.03848033208422979,RU,40.5,nM,dissociation,780.0,900.0
mAb-X-SCK,mAb-X,run-1,mAb-X-B1,B1-1242,1242.0,s,51.799535069194555,-0.3654486760070837,2.316858192458388,0.04518867435294369,RU,40.5,nM,dissociation,780.0,900.0
mAb-X-SCK,mAb-X,run-1,mAb-X-B1,B1-1243,1243.0,s,51.7950797381312,-0.04825320274589319,2.059158321554983,-0.1352893167392335,RU,40.5,nM,dissociation,780.0,900.0
mAb-X-SCK,mAb-X,run-1,mAb-X-B1,B1-1244,1244.0,s,51.88125342460933,0.09235222393021654,2.7177105475233674,0.05593062543140149,RU,40.5,nM,dissociation,780.0,900.0
mAb-X-SCK,mAb-X,run-1,mAb-X-B1,B1-1245,1245.0,s,51.740851936997004,-0.03484482358023278,2.573626694336277,0.0260174452725485,RU,40.5,nM,dissociation,780.0,900.0
mAb-X-SCK,mAb-X,run-1,mAb-X-B1,B1-1246,1246.0,s,51.68842926514681,-0.04935513577448294,2.4414897645499045,0.006609926629054358,RU,40.5,nM,dissociation,780.0,900.0
mAb-X-SCK,mAb-X,run-1,mAb-X-B1,B1-1247,1247.0,s,51.79435620047431,-0.3084204666955758,2.739198118469503,-0.13444608914905634,RU,40.5,nM,dissociation,780.0,900.0
mAb-X-SCK,mAb-X,run-1,mAb-X-B1,B1-1248,1248.0,s,51.666613214846855,0.11239334725608129,2.5042818124738004,-0.025275028228011063,RU,40.5,nM,dissociation,780.0,900.0
mAb-X-SCK,mAb-X,run-1,mAb-X-B1,B1-1249,1249.0,s,51.67561214965517,0.054355624924485944,2.4123335079819404,-0.008714616140194,RU,40.5,nM,dissociation,780.0,900.0
mAb-X-SCK,mAb-X,run-1,mAb-X-B1,B1-1250,1250.0,s,51.71117552701334,-0.1431439652990109,2.3134502649320847,0.21479314794169058,RU,40.5,nM,dissociation,780.0,900.0
mAb-X-SCK,mAb-X,run-1,mAb-X-B1,B1-1251,1251.0,s,51.52976491981267,0.12944302901429783,2.487007536549094,-0.10955027548222565,RU,40.5,nM,dissociation,780.0,900.0
mAb-X-SCK,mAb-X,run-1,mAb-X-B1,B1-1252,1252.0,s,51.40384819609958,0.03964600487472499,2.3999834422055337,0.2114502910013089,RU,40.5,nM,dissociation,780.0,900.0
mAb-X-SCK,mAb-X,run-1,mAb-X-B1,B1-1253,1253.0,s,51.38780436818569,0.1050180888435474,2.5567018535828026,0.10865165273637949,RU,40.5,nM,dissociation,780.0,900.0
mAb-X-SCK,mAb-X,run-1,mAb-X-B1,B1-1254,1254.0,s,51.389022757385725,0.0038315432168316847,2.551478518828609,0.041854586270544385,RU,40.5,nM,dissociation,780.0,900.0
mAb-X-SCK,mAb-X,run-1,mAb-X-B1,B1-1255,1255.0,s,51.42872768731863,-0.14482451357710147,2.3230488145323274,0.011739963832495209,RU,40.5,nM,dissociation,780.0,900.0
mAb-X-SCK,mAb-X,run-1,mAb-X-B1,B1-1256,1256.0,s,51.48112333981651,-0.05095010133298376,2.6452406322637536,0.12627664996335733,RU,40.5,nM,dissociation,780.0,900.0
mAb-X-SCK,mAb-X,run-1,mAb-X-B1,B1-1257,1257.0,s,51.65515886948135,0.1409996739084621,2.5520474628089227,0.07627041526771036,RU,40.5,nM,dissociation,780.0,900.0
mAb-X-SCK,mAb-X,run-1,mAb-X-B1,B1-1258,1258.0,s,51.58777646379116,-0.006438839094677553,2.5552730057869124,0.09239231448775947,RU,40.5,nM,dissociation,780.0,900.0
mAb-X-SCK,mAb-X,run-1,mAb-X-B1,B1-1259,1259.0,s,51.183412364356045,-0.1438907484038151,2.747796762333792,-0.17766774063779925,RU,40.5,nM,dissociation,780.0,900.0
mAb-X-SCK,mAb-X,run-1,mAb-X-B1,B1-1260,1260.0,s,51.362063853754314,-0.09313109607083693,2.5083384842024206,0.06352689249967082,RU,40.5,nM,dissociation,780.0,900.0
mAb-X-SCK,mAb-X,run-1,mAb-X-B1,B1-1261,1261.0,s,51.21635208629159,-0.2112116551359479,2.407782993295847,0.24252589040102301,RU,40.5,nM,dissociation,780.0,900.0
mAb-X-SCK,mAb-X,run-1,mAb-X-B1,B1-1262,1262.0,s,51.31063709899854,-0.21114654784796782,2.5434224903793257,-0.01557149839859779,RU,40.5,nM,dissociation,780.0,900.0
mAb-X-SCK,mAb-X,run-1,mAb-X-B1,B1-1263,1263.0,s,51.19169889925264,0.08182762566921956,2.6663521395064063,-0.13747557256310433,RU,40.5,nM,dissociation,780.0,900.0
mAb-X-SCK,mAb-X,run-1,mAb-X-B1,B1-1264,1264.0,s,51.20516025024325,-0.08919589068278416,2.3383330393729036,-0.0728597066834706,RU,40.5,nM,dissociation,780.0,900.0
mAb-X-SCK,mAb-X,run-1,mAb-X-B1,B1-1265,1265.0,s,51.221339472383384,-0.16940598234188284,2.405780193995901,0.0737935044929246,RU,40.5,nM,dissociation,780.0,900.0
mAb-X-SCK,mAb-X,run-1,mAb-X-B1,B1-1266,1266.0,s,51.27727214919075,0.0211443458263679,2.681747339417789,-0.17027308109275727,RU,40.5,nM,dissociation,780.0,900.0
mAb-X-SCK,mAb-X,run-1,mAb-X-B1,B1-1267,1267.0,s,51.18022260941516,-0.013880038066458525,2.5790606859757124,0.06029769522194987,RU,40.5,nM,dissociation,780.0,900.0
mAb-X-SCK,mAb-X,run-1,mAb-X-B1,B1-1268,1268.0,s,50.821099316834136,-0.13170240564828542,2.679523070371028,0.07848786217179683,RU,40.5,nM,dissociation,780.0,900.0
mAb-X-SCK,mAb-X,run-1,mAb-X-B1,B1-1269,1269.0,s,51.44150029905116,0.03296471809034809,2.414494364525711,-0.031259027659432115,RU,40.5,nM,dissociation,780.0,900.0
mAb-X-SCK,mAb-X,run-1,mAb-X-B1,B1-1270,1270.0,s,51.20763548106767,-0.02097994872874397,2.523730220848898,0.05934053264721388,RU,40.5,nM,dissociation,780.0,900.0
mAb-X-SCK,mAb-X,run-1,mAb-X-B1,B1-1271,1271.0,s,51.18780313833132,0.009148966701271492,2.5674364378411516,-0.22103864205194879,RU,40.5,nM,dissociation,780.0,900.0
mAb-X-SCK,mAb-X,run-1,mAb-X-B1,B1-1272,1272.0,s,51.15067199147099,-0.1720585695040271,2.5912119452066427,0.03297904080253317,RU,40.5,nM,dissociation,780.0,900.0
mAb-X-SCK,mAb-X,run-1,mAb-X-B1,B1-1273,1273.0,s,51.07625284610456,-0.08508707915643192,2.4666645281371053,0.016062294037761556,RU,40.5,nM,dissociation,780.0,900.0
mAb-X-SCK,mAb-X,run-1,mAb-X-B1,B1-1274,1274.0,s,51.15372821287055,-0.186640863845754,2.653225092877077,-0.06068174074782812,RU,40.5,nM,dissociation,780.0,900.0
mAb-X-SCK,mAb-X,run-1,mAb-X-B1,B1-1275,1275.0,s,51.39631532260522,0.15818311451330094,2.9104055436998744,0.06484184480595583,RU,40.5,nM,dissociation,780.0,900.0
mAb-X-SCK,mAb-X,run-1,mAb-X-B1,B1-1276,1276.0,s,50.99615568044905,-0.013104500302543525,2.2840111648961363,0.05123672864132909,RU,40.5,nM,dissociation,780.0,900.0
mAb-X-SCK,mAb-X,run-1,mAb-X-B1,B1-1277,1277.0,s,51.039637823952596,-0.004406427700892623,2.367333292543496,0.11837770524784205,RU,40.5,nM,dissociation,780.0,900.0
mAb-X-SCK,mAb-X,run-1,mAb-X-B1,B1-1278,1278.0,s,50.80288503399665,-0.2066555880731837,2.4272041142860328,0.07508174903547174,RU,40.5,nM,dissociation,780.0,900.0
mAb-X-SCK,mAb-X,run-1,mAb-X-B1,B1-1279,1279.0,s,50.96325034136161,-0.02399267858221814,2.480295588465902,0.025148060564162588,RU,40.5,nM,dissociation,780.0,900.0
mAb-X-SCK,mAb-X,run-1,mAb-X-B1,B1-1280,1280.0,s,50.86401055548534,0.0929813704012389,2.2384395272407005,-0.1242154939464156,RU,40.5,nM,dissociation,780.0,900.0
mAb-X-SCK,mAb-X,run-1,mAb-X-B1,B1-1281,1281.0,s,50.66878106605417,-0.03703482592656712,2.423907089427704,-0.03669695724845075,RU,40.5,nM,dissociation,780.0,900.0
mAb-X-SCK,mAb-X,run-1,mAb-X-B1,B1-1282,1282.0,s,50.64964323969669,-0.014232326908613783,2.396402786099265,0.16873483766974665,RU,40.5,nM,dissociation,780.0,900.0
mAb-X-SCK,mAb-X,run-1,mAb-X-B1,B1-1283,1283.0,s,50.47494934970896,0.004598379746586295,2.6854462829501164,-0.36845630033896987,RU,40.5,nM,dissociation,780.0,900.0
mAb-X-SCK,mAb-X,run-1,mAb-X-B1,B1-1284,1284.0,s,50.90222247791516,-0.05385213025181339,2.5252737342656943,-0.041965610876809105,RU,40.5,nM,dissociation,780.0,900.0
mAb-X-SCK,mAb-X,run-1,mAb-X-B1,B1-1285,1285.0,s,50.91919263985597,0.23015809801633857,2.611749936366733,0.05259452001402913,RU,40.5,nM,dissociation,780.0,900.0
mAb-X-SCK,mAb-X,run-1,mAb-X-B1,B1-1286,1286.0,s,50.78993818479887,0.29913804681974027,2.734055570961403,0.09241914458974072,RU,40.5,nM,dissociation,780.0,900.0
mAb-X-SCK,mAb-X,run-1,mAb-X-B1,B1-1287,1287.0,s,50.87894820742537,0.17809462616463434,2.8395135425526212,0.005556837158233905,RU,40.5,nM,dissociation,780.0,900.0
mAb-X-SCK,mAb-X,run-1,mAb-X-B1,B1-1288,1288.0,s,50.721719444017985,-0.11429224553804014,2.8703521708704427,-0.048319627132878684,RU,40.5,nM,dissociation,780.0,900.0
mAb-X-SCK,mAb-X,run-1,mAb-X-B1,B1-1289,1289.0,s,50.60729689826378,-0.017079307929921746,2.697819757798175,-0.10273243238720174,RU,40.5,nM,dissociation,780.0,900.0
mAb-X-SCK,mAb-X,run-1,mAb-X-B1,B1-1290,1290.0,s,50.62474129859321,0.042944135630718125,2.593536958552296,-0.020799363054790382,RU,40.5,nM,dissociation,780.0,900.0
mAb-X-SCK,mAb-X,run-1,mAb-X-B1,B1-1291,1291.0,s,50.661651903430794,-0.21354376512061543,2.707116191639129,-0.1801295536357193,RU,40.5,nM,dissociation,780.0,900.0
mAb-X-SCK,mAb-X,run-1,mAb-X-B1,B1-1292,1292.0,s,50.69132340242727,-0.012237382695016405,2.54873752260313,-0.1044272347750561,RU,40.5,nM,dissociation,780.0,900.0
mAb-X-SCK,mAb-X,run-1,mAb-X-B1,B1-1293,1293.0,s,50.702785678983844,-0.1894378864855849,2.6199015301229425,-0.0054556211663546695,RU,40.5,nM,dissociation,780.0,900.0
mAb-X-SCK,mAb-X,run-1,mAb-X-B1,B1-1294,1294.0,s,50.3709524579899,-0.032350815157297284,2.5731127633328494,0.015538305230692915,RU,40.5,nM,dissociation,780.0,900.0
mAb-X-SCK,mAb-X,run-1,mAb-X-B1,B1-1295,1295.0,s,50.418117287575335,0.2569264998133811,2.6294040424850533,-0.03428109494643887,RU,40.5,nM,dissociation,780.0,900.0
mAb-X-SCK,mAb-X,run-1,mAb-X-B1,B1-1296,1296.0,s,50.40730709404098,-0.32489712951995947,2.530813638370842,0.3168424424413528,RU,40.5,nM,dissociation,780.0,900.0
mAb-X-SCK,mAb-X,run-1,mAb-X-B1,B1-1297,1297.0,s,50.24017775592335,-0.1245040186358152,2.4978248372722933,-0.13969246469498864,RU,40.5,nM,dissociation,780.0,900.0
mAb-X-SCK,mAb-X,run-1,mAb-X-B1,B1-1298,1298.0,s,50.50828472329347,0.18525237887844717,2.665061526961721,-0.062331466079621964,RU,40.5,nM,dissociation,780.0,900.0
mAb-X-SCK,mAb-X,run-1,mAb-X-B1,B1-1299,1299.0,s,50.873297426157706,-0.16588326546611848,2.507100355508491,0.01534895607139271,RU,40.5,nM,dissociation,780.0,900.0
mAb-X-SCK,mAb-X,run-1,mAb-X-B1,B1-1300,1300.0,s,50.53334211311659,-0.09688134907400756,2.3893358422994964,0.11911218282758426,RU,40.5,nM,dissociation,780.0,900.0
mAb-X-SCK,mAb-X,run-1,mAb-X-B1,B1-1301,1301.0,s,50.56720594941292,0.04163077093523297,2.6871025836227336,-0.08446529476026864,RU,40.5,nM,dissociation,780.0,900.0
mAb-X-SCK,mAb-X,run-1,mAb-X-B1,B1-1302,1302.0,s,50.32342052405722,0.27508137147691086,2.7340736769930696,-0.007241333409701272,RU,40.5,nM,dissociation,780.0,900.0
mAb-X-SCK,mAb-X,run-1,mAb-X-B1,B1-1303,1303.0,s,50.661674287348724,0.18672273250762292,2.607425613509559,0.12761576307672143,RU,40.5,nM,dissociation,780.0,900.0
mAb-X-SCK,mAb-X,run-1,mAb-X-B1,B1-1304,1304.0,s,50.07206477473447,-0.11746470692417504,2.518634981432646,-0.08687142319501794,RU,40.5,nM,dissociation,780.0,900.0
mAb-X-SCK,mAb-X,run-1,mAb-X-B1,B1-1305,1305.0,s,50.20781766029648,0.021172193257915313,2.4568942906724205,-0.21473197646151973,RU,40.5,nM,dissociation,780.0,900.0
mAb-X-SCK,mAb-X,run-1,mAb-X-B1,B1-1306,1306.0,s,50.27271768056472,0.34611808063679894,2.505995188794144,-0.12764191869304523,RU,40.5,nM,dissociation,780.0,900.0
mAb-X-SCK,mAb-X,run-1,mAb-X-B1,B1-1307,1307.0,s,50.03913749832266,0.20988129028236102,2.813115335572665,-0.12661336034792903,RU,40.5,nM,dissociation,780.0,900.0
mAb-X-SCK,mAb-X,run-1,mAb-X-B1,B1-1308,1308.0,s,50.33063305200132,0.12961591498322772,2.509092305710419,-0.03455274719515628,RU,40.5,nM,dissociation,780.0,900.0
mAb-X-SCK,mAb-X,run-1,mAb-X-B1,B1-1309,1309.0,s,50.395511133563474,0.08378607261374169,2.8449407170163235,-0.06125561976144064,RU,40.5,nM,dissociation,780.0,900.0
mAb-X-SCK,mAb-X,run-1,mAb-X-B1,B1-1310,1310.0,s,50.05738350605863,-0.24476625948632963,2.4499813984514724,0.026622558646500174,RU,40.5,nM,dissociation,780.0,900.0
mAb-X-SCK,mAb-X,run-1,mAb-X-B1,B1-1311,1311.0,s,50.187848972317134,-0.13712785911275283,2.963816115640631,0.15039482524300993,RU,40.5,nM,dissociation,780.0,900.0
mAb-X-SCK,mAb-X,run-1,mAb-X-B1,B1-1312,1312.0,s,50.40419187785733,-0.017823717802783086,2.7361340176231157,-0.2757520535069076,RU,40.5,nM,dissociation,780.0,900.0
mAb-X-SCK,mAb-X,run-1,mAb-X-B1,B1-1313,1313.0,s,50.42124884838908,-0.12149952926675028,2.773550664679258,0.008586647768537115,RU,40.5,nM,dissociation,780.0,900.0
mAb-X-SCK,mAb-X,run-1,mAb-X-B1,B1-1314,1314.0,s,50.04199361173133,0.03818056275305424,2.744851851253185,-0.006270990896186838,RU,40.5,nM,dissociation,780.0,900.0
mAb-X-SCK,mAb-X,run-1,mAb-X-B1,B1-1315,1315.0,s,50.219304082869414,0.1287060879348975,2.590001812379538,0.14416218207150838,RU,40.5,nM,dissociation,780.0,900.0
mAb-X-SCK,mAb-X,run-1,mAb-X-B1,B1-1316,1316.0,s,50.28178270510732,-0.07660983641670684,2.721551248126448,-0.0287040068382018,RU,40.5,nM,dissociation,780.0,900.0
mAb-X-SCK,mAb-X,run-1,mAb-X-B1,B1-1317,1317.0,s,49.879812269361835,0.018640305956839597,2.6638391426237926,-0.03358566389382438,RU,40.5,nM,dissociation,780.0,900.0
mAb-X-SCK,mAb-X,run-1,mAb-X-B1,B1-1318,1318.0,s,50.22193641692192,-0.04005165830440427,2.968039270875112,-0.024177072376704082,RU,40.5,nM,dissociation,780.0,900.0
mAb-X-SCK,mAb-X,run-1,mAb-X-B1,B1-1319,1319.0,s,50.18503805010939,0.001743176756692699,2.611990780188007,0.024359735341263712,RU,40.5,nM,dissociation,780.0,900.0
mAb-X-SCK,mAb-X,run-1,mAb-X-B1,B1-1320,1320.0,s,50.04629786764014,-0.03688664158672879,2.579590265836589,0.01012357528928059,RU,40.5,nM,dissociation,780.0,900.0
mAb-X-SCK,mAb-X,run-1,mAb-X-B1,B1-1321,1321.0,s,50.11568060818656,-0.0551560259624456,2.753369756183578,0.11085088423578689,RU,40.5,nM,dissociation,780.0,900.0
mAb-X-SCK,mAb-X,run-1,mAb-X-B1,B1-1322,1322.0,s,50.326083077031996,-0.16821504075272178,2.8733323392938006,-0.06822844767207632,RU,40.5,nM,dissociation,780.0,900.0
mAb-X-SCK,mAb-X,run-1,mAb-X-B1,B1-1323,1323.0,s,49.83337562557252,-0.08452234280969897,2.5588226647919488,0.0418335658608574,RU,40.5,nM,dissociation,780.0,900.0
mAb-X-SCK,mAb-X,run-1,mAb-X-B1,B1-1324,1324.0,s,49.99194421111692,-0.004362547475493627,2.4573712926110094,-0.049253161121067444,RU,40.5,nM,dissociation,780.0,900.0
mAb-X-SCK,mAb-X,run-1,mAb-X-B1,B1-1325,1325.0,s,49.71471225020593,-0.09925322443925298,2.777147572769038,-0.23402885260251807,RU,40.5,nM,dissociation,780.0,900.0
mAb-X-SCK,mAb-X,run-1,mAb-X-B1,B1-1326,1326.0,s,49.774948564686795,-0.208991415341135,2.5520552364769533,-0.0591807429951164,RU,40.5,nM,dissociation,780.0,900.0
mAb-X-SCK,mAb-X,run-1,mAb-X-B1,B1-1327,1327.0,s,49.83274951179917,-0.06985219705168733,2.7354583312984233,-0.06848204628085053,RU,40.5,nM,dissociation,780.0,900.0
mAb-X-SCK,mAb-X,run-1,mAb-X-B1,B1-1328,1328.0,s,49.98005272152238,-0.06720709689972097,2.6723366146225707,-0.24074405537189392,RU,40.5,nM,dissociation,780.0,900.0
mAb-X-SCK,mAb-X,run-1,mAb-X-B1,B1-1329,1329.0,s,49.76728932012595,-0.2279929261731778,2.855293337271306,0.26751853558699223,RU,40.5,nM,dissociation,780.0,900.0
mAb-X-SCK,mAb-X,run-1,mAb-X-B1,B1-1330,1330.0,s,49.82879233364632,0.04649724744688277,2.816795980931328,-0.08382042704583754,RU,40.5,nM,dissociation,780.0,900.0
mAb-X-SCK,mAb-X,run-1,mAb-X-B1,B1-1331,1331.0,s,49.80419906162755,-0.04971129284883696,2.6804204048494404,-0.0744037706373943,RU,40.5,nM,dissociation,780.0,900.0
mAb-X-SCK,mAb-X,run-1,mAb-X-B1,B1-1332,1332.0,s,49.74787653977097,0.27545295648309115,2.7169658094044555,-0.1726373983031015,RU,40.5,nM,dissociation,780.0,900.0
mAb-X-SCK,mAb-X,run-1,mAb-X-B1,B1-1333,1333.0,s,49.7735137332695,0.2864278210455407,2.788766837047244,0.01476133016704511,RU,40.5,nM,dissociation,780.0,900.0
mAb-X-SCK,mAb-X,run-1,mAb-X-B1,B1-1334,1334.0,s,49.58926296521217,0.0855143213866166,2.5762251010127524,-0.08093963915510667,RU,40.5,nM,dissociation,780.0,900.0
mAb-X-SCK,mAb-X,run-1,mAb-X-B1,B1-1335,1335.0,s,49.680096489119926,-0.028501804822150367,2.85552297200037,-0.2182038420396371,RU,40.5,nM,dissociation,780.0,900.0
mAb-X-SCK,mAb-X,run-1,mAb-X-B1,B1-1336,1336.0,s,49.32792019427381,0.09116544368785034,2.9204048382795356,-0.06217161827165257,RU,40.5,nM,dissociation,780.0,900.0
mAb-X-SCK,mAb-X,run-1,mAb-X-B1,B1-1337,1337.0,s,49.77312274857363,0.2706453313063681,2.66028776339709,0.29901473070318324,RU,40.5,nM,dissociation,780.0,900.0
mAb-X-SCK,mAb-X,run-1,mAb-X-B1,B1-1338,1338.0,s,49.520146529943545,0.134358794816985,2.7666130054575984,-0.1262733517859816,RU,40.5,nM,dissociation,780.0,900.0
mAb-X-SCK,mAb-X,run-1,mAb-X-B1,B1-1339,1339.0,s,49.70743118947831,0.2642639724236142,2.950581460516948,-0.21784486391042582,RU,40.5,nM,dissociation,780.0,900.0
mAb-X-SCK,mAb-X,run-1,mAb-X-B1,B1-1340,1340.0,s,49.539175015327416,0.033256888277779256,2.7164547052380965,0.03169563374820298,RU,40.5,nM,dissociation,780.0,900.0
mAb-X-SCK,mAb-X,run-1,mAb-X-B1,B1-1341,1341.0,s,49.73003575436939,0.07175960490280806,2.7593932394935017,0.02381937983523554,RU,40.5,nM,dissociation,780.0,900.0
mAb-X-SCK,mAb-X,run-1,mAb-X-B1,B1-1342,1342.0,s,49.59613964299656,-0.20440053793940063,2.57246096699822,-0.15040682168337383,RU,40.5,nM,dissociation,780.0,900.0
mAb-X-SCK,mAb-X,run-1,mAb-X-B1,B1-1343,1343.0,s,49.6289718127315,-0.05837232501620814,2.656039184995858,0.11794632202676146,RU,40.5,nM,dissociation,780.0,900.0
mAb-X-SCK,mAb-X,run-1,mAb-X-B1,B1-1344,1344.0,s,49.75339383362355,-0.10816978782681154,3.0118533064579522,0.1908046319900216,RU,40.5,nM,dissociation,780.0,900.0
mAb-X-SCK,mAb-X,run-1,mAb-X-B1,B1-1345,1345.0,s,49.63480381510967,0.22915857837714712,2.664999696235358,0.023929257659230586,RU,40.5,nM,dissociation,780.0,900.0
mAb-X-SCK,mAb-X,run-1,mAb-X-B1,B1-1346,1346.0,s,49.44289548829758,-0.30772736607096907,2.846101169539211,0.17186628581880548,RU,40.5,nM,dissociation,780.0,900.0
mAb-X-SCK,mAb-X,run-1,mAb-X-B1,B1-1347,1347.0,s,49.33395373661835,-0.07059164898838648,2.815598512305641,-0.13427723701450697,RU,40.5,nM,dissociation,780.0,900.0
mAb-X-SCK,mAb-X,run-1,mAb-X-B1,B1-1348,1348.0,s,49.272808643639884,-0.10785553065139701,2.637128897061073,0.2640116639711621,RU,40.5,nM,dissociation,780.0,900.0
mAb-X-SCK,mAb-X,run-1,mAb-X-B1,B1-1349,1349.0,s,49.49080217049152,-0.15368292078089793,2.5551757301720825,-0.20469392942342057,RU,40.5,nM,dissociation,780.0,900.0
mAb-X-SCK,mAb-X,run-1,mAb-X-B1,B1-1350,1350.0,s,49.14032967981586,0.01941560988939269,2.604759246410979,0.023925138336520522,RU,40.5,nM,dissociation,780.0,900.0
mAb-X-SCK,mAb-X,run-1,mAb-X-B1,B1-1351,1351.0,s,49.493673606158744,0.059698438461426515,2.5101627568097786,-0.037919047110525635,RU,40.5,nM,dissociation,780.0,900.0
mAb-X-SCK,mAb-X,run-1,mAb-X-B1,B1-1352,1352.0,s,49.173917864663146,0.1660854257979085,2.7171243285951094,-0.07989715740176336,RU,40.5,nM,dissociation,780.0,900.0
mAb-X-SCK,mAb-X,run-1,mAb-X-B1,B1-1353,1353.0,s,49.37841531018003,0.12556256868620516,2.840621828825307,0.16330171050834794,RU,40.5,nM,dissociation,780.0,900.0
mAb-X-SCK,mAb-X,run-1,mAb-X-B1,B1-1354,1354.0,s,49.34405024625517,0.10841942809509383,2.4367637738718066,0.020203418743695894,RU,40.5,nM,dissociation,780.0,900.0
mAb-X-SCK,mAb-X,run-1,mAb-X-B1,B1-1355,1355.0,s,49.228448493384086,-0.09680228875456523,2.834266787777445,-0.1288751356290184,RU,40.5,nM,dissociation,780.0,900.0
mAb-X-SCK,mAb-X,run-1,mAb-X-B1,B1-1356,1356.0,s,49.37339359246529,0.1299612959631642,2.662158412666364,0.22624549401719835,RU,40.5,nM,dissociation,780.0,900.0
mAb-X-SCK,mAb-X,run-1,mAb-X-B1,B1-1357,1357.0,s,49.17462553006488,-0.011361109375781022,2.680769383006422,0.3595365323134074,RU,40.5,nM,dissociation,780.0,900.0
mAb-X-SCK,mAb-X,run-1,mAb-X-B1,B1-1358,1358.0,s,48.966053410688794,-0.040012290605636616,2.9182064611755205,0.23746162502896356,RU,40.5,nM,dissociation,780.0,900.0
mAb-X-SCK,mAb-X,run-1,mAb-X-B1,B1-1359,1359.0,s,49.141521220394786,-0.04606620549209659,2.6283057485847223,-0.014643590900210012,RU,40.5,nM,dissociation,780.0,900.0
mAb-X-SCK,mAb-X,run-1,mAb-X-B1,B1-1360,1360.0,s,49.113283151359504,0.041213281023916165,2.8041757226247572,-0.25163226527021165,RU,40.5,nM,dissociation,780.0,900.0
mAb-X-SCK,mAb-X,run-1,mAb-X-B1,B1-1361,1361.0,s,49.02791274438269,-0.32028414819432577,2.5041865295291545,0.07308681013705995,RU,40.5,nM,dissociation,780.0,900.0
mAb-X-SCK,mAb-X,run-1,mAb-X-B1,B1-1362,1362.0,s,49.217841486381076,-0.15590409986674297,2.8069161023680826,-0.03968980109714241,RU,40.5,nM,dissociation,780.0,900.0
mAb-X-SCK,mAb-X,run-1,mAb-X-B1,B1-1363,1363.0,s,49.179686357778486,0.13734061010842635,2.9659157245911705,-0.002703670575964648,RU,40.5,nM,dissociation,780.0,900.0
mAb-X-SCK,mAb-X,run-1,mAb-X-B1,B1-1364,1364.0,s,49.05063011034038,-0.1390217158824319,2.8759464933539185,0.03446939667121936,RU,40.5,nM,dissociation,780.0,900.0
mAb-X-SCK,mAb-X,run-1,mAb-X-B1,B1-1365,1365.0,s,49.147477058629406,-0.1525755266336262,2.977032522955511,-0.20540650560812748,RU,40.5,nM,dissociation,780.0,900.0
mAb-X-SCK,mAb-X,run-1,mAb-X-B1,B1-1366,1366.0,s,49.455287019219035,-0.19453871591070865,2.7650720092207077,-0.060051381400597896,RU,40.5,nM,dissociation,780.0,900.0
mAb-X-SCK,mAb-X,run-1,mAb-X-B1,B1-1367,1367.0,s,48.80041253400992,-0.09506634319078132,2.2471784349116475,-0.046028924554440145,RU,40.5,nM,dissociation,780.0,900.0
mAb-X-SCK,mAb-X,run-1,mAb-X-B1,B1-1368,1368.0,s,49.11134573544627,0.11273464534926357,2.7706538143621935,-0.1522288859405813,RU,40.5,nM,dissociation,780.0,900.0
mAb-X-SCK,mAb-X,run-1,mAb-X-B1,B1-1369,1369.0,s,48.95095298297163,0.23589154149739655,2.7192788765463827,-0.15999040341933787,RU,40.5,nM,dissociation,780.0,900.0
mAb-X-SCK,mAb-X,run-1,mAb-X-B1,B1-1370,1370.0,s,49.215943281852475,-0.15488755162600668,2.7418949235386747,0.018677946726470267,RU,40.5,nM,dissociation,780.0,900.0
mAb-X-SCK,mAb-X,run-1,mAb-X-B1,B1-1371,1371.0,s,48.910813207100524,0.05669421715992746,2.6630750254974886,0.13629968764079153,RU,40.5,nM,dissociation,780.0,900.0
mAb-X-SCK,mAb-X,run-1,mAb-X-B1,B1-1372,1372.0,s,48.95063782170522,-0.0884107558995844,2.6861900043808054,-0.20752634669963332,RU,40.5,nM,dissociation,780.0,900.0
mAb-X-SCK,mAb-X,run-1,mAb-X-B1,B1-1373,1373.0,s,48.657976506147634,-0.030190945365371345,2.6092294839311196,-0.07549479050281005,RU,40.5,nM,dissociation,780.0,900.0
mAb-X-SCK,mAb-X,run-1,mAb-X-B1,B1-1374,1374.0,s,48.653685993981696,0.14917818924928056,2.6220958722503354,0.09347881001926837,RU,40.5,nM,dissociation,780.0,900.0
mAb-X-SCK,mAb-X,run-1,mAb-X-B1,B1-1375,1375.0,s,48.897325931229155,-0.04548067608018128,2.6453496682548114,0.0925154466700145,RU,40.5,nM,dissociation,780.0,900.0
mAb-X-SCK,mAb-X,run-1,mAb-X-B1,B1-1376,1376.0,s,48.85270058797359,-0.1313894838600294,2.9882138756478795,-0.06852808953441854,RU,40.5,nM,dissociation,780.0,900.0
mAb-X-SCK,mAb-X,run-1,mAb-X-B1,B1-1377,1377.0,s,48.68981908796436,0.31069561339780266,2.8449928618424316,-0.14394859755282366,RU,40.5,nM,dissociation,780.0,900.0
mAb-X-SCK,mAb-X,run-1,mAb-X-B1,B1-1378,1378.0,s,48.95357401602088,-0.18364649993380425,2.77299260633119,-0.08302809504196264,RU,40.5,nM,dissociation,780.0,900.0
mAb-X-SCK,mAb-X,run-1,mAb-X-B1,B1-1379,1379.0,s,48.68025601074956,-0.152485273426614,2.693709644899286,-0.05341330337223978,RU,40.5,nM,dissociation,780.0,900.0
mAb-X-SCK,mAb-X,run-1,mAb-X-B1,B1-1380,1380.0,s,48.66188340215552,-0.04891074014672598,2.811937507944539,0.12063671342757927,RU,40.5,nM,dissociation,780.0,900.0
mAb-X-SCK,mAb-X,run-1,mAb-X-B1,B1-1381,1381.0,s,48.4737280659636,-0.23891735483002632,2.8856754246498837,-0.022312898556077515,RU,40.5,nM,dissociation,780.0,900.0
mAb-X-SCK,mAb-X,run-1,mAb-X-B1,B1-1382,1382.0,s,48.678882285552746,0.18409313271497296,2.508118755882252,-0.29216341307928745,RU,40.5,nM,dissociation,780.0,900.0
mAb-X-SCK,mAb-X,run-1,mAb-X-B1,B1-1383,1383.0,s,48.691659632920725,-0.10980700157136317,2.9284777984777706,0.06473855629886248,RU,40.5,nM,dissociation,780.0,900.0
mAb-X-SCK,mAb-X,run-1,mAb-X-B1,B1-1384,1384.0,s,48.46759242429905,0.0652335601215994,2.819693446556397,-0.03424665909298662,RU,40.5,nM,dissociation,780.0,900.0
mAb-X-SCK,mAb-X,run-1,mAb-X-B1,B1-1385,1385.0,s,48.53686970089164,-0.07979486559588195,2.682583391627262,-0.2366369003891307,RU,40.5,nM,dissociation,780.0,900.0
mAb-X-SCK,mAb-X,run-1,mAb-X-B1,B1-1386,1386.0,s,48.50360920784958,0.06144267788624831,2.9835185160730324,-0.10640187287134847,RU,40.5,nM,dissociation,780.0,900.0
mAb-X-SCK,mAb-X,run-1,mAb-X-B1,B1-1387,1387.0,s,48.70126503448075,-0.02261542433411042,2.9995628162971424,-0.016673383615627986,RU,40.5,nM,dissociation,780.0,900.0
mAb-X-SCK,mAb-X,run-1,mAb-X-B1,B1-1388,1388.0,s,48.44484920291938,0.2630359382047942,2.802657136188915,0.2854477057401977,RU,40.5,nM,dissociation,780.0,900.0
mAb-X-SCK,mAb-X,run-1,mAb-X-B1,B1-1389,1389.0,s,48.56766906572626,0.08503184420569866,2.706015894303147,0.01637800150004732,RU,40.5,nM,dissociation,780.0,900.0
mAb-X-SCK,mAb-X,run-1,mAb-X-B1,B1-1390,1390.0,s,48.471666733162536,0.048091726087297774,2.8933924575338383,0.03559817523981216,RU,40.5,nM,dissociation,780.0,900.0
mAb-X-SCK,mAb-X,run-1,mAb-X-B1,B1-1391,1391.0,s,48.50076160746716,0.16387649401808455,2.668655519138272,-0.10121632750988832,RU,40.5,nM,dissociation,780.0,900.0
mAb-X-SCK,mAb-X,run-1,mAb-X-B1,B1-1392,1392.0,s,48.28689172910397,0.036445885515268284,2.9163682141351877,0.30585023730303246,RU,40.5,nM,dissociation,780.0,900.0
mAb-X-SCK,mAb-X,run-1,mAb-X-B1,B1-1393,1393.0,s,48.432042253100455,0.06075487180295233,2.711029792237414,-0.0996282069361313,RU,40.5,nM,dissociation,780.0,900.0
mAb-X-SCK,mAb-X,run-1,mAb-X-B1,B1-1394,1394.0,s,48.53060278858384,-0.11385637606063914,2.7123980306788895,0.015398312400708544,RU,40.5,nM,dissociation,780.0,900.0
mAb-X-SCK,mAb-X,run-1,mAb-X-B1,B1-1395,1395.0,s,48.607009345865116,0.14111474863666462,2.8768493596762856,-0.1747334179684162,RU,40.5,nM,dissociation,780.0,900.0
mAb-X-SCK,mAb-X,run-1,mAb-X-B1,B1-1396,1396.0,s,48.104059375103574,0.013315458284738983,2.605540608681012,0.05577165833733071,RU,40.5,nM,dissociation,780.0,900.0
mAb-X-SCK,mAb-X,run-1,mAb-X-B1,B1-1397,1397.0,s,48.70212349406699,0.17599967089489366,2.8014127643657445,-0.11069566765625129,RU,40.5,nM,dissociation,780.0,900.0
mAb-X-SCK,mAb-X,run-1,mAb-X-B1,B1-1398,1398.0,s,48.35499298248134,0.018494566302914017,2.9034128480608725,0.019526531371364134,RU,40.5,nM,dissociation,780.0,900.0
mAb-X-SCK,mAb-X,run-1,mAb-X-B1,B1-1399,1399.0,s,48.310479371769404,-0.09887846302780781,2.6852569643270856,0.17357830640133118,RU,40.5,nM,dissociation,780.0,900.0
mAb-X-SCK,mAb-X,run-1,mAb-X-B1,B1-1400,1400.0,s,48.00165152648225,0.17877555346830395,2.8365067246591043,0.07240624127579082,RU,40.5,nM,dissociation,780.0,900.0
mAb-X-SCK,mAb-X,run-1,mAb-X-B1,B1-1401,1401.0,s,48.06600946896298,0.0016937391636931596,2.6327174069531445,-0.0871746646673751,RU,40.5,nM,dissociation,780.0,900.0
mAb-X-SCK,mAb-X,run-1,mAb-X-B1,B1-1402,1402.0,s,48.0622900761839,0.26004200817189715,2.956321332388964,-0.08958132512073823,RU,40.5,nM,dissociation,780.0,900.0
mAb-X-SCK,mAb-X,run-1,mAb-X-B1,B1-1403,1403.0,s,48.320780908964835,-0.047243921736269866,2.7131705233180217,0.1893590376381116,RU,40.5,nM,dissociation,780.0,900.0
mAb-X-SCK,mAb-X,run-1,mAb-X-B1,B1-1404,1404.0,s,48.12407441629703,-0.22109589425432555,2.7329101072437285,-0.1540898595716789,RU,40.5,nM,dissociation,780.0,900.0
mAb-X-SCK,mAb-X,run-1,mAb-X-B1,B1-1405,1405.0,s,48.6168494833347,-0.08979324685913845,3.06866222659476,-0.05397868824672887,RU,40.5,nM,dissociation,780.0,900.0
mAb-X-SCK,mAb-X,run-1,mAb-X-B1,B1-1406,1406.0,s,48.29204063944847,0.002611815197374484,2.9936129043039585,-0.11721652169732433,RU,40.5,nM,dissociation,780.0,900.0
mAb-X-SCK,mAb-X,run-1,mAb-X-B1,B1-1407,1407.0,s,48.6348778288521,-0.4204476541555587,3.064098369779299,-0.17409967762620168,RU,40.5,nM,dissociation,780.0,900.0
mAb-X-SCK,mAb-X,run-1,mAb-X-B1,B1-1408,1408.0,s,48.360070020844326,0.1724955696428504,2.5348755264110086,0.1381536929066362,RU,40.5,nM,dissociation,780.0,900.0
mAb-X-SCK,mAb-X,run-1,mAb-X-B1,B1-1409,1409.0,s,47.94437707038002,-0.0021184460439997565,2.6896245728794446,-0.1913514999512206,RU,40.5,nM,dissociation,780.0,900.0
mAb-X-SCK,mAb-X,run-1,mAb-X-B1,B1-1410,1410.0,s,48.02571251903851,0.19432025779889242,3.068539025600012,0.32964552823192494,RU,40.5,nM,dissociation,780.0,900.0
mAb-X-SCK,mAb-X,run-1,mAb-X-B1,B1-1411,1411.0,s,48.233655963886605,-0.01959165796564138,2.922144943475137,0.09913271345022794,RU,40.5,nM,dissociation,780.0,900.0
mAb-X-SCK,mAb-X,run-1,mAb-X-B1,B1-1412,1412.0,s,47.74778733898099,0.1359581638296775,2.7932302387925483,-0.014681863518124064,RU,40.5,nM,dissociation,780.0,900.0
mAb-X-SCK,mAb-X,run-1,mAb-X-B1,B1-1413,1413.0,s,47.840245959900045,0.22499955909711117,3.0110408294357396,0.18295002189800288,RU,40.5,nM,dissociation,780.0,900.0
mAb-X-SCK,mAb-X,run-1,mAb-X-B1,B1-1414,1414.0,s,48.11404604571735,0.0031141399406152135,2.7657725406515548,-0.1000796916596025,RU,40.5,nM,dissociation,780.0,900.0
mAb-X-SCK,mAb-X,run-1,mAb-X-B1,B1-1415,1415.0,s,47.936141912945736,-0.12442659216376345,2.839281377932737,-0.03809564741052012,RU,40.5,nM,dissociation,780.0,900.0
mAb-X-SCK,mAb-X,run-1,mAb-X-B1,B1-1416,1416.0,s,47.856301744752045,-0.03143775531042738,2.732083735683133,-0.07027289162413955,RU,40.5,nM,dissociation,780.0,900.0
mAb-X-SCK,mAb-X,run-1,mAb-X-B1,B1-1417,1417.0,s,47.76790317378901,-0.10015056605325225,2.659946017925925,0.09295507995436694,RU,40.5,nM,dissociation,780.0,900.0
mAb-X-SCK,mAb-X,run-1,mAb-X-B1,B1-1418,1418.0,s,48.09996108569455,0.18986580885690596,2.8860974265249815,-0.1488991933582804,RU,40.5,nM,dissociation,780.0,900.0
mAb-X-SCK,mAb-X,run-1,mAb-X-B1,B1-1419,1419.0,s,47.95295039180128,-0.2927690627902276,2.743765197808266,0.013068947278300118,RU,40.5,nM,dissociation,780.0,900.0
mAb-X-SCK,mAb-X,run-1,mAb-X-B1,B1-1420,1420.0,s,47.59072714385116,-0.0857650945148117,3.043982348803453,0.012074401835896639,RU,40.5,nM,dissociation,780.0,900.0
mAb-X-SCK,mAb-X,run-1,mAb-X-B1,B1-1421,1421.0,s,47.720114339465965,-0.04748154216639851,2.9918606868403903,-0.026596639539835116,RU,40.5,nM,dissociation,780.0,900.0
mAb-X-SCK,mAb-X,run-1,mAb-X-B1,B1-1422,1422.0,s,47.672671856076484,-0.16945663268574596,3.0021447831242396,0.24287902541595688,RU,40.5,nM,dissociation,780.0,900.0
mAb-X-SCK,mAb-X,run-1,mAb-X-B1,B1-1423,1423.0,s,47.993968926373626,0.018726132352522983,2.6563470415819244,0.11224652974031214,RU,40.5,nM,dissociation,780.0,900.0
mAb-X-SCK,mAb-X,run-1,mAb-X-B1,B1-1424,1424.0,s,47.69005064280518,-0.11303628600696615,2.955454977007107,0.011940910824275525,RU,40.5,nM,dissociation,780.0,900.0
mAb-X-SCK,mAb-X,run-1,mAb-X-B1,B1-1425,1425.0,s,47.89689049768237,-0.09398094210511677,3.107792495525186,0.17646048848322135,RU,40.5,nM,dissociation,780.0,900.0
mAb-X-SCK,mAb-X,run-1,mAb-X-B1,B1-1426,1426.0,s,47.6878129756624,-0.14111820805382969,3.1786224827929255,-0.22899010907463035,RU,40.5,nM,dissociation,780.0,900.0
mAb-X-SCK,mAb-X,run-1,mAb-X-B1,B1-1427,1427.0,s,47.89424112743314,-0.14522806045368847,2.7903675888385187,0.35058446717217756,RU,40.5,nM,dissociation,780.0,900.0
mAb-X-SCK,mAb-X,run-1,mAb-X-B1,B1-1428,1428.0,s,47.69824109121551,-0.06511756727737573,2.786421919122489,0.09109925541048934,RU,40.5,nM,dissociation,780.0,900.0
mAb-X-SCK,mAb-X,run-1,mAb-X-B1,B1-1429,1429.0,s,47.668456841648386,-0.2083783489878564,2.549782144482435,0.08494415128767677,RU,40.5,nM,dissociation,780.0,900.0
mAb-X-SCK,mAb-X,run-1,mAb-X-B1,B1-1430,1430.0,s,47.60384247646482,0.006442080245114538,2.642385658665244,0.1539326278457814,RU,40.5,nM,dissociation,780.0,900.0
mAb-X-SCK,mAb-X,run-1,mAb-X-B1,B1-1431,1431.0,s,47.6729866858974,-0.043035495905200845,2.979823203151041,-0.15913007744463387,RU,40.5,nM,dissociation,780.0,900.0
mAb-X-SCK,mAb-X,run-1,mAb-X-B1,B1-1432,1432.0,s,47.45304186992062,-0.22945218600611483,2.803514998884674,-0.29151149764887063,RU,40.5,nM,dissociation,780.0,900.0
mAb-X-SCK,mAb-X,run-1,mAb-X-B1,B1-1433,1433.0,s,47.62420710012568,-0.24677752709635897,2.7761281584403266,-0.21013967713306322,RU,40.5,nM,dissociation,780.0,900.0
mAb-X-SCK,mAb-X,run-1,mAb-X-B1,B1-1434,1434.0,s,47.74820405136356,0.002825808178661157,2.892818307226714,-0.17288181609822792,RU,40.5,nM,dissociation,780.0,900.0
mAb-X-SCK,mAb-X,run-1,mAb-X-B1,B1-1435,1435.0,s,47.56127431173516,-0.2187946176548519,2.6900202220380574,0.025934778376605568,RU,40.5,nM,dissociation,780.0,900.0
mAb-X-SCK,mAb-X,run-1,mAb-X-B1,B1-1436,1436.0,s,47.47459278619599,0.1254031987095577,2.761197739716633,0.03944192455587159,RU,40.5,nM,dissociation,780.0,900.0
mAb-X-SCK,mAb-X,run-1,mAb-X-B1,B1-1437,1437.0,s,47.621913971914175,0.23165772538920937,2.872359962880196,0.18309753196239226,RU,40.5,nM,dissociation,780.0,900.0
mAb-X-SCK,mAb-X,run-1,mAb-X-B1,B1-1438,1438.0,s,47.664350633946384,0.10493357876483507,2.9554580885811537,0.03710970419059863,RU,40.5,nM,dissociation,780.0,900.0
mAb-X-SCK,mAb-X,run-1,mAb-X-B1,B1-1439,1439.0,s,47.60903511300485,-0.005108576255144864,2.9498586870500825,-0.21811623793704726,RU,40.5,nM,dissociation,780.0,900.0
mAb-X-SCK,mAb-X,run-1,mAb-X-B1,B1-1440,1440.0,s,47.42696869266776,0.09370235609498524,2.876985859115029,0.009849655904072205,RU,40.5,nM,dissociation,780.0,900.0
mAb-X-SCK,mAb-X,run-1,mAb-X-B1,B1-1441,1441.0,s,47.57393693436063,-0.2349280840891823,2.710730625329184,-0.1401809453443219,RU,40.5,nM,dissociation,780.0,900.0
mAb-X-SCK,mAb-X,run-1,mAb-X-B1,B1-1442,1442.0,s,47.358218297455444,0.2333289748248561,2.6840579144775303,-0.19856318769031814,RU,40.5,nM,dissociation,780.0,900.0
mAb-X-SCK,mAb-X,run-1,mAb-X-B1,B1-1443,1443.0,s,47.37033871333839,-0.027741488986931774,2.700082683848917,0.25185366947109344,RU,40.5,nM,dissociation,780.0,900.0
mAb-X-SCK,mAb-X,run-1,mAb-X-B1,B1-1444,1444.0,s,47.43448352979322,-0.18987551076654033,2.993977300699569,0.01497677626710419,RU,40.5,nM,dissociation,780.0,900.0
mAb-X-SCK,mAb-X,run-1,mAb-X-B1,B1-1445,1445.0,s,47.49358234588003,0.05362508003679147,3.0325547025789765,-0.04177636199738904,RU,40.5,nM,dissociation,780.0,900.0
mAb-X-SCK,mAb-X,run-1,mAb-X-B1,B1-1446,1446.0,s,47.311943294777286,-0.24856652582296404,2.725031819422975,-0.2798806688878664,RU,40.5,nM,dissociation,780.0,900.0
mAb-X-SCK,mAb-X,run-1,mAb-X-B1,B1-1447,1447.0,s,47.376136902473505,-0.019327322745973874,2.8878038453460895,0.08939238954691285,RU,40.5,nM,dissociation,780.0,900.0
mAb-X-SCK,mAb-X,run-1,mAb-X-B1,B1-1448,1448.0,s,47.18305058038278,-0.1718401039219544,2.738745004406445,-0.03079639394400177,RU,40.5,nM,dissociation,780.0,900.0
mAb-X-SCK,mAb-X,run-1,mAb-X-B1,B1-1449,1449.0,s,47.121177937402166,-0.2564622293813022,2.8873248612141085,0.26480902854228994,RU,40.5,nM,dissociation,780.0,900.0
mAb-X-SCK,mAb-X,run-1,mAb-X-B1,B1-1450,1450.0,s,46.91075234236351,0.059548145273512154,2.8903237125682484,0.02929385876552661,RU,40.5,nM,dissociation,780.0,900.0
mAb-X-SCK,mAb-X,run-1,mAb-X-B1,B1-1451,1451.0,s,47.20112951039537,0.13859256080951257,3.1384401133307582,-0.023218075304866036,RU,40.5,nM,dissociation,780.0,900.0
mAb-X-SCK,mAb-X,run-1,mAb-X-B1,B1-1452,1452.0,s,47.49166593542241,0.134503651416551,3.0267909924842367,-0.25466967348919634,RU,40.5,nM,dissociation,780.0,900.0
mAb-X-SCK,mAb-X,run-1,mAb-X-B1,B1-1453,1453.0,s,47.25925235718118,-0.008710069653761327,2.970819897626007,-0.1186908569911609,RU,40.5,nM,dissociation,780.0,900.0
mAb-X-SCK,mAb-X,run-1,mAb-X-B1,B1-1454,1454.0,s,47.02204740870304,-0.15821088580742923,3.1625786654778656,-0.1579911911261917,RU,40.5,nM,dissociation,780.0,900.0
mAb-X-SCK,mAb-X,run-1,mAb-X-B1,B1-1455,1455.0,s,46.79017293186316,-0.2605833068776567,2.9676428122325342,0.258281890500513,RU,40.5,nM,dissociation,780.0,900.0
mAb-X-SCK,mAb-X,run-1,mAb-X-B1,B1-1456,1456.0,s,47.08887692973483,0.16502502478935138,2.9030812809037885,0.2473578849769924,RU,40.5,nM,dissociation,780.0,900.0
mAb-X-SCK,mAb-X,run-1,mAb-X-B1,B1-1457,1457.0,s,47.168664808766856,0.20761292081267482,2.927175033733715,0.0023769462277592667,RU,40.5,nM,dissociation,780.0,900.0
mAb-X-SCK,mAb-X,run-1,mAb-X-B1,B1-1458,1458.0,s,47.04033680863083,-0.03861011421802106,2.7095748143324805,-0.09380617257960605,RU,40.5,nM,dissociation,780.0,900.0
mAb-X-SCK,mAb-X,run-1,mAb-X-B1,B1-1459,1459.0,s,46.878220786240234,0.036293985445503295,3.0929273698827,0.06294168765815426,RU,40.5,nM,dissociation,780.0,900.0
mAb-X-SCK,mAb-X,run-1,mAb-X-B1,B1-1460,1460.0,s,47.12884043890804,-0.03263422293404898,3.1286508425714206,-0.05805330253976044,RU,40.5,nM,dissociation,780.0,900.0
mAb-X-SCK,mAb-X,run-1,mAb-X-B1,B1-1461,1461.0,s,46.995229123662085,0.14338148823219324,2.733450178269358,0.3057159698014793,RU,40.5,nM,dissociation,780.0,900.0
mAb-X-SCK,mAb-X,run-1,mAb-X-B1,B1-1462,1462.0,s,47.27924548000103,-0.19257694935454803,2.9170212455249653,0.13601571323656064,RU,40.5,nM,dissociation,780.0,900.0
mAb-X-SCK,mAb-X,run-1,mAb-X-B1,B1-1463,1463.0,s,47.04164998544584,0.0061895180745641315,3.1199309135255153,0.058497357607649215,RU,40.5,nM,dissociation,780.0,900.0
mAb-X-SCK,mAb-X,run-1,mAb-X-B1,B1-1464,1464.0,s,47.05350175707435,-0.13563503462574755,2.9135981779817977,-0.07322325932100078,RU,40.5,nM,dissociation,780.0,900.0
mAb-X-SCK,mAb-X,run-1,mAb-X-B1,B1-1465,1465.0,s,47.06111272604884,-0.09561889090311013,3.0124797041899907,0.24368128492626182,RU,40.5,nM,dissociation,780.0,900.0
mAb-X-SCK,mAb-X,run-1,mAb-X-B1,B1-1466,1466.0,s,46.69915532239514,0.1584146764117701,2.8457115005437226,0.16929999966521905,RU,40.5,nM,dissociation,780.0,900.0
mAb-X-SCK,mAb-X,run-1,mAb-X-B1,B1-1467,1467.0,s,47.020070994810816,0.13042566031862263,2.948024367709986,0.41436705917050254,RU,40.5,nM,dissociation,780.0,900.0
mAb-X-SCK,mAb-X,run-1,mAb-X-B1,B1-1468,1468.0,s,46.636905843523884,-0.03169166217494804,2.8157496746182904,-0.31880018824152784,RU,40.5,nM,dissociation,780.0,900.0
mAb-X-SCK,mAb-X,run-1,mAb-X-B1,B1-1469,1469.0,s,47.09814103654419,-0.20510580937737624,3.2963777206832696,0.14522401948006947,RU,40.5,nM,dissociation,780.0,900.0
mAb-X-SCK,mAb-X,run-1,mAb-X-B1,B1-1470,1470.0,s,46.82865422374211,-0.18341770443324706,3.0801046930526437,-0.030665250379323047,RU,40.5,nM,dissociation,780.0,900.0
mAb-X-SCK,mAb-X,run-1,mAb-X-B1,B1-1471,1471.0,s,46.69658187243437,0.04263405843079591,2.8030972140007258,0.16241064776886702,RU,40.5,nM,dissociation,780.0,900.0
mAb-X-SCK,mAb-X,run-1,mAb-X-B1,B1-1472,1472.0,s,46.83397643542586,0.014444540392878537,2.636666689216689,0.007385196836842227,RU,40.5,nM,dissociation,780.0,900.0
mAb-X-SCK,mAb-X,run-1,mAb-X-B1,B1-1473,1473.0,s,46.94097206177927,0.16721262592232386,2.6399975912728912,0.03691106674183314,RU,40.5,nM,dissociation,780.0,900.0
mAb-X-SCK,mAb-X,run-1,mAb-X-B1,B1-1474,1474.0,s,46.7567050426321,0.12116254755194737,2.881699538113609,-0.014787902971882738,RU,40.5,nM,dissociation,780.0,900.0
mAb-X-SCK,mAb-X,run-1,mAb-X-B1,B1-1475,1475.0,s,47.04552493056234,-0.16892480622576708,2.9753738433434727,-0.20271148724359053,RU,40.5,nM,dissociation,780.0,900.0
mAb-X-SCK,mAb-X,run-1,mAb-X-B1,B1-1476,1476.0,s,46.83646662591487,0.023019611831947857,2.826498568088112,-0.1592275934505485,RU,40.5,nM,dissociation,780.0,900.0
mAb-X-SCK,mAb-X,run-1,mAb-X-B1,B1-1477,1477.0,s,46.63080826617625,0.09104051441291401,2.9411574887717844,0.11482267659648655,RU,40.5,nM,dissociation,780.0,900.0
mAb-X-SCK,mAb-X,run-1,mAb-X-B1,B1-1478,1478.0,s,46.380501438057145,-0.06482533414171365,3.1158620629456446,0.055719719959741947,RU,40.5,nM,dissociation,780.0,900.0
mAb-X-SCK,mAb-X,run-1,mAb-X-B1,B1-1479,1479.0,s,46.77095723757653,0.1191622405732871,3.1316485935872427,-0.021361909355556968,RU,40.5,nM,dissociation,780.0,900.0
mAb-X-SCK,mAb-X,run-1,mAb-X-B1,B1-1480,1480.0,s,46.80529597147532,0.1467615307682982,3.0816955095091703,-0.15789945831186677,RU,40.5,nM,dissociation,780.0,900.0
mAb-X-SCK,mAb-X,run-1,mAb-X-B1,B1-1481,1481.0,s,47.01945959512305,-0.24233392942149168,3.20513595769204,-0.12022254230450774,RU,40.5,nM,dissociation,780.0,900.0
mAb-X-SCK,mAb-X,run-1,mAb-X-B1,B1-1482,1482.0,s,46.72688022726546,0.07391290315227306,2.9963204095840688,-0.10508308824745456,RU,40.5,nM,dissociation,780.0,900.0
mAb-X-SCK,mAb-X,run-1,mAb-X-B1,B1-1483,1483.0,s,46.825793612703784,-0.06357814645104286,2.9158053605185956,0.1845846513113942,RU,40.5,nM,dissociation,780.0,900.0
mAb-X-SCK,mAb-X,run-1,mAb-X-B1,B1-1484,1484.0,s,46.532530048392665,-0.2503801203383778,3.12069243418612,0.19751687590565098,RU,40.5,nM,dissociation,780.0,900.0
mAb-X-SCK,mAb-X,run-1,mAb-X-B1,B1-1485,1485.0,s,46.55790405470552,-0.1025117013685302,3.2532693720389427,-0.12006082244472463,RU,40.5,nM,dissociation,780.0,900.0
mAb-X-SCK,mAb-X,run-1,mAb-X-B1,B1-1486,1486.0,s,46.481903596232065,0.21123541597830092,2.888480984041386,0.09582375509109622,RU,40.5,nM,dissociation,780.0,900.0
mAb-X-SCK,mAb-X,run-1,mAb-X-B1,B1-1487,1487.0,s,46.97127652516994,-0.11704301436543772,2.8771648535378476,0.028803024212071524,RU,40.5,nM,dissociation,780.0,900.0
mAb-X-SCK,mAb-X,run-1,mAb-X-B1,B1-1488,1488.0,s,46.827843972325056,-0.1059291974780878,3.226533770756446,-0.11392739295934026,RU,40.5,nM,dissociation,780.0,900.0
mAb-X-SCK,mAb-X,run-1,mAb-X-B1,B1-1489,1489.0,s,46.28428224033037,-0.09640972655917238,2.913153073544781,-0.05990266265912561,RU,40.5,nM,dissociation,780.0,900.0
mAb-X-SCK,mAb-X,run-1,mAb-X-B1,B1-1490,1490.0,s,46.51788090716416,0.353058677909078,2.9998803191363845,0.08703513273832779,RU,40.5,nM,dissociation,780.0,900.0
mAb-X-SCK,mAb-X,run-1,mAb-X-B1,B1-1491,1491.0,s,46.62109808689058,-0.11277551044011783,2.852284515765828,0.09552017081972566,RU,40.5,nM,dissociation,780.0,900.0
mAb-X-SCK,mAb-X,run-1,mAb-X-B1,B1-1492,1492.0,s,46.58980102541258,-0.10216183974677275,3.0175150390083454,-0.05355861121187913,RU,40.5,nM,dissociation,780.0,900.0
mAb-X-SCK,mAb-X,run-1,mAb-X-B1,B1-1493,1493.0,s,46.5592556331966,0.09638304595900178,3.2042509565032757,0.0589849189865476,RU,40.5,nM,dissociation,780.0,900.0
mAb-X-SCK,mAb-X,run-1,mAb-X-B1,B1-1494,1494.0,s,46.13902654843881,-0.13669507253824353,2.871889905541387,0.08424067761557961,RU,40.5,nM,dissociation,780.0,900.0
mAb-X-SCK,mAb-X,run-1,mAb-X-B1,B1-1495,1495.0,s,46.7164091555358,-0.06021988294884519,2.876357720382776,-0.01874630453241829,RU,40.5,nM,dissociation,780.0,900.0
mAb-X-SCK,mAb-X,run-1,mAb-X-B1,B1-1496,1496.0,s,46.25273756205792,0.0022791848769725693,2.9534482034981018,-0.07196097349338636,RU,40.5,nM,dissociation,780.0,900.0
mAb-X-SCK,mAb-X,run-1,mAb-X-B1,B1-1497,1497.0,s,46.35208031084329,-0.0835115151006334,2.966104374018936,-0.05678186988516382,RU,40.5,nM,dissociation,780.0,900.0
mAb-X-SCK,mAb-X,run-1,mAb-X-B1,B1-1498,1498.0,s,46.37909031481588,0.25355776949255815,3.1256452052971575,0.05952813337838347,RU,40.5,nM,dissociation,780.0,900.0
mAb-X-SCK,mAb-X,run-1,mAb-X-B1,B1-1499,1499.0,s,45.96550742676602,-0.023738082962358204,3.0503913346186646,-0.0638740359196578,RU,40.5,nM,dissociation,780.0,900.0
mAb-X-SCK,mAb-X,run-1,mAb-X-B1,B1-1500,1500.0,s,46.25458957706494,-0.0754035460389589,3.1444954078137584,0.16712535083979085,RU,40.5,nM,dissociation,780.0,900.0
mAb-X-SCK,mAb-X,run-1,mAb-X-B1,B1-1501,1501.0,s,46.214366664098634,0.2565613635094022,3.1241325034707463,-0.1463532651769424,RU,40.5,nM,dissociation,780.0,900.0
mAb-X-SCK,mAb-X,run-1,mAb-X-B1,B1-1502,1502.0,s,46.105411844199665,-0.03505502923022715,3.134926458511122,0.039530754113293196,RU,40.5,nM,dissociation,780.0,900.0
mAb-X-SCK,mAb-X,run-1,mAb-X-B1,B1-1503,1503.0,s,46.094955155591784,0.160583555052584,2.921838532426097,0.017291637748453676,RU,40.5,nM,dissociation,780.0,900.0
mAb-X-SCK,mAb-X,run-1,mAb-X-B1,B1-1504,1504.0,s,46.394818539903426,0.03372671831990871,3.2391311676739774,0.0967924865839532,RU,40.5,nM,dissociation,780.0,900.0
mAb-X-SCK,mAb-X,run-1,mAb-X-B1,B1-1505,1505.0,s,46.16079193973624,-0.08681871927563525,2.896853151777537,0.17081753414145495,RU,40.5,nM,dissociation,780.0,900.0
mAb-X-SCK,mAb-X,run-1,mAb-X-B1,B1-1506,1506.0,s,46.17332577194384,0.02110329353445581,3.182251104903177,0.05151354634101692,RU,40.5,nM,dissociation,780.0,900.0
mAb-X-SCK,mAb-X,run-1,mAb-X-B1,B1-1507,1507.0,s,46.32975972892982,0.12810889991232421,2.912594003976312,-0.18022466774135987,RU,40.5,nM,dissociation,780.0,900.0
mAb-X-SCK,mAb-X,run-1,mAb-X-B1,B1-1508,1508.0,s,46.352649821760814,-0.06570363888677279,2.926276300677041,-0.12550484064874542,RU,40.5,nM,dissociation,780.0,900.0
mAb-X-SCK,mAb-X,run-1,mAb-X-B1,B1-1509,1509.0,s,46.44868402666428,0.15273806498463705,3.227231591277984,-0.0554527471937955,RU,40.5,nM,dissociation,780.0,900.0
mAb-X-SCK,mAb-X,run-1,mAb-X-B1,B1-1510,1510.0,s,46.10497210618192,0.037790390561690236,3.111462503859818,-0.20981272840544105,RU,40.5,nM,dissociation,780.0,900.0
mAb-X-SCK,mAb-X,run-1,mAb-X-B1,B1-1511,1511.0,s,45.85658530429192,0.33033967181157936,2.9423862493423534,0.14326107179094968,RU,40.5,nM,dissociation,780.0,900.0
mAb-X-SCK,mAb-X,run-1,mAb-X-B1,B1-1512,1512.0,s,46.204082452411974,0.11329523604209851,2.7734663913606123,0.04788202403810376,RU,40.5,nM,dissociation,780.0,900.0
mAb-X-SCK,mAb-X,run-1,mAb-X-B1,B1-1513,1513.0,s,45.58800701761695,0.040136465696785355,2.8505003534685125,-0.036811887104400386,RU,40.5,nM,dissociation,780.0,900.0
mAb-X-SCK,mAb-X,run-1,mAb-X-B1,B1-1514,1514.0,s,45.95142040309308,0.016017585096788925,2.914044534911774,-0.014100836685297444,RU,40.5,nM,dissociation,780.0,900.0
mAb-X-SCK,mAb-X,run-1,mAb-X-B1,B1-1515,1515.0,s,45.89598510417888,0.002973599483087515,2.9237661366391126,0.15012843516382332,RU,40.5,nM,dissociation,780.0,900.0
mAb-X-SCK,mAb-X,run-1,mAb-X-B1,B1-1516,1516.0,s,46.14399454978186,-0.14532919813512674,3.208200724233942,-0.04894789449767911,RU,40.5,nM,dissociation,780.0,900.0
mAb-X-SCK,mAb-X,run-1,mAb-X-B1,B1-1517,1517.0,s,45.97132215387244,-0.0975615432749473,3.0196414488877266,0.020202001923262092,RU,40.5,nM,dissociation,780.0,900.0
mAb-X-SCK,mAb-X,run-1,mAb-X-B1,B1-1518,1518.0,s,45.86127920654557,-0.21258069959432657,2.974322424071668,-0.018279419376219994,RU,40.5,nM,dissociation,780.0,900.0
mAb-X-SCK,mAb-X,run-1,mAb-X-B1,B1-1519,1519.0,s,46.05060021788086,0.2799580019341176,3.4040899860096845,0.21202024007588557,RU,40.5,nM,dissociation,780.0,900.0
mAb-X-SCK,mAb-X,run-1,mAb-X-B1,B1-1520,1520.0,s,46.098383946477085,0.010178381675314882,3.061358317878682,-0.15788692008316244,RU,40.5,nM,dissociation,780.0,900.0
mAb-X-SCK,mAb-X,run-1,mAb-X-B1,B1-1521,1521.0,s,45.90684567125481,-0.13286219809787278,2.986789523486207,-0.22716212532748137,RU,40.5,nM,dissociation,780.0,900.0
mAb-X-SCK,mAb-X,run-1,mAb-X-B1,B1-1522,1522.0,s,45.87595992357293,-0.035429955419907073,2.7115527473872154,-0.00968016481818157,RU,40.5,nM,dissociation,780.0,900.0
mAb-X-SCK,mAb-X,run-1,mAb-X-B1,B1-1523,1523.0,s,45.75215667275641,0.06210587469437759,3.00815337125725,-0.2212135880924785,RU,40.5,nM,dissociation,780.0,900.0
mAb-X-SCK,mAb-X,run-1,mAb-X-B1,B1-1524,1524.0,s,45.94879125132168,-0.28616439170911945,3.3107809520879847,0.10730210883589994,RU,40.5,nM,dissociation,780.0,900.0
mAb-X-SCK,mAb-X,run-1,mAb-X-B1,B1-1525,1525.0,s,45.7920418614751,0.6139423020978002,2.884946482921738,-0.0015034939295752408,RU,40.5,nM,dissociation,780.0,900.0
mAb-X-SCK,mAb-X,run-1,mAb-X-B1,B1-1526,1526.0,s,45.50892999921761,0.05580991563787561,3.418342180464807,0.0687569612598468,RU,40.5,nM,dissociation,780.0,900.0
mAb-X-SCK,mAb-X,run-1,mAb-X-B1,B1-1527,1527.0,s,45.769794980030916,0.11457288162170572,3.031929615527058,0.06986073024046753,RU,40.5,nM,dissociation,780.0,900.0
mAb-X-SCK,mAb-X,run-1,mAb-X-B1,B1-1528,1528.0,s,45.86292289191976,-0.04074394765275193,3.3345608613962257,0.018349424685957245,RU,40.5,nM,dissociation,780.0,900.0
mAb-X-SCK,mAb-X,run-1,mAb-X-B1,B1-1529,1529.0,s,45.75196769919487,0.12249085296943707,2.9235190436191454,0.09561960041774513,RU,40.5,nM,dissociation,780.0,900.0
mAb-X-SCK,mAb-X,run-1,mAb-X-B1,B1-1530,1530.0,s,45.71327865355887,-0.20462792254400733,3.3087664834921267,0.009152992528479497,RU,40.5,nM,dissociation,780.0,900.0
mAb-X-SCK,mAb-X,run-1,mAb-X-B1,B1-1531,1531.0,s,45.54338058894562,-0.03537912113190056,2.936153210800919,0.05726549620095989,RU,40.5,nM,dissociation,780.0,900.0
mAb-X-SCK,mAb-X,run-1,mAb-X-B1,B1-1532,1532.0,s,45.73371995780892,0.17808029936215983,3.1646969608496582,-0.10459416584876384,RU,40.5,nM,dissociation,780.0,900.0
mAb-X-SCK,mAb-X,run-1,mAb-X-B1,B1-1533,1533.0,s,45.51817525588713,0.12889943572108647,3.213367112692143,0.1826381119209504,RU,40.5,nM,dissociation,780.0,900.0
mAb-X-SCK,mAb-X,run-1,mAb-X-B1,B1-1534,1534.0,s,45.49809801393302,-0.16553825682436665,3.0276610080994146,0.19428511635204812,RU,40.5,nM,dissociation,780.0,900.0
mAb-X-SCK,mAb-X,run-1,mAb-X-B1,B1-1535,1535.0,s,45.679266387451776,0.14844269028898446,3.20177074113266,0.21007151620757436,RU,40.5,nM,dissociation,780.0,900.0
mAb-X-SCK,mAb-X,run-1,mAb-X-B1,B1-1536,1536.0,s,45.56223435660914,-0.19674288393661996,3.0438916830537353,-0.06849552120614628,RU,40.5,nM,dissociation,780.0,900.0
mAb-X-SCK,mAb-X,run-1,mAb-X-B1,B1-1537,1537.0,s,45.69269557927407,-0.15890741282295862,3.3034108537949844,0.13865040705821605,RU,40.5,nM,dissociation,780.0,900.0
mAb-X-SCK,mAb-X,run-1,mAb-X-B1,B1-1538,1538.0,s,45.53719986095652,0.24594386499294535,3.3707312568188406,0.013968742571513513,RU,40.5,nM,dissociation,780.0,900.0
mAb-X-SCK,mAb-X,run-1,mAb-X-B1,B1-1539,1539.0,s,45.52128805636838,0.02943563182829753,3.055735101665936,-0.05265978031950801,RU,40.5,nM,dissociation,780.0,900.0
mAb-X-SCK,mAb-X,run-1,mAb-X-B1,B1-1540,1540.0,s,45.641173602518606,0.0060279088072916105,3.0867155266386717,0.033264715201060606,RU,40.5,nM,dissociation,780.0,900.0
mAb-X-SCK,mAb-X,run-1,mAb-X-B1,B1-1541,1541.0,s,45.43191224128805,-0.002800890874103317,3.288856186877354,0.04008291922618915,RU,40.5,nM,dissociation,780.0,900.0
mAb-X-SCK,mAb-X,run-1,mAb-X-B1,B1-1542,1542.0,s,45.419740774812716,0.037854926099578544,3.0479407093283726,0.10524744128363957,RU,40.5,nM,dissociation,780.0,900.0
mAb-X-SCK,mAb-X,run-1,mAb-X-B1,B1-1543,1543.0,s,45.688940049154,0.0685036060215912,2.9908015043825023,0.29213889442549856,RU,40.5,nM,dissociation,780.0,900.0
mAb-X-SCK,mAb-X,run-1,mAb-X-B1,B1-1544,1544.0,s,45.355229091926034,0.1814223279916015,3.1547919046725683,-0.1914692018720611,RU,40.5,nM,dissociation,780.0,900.0
mAb-X-SCK,mAb-X,run-1,mAb-X-B1,B1-1545,1545.0,s,45.33717259136105,-0.12216272476957818,3.168709589659736,0.2879092384899764,RU,40.5,nM,dissociation,780.0,900.0
mAb-X-SCK,mAb-X,run-1,mAb-X-B1,B1-1546,1546.0,s,45.126293626592606,-0.20836559453284959,3.13672017695325,0.03499373884246514,RU,40.5,nM,dissociation,780.0,900.0
mAb-X-SCK,mAb-X,run-1,mAb-X-B1,B1-1547,1547.0,s,45.512707801944266,0.1135289713803213,3.471530491224123,0.1175577258976811,RU,40.5,nM,dissociation,780.0,900.0
mAb-X-SCK,mAb-X,run-1,mAb-X-B1,B1-1548,1548.0,s,45.42618430630727,-0.2076360287410033,3.1305202770537917,0.11209093444895162,RU,40.5,nM,dissociation,780.0,900.0
mAb-X-SCK,mAb-X,run-1,mAb-X-B1,B1-1549,1549.0,s,45.26306246967673,0.08237455803933717,3.107087384108833,-0.2098540337887016,RU,40.5,nM,dissociation,780.0,900.0
mAb-X-SCK,mAb-X,run-1,mAb-X-B1,B1-1550,1550.0,s,45.37884647645534,0.1384829298317056,3.141624315851246,-0.21968039244979012,RU,40.5,nM,dissociation,780.0,900.0
mAb-X-SCK,mAb-X,run-1,mAb-X-B1,B1-1551,1551.0,s,45.24275718448592,-0.015906126032594725,3.1346559452601954,0.2304093817803648,RU,40.5,nM,dissociation,780.0,900.0
mAb-X-SCK,mAb-X,run-1,mAb-X-B1,B1-1552,1552.0,s,45.25166253438963,0.03924389968972173,3.003184698153206,0.12805949492270868,RU,40.5,nM,dissociation,780.0,900.0
mAb-X-SCK,mAb-X,run-1,mAb-X-B1,B1-1553,1553.0,s,45.128350616896995,-0.052204714578651015,2.9977068731280085,-0.038762928769070365,RU,40.5,nM,dissociation,780.0,900.0
mAb-X-SCK,mAb-X,run-1,mAb-X-B1,B1-1554,1554.0,s,45.189100610915965,0.17161159265321096,3.120720519214578,-0.19436918398410877,RU,40.5,nM,dissociation,780.0,900.0
mAb-X-SCK,mAb-X,run-1,mAb-X-B1,B1-1555,1555.0,s,45.237891850409255,0.3096648019097915,3.0741910573367255,0.3805510756116055,RU,40.5,nM,dissociation,780.0,900.0
mAb-X-SCK,mAb-X,run-1,mAb-X-B1,B1-1556,1556.0,s,45.428439237031796,0.04403186249515934,3.20586547277796,0.13163314422539965,RU,40.5,nM,dissociation,780.0,900.0
mAb-X-SCK,mAb-X,run-1,mAb-X-B1,B1-1557,1557.0,s,45.32009144957479,0.15223184294134418,2.991803134543935,0.23487567872413578,RU,40.5,nM,dissociation,780.0,900.0
mAb-X-SCK,mAb-X,run-1,mAb-X-B1,B1-1558,1558.0,s,45.127228855717306,-7.805423383940991e-06,3.0964968440148732,0.04279936495890403,RU,40.5,nM,dissociation,780.0,900.0
mAb-X-SCK,mAb-X,run-1,mAb-X-B1,B1-1559,1559.0,s,45.06418018151485,-0.039711852845762875,2.9814413539909204,-0.1653977730171075,RU,40.5,nM,dissociation,780.0,900.0
mAb-X-SCK,mAb-X,run-1,mAb-X-B1,B1-1560,1560.0,s,45.057043848916386,0.0868655222245649,3.1468594798019143,-0.07871500446849698,RU,40.5,nM,dissociation,780.0,900.0
mAb-X-SCK,mAb-X,run-1,mAb-X-B1,B1-1561,1561.0,s,44.981748122989735,0.025922399899902852,3.0405716330471844,0.025377623534859756,RU,40.5,nM,dissociation,780.0,900.0
mAb-X-SCK,mAb-X,run-1,mAb-X-B1,B1-1562,1562.0,s,45.12706146376586,-0.15587827045206123,3.223182414416469,0.08376295950952703,RU,40.5,nM,dissociation,780.0,900.0
mAb-X-SCK,mAb-X,run-1,mAb-X-B1,B1-1563,1563.0,s,44.907483446528985,0.1221803432715555,3.1488399244193244,0.07718176798856528,RU,40.5,nM,dissociation,780.0,900.0
mAb-X-SCK,mAb-X,run-1,mAb-X-B1,B1-1564,1564.0,s,45.116873486703724,0.06698984169134259,3.04863065086409,-0.039048191997718196,RU,40.5,nM,dissociation,780.0,900.0
mAb-X-SCK,mAb-X,run-1,mAb-X-B1,B1-1565,1565.0,s,44.913128674007446,-0.12365972427199627,2.8997640841108967,0.0707535245203836,RU,40.5,nM,dissociation,780.0,900.0
mAb-X-SCK,mAb-X,run-1,mAb-X-B1,B1-1566,1566.0,s,45.31662051800618,-0.06107793631104664,3.343355043636415,-0.03220813425536402,RU,40.5,nM,dissociation,780.0,900.0
mAb-X-SCK,mAb-X,run-1,mAb-X-B1,B1-1567,1567.0,s,44.8248198347715,-0.14127333097341532,3.3278114460371606,0.25864735398774796,RU,40.5,nM,dissociation,780.0,900.0
mAb-X-SCK,mAb-X,run-1,mAb-X-B1,B1-1568,1568.0,s,45.0243834112478,0.06323651429590327,3.1904121508730943,0.06618451348792843,RU,40.5,nM,dissociation,780.0,900.0
mAb-X-SCK,mAb-X,run-1,mAb-X-B1,B1-1569,1569.0,s,44.77192110999922,-0.1719685748182173,3.0671122875943913,-0.035802402782946184,RU,40.5,nM,dissociation,780.0,900.0
mAb-X-SCK,mAb-X,run-1,mAb-X-B1,B1-1570,1570.0,s,44.98505735735485,0.07541406179102635,3.0522997155532585,0.21214346054300703,RU,40.5,nM,dissociation,780.0,900.0
mAb-X-SCK,mAb-X,run-1,mAb-X-B1,B1-1571,1571.0,s,45.250060950315024,-0.16579863359571734,3.4430114823768023,0.2226388311884872,RU,40.5,nM,dissociation,780.0,900.0
mAb-X-SCK,mAb-X,run-1,mAb-X-B1,B1-1572,1572.0,s,44.94539841993291,0.29261979277270933,3.0608884527880487,-0.13012721712853478,RU,40.5,nM,dissociation,780.0,900.0
mAb-X-SCK,mAb-X,run-1,mAb-X-B1,B1-1573,1573.0,s,44.826802394893946,0.005343109853948908,3.3325095522756225,-0.12696032271105684,RU,40.5,nM,dissociation,780.0,900.0
mAb-X-SCK,mAb-X,run-1,mAb-X-B1,B1-1574,1574.0,s,44.81766212922604,-0.14578011469382082,2.850543208680305,0.04648930414190553,RU,40.5,nM,dissociation,780.0,900.0
mAb-X-SCK,mAb-X,run-1,mAb-X-B1,B1-1575,1575.0,s,44.82563640317326,-0.04232202030568373,3.1816936244831657,-0.10824693802488024,RU,40.5,nM,dissociation,780.0,900.0
mAb-X-SCK,mAb-X,run-1,mAb-X-B1,B1-1576,1576.0,s,44.93828053947181,-0.09504505637227341,3.2286511992232847,-0.27843125537224467,RU,40.5,nM,dissociation,780.0,900.0
mAb-X-SCK,mAb-X,run-1,mAb-X-B1,B1-1577,1577.0,s,45.03569658918884,-0.08382417165224683,3.304244910500508,-0.2367937010737321,RU,40.5,nM,dissociation,780.0,900.0
mAb-X-SCK,mAb-X,run-1,mAb-X-B1,B1-1578,1578.0,s,44.933564535638986,-0.08327384038015195,3.2353646669867673,-0.11536899104416465,RU,40.5,nM,dissociation,780.0,900.0
mAb-X-SCK,mAb-X,run-1,mAb-X-B1,B1-1579,1579.0,s,44.68241329293595,0.14044993977957243,2.9932721222548953,-0.08773277148712809,RU,40.5,nM,dissociation,780.0,900.0
mAb-X-SCK,mAb-X,run-1,mAb-X-B1,B1-1580,1580.0,s,44.67695577490677,-0.2131454032705461,3.292867423384855,-0.253560983071279,RU,40.5,nM,dissociation,780.0,900.0
mAb-X-SCK,mAb-X,run-1,mAb-X-B1,B1-1581,1581.0,s,44.64514876499357,-0.20983717922294318,3.3543553069244365,0.18894178658373198,RU,40.5,nM,dissociation,780.0,900.0
mAb-X-SCK,mAb-X,run-1,mAb-X-B1,B1-1582,1582.0,s,45.01449619909334,0.11661858569802694,2.9619427543594,0.0414141667087022,RU,40.5,nM,dissociation,780.0,900.0
mAb-X-SCK,mAb-X,run-1,mAb-X-B1,B1-1583,1583.0,s,44.81889459249167,0.24264551249692454,2.7867150229600863,0.054075568986070764,RU,40.5,nM,dissociation,780.0,900.0
mAb-X-SCK,mAb-X,run-1,mAb-X-B1,B1-1584,1584.0,s,44.73992931342906,0.16860881014756754,3.0966397312701126,0.10929477992833003,RU,40.5,nM,dissociation,780.0,900.0
mAb-X-SCK,mAb-X,run-1,mAb-X-B1,B1-1585,1585.0,s,44.747813163101945,0.11389829621549566,3.1120900657516146,-0.005231762673520078,RU,40.5,nM,dissociation,780.0,900.0
mAb-X-SCK,mAb-X,run-1,mAb-X-B1,B1-1586,1586.0,s,44.7553820183284,0.009222736271259526,3.368973152689316,-0.008103178702427018,RU,40.5,nM,dissociation,780.0,900.0
mAb-X-SCK,mAb-X,run-1,mAb-X-B1,B1-1587,1587.0,s,44.55733784496283,0.07694602198461684,2.984610614620871,-0.07723447049832805,RU,40.5,nM,dissociation,780.0,900.0
mAb-X-SCK,mAb-X,run-1,mAb-X-B1,B1-1588,1588.0,s,44.80491048765006,0.13054502954338784,3.2889491177716863,-0.030593372074409264,RU,40.5,nM,dissociation,780.0,900.0
mAb-X-SCK,mAb-X,run-1,mAb-X-B1,B1-1589,1589.0,s,44.780254363473176,0.08286956163551923,2.986933000859251,0.22662895654904028,RU,40.5,nM,dissociation,780.0,900.0
mAb-X-SCK,mAb-X,run-1,mAb-X-B1,B1-1590,1590.0,s,44.69523033787451,-0.047458392224176194,3.049812940624042,0.16752467319140094,RU,40.5,nM,dissociation,780.0,900.0
mAb-X-SCK,mAb-X,run-1,mAb-X-B1,B1-1591,1591.0,s,44.49195228486401,0.05707263147997129,3.2780829528012974,-0.1535712458950943,RU,40.5,nM,dissociation,780.0,900.0
mAb-X-SCK,mAb-X,run-1,mAb-X-B1,B1-1592,1592.0,s,44.52976761087944,-0.1432164618078147,3.275396971216064,0.3428064897961733,RU,40.5,nM,dissociation,780.0,900.0
mAb-X-SCK,mAb-X,run-1,mAb-X-B1,B1-1593,1593.0,s,44.50183409087339,-0.17573488803824588,3.3730404600016417,-0.28127774524930116,RU,40.5,nM,dissociation,780.0,900.0
mAb-X-SCK,mAb-X,run-1,mAb-X-B1,B1-1594,1594.0,s,44.38100726313711,-0.24422433198418025,3.1121453293824954,0.009440219220388476,RU,40.5,nM,dissociation,780.0,900.0
mAb-X-SCK,mAb-X,run-1,mAb-X-B1,B1-1595,1595.0,s,44.75950658596474,-0.06352076196695089,3.047673109417282,-0.03191745371944595,RU,40.5,nM,dissociation,780.0,900.0
mAb-X-SCK,mAb-X,run-1,mAb-X-B1,B1-1596,1596.0,s,44.361120232101015,-0.08630713565522505,3.284370500951611,0.025163541846905765,RU,40.5,nM,dissociation,780.0,900.0
mAb-X-SCK,mAb-X,run-1,mAb-X-B1,B1-1597,1597.0,s,44.38867308772348,-0.09998699262244784,3.2092670509671626,0.05708479729414468,RU,40.5,nM,dissociation,780.0,900.0
mAb-X-SCK,mAb-X,run-1,mAb-X-B1,B1-1598,1598.0,s,44.478233393424425,-0.04893811183858479,3.2151173779937023,0.29225950065462847,RU,40.5,nM,dissociation,780.0,900.0
mAb-X-SCK,mAb-X,run-1,mAb-X-B1,B1-1599,1599.0,s,44.37677765688884,-0.08559411817789857,3.18026451578215,0.2060194201719609,RU,40.5,nM,dissociation,780.0,900.0
mAb-X-SCK,mAb-X,run-1,mAb-X-B1,B1-1600,1600.0,s,44.295574444547185,-0.034191831062217036,3.326380185062799,-0.00011242073528664537,RU,40.5,nM,dissociation,780.0,900.0
mAb-X-SCK,mAb-X,run-1,mAb-X-B1,B1-1601,1601.0,s,44.44527265314079,0.067540701082478,3.0861648234330343,-0.13277757279052418,RU,40.5,nM,dissociation,780.0,900.0
mAb-X-SCK,mAb-X,run-1,mAb-X-B1,B1-1602,1602.0,s,44.30331855746164,0.05984113208256,3.0275536728856176,-0.018628826390899307,RU,40.5,nM,dissociation,780.0,900.0
mAb-X-SCK,mAb-X,run-1,mAb-X-B1,B1-1603,1603.0,s,44.124279544273094,0.060604126121703045,3.2062502671066633,0.20619120562865337,RU,40.5,nM,dissociation,780.0,900.0
mAb-X-SCK,mAb-X,run-1,mAb-X-B1,B1-1604,1604.0,s,44.42944784784374,-0.03368323118464414,3.231488744196386,-0.08966745312418943,RU,40.5,nM,dissociation,780.0,900.0
mAb-X-SCK,mAb-X,run-1,mAb-X-B1,B1-1605,1605.0,s,44.384574849624585,-0.03644582858288944,3.2007142167125395,-0.0787666628245327,RU,40.5,nM,dissociation,780.0,900.0
mAb-X-SCK,mAb-X,run-1,mAb-X-B1,B1-1606,1606.0,s,44.30566572500724,-0.0731412170176362,3.134931683868396,-0.15237973449876693,RU,40.5,nM,dissociation,780.0,900.0
mAb-X-SCK,mAb-X,run-1,mAb-X-B1,B1-1607,1607.0,s,44.3638751823302,0.07506947694282823,3.128811603043015,0.13511205443292185,RU,40.5,nM,dissociation,780.0,900.0
mAb-X-SCK,mAb-X,run-1,mAb-X-B1,B1-1608,1608.0,s,44.21366522416668,0.2265870973690341,3.3248515818433724,-0.17327599286311834,RU,40.5,nM,dissociation,780.0,900.0
mAb-X-SCK,mAb-X,run-1,mAb-X-B1,B1-1609,1609.0,s,44.216423129776786,0.012684565455125089,3.467654187036173,-0.03544263876954378,RU,40.5,nM,dissociation,780.0,900.0
mAb-X-SCK,mAb-X,run-1,mAb-X-B1,B1-1610,1610.0,s,44.07712771108684,0.01662443437798419,3.205311727299981,0.14223233834380453,RU,40.5,nM,dissociation,780.0,900.0
mAb-X-SCK,mAb-X,run-1,mAb-X-B1,B1-1611,1611.0,s,44.02937932654622,0.02516021022840705,3.3596130380863345,-0.24516674771612876,RU,40.5,nM,dissociation,780.0,900.0
mAb-X-SCK,mAb-X,run-1,mAb-X-B1,B1-1612,1612.0,s,44.00538208990579,0.023713920651933524,3.210266659002124,0.07062207106138607,RU,40.5,nM,dissociation,780.0,900.0
mAb-X-SCK,mAb-X,run-1,mAb-X-B1,B1-1613,1613.0,s,44.41539120936542,0.13669065104047715,3.0570344951811603,0.01330941693914802,RU,40.5,nM,dissociation,780.0,900.0
mAb-X-SCK,mAb-X,run-1,mAb-X-B1,B1-1614,1614.0,s,44.014617091804546,0.10565777767276527,3.284964608405656,-0.0055402770838728355,RU,40.5,nM,dissociation,780.0,900.0
mAb-X-SCK,mAb-X,run-1,mAb-X-B1,B1-1615,1615.0,s,44.05478872214743,-0.06239995338189897,3.323391608703348,-0.023130450667874777,RU,40.5,nM,dissociation,780.0,900.0
mAb-X-SCK,mAb-X,run-1,mAb-X-B1,B1-1616,1616.0,s,44.15074028214045,0.10597171588170935,3.1160476399440267,-0.16987113561354047,RU,40.5,nM,dissociation,780.0,900.0
mAb-X-SCK,mAb-X,run-1,mAb-X-B1,B1-1617,1617.0,s,44.005049628068996,-0.25564129663767743,3.675030029997426,-0.06414537412685245,RU,40.5,nM,dissociation,780.0,900.0
mAb-X-SCK,mAb-X,run-1,mAb-X-B1,B1-1618,1618.0,s,44.1116759071405,0.17825010744457517,3.204825359434545,-0.007375480206665555,RU,40.5,nM,dissociation,780.0,900.0
mAb-X-SCK,mAb-X,run-1,mAb-X-B1,B1-1619,1619.0,s,44.19004120572347,-0.2655526892913112,3.5372212521305957,0.13074695079387214,RU,40.5,nM,dissociation,780.0,900.0
mAb-X-SCK,mAb-X,run-1,mAb-X-B1,B1-1620,1620.0,s,43.99400339467642,-0.16376320346828108,3.647055035201171,-0.004318873038626357,RU,40.5,nM,dissociation,780.0,900.0
mAb-X-SCK,mAb-X,run-1,mAb-X-B1,B1-1621,1621.0,s,44.07034409604766,0.17234720814295393,3.1563481934843005,-0.09009684071313674,RU,40.5,nM,dissociation,780.0,900.0
mAb-X-SCK,mAb-X,run-1,mAb-X-B1,B1-1622,1622.0,s,44.32574574789041,0.024658407060465785,3.5086848485768733,0.1026553611841148,RU,40.5,nM,dissociation,780.0,900.0
mAb-X-SCK,mAb-X,run-1,mAb-X-B1,B1-1623,1623.0,s,43.83935040300131,-0.11215096656269781,3.1358274910567556,0.0027229160085050384,RU,40.5,nM,dissociation,780.0,900.0
mAb-X-SCK,mAb-X,run-1,mAb-X-B1,B1-1624,1624.0,s,43.93343024113992,0.005430715813725063,3.330643215486959,-0.04911522077473215,RU,40.5,nM,dissociation,780.0,900.0
mAb-X-SCK,mAb-X,run-1,mAb-X-B1,B1-1625,1625.0,s,43.98891382320773,-0.0052751648505331315,3.2481954829618767,0.17543999314421702,RU,40.5,nM,dissociation,780.0,900.0
mAb-X-SCK,mAb-X,run-1,mAb-X-B1,B1-1626,1626.0,s,44.028562968049094,-0.36672344999171846,3.2338365924123824,-0.19816179843397594,RU,40.5,nM,dissociation,780.0,900.0
mAb-X-SCK,mAb-X,run-1,mAb-X-B1,B1-1627,1627.0,s,44.171717590344926,0.08042728524234882,3.19038426626946,0.02780155839663928,RU,40.5,nM,dissociation,780.0,900.0
mAb-X-SCK,mAb-X,run-1,mAb-X-B1,B1-1628,1628.0,s,43.86245736461444,0.07040429482861045,3.317653623038077,-0.15126577906852198,RU,40.5,nM,dissociation,780.0,900.0
mAb-X-SCK,mAb-X,run-1,mAb-X-B1,B1-1629,1629.0,s,43.89753630788432,-0.2632891241817986,3.450245652416005,-0.007556289900263721,RU,40.5,nM,dissociation,780.0,900.0
mAb-X-SCK,mAb-X,run-1,mAb-X-B1,B1-1630,1630.0,s,43.999966141965515,0.09701944664803828,3.379025404485167,-0.04730112598842543,RU,40.5,nM,dissociation,780.0,900.0
mAb-X-SCK,mAb-X,run-1,mAb-X-B1,B1-1631,1631.0,s,43.6938598219945,-0.35011889386621337,3.272589058020524,-0.1015225855491769,RU,40.5,nM,dissociation,780.0,900.0
mAb-X-SCK,mAb-X,run-1,mAb-X-B1,B1-1632,1632.0,s,43.91831737117228,0.2382634364463946,3.2838969141455907,0.1743113213869847,RU,40.5,nM,dissociation,780.0,900.0
mAb-X-SCK,mAb-X,run-1,mAb-X-B1,B1-1633,1633.0,s,43.78827590875452,-0.014496757854883108,3.2212256301721096,-0.02763351256571668,RU,40.5,nM,dissociation,780.0,900.0
mAb-X-SCK,mAb-X,run-1,mAb-X-B1,B1-1634,1634.0,s,43.95590615779666,-0.10058187133821794,3.2526718061209707,-0.048417956896097646,RU,40.5,nM,dissociation,780.0,900.0
mAb-X-SCK,mAb-X,run-1,mAb-X-B1,B1-1635,1635.0,s,43.69405119055006,0.18571858808629413,3.255837958835576,-0.36966218660818634,RU,40.5,nM,dissociation,780.0,900.0
mAb-X-SCK,mAb-X,run-1,mAb-X-B1,B1-1636,1636.0,s,43.59361106625442,-0.07957619471030015,3.3231854700332475,0.18334116580393653,RU,40.5,nM,dissociation,780.0,900.0
mAb-X-SCK,mAb-X,run-1,mAb-X-B1,B1-1637,1637.0,s,43.50628646680881,-0.04126629137779387,3.302667483628594,0.25675301079386675,RU,40.5,nM,dissociation,780.0,900.0
mAb-X-SCK,mAb-X,run-1,mAb-X-B1,B1-1638,1638.0,s,43.46191942239132,0.09574149717892633,3.272759793893161,-0.06872384830038365,RU,40.5,nM,dissociation,780.0,900.0
mAb-X-SCK,mAb-X,run-1,mAb-X-B1,B1-1639,1639.0,s,43.50818875763402,-0.04678135118281871,3.11906052290979,-0.028960518590226664,RU,40.5,nM,dissociation,780.0,900.0
mAb-X-SCK,mAb-X,run-1,mAb-X-B1,B1-1640,1640.0,s,43.616422607399485,-0.17475917775792627,3.5431358281591163,0.1993234061070416,RU,40.5,nM,dissociation,780.0,900.0
mAb-X-SCK,mAb-X,run-1,mAb-X-B1,B1-1641,1641.0,s,43.57356792891746,-0.17539904870552994,3.046607074053906,-0.05006576853315187,RU,40.5,nM,dissociation,780.0,900.0
mAb-X-SCK,mAb-X,run-1,mAb-X-B1,B1-1642,1642.0,s,43.40493507101995,-0.21398727073759014,3.214447627384754,0.09680216112533067,RU,40.5,nM,dissociation,780.0,900.0
mAb-X-SCK,mAb-X,run-1,mAb-X-B1,B1-1643,1643.0,s,43.58381246659454,0.12400080411014,3.216184448814526,0.26396600513930046,RU,40.5,nM,dissociation,780.0,900.0
mAb-X-SCK,mAb-X,run-1,mAb-X-B1,B1-1644,1644.0,s,43.53576192530559,-0.05803785341547653,3.443265621558147,-0.03223486934293856,RU,40.5,nM,dissociation,780.0,900.0
mAb-X-SCK,mAb-X,run-1,mAb-X-B1,B1-1645,1645.0,s,43.60783753644828,-0.03481967483155269,3.501515993324999,0.22308385511881465,RU,40.5,nM,dissociation,780.0,900.0
mAb-X-SCK,mAb-X,run-1,mAb-X-B1,B1-1646,1646.0,s,43.48223138795326,-0.03512678838828518,3.433876102628757,0.18458442940618502,RU,40.5,nM,dissociation,780.0,900.0
mAb-X-SCK,mAb-X,run-1,mAb-X-B1,B1-1647,1647.0,s,43.41115879903508,-0.024721063722336876,3.0773903277169694,0.05771966304329637,RU,40.5,nM,dissociation,780.0,900.0
mAb-X-SCK,mAb-X,run-1,mAb-X-B1,B1-1648,1648.0,s,43.59368227988753,-0.12635608857953864,3.197673575197361,-0.03285035519001107,RU,40.5,nM,dissociation,780.0,900.0
mAb-X-SCK,mAb-X,run-1,mAb-X-B1,B1-1649,1649.0,s,43.46614658746002,-0.10958970027568127,3.294100093350102,0.013578800988903681,RU,40.5,nM,dissociation,780.0,900.0
mAb-X-SCK,mAb-X,run-1,mAb-X-B1,B1-1650,1650.0,s,43.33419273258563,-0.1381893111810424,3.374961882182265,0.1502431420566463,RU,40.5,nM,dissociation,780.0,900.0
mAb-X-SCK,mAb-X,run-1,mAb-X-B1,B1-1651,1651.0,s,43.68544143483684,-0.04483146516834644,3.145799269933405,-0.073189892134506,RU,40.5,nM,dissociation,780.0,900.0
mAb-X-SCK,mAb-X,run-1,mAb-X-B1,B1-1652,1652.0,s,43.3308379840681,-0.05966374519099035,3.301110906925767,0.004572266948896492,RU,40.5,nM,dissociation,780.0,900.0
mAb-X-SCK,mAb-X,run-1,mAb-X-B1,B1-1653,1653.0,s,43.38727995010303,0.15727366883207697,3.2335533488978716,-0.015591037800176307,RU,40.5,nM,dissociation,780.0,900.0
mAb-X-SCK,mAb-X,run-1,mAb-X-B1,B1-1654,1654.0,s,43.23096171886119,-0.19037186228097977,3.3486624765274584,0.13375136124089426,RU,40.5,nM,dissociation,780.0,900.0
mAb-X-SCK,mAb-X,run-1,mAb-X-B1,B1-1655,1655.0,s,43.15248496494707,0.12022437695771279,3.2067378953887395,-0.17598737120630137,RU,40.5,nM,dissociation,780.0,900.0
mAb-X-SCK,mAb-X,run-1,mAb-X-B1,B1-1656,1656.0,s,43.38941681372247,-0.14760958880567887,3.185252411602077,-0.25390860747251837,RU,40.5,nM,dissociation,780.0,900.0
mAb-X-SCK,mAb-X,run-1,mAb-X-B1,B1-1657,1657.0,s,43.33992097610902,-0.3071439687611919,3.4623867535187953,-0.058660779139353116,RU,40.5,nM,dissociation,780.0,900.0
mAb-X-SCK,mAb-X,run-1,mAb-X-B1,B1-1658,1658.0,s,43.41641162988762,0.22253072484085964,3.4147501211671543,-0.10317096285224271,RU,40.5,nM,dissociation,780.0,900.0
mAb-X-SCK,mAb-X,run-1,mAb-X-B1,B1-1659,1659.0,s,43.101128072067944,0.1410588792468603,3.454415198589153,0.20977992297348164,RU,40.5,nM,dissociation,780.0,900.0
mAb-X-SCK,mAb-X,run-1,mAb-X-B1,B1-1660,1660.0,s,43.24623538399337,0.1578177704463351,3.449154267815113,-0.20175653956567258,RU,40.5,nM,dissociation,780.0,900.0
mAb-X-SCK,mAb-X,run-1,mAb-X-B1,B1-1661,1661.0,s,43.20736526601631,-0.21670402014038637,3.499725069092094,-0.059627664237557644,RU,40.5,nM,dissociation,780.0,900.0
mAb-X-SCK,mAb-X,run-1,mAb-X-B1,B1-1662,1662.0,s,43.22022728115007,-0.25575195412378376,3.290971922556709,-0.22304329771321682,RU,40.5,nM,dissociation,780.0,900.0
mAb-X-SCK,mAb-X,run-1,mAb-X-B1,B1-1663,1663.0,s,43.277919088752945,-0.09774689996725468,3.5064703632579928,0.014712197819603458,RU,40.5,nM,dissociation,780.0,900.0
mAb-X-SCK,mAb-X,run-1,mAb-X-B1,B1-1664,1664.0,s,42.96758276115536,0.06268091911452743,3.1926216043700504,-0.1569078105892124,RU,40.5,nM,dissociation,780.0,900.0
mAb-X-SCK,mAb-X,run-1,mAb-X-B1,B1-1665,1665.0,s,43.25846648339549,0.10402931958270699,3.373584860005404,0.17974702337580653,RU,40.5,nM,dissociation,780.0,900.0
mAb-X-SCK,mAb-X,run-1,mAb-X-B1,B1-1666,1666.0,s,43.33722589577359,0.3644626267240912,3.3655551588661683,-0.05969078262470977,RU,40.5,nM,dissociation,780.0,900.0
mAb-X-SCK,mAb-X,run-1,mAb-X-B1,B1-1667,1667.0,s,43.07306971416592,-0.06718844965779583,3.452716654976805,-0.07819817399095962,RU,40.5,nM,dissociation,780.0,900.0
mAb-X-SCK,mAb-X,run-1,mAb-X-B1,B1-1668,1668.0,s,43.1969155735081,0.025824600207024682,3.328099852261461,0.0671806988701241,RU,40.5,nM,dissociation,780.0,900.0
mAb-X-SCK,mAb-X,run-1,mAb-X-B1,B1-1669,1669.0,s,43.1489540852468,0.19094898590112738,3.301797312598278,0.23260558890683886,RU,40.5,nM,dissociation,780.0,900.0
mAb-X-SCK,mAb-X,run-1,mAb-X-B1,B1-1670,1670.0,s,43.1780750342659,0.01750970066204996,3.304771602370475,0.21022802752596972,RU,40.5,nM,dissociation,780.0,900.0
mAb-X-SCK,mAb-X,run-1,mAb-X-B1,B1-1671,1671.0,s,43.00340229298443,-0.16721419405077428,3.1875071265097974,0.008610960373804483,RU,40.5,nM,dissociation,780.0,900.0
mAb-X-SCK,mAb-X,run-1,mAb-X-B1,B1-1672,1672.0,s,43.23227650892948,0.13172503868799362,3.351788456724683,0.19349712787617704,RU,40.5,nM,dissociation,780.0,900.0
mAb-X-SCK,mAb-X,run-1,mAb-X-B1,B1-1673,1673.0,s,42.95174773605721,-0.1669620564377056,3.3169150778146457,-0.20688223889234705,RU,40.5,nM,dissociation,780.0,900.0
mAb-X-SCK,mAb-X,run-1,mAb-X-B1,B1-1674,1674.0,s,43.099935826706194,-0.11858407529611904,3.506516069752288,-0.0697940116005174,RU,40.5,nM,dissociation,780.0,900.0
mAb-X-SCK,mAb-X,run-1,mAb-X-B1,B1-1675,1675.0,s,42.9797372620706,0.17890539444892833,3.1316817737394786,0.0065655198814821595,RU,40.5,nM,dissociation,780.0,900.0
mAb-X-SCK,mAb-X,run-1,mAb-X-B1,B1-1676,1676.0,s,42.86891131386388,0.1717150979061266,3.2515241286946615,-0.02707789226545527,RU,40.5,nM,dissociation,780.0,900.0
mAb-X-SCK,mAb-X,run-1,mAb-X-B1,B1-1677,1677.0,s,43.3372340121768,-0.24606770309246678,3.35942289663137,0.11401209460617935,RU,40.5,nM,dissociation,780.0,900.0
mAb-X-SCK,mAb-X,run-1,mAb-X-B1,B1-1678,1678.0,s,42.99914825012578,0.11343566857911058,3.3211093878509637,0.03441559296630931,RU,40.5,nM,dissociation,780.0,900.0
mAb-X-SCK,mAb-X,run-1,mAb-X-B1,B1-1679,1679.0,s,42.833734355326094,-0.1514524981768973,3.334376000096965,-0.16439091495073563,RU,40.5,nM,dissociation,780.0,900.0
mAb-X-SCK,mAb-X,run-1,mAb-X-B1,B1-1680,1680.0,s,43.22439395301322,-0.04425948321527157,3.1649079832227374,0.008962471206797225,RU,40.5,nM,dissociation,780.0,900.0
mAb-X-SCK,mAb-X,run-1,mAb-X-B1,B1-1681,1681.0,s,42.783295132864126,-0.025817495768262068,3.5519948883307237,0.07640671581636926,RU,40.5,nM,dissociation,780.0,900.0
mAb-X-SCK,mAb-X,run-1,mAb-X-B1,B1-1682,1682.0,s,42.79258539510303,0.23289905030570457,3.534882168948308,-0.07161148123535178,RU,40.5,nM,dissociation,780.0,900.0
mAb-X-SCK,mAb-X,run-1,mAb-X-B1,B1-1683,1683.0,s,42.859147619134454,0.09491117305163921,3.401790475783515,-0.05402974509537072,RU,40.5,nM,dissociation,780.0,900.0
mAb-X-SCK,mAb-X,run-1,mAb-X-B1,B1-1684,1684.0,s,42.99917223616245,-0.06714163158885314,3.259991600988741,-0.007965692852786683,RU,40.5,nM,dissociation,780.0,900.0
mAb-X-SCK,mAb-X,run-1,mAb-X-B1,B1-1685,1685.0,s,42.87811302449755,-0.12544989424639874,3.4254473918036927,-0.024604788245265113,RU,40.5,nM,dissociation,780.0,900.0
mAb-X-SCK,mAb-X,run-1,mAb-X-B1,B1-1686,1686.0,s,42.8363588032849,0.1061762447657242,3.3857033410800974,0.08596152655968292,RU,40.5,nM,dissociation,780.0,900.0
mAb-X-SCK,mAb-X,run-1,mAb-X-B1,B1-1687,1687.0,s,43.041959668723365,-0.024611571306187522,3.390940726753334,0.07121652919934408,RU,40.5,nM,dissociation,780.0,900.0
mAb-X-SCK,mAb-X,run-1,mAb-X-B1,B1-1688,1688.0,s,43.11508661168853,0.064909429128408,3.3636465914158817,-0.2306052163216204,RU,40.5,nM,dissociation,780.0,900.0
mAb-X-SCK,mAb-X,run-1,mAb-X-B1,B1-1689,1689.0,s,42.596509388721564,0.2774471187867807,3.3760613233230137,0.17100424098433717,RU,40.5,nM,dissociation,780.0,900.0
mAb-X-SCK,mAb-X,run-1,mAb-X-B1,B1-1690,1690.0,s,42.54783928150971,-0.030531400825104964,3.668821115471261,0.14780181508663298,RU,40.5,nM,dissociation,780.0,900.0
mAb-X-SCK,mAb-X,run-1,mAb-X-B1,B1-1691,1691.0,s,42.68295851153097,-0.2875763090272117,3.3491169961782896,-0.053482214657715944,RU,40.5,nM,dissociation,780.0,900.0
mAb-X-SCK,mAb-X,run-1,mAb-X-B1,B1-1692,1692.0,s,42.588479241026,-0.09395006441633193,3.208885521747902,-0.005539553218947477,RU,40.5,nM,dissociation,780.0,900.0
mAb-X-SCK,mAb-X,run-1,mAb-X-B1,B1-1693,1693.0,s,42.56133466741405,-0.12841975227383015,3.155467767003348,0.05204169020023485,RU,40.5,nM,dissociation,780.0,900.0
mAb-X-SCK,mAb-X,run-1,mAb-X-B1,B1-1694,1694.0,s,42.48258083335161,0.09247185342902646,3.1977960150125546,0.006677744668430218,RU,40.5,nM,dissociation,780.0,900.0
mAb-X-SCK,mAb-X,run-1,mAb-X-B1,B1-1695,1695.0,s,42.677038128383664,-0.10049303696765378,3.4839767279295275,-0.1581089049486725,RU,40.5,nM,dissociation,780.0,900.0
mAb-X-SCK,mAb-X,run-1,mAb-X-B1,B1-1696,1696.0,s,42.47341921922122,-0.19194326915359514,3.368597261100695,-0.03317259757793226,RU,40.5,nM,dissociation,780.0,900.0
mAb-X-SCK,mAb-X,run-1,mAb-X-B1,B1-1697,1697.0,s,42.69834323883254,0.03926620993051669,3.36912129242738,-0.1113039346841854,RU,40.5,nM,dissociation,780.0,900.0
mAb-X-SCK,mAb-X,run-1,mAb-X-B1,B1-1698,1698.0,s,42.345048585808684,0.0017286908941659457,3.5601368864509646,0.007496615539759277,RU,40.5,nM,dissociation,780.0,900.0
mAb-X-SCK,mAb-X,run-1,mAb-X-B1,B1-1699,1699.0,s,42.56940012921219,-0.2607882744850529,3.497513452531792,-0.012736881743676919,RU,40.5,nM,dissociation,780.0,900.0
mAb-X-SCK,mAb-X,run-1,mAb-X-B1,B1-1700,1700.0,s,42.59020927877112,0.0175884075008524,3.392207833719609,0.06334268013514127,RU,40.5,nM,dissociation,780.0,900.0
mAb-X-SCK,mAb-X,run-1,mAb-X-B1,B1-1701,1701.0,s,42.44233005493907,-0.12815594015068407,3.242732983521808,-0.004376277987295514,RU,40.5,nM,dissociation,780.0,900.0
mAb-X-SCK,mAb-X,run-1,mAb-X-B1,B1-1702,1702.0,s,42.503868804001975,-0.00540648178256548,3.5562291724549464,-0.10469912555681889,RU,40.5,nM,dissociation,780.0,900.0
mAb-X-SCK,mAb-X,run-1,mAb-X-B1,B1-1703,1703.0,s,42.53428286451372,0.3315954217978714,3.4419636599078616,-0.10486810033294144,RU,40.5,nM,dissociation,780.0,900.0
mAb-X-SCK,mAb-X,run-1,mAb-X-B1,B1-1704,1704.0,s,42.34140567507353,-0.06700909951302228,3.520386462762212,-0.08936444500653724,RU,40.5,nM,dissociation,780.0,900.0
mAb-X-SCK,mAb-X,run-1,mAb-X-B1,B1-1705,1705.0,s,42.22824118459186,0.12661316486571858,3.3804617796206156,-0.09814036055380128,RU,40.5,nM,dissociation,780.0,900.0
mAb-X-SCK,mAb-X,run-1,mAb-X-B1,B1-1706,1706.0,s,42.23631216854428,-0.39194976611738613,3.2945111779614624,-0.08846041259922437,RU,40.5,nM,dissociation,780.0,900.0
mAb-X-SCK,mAb-X,run-1,mAb-X-B1,B1-1707,1707.0,s,42.165519538960716,0.019589799429144728,3.4465816983106308,-0.04599125789896814,RU,40.5,nM,dissociation,780.0,900.0
mAb-X-SCK,mAb-X,run-1,mAb-X-B1,B1-1708,1708.0,s,41.99875636448084,-0.1802531959990419,3.5260503960539133,-0.009280460548729304,RU,40.5,nM,dissociation,780.0,900.0
mAb-X-SCK,mAb-X,run-1,mAb-X-B1,B1-1709,1709.0,s,42.310660408351346,0.12524116492243986,3.347337806269991,-0.2144599040808484,RU,40.5,nM,dissociation,780.0,900.0
mAb-X-SCK,mAb-X,run-1,mAb-X-B1,B1-1710,1710.0,s,42.35008502368368,0.2392398800710377,3.5253470592639173,0.07519736776373759,RU,40.5,nM,dissociation,780.0,900.0
mAb-X-SCK,mAb-X,run-1,mAb-X-B1,B1-1711,1711.0,s,42.21326079540633,0.023520454046310972,3.207605100790743,0.06860709260916117,RU,40.5,nM,dissociation,780.0,900.0
mAb-X-SCK,mAb-X,run-1,mAb-X-B1,B1-1712,1712.0,s,42.70964030460201,-0.046673839693231696,3.761148000127366,-0.14134963298235176,RU,40.5,nM,dissociation,780.0,900.0
mAb-X-SCK,mAb-X,run-1,mAb-X-B1,B1-1713,1713.0,s,42.44864097668171,0.1691823687700593,3.4862847468077525,0.011729033691449517,RU,40.5,nM,dissociation,780.0,900.0
mAb-X-SCK,mAb-X,run-1,mAb-X-B1,B1-1714,1714.0,s,42.40750992215271,-0.07766617689739932,3.4977460088543184,-0.012897726757254433,RU,40.5,nM,dissociation,780.0,900.0
mAb-X-SCK,mAb-X,run-1,mAb-X-B1,B1-1715,1715.0,s,42.51353985142847,-0.18236684418029933,3.2896678173854084,-0.2803893508652917,RU,40.5,nM,dissociation,780.0,900.0
mAb-X-SCK,mAb-X,run-1,mAb-X-B1,B1-1716,1716.0,s,42.42536995153131,-0.07736352530645078,3.2601507774515963,-0.11289079873471845,RU,40.5,nM,dissociation,780.0,900.0
mAb-X-SCK,mAb-X,run-1,mAb-X-B1,B1-1717,1717.0,s,42.26822026695211,-0.07245678660371763,3.52841661572516,0.06254252303933457,RU,40.5,nM,dissociation,780.0,900.0
mAb-X-SCK,mAb-X,run-1,mAb-X-B1,B1-1718,1718.0,s,42.24940256024608,0.0028145618635650096,3.315480630606686,-0.03917912074906069,RU,40.5,nM,dissociation,780.0,900.0
mAb-X-SCK,mAb-X,run-1,mAb-X-B1,B1-1719,1719.0,s,42.09759518081419,-0.14309279691066545,3.5411488422492434,0.195918191004869,RU,40.5,nM,dissociation,780.0,900.0
mAb-X-SCK,mAb-X,run-1,mAb-X-B1,B1-1720,1720.0,s,41.99245897601437,0.10553269693905432,3.746842419034246,0.1688446036430663,RU,40.5,nM,dissociation,780.0,900.0
mAb-X-SCK,mAb-X,run-1,mAb-X-B1,B1-1721,1721.0,s,42.406996078196435,0.28769109604898807,3.1060266250014212,0.3670949157458898,RU,40.5,nM,dissociation,780.0,900.0
mAb-X-SCK,mAb-X,run-1,mAb-X-B1,B1-1722,1722.0,s,42.2556211860159,0.12180579316828591,3.3016320733967994,0.1263956198043997,RU,40.5,nM,dissociation,780.0,900.0
mAb-X-SCK,mAb-X,run-1,mAb-X-B1,B1-1723,1723.0,s,42.107126687396416,0.10580228722080162,3.2178118776716635,0.21408592524683132,RU,40.5,nM,dissociation,780.0,900.0
mAb-X-SCK,mAb-X,run-1,mAb-X-B1,B1-1724,1724.0,s,42.22457340139453,0.08251818084616616,3.263055929870026,0.13329407533004467,RU,40.5,nM,dissociation,780.0,900.0
mAb-X-SCK,mAb-X,run-1,mAb-X-B1,B1-1725,1725.0,s,42.44453551416619,0.016305751692659354,3.735262522838243,0.11841379878095593,RU,40.5,nM,dissociation,780.0,900.0
mAb-X-SCK,mAb-X,run-1,mAb-X-B1,B1-1726,1726.0,s,41.976212999316964,-0.2882405413468606,3.3702227874622843,-0.23493047322926436,RU,40.5,nM,dissociation,780.0,900.0
mAb-X-SCK,mAb-X,run-1,mAb-X-B1,B1-1727,1727.0,s,42.1432120939391,-0.3315084376012808,3.4855344872201828,-0.2139015937027526,RU,40.5,nM,dissociation,780.0,900.0
mAb-X-SCK,mAb-X,run-1,mAb-X-B1,B1-1728,1728.0,s,41.96336728588942,0.1841564431876437,3.6133606605746142,-0.07580676294160749,RU,40.5,nM,dissociation,780.0,900.0
mAb-X-SCK,mAb-X,run-1,mAb-X-B1,B1-1729,1729.0,s,41.8094480456772,0.11831584057788704,3.4092770234742575,-0.05476883235227902,RU,40.5,nM,dissociation,780.0,900.0
mAb-X-SCK,mAb-X,run-1,mAb-X-B1,B1-1730,1730.0,s,42.10812011597475,-0.11759702610219862,3.213075714958425,0.08347509289383916,RU,40.5,nM,dissociation,780.0,900.0
mAb-X-SCK,mAb-X,run-1,mAb-X-B1,B1-1731,1731.0,s,41.84013819764382,0.04773999555498632,3.4869184339155264,-0.11249894627265672,RU,40.5,nM,dissociation,780.0,900.0
mAb-X-SCK,mAb-X,run-1,mAb-X-B1,B1-1732,1732.0,s,42.01991653710305,-0.04034552118310987,3.4227028185965684,-0.07006919975164166,RU,40.5,nM,dissociation,780.0,900.0
mAb-X-SCK,mAb-X,run-1,mAb-X-B1,B1-1733,1733.0,s,41.933803606955784,0.06586508540279927,3.5193724933060624,0.11753267220949044,RU,40.5,nM,dissociation,780.0,900.0
mAb-X-SCK,mAb-X,run-1,mAb-X-B1,B1-1734,1734.0,s,41.9364196222044,-0.18679340761361637,3.6691385728349033,0.023788115923073568,RU,40.5,nM,dissociation,780.0,900.0
mAb-X-SCK,mAb-X,run-1,mAb-X-B1,B1-1735,1735.0,s,41.94256581168957,-0.12526697379943466,3.425639163081849,-0.15668211847926347,RU,40.5,nM,dissociation,780.0,900.0
mAb-X-SCK,mAb-X,run-1,mAb-X-B1,B1-1736,1736.0,s,42.06551129361469,-0.03224740319918542,3.2185691326365036,0.2419785530008687,RU,40.5,nM,dissociation,780.0,900.0
mAb-X-SCK,mAb-X,run-1,mAb-X-B1,B1-1737,1737.0,s,41.77607218928686,-0.16667930730001884,3.4879584369780314,-0.028812080411402305,RU,40.5,nM,dissociation,780.0,900.0
mAb-X-SCK,mAb-X,run-1,mAb-X-B1,B1-1738,1738.0,s,42.1471887102895,0.14136878254266647,3.60788634794192,-0.03813215690604382,RU,40.5,nM,dissociation,780.0,900.0
mAb-X-SCK,mAb-X,run-1,mAb-X-B1,B1-1739,1739.0,s,41.738305832335875,0.15218602494318592,3.5958725150528013,-0.07344239157477793,RU,40.5,nM,dissociation,780.0,900.0
mAb-X-SCK,mAb-X,run-1,mAb-X-B1,B1-1740,1740.0,s,41.753302007725104,0.07869756203095862,3.260665829216698,-0.12891307747507846,RU,40.5,nM,dissociation,780.0,900.0
mAb-X-SCK,mAb-X,run-1,mAb-X-B1,B1-1741,1741.0,s,41.821269267733946,-0.06762571321011876,3.531119492720568,-0.285838235473733,RU,40.5,nM,dissociation,780.0,900.0
mAb-X-SCK,mAb-X,run-1,mAb-X-B1,B1-1742,1742.0,s,41.799449550348776,0.07398983597404361,3.4885838749151383,-0.051127259939590594,RU,40.5,nM,dissociation,780.0,900.0
mAb-X-SCK,mAb-X,run-1,mAb-X-B1,B1-1743,1743.0,s,42.19922957499243,-0.09673536792821856,3.4393082768056797,0.016860870916711176,RU,40.5,nM,dissociation,780.0,900.0
mAb-X-SCK,mAb-X,run-1,mAb-X-B1,B1-1744,1744.0,s,41.80098414160241,0.21312381916725096,3.266200634227618,-0.13133764745461907,RU,40.5,nM,dissociation,780.0,900.0
mAb-X-SCK,mAb-X,run-1,mAb-X-B1,B1-1745,1745.0,s,41.760146846418145,0.07982133545384847,3.6117418686749057,0.15389953392205197,RU,40.5,nM,dissociation,780.0,900.0
mAb-X-SCK,mAb-X,run-1,mAb-X-B1,B1-1746,1746.0,s,41.608915948992504,-0.008889958826562731,3.87083644659211,-0.07856035894419393,RU,40.5,nM,dissociation,780.0,900.0
mAb-X-SCK,mAb-X,run-1,mAb-X-B1,B1-1747,1747.0,s,41.58075744519703,0.042479044461353345,3.1604690208997988,-0.23574801270366447,RU,40.5,nM,dissociation,780.0,900.0
mAb-X-SCK,mAb-X,run-1,mAb-X-B1,B1-1748,1748.0,s,41.767764551878926,-0.13793029690756886,3.3955808443642668,0.031035249627713417,RU,40.5,nM,dissociation,780.0,900.0
mAb-X-SCK,mAb-X,run-1,mAb-X-B1,B1-1749,1749.0,s,41.78707320399442,0.2946104175249374,3.7380616614493847,-0.0050907926300356515,RU,40.5,nM,dissociation,780.0,900.0
mAb-X-SCK,mAb-X,run-1,mAb-X-B1,B1-1750,1750.0,s,41.85556078382606,0.07321419637861788,3.595116556002325,0.008019203460974239,RU,40.5,nM,dissociation,780.0,900.0
mAb-X-SCK,mAb-X,run-1,mAb-X-B1,B1-1751,1751.0,s,41.91628359938488,-0.1085515073359,3.280757107117022,0.0825186805568677,RU,40.5,nM,dissociation,780.0,900.0
mAb-X-SCK,mAb-X,run-1,mAb-X-B1,B1-1752,1752.0,s,41.705134084405714,-0.0496647242852566,3.4991271507406787,0.05490769432721641,RU,40.5,nM,dissociation,780.0,900.0
mAb-X-SCK,mAb-X,run-1,mAb-X-B1,B1-1753,1753.0,s,41.461519383006085,0.02732173863558868,3.435599440929675,0.17290497920057116,RU,40.5,nM,dissociation,780.0,900.0
mAb-X-SCK,mAb-X,run-1,mAb-X-B1,B1-1754,1754.0,s,41.77298134180581,0.13162332865797838,3.44892130377466,-0.1052134455174409,RU,40.5,nM,dissociation,780.0,900.0
mAb-X-SCK,mAb-X,run-1,mAb-X-B1,B1-1755,1755.0,s,41.55052883840124,-0.09472002741000762,3.4076028949463995,-0.30348093613396854,RU,40.5,nM,dissociation,780.0,900.0
mAb-X-SCK,mAb-X,run-1,mAb-X-B1,B1-1756,1756.0,s,41.35635069298545,-0.1912806684266448,3.4217767811290507,0.054980965396615726,RU,40.5,nM,dissociation,780.0,900.0
mAb-X-SCK,mAb-X,run-1,mAb-X-B1,B1-1757,1757.0,s,41.51581285003489,-0.09278405816362124,3.378347666419465,-0.057189194422714015,RU,40.5,nM,dissociation,780.0,900.0
mAb-X-SCK,mAb-X,run-1,mAb-X-B1,B1-1758,1758.0,s,41.608268663537906,0.06649433794626401,3.783407984443296,0.14100900463324864,RU,40.5,nM,dissociation,780.0,900.0
mAb-X-SCK,mAb-X,run-1,mAb-X-B1,B1-1759,1759.0,s,41.399594309473514,0.2024129120897783,3.300959412511952,0.12971921903401828,RU,40.5,nM,dissociation,780.0,900.0
mAb-X-SCK,mAb-X,run-1,mAb-X-B1,B1-1760,1760.0,s,41.57616465160885,0.13682394951932128,3.3354046266322364,-0.10127121994079095,RU,40.5,nM,dissociation,780.0,900.0
mAb-X-SCK,mAb-X,run-1,mAb-X-B1,B1-1761,1761.0,s,41.68085452322908,-0.05313281440028154,3.5677929887945163,-0.36167131901956523,RU,40.5,nM,dissociation,780.0,900.0
mAb-X-SCK,mAb-X,run-1,mAb-X-B1,B1-1762,1762.0,s,41.34114113081259,-0.0903076849594342,3.390774306121829,0.00763940915698858,RU,40.5,nM,dissociation,780.0,900.0
mAb-X-SCK,mAb-X,run-1,mAb-X-B1,B1-1763,1763.0,s,41.16006993516526,-0.1427436639024921,3.690650166728972,0.16799810312182226,RU,40.5,nM,dissociation,780.0,900.0
mAb-X-SCK,mAb-X,run-1,mAb-X-B1,B1-1764,1764.0,s,41.548174181616986,0.006314538975619328,3.6455625149523483,0.17774297946871298,RU,40.5,nM,dissociation,780.0,900.0
mAb-X-SCK,mAb-X,run-1,mAb-X-B1,B1-1765,1765.0,s,41.44063469311801,0.0006129651325495837,3.716583587832901,-0.19297545416051146,RU,40.5,nM,dissociation,780.0,900.0
mAb-X-SCK,mAb-X,run-1,mAb-X-B1,B1-1766,1766.0,s,41.28218502005941,-0.37509574184157785,3.5281141544783745,-0.05222385475631739,RU,40.5,nM,dissociation,780.0,900.0
mAb-X-SCK,mAb-X,run-1,mAb-X-B1,B1-1767,1767.0,s,41.487038795446345,0.16436745521654558,3.605627427550869,-0.09944912636311856,RU,40.5,nM,dissociation,780.0,900.0
mAb-X-SCK,mAb-X,run-1,mAb-X-B1,B1-1768,1768.0,s,41.40904749603463,-0.07261904650164701,3.6566881444289194,0.00832861560487028,RU,40.5,nM,dissociation,780.0,900.0
mAb-X-SCK,mAb-X,run-1,mAb-X-B1,B1-1769,1769.0,s,41.35856041492863,0.11593406489206322,3.434841513102725,-0.10589762609726672,RU,40.5,nM,dissociation,780.0,900.0
mAb-X-SCK,mAb-X,run-1,mAb-X-B1,B1-1770,1770.0,s,41.39260974429661,0.003027489076715128,3.4290352242272637,-0.21487909001898153,RU,40.5,nM,dissociation,780.0,900.0
mAb-X-SCK,mAb-X,run-1,mAb-X-B1,B1-1771,1771.0,s,41.21106598894061,0.44716662335059726,3.4972732234413497,-0.15702392752200214,RU,40.5,nM,dissociation,780.0,900.0
mAb-X-SCK,mAb-X,run-1,mAb-X-B1,B1-1772,1772.0,s,41.28047070753993,-0.17952289303892316,3.6364853627819924,-0.2563925640196025,RU,40.5,nM,dissociation,780.0,900.0
mAb-X-SCK,mAb-X,run-1,mAb-X-B1,B1-1773,1773.0,s,41.381258746732286,0.27163484217125816,3.609497197039126,-0.007366423754234787,RU,40.5,nM,dissociation,780.0,900.0
mAb-X-SCK,mAb-X,run-1,mAb-X-B1,B1-1774,1774.0,s,41.22456457581297,0.014982949504844849,3.4576316070433473,-0.0032406864271897857,RU,40.5,nM,dissociation,780.0,900.0
mAb-X-SCK,mAb-X,run-1,mAb-X-B1,B1-1775,1775.0,s,41.2564883977369,0.12391109384734211,3.4097531248306123,0.13451751223900787,RU,40.5,nM,dissociation,780.0,900.0
mAb-X-SCK,mAb-X,run-1,mAb-X-B1,B1-1776,1776.0,s,41.521150803063584,0.057447082393974086,3.3147407398537942,0.12726550470551137,RU,40.5,nM,dissociation,780.0,900.0
mAb-X-SCK,mAb-X,run-1,mAb-X-B1,B1-1777,1777.0,s,41.11487883729344,-0.05728703398107734,3.7062411305011103,-0.0026865738044605926,RU,40.5,nM,dissociation,780.0,900.0
mAb-X-SCK,mAb-X,run-1,mAb-X-B1,B1-1778,1778.0,s,41.48049214327305,0.10255461661694325,3.757852588377613,0.1286363785393145,RU,40.5,nM,dissociation,780.0,900.0
mAb-X-SCK,mAb-X,run-1,mAb-X-B1,B1-1779,1779.0,s,41.2735753323538,-0.13167914221735783,3.84464779131658,0.12142911866186935,RU,40.5,nM,dissociation,780.0,900.0
mAb-X-SCK,mAb-X,run-1,mAb-X-B1,B1-1780,1780.0,s,41.17759499676272,0.05468777200077733,3.575827821031332,-0.18556701799728625,RU,40.5,nM,dissociation,780.0,900.0
mAb-X-SCK,mAb-X,run-1,mAb-X-B1,B1-1781,1781.0,s,41.05217382982327,-0.18107140435300292,3.4719870612195245,0.07878989304667143,RU,40.5,nM,dissociation,780.0,900.0
mAb-X-SCK,mAb-X,run-1,mAb-X-B1,B1-1782,1782.0,s,41.034822046931716,-0.27651328049059004,3.594845406596145,-0.1669676742905819,RU,40.5,nM,dissociation,780.0,900.0
mAb-X-SCK,mAb-X,run-1,mAb-X-B1,B1-1783,1783.0,s,40.803352178148586,0.09961494967571054,3.574320871271646,-0.11070704838752739,RU,40.5,nM,dissociation,780.0,900.0
mAb-X-SCK,mAb-X,run-1,mAb-X-B1,B1-1784,1784.0,s,41.29250414210019,-0.3392461864350414,3.257523232970393,-0.07956405305489733,RU,40.5,nM,dissociation,780.0,900.0
mAb-X-SCK,mAb-X,run-1,mAb-X-B1,B1-1785,1785.0,s,41.35423734285292,-0.13562267524991808,3.292222265037466,0.07997575075729951,RU,40.5,nM,dissociation,780.0,900.0
mAb-X-SCK,mAb-X,run-1,mAb-X-B1,B1-1786,1786.0,s,41.074970149882375,-0.21579607526908387,3.7675084430929933,0.2756909237490762,RU,40.5,nM,dissociation,780.0,900.0
mAb-X-SCK,mAb-X,run-1,mAb-X-B1,B1-1787,1787.0,s,41.09660502278522,-0.1453600866423151,3.5864072029931924,-0.16618654403522998,RU,40.5,nM,dissociation,780.0,900.0
mAb-X-SCK,mAb-X,run-1,mAb-X-B1,B1-1788,1788.0,s,41.00457177257487,0.059478206855421926,3.8993593979807244,-0.13856623183550032,RU,40.5,nM,dissociation,780.0,900.0
mAb-X-SCK,mAb-X,run-1,mAb-X-B1,B1-1789,1789.0,s,41.165180180076156,0.03337335534716358,3.4767002436879517,-0.17386727218127082,RU,40.5,nM,dissociation,780.0,900.0
mAb-X-SCK,mAb-X,run-1,mAb-X-B1,B1-1790,1790.0,s,40.90331575436235,-0.07352172276439811,3.632703915228923,-0.16724319818796335,RU,40.5,nM,dissociation,780.0,900.0
mAb-X-SCK,mAb-X,run-1,mAb-X-B1,B1-1791,1791.0,s,40.98230841769815,-0.13889246308520523,4.115119693866275,-0.035483213865911516,RU,40.5,nM,dissociation,780.0,900.0
mAb-X-SCK,mAb-X,run-1,mAb-X-B1,B1-1792,1792.0,s,41.17360741422202,0.18219312730726414,3.491395069014201,0.06090203225017771,RU,40.5,nM,dissociation,780.0,900.0
mAb-X-SCK,mAb-X,run-1,mAb-X-B1,B1-1793,1793.0,s,40.68337887475871,-0.030567953566081003,3.6067349877871204,-0.08335608822751078,RU,40.5,nM,dissociation,780.0,900.0
mAb-X-SCK,mAb-X,run-1,mAb-X-B1,B1-1794,1794.0,s,40.87775833743146,-0.3247482321380261,3.3798982843697645,-0.0012808282281983505,RU,40.5,nM,dissociation,780.0,900.0
mAb-X-SCK,mAb-X,run-1,mAb-X-B1,B1-1795,1795.0,s,41.12789047102465,0.13945808586988742,3.504887787288423,0.18290591030252476,RU,40.5,nM,dissociation,780.0,900.0
mAb-X-SCK,mAb-X,run-1,mAb-X-B1,B1-1796,1796.0,s,40.64082362352898,-0.32905045685998724,3.4254401200768227,0.007970042374369544,RU,40.5,nM,dissociation,780.0,900.0
mAb-X-SCK,mAb-X,run-1,mAb-X-B1,B1-1797,1797.0,s,40.998660355279796,-0.06362942735437493,3.4521517966533195,-0.0080128031553845,RU,40.5,nM,dissociation,780.0,900.0
mAb-X-SCK,mAb-X,run-1,mAb-X-B1,B1-1798,1798.0,s,41.12479631968369,-0.09685203154948965,3.765366433829544,-0.020578195532685722,RU,40.5,nM,dissociation,780.0,900.0
mAb-X-SCK,mAb-X,run-1,mAb-X-B1,B1-1799,1799.0,s,40.86158675816925,-0.016700737808375322,3.6945885904091025,0.019768757741338683,RU,40.5,nM,dissociation,780.0,900.0
mAb-X-SCK,mAb-X,run-1,mAb-X-B1,B1-1800,1800.0,s,41.04197003613694,0.327097748000571,3.182202935864626,-0.008821351140059422,RU,40.5,nM,dissociation,780.0,900.0
mAb-X-SCK,mAb-X,run-1,mAb-X-B1,B1-1801,1801.0,s,40.78939307936607,0.06698789783120396,3.9076458944774033,-0.1754076789222473,RU,40.5,nM,dissociation,780.0,900.0
mAb-X-SCK,mAb-X,run-1,mAb-X-B1,B1-1802,1802.0,s,41.04016823166021,0.0026908843526020315,3.6815126981096893,0.19688562083625544,RU,40.5,nM,dissociation,780.0,900.0
mAb-X-SCK,mAb-X,run-1,mAb-X-B1,B1-1803,1803.0,s,40.94417076565004,0.1665352414780413,3.474451337588461,0.15965279923554607,RU,40.5,nM,dissociation,780.0,900.0
mAb-X-SCK,mAb-X,run-1,mAb-X-B1,B1-1804,1804.0,s,40.72952684292038,0.19367267561802848,3.3087418303972824,0.14041176525371543,RU,40.5,nM,dissociation,780.0,900.0
mAb-X-SCK,mAb-X,run-1,mAb-X-B1,B1-1805,1805.0,s,40.703490999605485,-0.08423429329742953,3.7079355184941067,0.19598053986308833,RU,40.5,nM,dissociation,780.0,900.0
mAb-X-SCK,mAb-X,run-1,mAb-X-B1,B1-1806,1806.0,s,40.76225009143835,0.027658003933906963,3.4407012891057516,0.00954949296054093,RU,40.5,nM,dissociation,780.0,900.0
mAb-X-SCK,mAb-X,run-1,mAb-X-B1,B1-1807,1807.0,s,40.875515417632386,0.01005246238712396,3.6272901896053225,0.13857526524149621,RU,40.5,nM,dissociation,780.0,900.0
mAb-X-SCK,mAb-X,run-1,mAb-X-B1,B1-1808,1808.0,s,40.75639626670607,-0.16971638522397448,3.534267240159893,0.151678544921027,RU,40.5,nM,dissociation,780.0,900.0
mAb-X-SCK,mAb-X,run-1,mAb-X-B1,B1-1809,1809.0,s,40.39026262629898,0.10685196618322522,3.3340100591120123,-0.05060791392980825,RU,40.5,nM,dissociation,780.0,900.0
mAb-X-SCK,mAb-X,run-1,mAb-X-B1,B1-1810,1810.0,s,40.48314407302036,0.10349697583924607,3.623691236353099,0.012682664677534707,RU,40.5,nM,dissociation,780.0,900.0
mAb-X-SCK,mAb-X,run-1,mAb-X-B1,B1-1811,1811.0,s,40.717848444838076,0.1927649324300936,3.5826811530606304,-0.06562509146949791,RU,40.5,nM,dissociation,780.0,900.0
mAb-X-SCK,mAb-X,run-1,mAb-X-B1,B1-1812,1812.0,s,40.75427160579516,-0.1724776457882691,3.80479769990391,-0.2047424403292292,RU,40.5,nM,dissociation,780.0,900.0
mAb-X-SCK,mAb-X,run-1,mAb-X-B1,B1-1813,1813.0,s,40.67549020862885,0.11805343746072627,3.4791883219833823,0.1510410647022818,RU,40.5,nM,dissociation,780.0,900.0
mAb-X-SCK,mAb-X,run-1,mAb-X-B1,B1-1814,1814.0,s,40.74278318080098,-0.24901440127292082,3.5440716317024115,-0.1530774309601502,RU,40.5,nM,dissociation,780.0,900.0
mAb-X-SCK,mAb-X,run-1,mAb-X-B1,B1-1815,1815.0,s,40.69989946990049,-0.08775598562465887,3.408347243565272,-0.12750426700160622,RU,40.5,nM,dissociation,780.0,900.0
mAb-X-SCK,mAb-X,run-1,mAb-X-B1,B1-1816,1816.0,s,40.43285964344779,0.024123994007898723,3.6846644700831095,0.05776268849268641,RU,40.5,nM,dissociation,780.0,900.0
mAb-X-SCK,mAb-X,run-1,mAb-X-B1,B1-1817,1817.0,s,40.65269910901669,-0.06279865362970678,3.694301478465774,-0.09350877330889769,RU,40.5,nM,dissociation,780.0,900.0
mAb-X-SCK,mAb-X,run-1,mAb-X-B1,B1-1818,1818.0,s,40.79462265313047,0.30814487839266314,3.7361274957866475,0.2638450875407412,RU,40.5,nM,dissociation,780.0,900.0
mAb-X-SCK,mAb-X,run-1,mAb-X-B1,B1-1819,1819.0,s,40.577993162601246,0.2029737640889178,3.6615596009384173,0.02361027932526228,RU,40.5,nM,dissociation,780.0,900.0
mAb-X-SCK,mAb-X,run-1,mAb-X-B1,B1-1820,1820.0,s,40.64640757975596,-0.09056217176561268,3.696377999630562,0.12863714277545146,RU,40.5,nM,dissociation,780.0,900.0
mAb-X-SCK,mAb-X,run-1,mAb-X-B1,B1-1821,1821.0,s,40.2689004105083,0.09385934241777633,3.3585429837714047,-0.04234407172183773,RU,40.5,nM,dissociation,780.0,900.0
mAb-X-SCK,mAb-X,run-1,mAb-X-B1,B1-1822,1822.0,s,40.406172660375525,0.13200645408085646,3.6965726477811853,-0.1274998927393054,RU,40.5,nM,dissociation,780.0,900.0
mAb-X-SCK,mAb-X,run-1,mAb-X-B1,B1-1823,1823.0,s,40.60062136586867,0.4389736781321251,3.5926009668361982,-0.033895287704356986,RU,40.5,nM,dissociation,780.0,900.0
mAb-X-SCK,mAb-X,run-1,mAb-X-B1,B1-1824,1824.0,s,40.20519096083783,-0.02832574219652481,3.7806980393634144,-0.04236105951404254,RU,40.5,nM,dissociation,780.0,900.0
mAb-X-SCK,mAb-X,run-1,mAb-X-B1,B1-1825,1825.0,s,40.491312841439154,-0.03686270019845202,3.931705065139572,0.03888313081781609,RU,40.5,nM,dissociation,780.0,900.0
mAb-X-SCK,mAb-X,run-1,mAb-X-B1,B1-1826,1826.0,s,40.5174094267445,-0.2488151346055564,3.782897136914785,0.03152186940191759,RU,40.5,nM,dissociation,780.0,900.0
mAb-X-SCK,mAb-X,run-1,mAb-X-B1,B1-1827,1827.0,s,40.42027440434911,-0.06504906765397934,3.7166980314746105,0.22171159839832605,RU,40.5,nM,dissociation,780.0,900.0
mAb-X-SCK,mAb-X,run-1,mAb-X-B1,B1-1828,1828.0,s,40.48323668659636,0.03527148832764305,3.6579302507968627,0.12530969160887792,RU,40.5,nM,dissociation,780.0,900.0
mAb-X-SCK,mAb-X,run-1,mAb-X-B1,B1-1829,1829.0,s,40.65347398249704,0.319403628779635,3.569861109740762,0.0656143832634816,RU,40.5,nM,dissociation,780.0,900.0
mAb-X-SCK,mAb-X,run-1,mAb-X-B1,B1-1830,1830.0,s,40.35662038526168,0.08539572987524031,3.6286769627700073,-0.0020891206425924526,RU,40.5,nM,dissociation,780.0,900.0
mAb-X-SCK,mAb-X,run-1,mAb-X-B1,B1-1831,1831.0,s,40.25854965549083,-0.11029126805325741,3.642865902468117,-0.32871883177837646,RU,40.5,nM,dissociation,780.0,900.0
mAb-X-SCK,mAb-X,run-1,mAb-X-B1,B1-1832,1832.0,s,40.55326699396096,0.021279706960948705,3.71521752762712,0.013257529465444229,RU,40.5,nM,dissociation,780.0,900.0
mAb-X-SCK,mAb-X,run-1,mAb-X-B1,B1-1833,1833.0,s,40.37452151772791,0.2136929024275152,3.550297829990033,-0.17652798482150237,RU,40.5,nM,dissociation,780.0,900.0
mAb-X-SCK,mAb-X,run-1,mAb-X-B1,B1-1834,1834.0,s,40.51806684014042,-0.07504687321147911,3.8255877492241877,0.19963702660697086,RU,40.5,nM,dissociation,780.0,900.0
mAb-X-SCK,mAb-X,run-1,mAb-X-B1,B1-1835,1835.0,s,40.3468314554093,0.07856729725012244,3.8970457813231785,-0.3830032364680307,RU,40.5,nM,dissociation,780.0,900.0
mAb-X-SCK,mAb-X,run-1,mAb-X-B1,B1-1836,1836.0,s,40.367011265986484,0.218990101332283,3.8296163814746955,0.1736210015970586,RU,40.5,nM,dissociation,780.0,900.0
mAb-X-SCK,mAb-X,run-1,mAb-X-B1,B1-1837,1837.0,s,40.05598323012487,0.06878825250017523,3.722776814609849,0.08080876390153287,RU,40.5,nM,dissociation,780.0,900.0
mAb-X-SCK,mAb-X,run-1,mAb-X-B1,B1-1838,1838.0,s,40.39798900686204,0.16336226860587427,3.6554105292466326,-0.1916710192994277,RU,40.5,nM,dissociation,780.0,900.0
mAb-X-SCK,mAb-X,run-1,mAb-X-B1,B1-1839,1839.0,s,40.082576022432626,-0.11628030098404687,3.638269900258975,0.11744400873916304,RU,40.5,nM,dissociation,780.0,900.0
mAb-X-SCK,mAb-X,run-1,mAb-X-B1,B1-1840,1840.0,s,40.08383800648703,0.15005396304684784,3.5992148300377576,0.21477275047475247,RU,40.5,nM,dissociation,780.0,900.0
mAb-X-SCK,mAb-X,run-1,mAb-X-B1,B1-1841,1841.0,s,40.17102292186346,-0.19735040044881216,3.360173735723022,0.24023521126210393,RU,40.5,nM,dissociation,780.0,900.0
mAb-X-SCK,mAb-X,run-1,mAb-X-B1,B1-1842,1842.0,s,40.39797502062152,-0.11985025607487365,3.9401569821629954,0.14741734899045186,RU,40.5,nM,dissociation,780.0,900.0
mAb-X-SCK,mAb-X,run-1,mAb-X-B1,B1-1843,1843.0,s,40.15607246216867,-0.24239753828699312,3.4499765257738972,0.06761183760673325,RU,40.5,nM,dissociation,780.0,900.0
mAb-X-SCK,mAb-X,run-1,mAb-X-B1,B1-1844,1844.0,s,39.909162795372225,0.09335368592539053,3.6807588362634345,0.10449832221362744,RU,40.5,nM,dissociation,780.0,900.0
mAb-X-SCK,mAb-X,run-1,mAb-X-B1,B1-1845,1845.0,s,40.09339706445812,-0.10274568831177759,3.7876960923359575,0.13681615821092596,RU,40.5,nM,dissociation,780.0,900.0
mAb-X-SCK,mAb-X,run-1,mAb-X-B1,B1-1846,1846.0,s,40.080118432691016,-0.2287638849285877,3.916485298363026,-0.11053082338350036,RU,40.5,nM,dissociation,780.0,900.0
mAb-X-SCK,mAb-X,run-1,mAb-X-B1,B1-1847,1847.0,s,40.18518616616437,0.08477379589011286,3.7853929443569725,0.23493116717730186,RU,40.5,nM,dissociation,780.0,900.0
mAb-X-SCK,mAb-X,run-1,mAb-X-B1,B1-1848,1848.0,s,39.90370336504097,-0.026480036683482953,3.452095383296126,-0.07576547256367344,RU,40.5,nM,dissociation,780.0,900.0
mAb-X-SCK,mAb-X,run-1,mAb-X-B1,B1-1849,1849.0,s,39.93287278170243,0.13687071552055427,3.6525775052270926,-0.011244506724102226,RU,40.5,nM,dissociation,780.0,900.0
mAb-X-SCK,mAb-X,run-1,mAb-X-B1,B1-1850,1850.0,s,40.14414646916084,0.27238941945593537,3.6396468754685602,-0.11976850103147708,RU,40.5,nM,dissociation,780.0,900.0
mAb-X-SCK,mAb-X,run-1,mAb-X-B1,B1-1851,1851.0,s,39.6604668765704,0.03930514209460039,3.5254103061656976,0.13594084525890943,RU,40.5,nM,dissociation,780.0,900.0
mAb-X-SCK,mAb-X,run-1,mAb-X-B1,B1-1852,1852.0,s,39.935089063968874,-0.013097964566439904,3.772572642219136,0.040756055223267515,RU,40.5,nM,dissociation,780.0,900.0
mAb-X-SCK,mAb-X,run-1,mAb-X-B1,B1-1853,1853.0,s,40.0340859422754,0.15311941061989395,3.8806720224508218,-0.19687002203506626,RU,40.5,nM,dissociation,780.0,900.0
mAb-X-SCK,mAb-X,run-1,mAb-X-B1,B1-1854,1854.0,s,40.010653609549905,-0.07622676850460901,3.706778895858543,-0.14729786484070287,RU,40.5,nM,dissociation,780.0,900.0
mAb-X-SCK,mAb-X,run-1,mAb-X-B1,B1-1855,1855.0,s,39.92732566032102,0.04543764457711836,3.6535109990868,-0.12403413259501377,RU,40.5,nM,dissociation,780.0,900.0
mAb-X-SCK,mAb-X,run-1,mAb-X-B1,B1-1856,1856.0,s,39.6689768473563,0.02155194907687571,3.9451921286476854,0.009599483749156772,RU,40.5,nM,dissociation,780.0,900.0
mAb-X-SCK,mAb-X,run-1,mAb-X-B1,B1-1857,1857.0,s,40.16560673953668,0.10461533532847496,3.795263780893527,0.131256566181199,RU,40.5,nM,dissociation,780.0,900.0
mAb-X-SCK,mAb-X,run-1,mAb-X-B1,B1-1858,1858.0,s,39.930016821156485,0.25257235848366094,3.550999320235207,-0.10360732343694073,RU,40.5,nM,dissociation,780.0,900.0
mAb-X-SCK,mAb-X,run-1,mAb-X-B1,B1-1859,1859.0,s,40.01750008255013,-0.020750069103347993,3.5116435076037185,0.0947094357853508,RU,40.5,nM,dissociation,780.0,900.0
mAb-X-SCK,mAb-X,run-1,mAb-X-B1,B1-1860,1860.0,s,39.8006250460332,-0.15034184219027683,3.827170776315899,-0.262346612128004,RU,40.5,nM,dissociation,780.0,900.0
mAb-X-SCK,mAb-X,run-1,mAb-X-B1,B1-1861,1861.0,s,39.67034838538198,-0.2445058702046315,3.681299589569993,-0.14369568072979322,RU,40.5,nM,dissociation,780.0,900.0
mAb-X-SCK,mAb-X,run-1,mAb-X-B1,B1-1862,1862.0,s,39.90254113680551,-0.055485029141188996,3.6905983459601774,0.2200809070190925,RU,40.5,nM,dissociation,780.0,900.0
mAb-X-SCK,mAb-X,run-1,mAb-X-B1,B1-1863,1863.0,s,39.85256337632535,-0.07920060813340042,3.9541983504275873,-0.04860736355298319,RU,40.5,nM,dissociation,780.0,900.0
mAb-X-SCK,mAb-X,run-1,mAb-X-B1,B1-1864,1864.0,s,39.93539769025613,-0.04055923149816334,3.7801945906909804,0.2472860191993264,RU,40.5,nM,dissociation,780.0,900.0
mAb-X-SCK,mAb-X,run-1,mAb-X-B1,B1-1865,1865.0,s,39.91429770659475,0.0660097530772422,3.693540640462945,0.06241168792909338,RU,40.5,nM,dissociation,780.0,900.0
mAb-X-SCK,mAb-X,run-1,mAb-X-B1,B1-1866,1866.0,s,39.88983221803468,0.020352627069451006,3.5968934670536123,0.05016079905588401,RU,40.5,nM,dissociation,780.0,900.0
mAb-X-SCK,mAb-X,run-1,mAb-X-B1,B1-1867,1867.0,s,39.926461410013275,-0.022321428165033356,3.804523792511883,-0.05255332090830889,RU,40.5,nM,dissociation,780.0,900.0
mAb-X-SCK,mAb-X,run-1,mAb-X-B1,B1-1868,1868.0,s,39.47509024589558,0.28427779169124184,3.8732849636255593,0.04658389717473938,RU,40.5,nM,dissociation,780.0,900.0
mAb-X-SCK,mAb-X,run-1,mAb-X-B1,B1-1869,1869.0,s,39.77487856864758,0.11059453439270792,3.7784738284949757,-0.02156967183059837,RU,40.5,nM,dissociation,780.0,900.0
mAb-X-SCK,mAb-X,run-1,mAb-X-B1,B1-1870,1870.0,s,39.830770108200504,0.1485822745150338,3.979290296038364,0.07033637403005584,RU,40.5,nM,dissociation,780.0,900.0
mAb-X-SCK,mAb-X,run-1,mAb-X-B1,B1-1871,1871.0,s,39.81981546717712,-0.2894140948509715,3.8323011809819216,0.008637528653576658,RU,40.5,nM,dissociation,780.0,900.0
mAb-X-SCK,mAb-X,run-1,mAb-X-B1,B1-1872,1872.0,s,39.92923817680496,0.07460968600516578,3.6217137218129505,-0.12975120571200266,RU,40.5,nM,dissociation,780.0,900.0
mAb-X-SCK,mAb-X,run-1,mAb-X-B1,B1-1873,1873.0,s,39.76479145642248,-0.2619784471941534,3.9599909476381496,0.22904365834338114,RU,40.5,nM,dissociation,780.0,900.0
mAb-X-SCK,mAb-X,run-1,mAb-X-B1,B1-1874,1874.0,s,39.985838325244856,0.188809950482018,3.7381103470732473,0.043760747285899654,RU,40.5,nM,dissociation,780.0,900.0
mAb-X-SCK,mAb-X,run-1,mAb-X-B1,B1-1875,1875.0,s,39.676433119435714,0.18477245805091394,3.4005222610069272,-0.07751393596881646,RU,40.5,nM,dissociation,780.0,900.0
mAb-X-SCK,mAb-X,run-1,mAb-X-B1,B1-1876,1876.0,s,39.56699753714513,-0.03807541944262623,3.6820830955448254,-0.05198998659906101,RU,40.5,nM,dissociation,780.0,900.0
mAb-X-SCK,mAb-X,run-1,mAb-X-B1,B1-1877,1877.0,s,39.55252985845701,0.21876174428470277,3.773761916394193,-0.056792677728152115,RU,40.5,nM,dissociation,780.0,900.0
mAb-X-SCK,mAb-X,run-1,mAb-X-B1,B1-1878,1878.0,s,39.390931704561766,0.1102628942075275,3.7425792899433175,-0.018062344096962876,RU,40.5,nM,dissociation,780.0,900.0
mAb-X-SCK,mAb-X,run-1,mAb-X-B1,B1-1879,1879.0,s,39.76796004380239,0.027583675124709696,3.7967248972556518,0.037130184752230525,RU,40.5,nM,dissociation,780.0,900.0
mAb-X-SCK,mAb-X,run-1,mAb-X-B1,B1-1880,1880.0,s,39.304894904305634,-0.04770083000673387,3.589086127588087,-0.009589552737359914,RU,40.5,nM,dissociation,780.0,900.0
mAb-X-SCK,mAb-X,run-1,mAb-X-B1,B1-1881,1881.0,s,39.41606942074775,-0.09378007721554374,3.580595214548485,-0.003780855308208507,RU,40.5,nM,dissociation,780.0,900.0
mAb-X-SCK,mAb-X,run-1,mAb-X-B1,B1-1882,1882.0,s,39.589691833429995,-0.028952426841082034,3.8204799859916165,-0.06909703912482837,RU,40.5,nM,dissociation,780.0,900.0
mAb-X-SCK,mAb-X,run-1,mAb-X-B1,B1-1883,1883.0,s,39.52105524527226,-0.25216255692620343,3.8408006425233605,0.2151772982986685,RU,40.5,nM,dissociation,780.0,900.0
mAb-X-SCK,mAb-X,run-1,mAb-X-B1,B1-1884,1884.0,s,39.40980423655993,0.06104566877431196,3.3761359589628017,-0.18896245803884584,RU,40.5,nM,dissociation,780.0,900.0
mAb-X-SCK,mAb-X,run-1,mAb-X-B1,B1-1885,1885.0,s,39.71452511289604,0.19921900238002188,3.6176189100224425,-0.059928231979080065,RU,40.5,nM,dissociation,780.0,900.0
mAb-X-SCK,mAb-X,run-1,mAb-X-B1,B1-1886,1886.0,s,39.67265549841868,-0.17106006084756542,3.913433024977425,0.08386442036487042,RU,40.5,nM,dissociation,780.0,900.0
mAb-X-SCK,mAb-X,run-1,mAb-X-B1,B1-1887,1887.0,s,39.36600341605926,0.18262851751784562,3.6827688520114856,0.09505931326936,RU,40.5,nM,dissociation,780.0,900.0
mAb-X-SCK,mAb-X,run-1,mAb-X-B1,B1-1888,1888.0,s,39.3446347999808,-0.02007917688503688,3.9340839832704266,-0.05660326757769894,RU,40.5,nM,dissociation,780.0,900.0
mAb-X-SCK,mAb-X,run-1,mAb-X-B1,B1-1889,1889.0,s,39.517036235459535,0.23887577064262916,3.6976406339453844,-0.01432940072882185,RU,40.5,nM,dissociation,780.0,900.0
mAb-X-SCK,mAb-X,run-1,mAb-X-B1,B1-1890,1890.0,s,39.31127316322913,-0.0769208132582635,3.8210281464996028,0.10351626774415491,RU,40.5,nM,dissociation,780.0,900.0
mAb-X-SCK,mAb-X,run-1,mAb-X-B1,B1-1891,1891.0,s,39.38613361819699,0.1533343900925356,3.7875761384855493,0.07994247879857204,RU,40.5,nM,dissociation,780.0,900.0
mAb-X-SCK,mAb-X,run-1,mAb-X-B1,B1-1892,1892.0,s,39.45146572656337,0.05192695537510329,3.682815405764922,0.23834321186250937,RU,40.5,nM,dissociation,780.0,900.0
mAb-X-SCK,mAb-X,run-1,mAb-X-B1,B1-1893,1893.0,s,39.55801234615061,0.18124320307332054,3.651405376190071,-0.023179575187452287,RU,40.5,nM,dissociation,780.0,900.0
mAb-X-SCK,mAb-X,run-1,mAb-X-B1,B1-1894,1894.0,s,39.46362016499219,-0.14210418987167991,3.764786832343141,-0.011257394277974677,RU,40.5,nM,dissociation,780.0,900.0
mAb-X-SCK,mAb-X,run-1,mAb-X-B1,B1-1895,1895.0,s,39.372175980709684,-0.038881103689846215,3.8998014891538033,-0.2071249770971636,RU,40.5,nM,dissociation,780.0,900.0
mAb-X-SCK,mAb-X,run-1,mAb-X-B1,B1-1896,1896.0,s,39.4786042444125,-0.2365500910931208,3.6673663543554254,-0.1646628424384332,RU,40.5,nM,dissociation,780.0,900.0
mAb-X-SCK,mAb-X,run-1,mAb-X-B1,B1-1897,1897.0,s,39.21888815456371,-0.2970713788080341,3.9153522096137654,-0.011129014684596747,RU,40.5,nM,dissociation,780.0,900.0
mAb-X-SCK,mAb-X,run-1,mAb-X-B1,B1-1898,1898.0,s,39.32018842444793,0.003611786394246175,3.8046474408870234,-0.04504648200819668,RU,40.5,nM,dissociation,780.0,900.0
mAb-X-SCK,mAb-X,run-1,mAb-X-B1,B1-1899,1899.0,s,39.173463046952634,0.18154747406003932,3.88574605815528,0.18379642138491584,RU,40.5,nM,dissociation,780.0,900.0
mAb-X-SCK,mAb-X,run-1,mAb-X-B1,B1-1900,1900.0,s,39.2604137210518,-0.21133986404304766,3.791446608294774,0.1528143207242865,RU,40.5,nM,dissociation,780.0,900.0
mAb-X-SCK,mAb-X,run-1,mAb-X-B1,B1-1901,1901.0,s,39.25713592667609,-0.24736144451888534,3.7595896587176973,0.12457711229940903,RU,40.5,nM,dissociation,780.0,900.0
mAb-X-SCK,mAb-X,run-1,mAb-X-B1,B1-1902,1902.0,s,39.50683419651461,0.04092545641871179,3.553308922713344,0.2374154974447048,RU,40.5,nM,dissociation,780.0,900.0
mAb-X-SCK,mAb-X,run-1,mAb-X-B1,B1-1903,1903.0,s,39.28662278053546,-0.1022499500790074,3.8214486775018845,0.08778508602862416,RU,40.5,nM,dissociation,780.0,900.0
mAb-X-SCK,mAb-X,run-1,mAb-X-B1,B1-1904,1904.0,s,39.08665499208292,-0.2567557464215387,3.6992267249261874,0.12125844981120218,RU,40.5,nM,dissociation,780.0,900.0
mAb-X-SCK,mAb-X,run-1,mAb-X-B1,B1-1905,1905.0,s,39.2135916891991,0.22440135524477117,3.7898593253820727,0.12336122367727906,RU,40.5,nM,dissociation,780.0,900.0
mAb-X-SCK,mAb-X,run-1,mAb-X-B1,B1-1906,1906.0,s,39.04318902093892,-0.014877322829332263,3.743589096076049,-0.10449202685774343,RU,40.5,nM,dissociation,780.0,900.0
mAb-X-SCK,mAb-X,run-1,mAb-X-B1,B1-1907,1907.0,s,38.927839106604196,0.08382011409009861,3.5911028347320935,0.10097145580404264,RU,40.5,nM,dissociation,780.0,900.0
mAb-X-SCK,mAb-X,run-1,mAb-X-B1,B1-1908,1908.0,s,39.1024267043269,0.05396708900746276,3.9435848843216887,-0.2704986994943916,RU,40.5,nM,dissociation,780.0,900.0
mAb-X-SCK,mAb-X,run-1,mAb-X-B1,B1-1909,1909.0,s,39.07340708119563,-0.10255388437160183,3.5570505178533787,-0.18436832774777445,RU,40.5,nM,dissociation,780.0,900.0
mAb-X-SCK,mAb-X,run-1,mAb-X-B1,B1-1910,1910.0,s,39.073989463715186,0.23790452382252106,3.758387540973675,0.06867985289626997,RU,40.5,nM,dissociation,780.0,900.0
mAb-X-SCK,mAb-X,run-1,mAb-X-B1,B1-1911,1911.0,s,39.306398139640116,-0.17386982196389275,3.884041669472325,0.16898490654306964,RU,40.5,nM,dissociation,780.0,900.0
mAb-X-SCK,mAb-X,run-1,mAb-X-B1,B1-1912,1912.0,s,39.05905616744549,-0.1518926726851591,3.868932792488527,0.09167865305894406,RU,40.5,nM,dissociation,780.0,900.0
mAb-X-SCK,mAb-X,run-1,mAb-X-B1,B1-1913,1913.0,s,39.032305115189246,-0.161781222452292,3.668261972382437,0.2888164824826151,RU,40.5,nM,dissociation,780.0,900.0
mAb-X-SCK,mAb-X,run-1,mAb-X-B1,B1-1914,1914.0,s,38.836229863840494,-0.28330835512852115,3.737389076111674,0.09995418216879363,RU,40.5,nM,dissociation,780.0,900.0
mAb-X-SCK,mAb-X,run-1,mAb-X-B1,B1-1915,1915.0,s,39.059569913383356,-0.015657354318957248,3.7108189955543613,0.1440826078027213,RU,40.5,nM,dissociation,780.0,900.0
mAb-X-SCK,mAb-X,run-1,mAb-X-B1,B1-1916,1916.0,s,39.257273177858714,-0.10703370505935043,3.9479979054907552,0.4094207007012853,RU,40.5,nM,dissociation,780.0,900.0
mAb-X-SCK,mAb-X,run-1,mAb-X-B1,B1-1917,1917.0,s,38.79371033731405,-0.017943106474936212,3.5461047209723118,-0.029376501050332546,RU,40.5,nM,dissociation,780.0,900.0
mAb-X-SCK,mAb-X,run-1,mAb-X-B1,B1-1918,1918.0,s,38.68062790752998,0.17367057156388038,3.6110093002379093,0.001957943896703241,RU,40.5,nM,dissociation,780.0,900.0
mAb-X-SCK,mAb-X,run-1,mAb-X-B1,B1-1919,1919.0,s,39.04117240137297,-0.03837407041614339,3.7474535102700064,0.007074328902314355,RU,40.5,nM,dissociation,780.0,900.0
mAb-X-SCK,mAb-X,run-1,mAb-X-B1,B1-1920,1920.0,s,38.894954850647935,0.04043686688932072,3.6724810282583227,-0.20343236907375237,RU,40.5,nM,dissociation,780.0,900.0
mAb-X-SCK,mAb-X,run-1,mAb-X-B1,B1-1921,1921.0,s,38.98719885178736,0.050619435987898864,3.7244945827415883,0.1455731999217192,RU,40.5,nM,dissociation,780.0,900.0
mAb-X-SCK,mAb-X,run-1,mAb-X-B1,B1-1922,1922.0,s,38.79164917817355,-0.056323497284715564,3.6656520139360422,0.09585161579914594,RU,40.5,nM,dissociation,780.0,900.0
mAb-X-SCK,mAb-X,run-1,mAb-X-B1,B1-1923,1923.0,s,38.80027056896225,0.21351612332244904,3.754532722491153,-0.057743594906535925,RU,40.5,nM,dissociation,780.0,900.0
mAb-X-SCK,mAb-X,run-1,mAb-X-B1,B1-1924,1924.0,s,38.948450145323925,0.17462101120959314,3.8782133874642883,0.1578571039317391,RU,40.5,nM,dissociation,780.0,900.0
mAb-X-SCK,mAb-X,run-1,mAb-X-B1,B1-1925,1925.0,s,38.78957739643026,-0.04563202099618025,3.8117722135515435,0.08605209178733811,RU,40.5,nM,dissociation,780.0,900.0
mAb-X-SCK,mAb-X,run-1,mAb-X-B1,B1-1926,1926.0,s,38.910736560894065,0.231733082870674,3.9955407887367715,0.14816415716584735,RU,40.5,nM,dissociation,780.0,900.0
mAb-X-SCK,mAb-X,run-1,mAb-X-B1,B1-1927,1927.0,s,38.8856058904128,0.004316605445972928,3.787811869669625,0.03868413629551875,RU,40.5,nM,dissociation,780.0,900.0
mAb-X-SCK,mAb-X,run-1,mAb-X-B1,B1-1928,1928.0,s,38.54403924298842,0.057627440190871536,3.8938292169027777,0.1080303925311529,RU,40.5,nM,dissociation,780.0,900.0
mAb-X-SCK,mAb-X,run-1,mAb-X-B1,B1-1929,1929.0,s,38.52332273069212,-0.039844324144035,3.7745215419999454,0.10339805504290404,RU,40.5,nM,dissociation,780.0,900.0
mAb-X-SCK,mAb-X,run-1,mAb-X-B1,B1-1930,1930.0,s,38.81174004175376,0.2183477931654917,3.7275955655738264,0.23185745359750687,RU,40.5,nM,dissociation,780.0,900.0
mAb-X-SCK,mAb-X,run-1,mAb-X-B1,B1-1931,1931.0,s,38.82535557011591,-0.318295955910178,3.5827143157749948,0.051730441770191433,RU,40.5,nM,dissociation,780.0,900.0
mAb-X-SCK,mAb-X,run-1,mAb-X-B1,B1-1932,1932.0,s,38.54863238751153,0.2061013655457878,3.9308490313448488,-0.018490869505001138,RU,40.5,nM,dissociation,780.0,900.0
mAb-X-SCK,mAb-X,run-1,mAb-X-B1,B1-1933,1933.0,s,38.56746402510315,0.3352877079186892,4.247085202180545,-0.1457416506514566,RU,40.5,nM,dissociation,780.0,900.0
mAb-X-SCK,mAb-X,run-1,mAb-X-B1,B1-1934,1934.0,s,38.69551344913103,-0.013936387760401108,3.817554047747377,0.038590702776317105,RU,40.5,nM,dissociation,780.0,900.0
mAb-X-SCK,mAb-X,run-1,mAb-X-B1,B1-1935,1935.0,s,38.87508277537965,-0.285661503998443,3.900164745911601,0.14443527112218982,RU,40.5,nM,dissociation,780.0,900.0
mAb-X-SCK,mAb-X,run-1,mAb-X-B1,B1-1936,1936.0,s,38.86953334130802,-0.16583213031420369,3.9234646192276803,0.1100825139146626,RU,40.5,nM,dissociation,780.0,900.0
mAb-X-SCK,mAb-X,run-1,mAb-X-B1,B1-1937,1937.0,s,38.68798299621827,0.0017948934634708176,3.752246872611465,0.1228087529349585,RU,40.5,nM,dissociation,780.0,900.0
mAb-X-SCK,mAb-X,run-1,mAb-X-B1,B1-1938,1938.0,s,38.62315137594475,-0.08301707045489917,4.03000076825434,-0.03490037399685136,RU,40.5,nM,dissociation,780.0,900.0
mAb-X-SCK,mAb-X,run-1,mAb-X-B1,B1-1939,1939.0,s,38.67891165510302,-0.18283895644729778,3.984736733944722,-0.04506101601811883,RU,40.5,nM,dissociation,780.0,900.0
mAb-X-SCK,mAb-X,run-1,mAb-X-B1,B1-1940,1940.0,s,38.65321638188837,-0.19165736641864334,3.873534076825003,0.07443164450466082,RU,40.5,nM,dissociation,780.0,900.0
mAb-X-SCK,mAb-X,run-1,mAb-X-B1,B1-1941,1941.0,s,38.809208862964674,0.03885714238995332,3.861028143293092,0.058600014099730494,RU,40.5,nM,dissociation,780.0,900.0
mAb-X-SCK,mAb-X,run-1,mAb-X-B1,B1-1942,1942.0,s,38.70241483956594,-0.19103749160146874,3.7511779682265605,0.13149751050878042,RU,40.5,nM,dissociation,780.0,900.0
mAb-X-SCK,mAb-X,run-1,mAb-X-B1,B1-1943,1943.0,s,38.36578808968254,-0.1270461137262455,3.8211222732957943,0.0313555662101141,RU,40.5,nM,dissociation,780.0,900.0
mAb-X-SCK,mAb-X,run-1,mAb-X-B1,B1-1944,1944.0,s,38.49904751976486,-0.04128595467825259,3.9655955364224313,-0.05074613676056137,RU,40.5,nM,dissociation,780.0,900.0
mAb-X-SCK,mAb-X,run-1,mAb-X-B1,B1-1945,1945.0,s,38.84381775621111,-0.21937898420919422,3.8786622659156307,0.010781170305340461,RU,40.5,nM,dissociation,780.0,900.0
mAb-X-SCK,mAb-X,run-1,mAb-X-B1,B1-1946,1946.0,s,38.552199216955174,0.10486654473952753,3.638113811527884,-0.09394705397158241,RU,40.5,nM,dissociation,780.0,900.0
mAb-X-SCK,mAb-X,run-1,mAb-X-B1,B1-1947,1947.0,s,38.49499135120007,-0.026364671060130514,3.9680402904123455,-0.06304782525762237,RU,40.5,nM,dissociation,780.0,900.0
mAb-X-SCK,mAb-X,run-1,mAb-X-B1,B1-1948,1948.0,s,38.29269949630037,0.029071017509251527,3.787427620109037,-0.001727042672685047,RU,40.5,nM,dissociation,780.0,900.0
mAb-X-SCK,mAb-X,run-1,mAb-X-B1,B1-1949,1949.0,s,38.24370407279755,0.10360587321872768,3.6874884192832487,0.15804483103251063,RU,40.5,nM,dissociation,780.0,900.0
mAb-X-SCK,mAb-X,run-1,mAb-X-B1,B1-1950,1950.0,s,38.700909752506924,-0.10626617351456448,4.00892188259552,-0.14363987372932405,RU,40.5,nM,dissociation,780.0,900.0
mAb-X-SCK,mAb-X,run-1,mAb-X-B1,B1-1951,1951.0,s,38.55960818884468,0.17409673005425655,4.090901026224869,0.1082483841892674,RU,40.5,nM,dissociation,780.0,900.0
mAb-X-SCK,mAb-X,run-1,mAb-X-B1,B1-1952,1952.0,s,38.47990423580805,0.10768708671863005,4.032614916979944,-0.12253616898267317,RU,40.5,nM,dissociation,780.0,900.0
mAb-X-SCK,mAb-X,run-1,mAb-X-B1,B1-1953,1953.0,s,38.46017488734006,-0.06819349772417968,4.154387125752391,-0.015320581587648575,RU,40.5,nM,dissociation,780.0,900.0
mAb-X-SCK,mAb-X,run-1,mAb-X-B1,B1-1954,1954.0,s,38.39416243358028,0.013736970772496701,3.8456865620385337,-0.044169203518383514,RU,40.5,nM,dissociation,780.0,900.0
mAb-X-SCK,mAb-X,run-1,mAb-X-B1,B1-1955,1955.0,s,38.40202213254874,-0.1288651196532467,3.7068948375964945,-0.09412240732558107,RU,40.5,nM,dissociation,780.0,900.0
mAb-X-SCK,mAb-X,run-1,mAb-X-B1,B1-1956,1956.0,s,38.30275216042679,-0.05196024843415026,3.896984607511003,0.1310462674472227,RU,40.5,nM,dissociation,780.0,900.0
mAb-X-SCK,mAb-X,run-1,mAb-X-B1,B1-1957,1957.0,s,38.58462031173454,-0.29755397793648275,3.8972857059910955,-0.009492341645371117,RU,40.5,nM,dissociation,780.0,900.0
mAb-X-SCK,mAb-X,run-1,mAb-X-B1,B1-1958,1958.0,s,38.25784886483798,0.0671767001027278,3.5822853190374633,-0.147428896323778,RU,40.5,nM,dissociation,780.0,900.0
mAb-X-SCK,mAb-X,run-1,mAb-X-B1,B1-1959,1959.0,s,38.18164169826818,-0.058989282803440415,4.080050906163988,-0.07820944293651814,RU,40.5,nM,dissociation,780.0,900.0
mAb-X-SCK,mAb-X,run-1,mAb-X-B1,B1-1960,1960.0,s,38.158165237748065,0.04335328944992919,4.04895398399925,-0.04422209525993691,RU,40.5,nM,dissociation,780.0,900.0
mAb-X-SCK,mAb-X,run-1,mAb-X-B1,B1-1961,1961.0,s,38.317681043146976,-0.08778171956482682,3.910356791307439,0.019991039376330438,RU,40.5,nM,dissociation,780.0,900.0
mAb-X-SCK,mAb-X,run-1,mAb-X-B1,B1-1962,1962.0,s,38.37383438238112,0.07704358961895795,3.811199284181758,-0.055783783024533115,RU,40.5,nM,dissociation,780.0,900.0
mAb-X-SCK,mAb-X,run-1,mAb-X-B1,B1-1963,1963.0,s,38.15325182409342,-0.07686477843952579,3.9412261786508664,-0.3207314902155021,RU,40.5,nM,dissociation,780.0,900.0
mAb-X-SCK,mAb-X,run-1,mAb-X-B1,B1-1964,1964.0,s,38.14903308457224,-0.2294866069128087,3.9082678189720235,0.24042333518321213,RU,40.5,nM,dissociation,780.0,900.0
mAb-X-SCK,mAb-X,run-1,mAb-X-B1,B1-1965,1965.0,s,38.26533299399008,-0.15874291012400893,3.93899051468405,-0.06989770543542083,RU,40.5,nM,dissociation,780.0,900.0
mAb-X-SCK,mAb-X,run-1,mAb-X-B1,B1-1966,1966.0,s,37.935980817006666,-0.13817977630318212,3.9903964202863205,0.42299764038582083,RU,40.5,nM,dissociation,780.0,900.0
mAb-X-SCK,mAb-X,run-1,mAb-X-B1,B1-1967,1967.0,s,38.126435439318215,0.04088920816485453,3.9877745902523825,-0.1311074666891415,RU,40.5,nM,dissociation,780.0,900.0
mAb-X-SCK,mAb-X,run-1,mAb-X-B1,B1-1968,1968.0,s,38.04061076136655,0.06109884370051296,3.8378998269737985,-0.06625911857802268,RU,40.5,nM,dissociation,780.0,900.0
mAb-X-SCK,mAb-X,run-1,mAb-X-B1,B1-1969,1969.0,s,38.11224626443202,-0.07221866474084383,3.956689710344547,-0.03759814138510362,RU,40.5,nM,dissociation,780.0,900.0
mAb-X-SCK,mAb-X,run-1,mAb-X-B1,B1-1970,1970.0,s,38.3665051351621,0.12124692827246365,4.024546190947392,-0.10167091424421874,RU,40.5,nM,dissociation,780.0,900.0
mAb-X-SCK,mAb-X,run-1,mAb-X-B1,B1-1971,1971.0,s,37.93732278949114,-0.09536548001139798,3.884919137720104,-0.14074079337163567,RU,40.5,nM,dissociation,780.0,900.0
mAb-X-SCK,mAb-X,run-1,mAb-X-B1,B1-1972,1972.0,s,38.25084098924277,0.0691830261914759,3.972996756296684,0.021408335876919055,RU,40.5,nM,dissociation,780.0,900.0
mAb-X-SCK,mAb-X,run-1,mAb-X-B1,B1-1973,1973.0,s,37.985271607958104,-0.06449680009790826,3.580263577380058,0.06062064288164038,RU,40.5,nM,dissociation,780.0,900.0
mAb-X-SCK,mAb-X,run-1,mAb-X-B1,B1-1974,1974.0,s,38.13879562479462,0.14303314930612873,4.095483972713158,-0.0538924038812414,RU,40.5,nM,dissociation,780.0,900.0
mAb-X-SCK,mAb-X,run-1,mAb-X-B1,B1-1975,1975.0,s,38.031989205168124,0.035898209425904486,3.988416433233098,0.4378065349638524,RU,40.5,nM,dissociation,780.0,900.0
mAb-X-SCK,mAb-X,run-1,mAb-X-B1,B1-1976,1976.0,s,37.82165828268231,0.0564992073854404,4.246827492427179,0.14983980014947013,RU,40.5,nM,dissociation,780.0,900.0
mAb-X-SCK,mAb-X,run-1,mAb-X-B1,B1-1977,1977.0,s,38.10279027813734,-0.0661170842914906,3.9164760478396192,0.31436928088715005,RU,40.5,nM,dissociation,780.0,900.0
mAb-X-SCK,mAb-X,run-1,mAb-X-B1,B1-1978,1978.0,s,38.08675102962823,0.11965692767038501,3.900722411321336,0.08731964524787676,RU,40.5,nM,dissociation,780.0,900.0
mAb-X-SCK,mAb-X,run-1,mAb-X-B1,B1-1979,1979.0,s,37.849068869747974,-0.1829456926611301,3.980091035054249,-0.14868550088228114,RU,40.5,nM,dissociation,780.0,900.0
mAb-X-SCK,mAb-X,run-1,mAb-X-B1,B1-1980,1980.0,s,38.16731329503541,0.053484807932062874,3.9148003958563478,-0.0037146121631003214,RU,40.5,nM,dissociation,780.0,900.0
mAb-X-SCK,mAb-X,run-1,mAb-X-B1,B1-1981,1981.0,s,38.08906870147184,0.20181593430989017,4.177964523870601,-0.05166681562731707,RU,40.5,nM,dissociation,780.0,900.0
mAb-X-SCK,mAb-X,run-1,mAb-X-B1,B1-1982,1982.0,s,37.70977652327686,-0.051405714060913675,3.9319562405867456,-0.20781442759276916,RU,40.5,nM,dissociation,780.0,900.0
mAb-X-SCK,mAb-X,run-1,mAb-X-B1,B1-1983,1983.0,s,38.09532414553756,0.06487944393851607,4.1681653970441035,-0.24924661379040908,RU,40.5,nM,dissociation,780.0,900.0
mAb-X-SCK,mAb-X,run-1,mAb-X-B1,B1-1984,1984.0,s,37.943692075593454,-0.1868475777060413,3.8486142078643337,0.033124927586393196,RU,40.5,nM,dissociation,780.0,900.0
mAb-X-SCK,mAb-X,run-1,mAb-X-B1,B1-1985,1985.0,s,38.015579297252536,-0.044196812555532365,4.156780931101677,-0.13145295044100158,RU,40.5,nM,dissociation,780.0,900.0
mAb-X-SCK,mAb-X,run-1,mAb-X-B1,B1-1986,1986.0,s,38.11170080809262,0.012433086041315542,3.918850272801483,-0.03560481685350716,RU,40.5,nM,dissociation,780.0,900.0
mAb-X-SCK,mAb-X,run-1,mAb-X-B1,B1-1987,1987.0,s,38.07294167693994,-0.0005843060401444269,3.948907184622924,-0.05652364407076137,RU,40.5,nM,dissociation,780.0,900.0
mAb-X-SCK,mAb-X,run-1,mAb-X-B1,B1-1988,1988.0,s,37.85415590221423,0.15425401465508246,4.0334884633262895,0.044129009773096,RU,40.5,nM,dissociation,780.0,900.0
mAb-X-SCK,mAb-X,run-1,mAb-X-B1,B1-1989,1989.0,s,37.76640886803755,-0.12331186750503048,4.066445552497072,-0.0485737144270626,RU,40.5,nM,dissociation,780.0,900.0
mAb-X-SCK,mAb-X,run-1,mAb-X-B1,B1-1990,1990.0,s,37.90825357859701,0.059199516712164904,3.807422269228686,-0.025884234462025982,RU,40.5,nM,dissociation,780.0,900.0
mAb-X-SCK,mAb-X,run-1,mAb-X-B1,B1-1991,1991.0,s,37.66265752187548,0.011514086582006203,3.700903510221433,0.13831238862694126,RU,40.5,nM,dissociation,780.0,900.0
mAb-X-SCK,mAb-X,run-1,mAb-X-B1,B1-1992,1992.0,s,37.94632709013712,-0.2051096789533133,4.28602562522156,0.009579468343819229,RU,40.5,nM,dissociation,780.0,900.0
mAb-X-SCK,mAb-X,run-1,mAb-X-B1,B1-1993,1993.0,s,37.95280564974009,0.21509296628234428,4.010601851200847,0.00838969383573476,RU,40.5,nM,dissociation,780.0,900.0
mAb-X-SCK,mAb-X,run-1,mAb-X-B1,B1-1994,1994.0,s,37.880754223758366,-0.19138238337376412,3.959808981483791,-0.13574163734443406,RU,40.5,nM,dissociation,780.0,900.0
mAb-X-SCK,mAb-X,run-1,mAb-X-B1,B1-1995,1995.0,s,37.978026067156186,0.09934508490969171,3.9045926846977275,0.17965634873628514,RU,40.5,nM,dissociation,780.0,900.0
mAb-X-SCK,mAb-X,run-1,mAb-X-B1,B1-1996,1996.0,s,38.01342622868328,0.09134179764519565,4.230426309661433,0.33330174189379125,RU,40.5,nM,dissociation,780.0,900.0
mAb-X-SCK,mAb-X,run-1,mAb-X-B1,B1-1997,1997.0,s,37.780522125002605,-0.13671632309813822,3.9824578344233172,0.1177568862153699,RU,40.5,nM,dissociation,780.0,900.0
mAb-X-SCK,mAb-X,run-1,mAb-X-B1,B1-1998,1998.0,s,37.70217680575006,-0.0776354870223415,4.113986929586367,-0.05747268270355281,RU,40.5,nM,dissociation,780.0,900.0
mAb-X-SCK,mAb-X,run-1,mAb-X-B1,B1-1999,1999.0,s,37.65811870578458,-0.020013785933297137,3.9057280987094964,0.10689034120777922,RU,40.5,nM,dissociation,780.0,900.0
mAb-X-SCK,mAb-X,run-1,mAb-X-B1,B1-2000,2000.0,s,37.771734747807734,0.048514716526649716,3.934678902819182,-0.09428629967153651,RU,40.5,nM,dissociation,780.0,900.0
mAb-X-SCK,mAb-X,run-1,mAb-X-B1,B1-2001,2001.0,s,37.65256644927009,-0.23797407800052736,4.206018270852414,-0.08571321659699778,RU,40.5,nM,dissociation,780.0,900.0
mAb-X-SCK,mAb-X,run-1,mAb-X-B1,B1-2002,2002.0,s,37.61919757442314,0.0829753909466621,4.125561951573444,0.09177435569866486,RU,40.5,nM,dissociation,780.0,900.0
mAb-X-SCK,mAb-X,run-1,mAb-X-B1,B1-2003,2003.0,s,37.497908389526515,-0.34145205579317023,3.853086971473052,0.2957981109384257,RU,40.5,nM,dissociation,780.0,900.0
mAb-X-SCK,mAb-X,run-1,mAb-X-B1,B1-2004,2004.0,s,37.477514210662626,0.24031963962282774,3.8457015892650457,-0.18054852659830894,RU,40.5,nM,dissociation,780.0,900.0
mAb-X-SCK,mAb-X,run-1,mAb-X-B1,B1-2005,2005.0,s,37.564282370211274,0.22335309655220306,4.009664825322179,0.1590914666269492,RU,40.5,nM,dissociation,780.0,900.0
mAb-X-SCK,mAb-X,run-1,mAb-X-B1,B1-2006,2006.0,s,37.6443262503879,0.09710177030942425,4.165333856788429,-0.13840880349547124,RU,40.5,nM,dissociation,780.0,900.0
mAb-X-SCK,mAb-X,run-1,mAb-X-B1,B1-2007,2007.0,s,37.565468949099106,-0.09123219124187691,4.036890302415838,-0.30439160188240294,RU,40.5,nM,dissociation,780.0,900.0
mAb-X-SCK,mAb-X,run-1,mAb-X-B1,B1-2008,2008.0,s,37.361789817374245,0.04615680101244877,4.2299852322669995,-0.11736740795688239,RU,40.5,nM,dissociation,780.0,900.0
mAb-X-SCK,mAb-X,run-1,mAb-X-B1,B1-2009,2009.0,s,37.730263772371124,0.0566403827611011,3.8440876439824505,0.20341071406653902,RU,40.5,nM,dissociation,780.0,900.0
mAb-X-SCK,mAb-X,run-1,mAb-X-B1,B1-2010,2010.0,s,37.52912231577009,-0.21066783163954278,4.022428472707639,0.10665347494472116,RU,40.5,nM,dissociation,780.0,900.0
mAb-X-SCK,mAb-X,run-1,mAb-X-B1,B1-2011,2011.0,s,37.49951522366672,-0.045259262370497266,3.9873506328708372,-0.11876524098241954,RU,40.5,nM,dissociation,780.0,900.0
mAb-X-SCK,mAb-X,run-1,mAb-X-B1,B1-2012,2012.0,s,37.51039814208024,0.15537615307194547,4.1645909920337685,0.06905192187821292,RU,40.5,nM,dissociation,780.0,900.0
mAb-X-SCK,mAb-X,run-1,mAb-X-B1,B1-2013,2013.0,s,37.553158212933056,-0.03704403797385171,4.271597931622519,0.07512196525867022,RU,40.5,nM,dissociation,780.0,900.0
mAb-X-SCK,mAb-X,run-1,mAb-X-B1,B1-2014,2014.0,s,37.38968691786537,-0.18446805964751053,4.017086622369014,0.00976150785147912,RU,40.5,nM,dissociation,780.0,900.0
mAb-X-SCK,mAb-X,run-1,mAb-X-B1,B1-2015,2015.0,s,37.456828147921144,0.0930325981278511,3.786995514004184,-0.03780710162113995,RU,40.5,nM,dissociation,780.0,900.0
mAb-X-SCK,mAb-X,run-1,mAb-X-B1,B1-2016,2016.0,s,37.65776536586574,-0.0864195518309111,3.898659636249074,0.09086415644781944,RU,40.5,nM,dissociation,780.0,900.0
mAb-X-SCK,mAb-X,run-1,mAb-X-B1,B1-2017,2017.0,s,37.399208467947616,-0.00388988641412803,4.163798759334589,0.03492798003402999,RU,40.5,nM,dissociation,780.0,900.0
mAb-X-SCK,mAb-X,run-1,mAb-X-B1,B1-2018,2018.0,s,37.71885687738506,0.0042272796731564755,3.973000428388362,0.22900333368065195,RU,40.5,nM,dissociation,780.0,900.0
mAb-X-SCK,mAb-X,run-1,mAb-X-B1,B1-2019,2019.0,s,37.181095302265355,0.1604704038883366,4.193022101969954,-0.20545670110911268,RU,40.5,nM,dissociation,780.0,900.0
mAb-X-SCK,mAb-X,run-1,mAb-X-B1,B1-2020,2020.0,s,37.38363429757684,-0.11395907931325142,3.9421061539571576,0.024063727817428545,RU,40.5,nM,dissociation,780.0,900.0
mAb-X-SCK,mAb-X,run-1,mAb-X-B1,B1-2021,2021.0,s,37.66849608653207,-0.0686450283871061,3.9315440371755757,0.15669038323792653,RU,40.5,nM,dissociation,780.0,900.0
mAb-X-SCK,mAb-X,run-1,mAb-X-B1,B1-2022,2022.0,s,37.230597173198284,-0.017112134122433915,4.121406490926623,-0.10906159043308197,RU,40.5,nM,dissociation,780.0,900.0
mAb-X-SCK,mAb-X,run-1,mAb-X-B1,B1-2023,2023.0,s,37.323238884791,-0.19807811283346272,4.007590704873941,-0.21921469746463954,RU,40.5,nM,dissociation,780.0,900.0
mAb-X-SCK,mAb-X,run-1,mAb-X-B1,B1-2024,2024.0,s,37.08272235466439,0.05449432592766346,4.137379563767698,-0.11703681727014298,RU,40.5,nM,dissociation,780.0,900.0
mAb-X-SCK,mAb-X,run-1,mAb-X-B1,B1-2025,2025.0,s,37.181068039810135,-0.16372147964111455,4.043204233793183,0.09562178714630412,RU,40.5,nM,dissociation,780.0,900.0
mAb-X-SCK,mAb-X,run-1,mAb-X-B1,B1-2026,2026.0,s,37.42176435826201,-0.17237379435129904,3.9263216523008033,0.09843833969682246,RU,40.5,nM,dissociation,780.0,900.0
mAb-X-SCK,mAb-X,run-1,mAb-X-B1,B1-2027,2027.0,s,37.30139781371833,-0.005195053516112631,4.017402816129279,0.05193282646862689,RU,40.5,nM,dissociation,780.0,900.0
mAb-X-SCK,mAb-X,run-1,mAb-X-B1,B1-2028,2028.0,s,37.24681163956445,0.06639911119345264,4.074435804481835,-0.17425305889030376,RU,40.5,nM,dissociation,780.0,900.0
mAb-X-SCK,mAb-X,run-1,mAb-X-B1,B1-2029,2029.0,s,37.21961823144431,-0.09806362147766495,3.946477061445147,0.014711998624024343,RU,40.5,nM,dissociation,780.0,900.0
mAb-X-SCK,mAb-X,run-1,mAb-X-B1,B1-2030,2030.0,s,37.354764967695935,-0.2058125654693235,4.151695680733718,-0.16852439397997476,RU,40.5,nM,dissociation,780.0,900.0
mAb-X-SCK,mAb-X,run-1,mAb-X-B1,B1-2031,2031.0,s,37.2060845368235,-0.15435293078092366,4.247820775142192,-0.06284104992058494,RU,40.5,nM,dissociation,780.0,900.0
mAb-X-SCK,mAb-X,run-1,mAb-X-B1,B1-2032,2032.0,s,37.05147213276534,-0.06461327432848485,4.2835210060219815,0.026513128012265425,RU,40.5,nM,dissociation,780.0,900.0
mAb-X-SCK,mAb-X,run-1,mAb-X-B1,B1-2033,2033.0,s,37.20238014459409,0.0025338094741737876,4.161898004497071,-0.12240430692338881,RU,40.5,nM,dissociation,780.0,900.0
mAb-X-SCK,mAb-X,run-1,mAb-X-B1,B1-2034,2034.0,s,37.19414929254873,0.031265062954545605,4.00793048988598,0.013523691657673287,RU,40.5,nM,dissociation,780.0,900.0
mAb-X-SCK,mAb-X,run-1,mAb-X-B1,B1-2035,2035.0,s,37.08789882572882,0.049797788289633,3.92900428086054,-0.12467583639973893,RU,40.5,nM,dissociation,780.0,900.0
mAb-X-SCK,mAb-X,run-1,mAb-X-B1,B1-2036,2036.0,s,36.92440578604173,0.1372805664227756,4.051810268410565,0.1964722457820389,RU,40.5,nM,dissociation,780.0,900.0
mAb-X-SCK,mAb-X,run-1,mAb-X-B1,B1-2037,2037.0,s,37.1863193497054,-0.061312193836717724,3.8330777014990813,0.01594352205976428,RU,40.5,nM,dissociation,780.0,900.0
mAb-X-SCK,mAb-X,run-1,mAb-X-B1,B1-2038,2038.0,s,36.86604072477768,-0.3300515503816118,4.13193261600362,0.13942252859704307,RU,40.5,nM,dissociation,780.0,900.0
mAb-X-SCK,mAb-X,run-1,mAb-X-B1,B1-2039,2039.0,s,37.19475190569974,-0.06167468917611158,4.203874717771016,0.09351484335641018,RU,40.5,nM,dissociation,780.0,900.0
mAb-X-SCK,mAb-X,run-1,mAb-X-B1,B1-2040,2040.0,s,37.120025973975984,0.21140370093867025,4.158067799300834,-0.10193064657125554,RU,40.5,nM,dissociation,780.0,900.0
mAb-X-SCK,mAb-X,run-1,mAb-X-B1,B1-2041,2041.0,s,37.22655558582844,0.164358139273795,3.9749691923537105,-0.09821188159495202,RU,40.5,nM,dissociation,780.0,900.0
mAb-X-SCK,mAb-X,run-1,mAb-X-B1,B1-2042,2042.0,s,36.83461407864759,-0.1510261503701643,4.091346772048653,0.03900678699507965,RU,40.5,nM,dissociation,780.0,900.0
mAb-X-SCK,mAb-X,run-1,mAb-X-B1,B1-2043,2043.0,s,37.1343173246265,-0.12268860239330258,4.081469881253286,0.097982447235198,RU,40.5,nM,dissociation,780.0,900.0
mAb-X-SCK,mAb-X,run-1,mAb-X-B1,B1-2044,2044.0,s,37.02415606066534,-0.01563444896920251,4.361764201281646,0.13579797138233649,RU,40.5,nM,dissociation,780.0,900.0
mAb-X-SCK,mAb-X,run-1,mAb-X-B1,B1-2045,2045.0,s,36.92888972669635,0.014881049221024541,3.9349640862906186,0.04870591238604984,RU,40.5,nM,dissociation,780.0,900.0
mAb-X-SCK,mAb-X,run-1,mAb-X-B1,B1-2046,2046.0,s,37.08743704518231,-0.15969601103083816,3.992294051404499,-0.1686259905811724,RU,40.5,nM,dissociation,780.0,900.0
mAb-X-SCK,mAb-X,run-1,mAb-X-B1,B1-2047,2047.0,s,37.08394996337048,0.2538771074353671,4.018331309831558,-0.03979041499982223,RU,40.5,nM,dissociation,780.0,900.0
mAb-X-SCK,mAb-X,run-1,mAb-X-B1,B1-2048,2048.0,s,37.12411558585341,0.10739907488887561,4.051484439037403,0.06153236644394451,RU,40.5,nM,dissociation,780.0,900.0
mAb-X-SCK,mAb-X,run-1,mAb-X-B1,B1-2049,2049.0,s,37.063704870532916,-0.0380210424721761,4.219719582983237,0.2282418712379683,RU,40.5,nM,dissociation,780.0,900.0
mAb-X-SCK,mAb-X,run-1,mAb-X-B1,B1-2050,2050.0,s,36.941493490738004,0.10021054880522594,4.174205275179002,0.09289204906718915,RU,40.5,nM,dissociation,780.0,900.0
mAb-X-SCK,mAb-X,run-1,mAb-X-B1,B1-2051,2051.0,s,36.63382206827906,0.15706546796244908,3.9562815018985584,-0.010456054043284096,RU,40.5,nM,dissociation,780.0,900.0
mAb-X-SCK,mAb-X,run-1,mAb-X-B1,B1-2052,2052.0,s,36.973489393219445,-0.12741012917295988,3.9787139060531924,0.21064805631631084,RU,40.5,nM,dissociation,780.0,900.0
mAb-X-SCK,mAb-X,run-1,mAb-X-B1,B1-2053,2053.0,s,37.08165649522104,0.3656354245414161,4.095779291061148,0.08717124119913128,RU,40.5,nM,dissociation,780.0,900.0
mAb-X-SCK,mAb-X,run-1,mAb-X-B1,B1-2054,2054.0,s,37.036585991461806,-0.06456095567844858,4.175875528497756,-0.1294249077877929,RU,40.5,nM,dissociation,780.0,900.0
mAb-X-SCK,mAb-X,run-1,mAb-X-B1,B1-2055,2055.0,s,36.85987723882988,-0.016618626109754203,3.9126866232271986,0.19287066765940233,RU,40.5,nM,dissociation,780.0,900.0
mAb-X-SCK,mAb-X,run-1,mAb-X-B1,B1-2056,2056.0,s,36.768251745346554,-0.006835219331614014,4.168169865677124,-0.016269502185811913,RU,40.5,nM,dissociation,780.0,900.0
mAb-X-SCK,mAb-X,run-1,mAb-X-B1,B1-2057,2057.0,s,36.985362802790036,0.18392102949297165,4.293410897010303,0.2723868767609352,RU,40.5,nM,dissociation,780.0,900.0
mAb-X-SCK,mAb-X,run-1,mAb-X-B1,B1-2058,2058.0,s,37.25581703467278,0.06589268800361436,4.346659123057346,0.11249545455536408,RU,40.5,nM,dissociation,780.0,900.0
mAb-X-SCK,mAb-X,run-1,mAb-X-B1,B1-2059,2059.0,s,37.01850511060993,-0.10969575230019994,4.166563930688602,-0.2408713695617855,RU,40.5,nM,dissociation,780.0,900.0
mAb-X-SCK,mAb-X,run-1,mAb-X-B1,B1-2060,2060.0,s,36.97469477210631,0.1654265438543035,4.12660923206099,-0.2129603796980585,RU,40.5,nM,dissociation,780.0,900.0
mAb-X-SCK,mAb-X,run-1,mAb-X-B1,B1-2061,2061.0,s,36.85163551572183,0.040819170550469006,4.268704742436899,-0.007276289097736215,RU,40.5,nM,dissociation,780.0,900.0
mAb-X-SCK,mAb-X,run-1,mAb-X-B1,B1-2062,2062.0,s,37.066219307986174,-0.1209507026233951,4.343132202510678,-0.1733325058939074,RU,40.5,nM,dissociation,780.0,900.0
mAb-X-SCK,mAb-X,run-1,mAb-X-B1,B1-2063,2063.0,s,36.64281645070655,-0.3366799395522979,3.9835559411171833,-0.11659563797609529,RU,40.5,nM,dissociation,780.0,900.0
mAb-X-SCK,mAb-X,run-1,mAb-X-B1,B1-2064,2064.0,s,36.804201834844484,-0.06028811492226678,3.9751075905131343,-0.004301746530336222,RU,40.5,nM,dissociation,780.0,900.0
mAb-X-SCK,mAb-X,run-1,mAb-X-B1,B1-2065,2065.0,s,36.646082050450964,-0.17515116335992417,4.043779174204397,-0.014697232817450286,RU,40.5,nM,dissociation,780.0,900.0
mAb-X-SCK,mAb-X,run-1,mAb-X-B1,B1-2066,2066.0,s,36.83621513840216,0.05867009508881022,3.9426269686433586,-0.1076131199916316,RU,40.5,nM,dissociation,780.0,900.0
mAb-X-SCK,mAb-X,run-1,mAb-X-B1,B1-2067,2067.0,s,36.65322852245856,0.2589149149664115,4.256129537783285,0.07562642482277578,RU,40.5,nM,dissociation,780.0,900.0
mAb-X-SCK,mAb-X,run-1,mAb-X-B1,B1-2068,2068.0,s,36.77254718451534,-0.008348997917554864,4.075200532277891,-0.038361945711511726,RU,40.5,nM,dissociation,780.0,900.0
mAb-X-SCK,mAb-X,run-1,mAb-X-B1,B1-2069,2069.0,s,36.970720756171765,-0.10616885808718292,4.144166853175334,0.11903968228404915,RU,40.5,nM,dissociation,780.0,900.0
mAb-X-SCK,mAb-X,run-1,mAb-X-B1,B1-2070,2070.0,s,36.8286182297307,-0.08383977161216796,4.359071976062533,-0.03178089700682715,RU,40.5,nM,dissociation,780.0,900.0
mAb-X-SCK,mAb-X,run-1,mAb-X-B1,B1-2071,2071.0,s,36.67890152223006,-0.13659419407153925,4.310561279983153,-0.001716319590095076,RU,40.5,nM,dissociation,780.0,900.0
mAb-X-SCK,mAb-X,run-1,mAb-X-B1,B1-2072,2072.0,s,36.84011308454709,0.0017942458148048673,4.096146524176743,-0.14998294966437606,RU,40.5,nM,dissociation,780.0,900.0
mAb-X-SCK,mAb-X,run-1,mAb-X-B1,B1-2073,2073.0,s,36.78044495676506,0.016870846404997746,4.256573731016206,-0.13070656447529894,RU,40.5,nM,dissociation,780.0,900.0
mAb-X-SCK,mAb-X,run-1,mAb-X-B1,B1-2074,2074.0,s,36.78338839876414,-0.20344753375567856,4.355614887847418,-0.006066113793752682,RU,40.5,nM,dissociation,780.0,900.0
mAb-X-SCK,mAb-X,run-1,mAb-X-B1,B1-2075,2075.0,s,36.70251719799494,0.2676846386137627,3.8903642116207893,0.09750018847069523,RU,40.5,nM,dissociation,780.0,900.0
mAb-X-SCK,mAb-X,run-1,mAb-X-B1,B1-2076,2076.0,s,36.470973344558516,0.065979597518662,4.425736943365867,0.10052157745581555,RU,40.5,nM,dissociation,780.0,900.0
mAb-X-SCK,mAb-X,run-1,mAb-X-B1,B1-2077,2077.0,s,36.722025653229586,-0.21745741438187963,4.031960141002492,-0.18339206368386327,RU,40.5,nM,dissociation,780.0,900.0
mAb-X-SCK,mAb-X,run-1,mAb-X-B1,B1-2078,2078.0,s,36.54128227010542,-0.08223015604334068,4.005806034431103,0.06732156781191197,RU,40.5,nM,dissociation,780.0,900.0
mAb-X-SCK,mAb-X,run-1,mAb-X-B1,B1-2079,2079.0,s,36.655737887013785,0.1665962353845614,4.1027061574641985,0.07514506155601472,RU,40.5,nM,dissociation,780.0,900.0
mAb-X-SCK,mAb-X,run-1,mAb-X-B1,B1-2080,2080.0,s,36.78252120647281,0.19656941404269454,4.136194261815042,-0.23296123079097178,RU,40.5,nM,dissociation,780.0,900.0
mAb-X-SCK,mAb-X,run-1,mAb-X-B1,B1-2081,2081.0,s,36.51659136066501,-0.09121799884996547,4.409622263852392,-0.2438022783539714,RU,40.5,nM,dissociation,780.0,900.0
mAb-X-SCK,mAb-X,run-1,mAb-X-B1,B1-2082,2082.0,s,36.404476109554714,0.06677741273169223,4.231739235544399,0.2837541960039781,RU,40.5,nM,dissociation,780.0,900.0
mAb-X-SCK,mAb-X,run-1,mAb-X-B1,B1-2083,2083.0,s,36.728768722778746,0.1670893897049364,4.128219505817016,0.06302840241890455,RU,40.5,nM,dissociation,780.0,900.0
mAb-X-SCK,mAb-X,run-1,mAb-X-B1,B1-2084,2084.0,s,36.32510700481603,-0.2625911968675909,4.428337923444511,0.10911969241280967,RU,40.5,nM,dissociation,780.0,900.0
mAb-X-SCK,mAb-X,run-1,mAb-X-B1,B1-2085,2085.0,s,36.806028097542324,0.11684343044146579,4.157516756631277,0.10669868151327798,RU,40.5,nM,dissociation,780.0,900.0
mAb-X-SCK,mAb-X,run-1,mAb-X-B1,B1-2086,2086.0,s,36.54751042386436,0.11113933960582542,4.209359351358867,-0.13855065171014908,RU,40.5,nM,dissociation,780.0,900.0
mAb-X-SCK,mAb-X,run-1,mAb-X-B1,B1-2087,2087.0,s,36.3564471406165,0.0069898101591961736,4.135201521114334,0.04720341651969164,RU,40.5,nM,dissociation,780.0,900.0
mAb-X-SCK,mAb-X,run-1,mAb-X-B1,B1-2088,2088.0,s,36.59961317663005,-0.1356667533718361,4.33428969680565,-0.10312486839913576,RU,40.5,nM,dissociation,780.0,900.0
mAb-X-SCK,mAb-X,run-1,mAb-X-B1,B1-2089,2089.0,s,36.578720482945506,0.08780953988757251,3.8999006958859845,-0.12734771017504606,RU,40.5,nM,dissociation,780.0,900.0
mAb-X-SCK,mAb-X,run-1,mAb-X-B1,B1-2090,2090.0,s,36.3522202865946,-0.15811758640351434,4.153836028784496,-0.20467112484313513,RU,40.5,nM,dissociation,780.0,900.0
mAb-X-SCK,mAb-X,run-1,mAb-X-B1,B1-2091,2091.0,s,36.55391330917179,-0.3000801993815264,3.8839786399821223,-0.05845812942781059,RU,40.5,nM,dissociation,780.0,900.0
mAb-X-SCK,mAb-X,run-1,mAb-X-B1,B1-2092,2092.0,s,36.25661792852941,-0.08037667028568675,3.9914571998199,-0.16919782272403816,RU,40.5,nM,dissociation,780.0,900.0
mAb-X-SCK,mAb-X,run-1,mAb-X-B1,B1-2093,2093.0,s,36.46281065536957,-0.0070103699564124265,4.185655786836755,-0.17703733437367222,RU,40.5,nM,dissociation,780.0,900.0
mAb-X-SCK,mAb-X,run-1,mAb-X-B1,B1-2094,2094.0,s,36.37915003623777,-0.09050056439755405,4.116061404179894,0.04370114239568204,RU,40.5,nM,dissociation,780.0,900.0
mAb-X-SCK,mAb-X,run-1,mAb-X-B1,B1-2095,2095.0,s,36.456375677740255,0.1944314500645871,4.2505094695540615,0.13512915300052164,RU,40.5,nM,dissociation,780.0,900.0
mAb-X-SCK,mAb-X,run-1,mAb-X-B1,B1-2096,2096.0,s,36.32483883761527,-0.0466578628343553,4.4458704629417864,-0.12255408535816097,RU,40.5,nM,dissociation,780.0,900.0
mAb-X-SCK,mAb-X,run-1,mAb-X-B1,B1-2097,2097.0,s,36.13264432445891,0.05920406954222444,4.189498177784916,-0.13570939905130036,RU,40.5,nM,dissociation,780.0,900.0
mAb-X-SCK,mAb-X,run-1,mAb-X-B1,B1-2098,2098.0,s,36.26067136808027,0.049494794228492886,4.4559203901393385,-0.15013472223406893,RU,40.5,nM,dissociation,780.0,900.0
mAb-X-SCK,mAb-X,run-1,mAb-X-B1,B1-2099,2099.0,s,36.1536511024063,-0.12654337319561837,3.9491564023130254,0.0794542352897167,RU,40.5,nM,dissociation,780.0,900.0
mAb-X-SCK,mAb-X,run-1,mAb-X-B1,B1-2100,2100.0,s,36.40084175209893,0.23645804016519975,4.406684019635068,0.026410801654267298,RU,40.5,nM,dissociation,780.0,900.0
mAb-X-SCK,mAb-X,run-1,mAb-X-B1,B1-2101,2101.0,s,36.522821669438684,0.141545563482,4.262107141504493,-0.18170481244981768,RU,40.5,nM,dissociation,780.0,900.0
mAb-X-SCK,mAb-X,run-1,mAb-X-B1,B1-2102,2102.0,s,36.095696175318494,0.1733810914098118,4.234344660291812,0.02399148381551393,RU,40.5,nM,dissociation,780.0,900.0
mAb-X-SCK,mAb-X,run-1,mAb-X-B1,B1-2103,2103.0,s,36.20062579159589,0.07166309419939347,3.9026159786410672,-0.3697884130677788,RU,40.5,nM,dissociation,780.0,900.0
mAb-X-SCK,mAb-X,run-1,mAb-X-B1,B1-2104,2104.0,s,36.18700102760747,0.11770296134369085,4.320531651868712,0.2486279124318646,RU,40.5,nM,dissociation,780.0,900.0
mAb-X-SCK,mAb-X,run-1,mAb-X-B1,B1-2105,2105.0,s,36.14404281067349,-0.1551113087329622,4.382048471594836,0.2718313888649507,RU,40.5,nM,dissociation,780.0,900.0
mAb-X-SCK,mAb-X,run-1,mAb-X-B1,B1-2106,2106.0,s,35.81067238792704,0.1420956999072884,4.1635159401916315,0.050193363063967336,RU,40.5,nM,dissociation,780.0,900.0
mAb-X-SCK,mAb-X,run-1,mAb-X-B1,B1-2107,2107.0,s,36.1861894709798,-0.026596569044561154,4.14595208291518,-0.10493096571180942,RU,40.5,nM,dissociation,780.0,900.0
mAb-X-SCK,mAb-X,run-1,mAb-X-B1,B1-2108,2108.0,s,36.167883940711334,-0.1762697748151643,4.043443975610984,-0.11069930009588957,RU,40.5,nM,dissociation,780.0,900.0
mAb-X-SCK,mAb-X,run-1,mAb-X-B1,B1-2109,2109.0,s,36.359763929419735,0.1341867495552333,4.0699704542332515,-0.39380070919893984,RU,40.5,nM,dissociation,780.0,900.0
mAb-X-SCK,mAb-X,run-1,mAb-X-B1,B1-2110,2110.0,s,36.195030738441936,-0.22562033736127696,4.041311069349617,0.07678315778457517,RU,40.5,nM,dissociation,780.0,900.0
mAb-X-SCK,mAb-X,run-1,mAb-X-B1,B1-2111,2111.0,s,35.913346717027544,0.17628733939154,4.1839621431878085,-0.13102916668285114,RU,40.5,nM,dissociation,780.0,900.0
mAb-X-SCK,mAb-X,run-1,mAb-X-B1,B1-2112,2112.0,s,36.30228810503877,-0.03610965257472759,4.51404080643243,-0.029716024133882385,RU,40.5,nM,dissociation,780.0,900.0
mAb-X-SCK,mAb-X,run-1,mAb-X-B1,B1-2113,2113.0,s,36.121051533096036,-0.03515524299041116,4.1375532520761675,0.19519510464584494,RU,40.5,nM,dissociation,780.0,900.0
mAb-X-SCK,mAb-X,run-1,mAb-X-B1,B1-2114,2114.0,s,36.16875536764723,0.0223637080972096,4.163170330743293,-0.0881221598268868,RU,40.5,nM,dissociation,780.0,900.0
mAb-X-SCK,mAb-X,run-1,mAb-X-B1,B1-2115,2115.0,s,35.96735706188928,-0.10313021729980303,4.195699329731675,-0.030493862214960258,RU,40.5,nM,dissociation,780.0,900.0
mAb-X-SCK,mAb-X,run-1,mAb-X-B1,B1-2116,2116.0,s,36.50555365540904,0.3303247410283196,4.2904996582528865,0.2800317866863741,RU,40.5,nM,dissociation,780.0,900.0
mAb-X-SCK,mAb-X,run-1,mAb-X-B1,B1-2117,2117.0,s,36.05401633812934,-0.12606060828494026,4.200791304628161,0.09757758728353401,RU,40.5,nM,dissociation,780.0,900.0
mAb-X-SCK,mAb-X,run-1,mAb-X-B1,B1-2118,2118.0,s,35.8369762893156,0.03750539673529786,4.082495513400091,0.2153392813834728,RU,40.5,nM,dissociation,780.0,900.0
mAb-X-SCK,mAb-X,run-1,mAb-X-B1,B1-2119,2119.0,s,35.76197942190859,-0.07403786934809696,4.4087834994077175,0.061842126006476414,RU,40.5,nM,dissociation,780.0,900.0
mAb-X-SCK,mAb-X,run-1,mAb-X-B1,B1-2120,2120.0,s,36.01172344847173,-0.08641065224426846,3.961174149111038,-0.13635616719974417,RU,40.5,nM,dissociation,780.0,900.0
mAb-X-SCK,mAb-X,run-1,mAb-X-B1,B1-2121,2121.0,s,35.79425147499483,-0.049332462202462325,4.352544143463644,0.07310008454125105,RU,40.5,nM,dissociation,780.0,900.0
mAb-X-SCK,mAb-X,run-1,mAb-X-B1,B1-2122,2122.0,s,35.671980852855164,0.22324523799621768,4.491209830255488,-0.24840847432539487,RU,40.5,nM,dissociation,780.0,900.0
mAb-X-SCK,mAb-X,run-1,mAb-X-B1,B1-2123,2123.0,s,35.82343256379622,0.13667211575422306,4.472268888250854,0.050240554976187166,RU,40.5,nM,dissociation,780.0,900.0
mAb-X-SCK,mAb-X,run-1,mAb-X-B1,B1-2124,2124.0,s,35.93692503258568,-0.0032316506616579047,4.135095564465223,0.17470210457709742,RU,40.5,nM,dissociation,780.0,900.0
mAb-X-SCK,mAb-X,run-1,mAb-X-B1,B1-2125,2125.0,s,35.89761208629551,0.08558955795918742,4.162819003985609,0.0034560572818294506,RU,40.5,nM,dissociation,780.0,900.0
mAb-X-SCK,mAb-X,run-1,mAb-X-B1,B1-2126,2126.0,s,35.72070446601063,-0.15960273123169194,4.373207707534551,0.07067913257484444,RU,40.5,nM,dissociation,780.0,900.0
mAb-X-SCK,mAb-X,run-1,mAb-X-B1,B1-2127,2127.0,s,35.81167617172841,-0.09388554462170455,4.230014045148313,-0.16336584245732752,RU,40.5,nM,dissociation,780.0,900.0
mAb-X-SCK,mAb-X,run-1,mAb-X-B1,B1-2128,2128.0,s,35.980580400168336,-0.11475930159881209,4.508913210422654,-0.053085221003514683,RU,40.5,nM,dissociation,780.0,900.0
mAb-X-SCK,mAb-X,run-1,mAb-X-B1,B1-2129,2129.0,s,35.977502943870626,-0.24438888663623837,4.679023529064836,-0.19430929837104552,RU,40.5,nM,dissociation,780.0,900.0
mAb-X-SCK,mAb-X,run-1,mAb-X-B1,B1-2130,2130.0,s,36.090431672616226,-0.0003483947975243517,4.171406255904125,0.029463917931772273,RU,40.5,nM,dissociation,780.0,900.0
mAb-X-SCK,mAb-X,run-1,mAb-X-B1,B1-2131,2131.0,s,35.945212113631705,0.12415072544829087,3.9785358293705424,-0.14000287773506792,RU,40.5,nM,dissociation,780.0,900.0
mAb-X-SCK,mAb-X,run-1,mAb-X-B1,B1-2132,2132.0,s,35.87098469927354,-0.3481863559135669,4.338070818057464,-0.035996394764038736,RU,40.5,nM,dissociation,780.0,900.0
mAb-X-SCK,mAb-X,run-1,mAb-X-B1,B1-2133,2133.0,s,35.52552428082783,0.06544048646182465,4.1659680819967555,0.10707337004321225,RU,40.5,nM,dissociation,780.0,900.0
mAb-X-SCK,mAb-X,run-1,mAb-X-B1,B1-2134,2134.0,s,35.84443386525471,-0.2602917442799162,4.360740599406705,-0.04663808677295893,RU,40.5,nM,dissociation,780.0,900.0
mAb-X-SCK,mAb-X,run-1,mAb-X-B1,B1-2135,2135.0,s,35.73224684590534,0.03407380905154019,4.347355754097532,-0.04656746558620586,RU,40.5,nM,dissociation,780.0,900.0
mAb-X-SCK,mAb-X,run-1,mAb-X-B1,B1-2136,2136.0,s,35.936578845378385,-0.13512922014312498,4.365959061279152,-0.029097119151904927,RU,40.5,nM,dissociation,780.0,900.0
mAb-X-SCK,mAb-X,run-1,mAb-X-B1,B1-2137,2137.0,s,35.66814994332654,-0.08402312936162172,4.3036737060641,-0.2789691976925047,RU,40.5,nM,dissociation,780.0,900.0
mAb-X-SCK,mAb-X,run-1,mAb-X-B1,B1-2138,2138.0,s,35.868400102239356,0.26091424017174497,4.176053967248478,-0.10330258893178294,RU,40.5,nM,dissociation,780.0,900.0
mAb-X-SCK,mAb-X,run-1,mAb-X-B1,B1-2139,2139.0,s,35.81535330543984,0.18646482055595007,4.018178093438721,0.26434788850395574,RU,40.5,nM,dissociation,780.0,900.0
mAb-X-SCK,mAb-X,run-1,mAb-X-B1,B1-2140,2140.0,s,35.77812718504211,0.19651878066685902,4.342964345837271,-0.3359178387249728,RU,40.5,nM,dissociation,780.0,900.0
mAb-X-SCK,mAb-X,run-1,mAb-X-B1,B1-2141,2141.0,s,35.630794981389414,-0.12582358175924685,4.320749073366036,0.005355721273381635,RU,40.5,nM,dissociation,780.0,900.0
mAb-X-SCK,mAb-X,run-1,mAb-X-B1,B1-2142,2142.0,s,35.69987857846752,-0.11785176188291317,4.196799873691259,0.07164476788776118,RU,40.5,nM,dissociation,780.0,900.0
mAb-X-SCK,mAb-X,run-1,mAb-X-B1,B1-2143,2143.0,s,35.61109240323872,-0.07222033580266933,4.291087697077351,0.02989103337077922,RU,40.5,nM,dissociation,780.0,900.0
mAb-X-SCK,mAb-X,run-1,mAb-X-B1,B1-2144,2144.0,s,35.77994299511957,0.07379089116155083,4.282265664699698,0.0179910661700269,RU,40.5,nM,dissociation,780.0,900.0
mAb-X-SCK,mAb-X,run-1,mAb-X-B1,B1-2145,2145.0,s,35.59994287850902,-0.2524667499811007,4.365745351068466,0.02697367915697323,RU,40.5,nM,dissociation,780.0,900.0
mAb-X-SCK,mAb-X,run-1,mAb-X-B1,B1-2146,2146.0,s,35.63659941766269,-0.0882490116257847,4.128116452936592,-0.22435606525454985,RU,40.5,nM,dissociation,780.0,900.0
mAb-X-SCK,mAb-X,run-1,mAb-X-B1,B1-2147,2147.0,s,35.77141441644003,-0.03184431002435413,4.104519097994468,-0.07220952105241653,RU,40.5,nM,dissociation,780.0,900.0
mAb-X-SCK,mAb-X,run-1,mAb-X-B1,B1-2148,2148.0,s,35.31828275752584,-0.07669880383774101,4.139789103765839,0.056087236277555935,RU,40.5,nM,dissociation,780.0,900.0
mAb-X-SCK,mAb-X,run-1,mAb-X-B1,B1-2149,2149.0,s,35.817630886639826,0.14496829822013493,4.446859719652156,-0.17132185819011242,RU,40.5,nM,dissociation,780.0,900.0
mAb-X-SCK,mAb-X,run-1,mAb-X-B1,B1-2150,2150.0,s,35.69301400983203,-0.0061021585248714205,4.23233671188135,-0.09588562221046334,RU,40.5,nM,dissociation,780.0,900.0
mAb-X-SCK,mAb-X,run-1,mAb-X-B1,B1-2151,2151.0,s,35.51119371443003,-0.022931838977084434,4.283866401230224,0.03759924560862831,RU,40.5,nM,dissociation,780.0,900.0
mAb-X-SCK,mAb-X,run-1,mAb-X-B1,B1-2152,2152.0,s,35.50613980379207,0.22224990396869818,4.224371975337817,-0.23406591174074082,RU,40.5,nM,dissociation,780.0,900.0
mAb-X-SCK,mAb-X,run-1,mAb-X-B1,B1-2153,2153.0,s,35.581478502968466,-0.10686315917530448,4.251296894751946,0.020728575739036758,RU,40.5,nM,dissociation,780.0,900.0
mAb-X-SCK,mAb-X,run-1,mAb-X-B1,B1-2154,2154.0,s,35.53414581069853,-0.0776258104543877,4.251607545978938,0.1887934268064583,RU,40.5,nM,dissociation,780.0,900.0
mAb-X-SCK,mAb-X,run-1,mAb-X-B1,B1-2155,2155.0,s,35.25072251990498,0.05262977049281989,4.284183645362354,-0.1949247225448046,RU,40.5,nM,dissociation,780.0,900.0
mAb-X-SCK,mAb-X,run-1,mAb-X-B1,B1-2156,2156.0,s,35.52000396871017,-0.024060554397116598,4.305856144590239,-0.18415705830401363,RU,40.5,nM,dissociation,780.0,900.0
mAb-X-SCK,mAb-X,run-1,mAb-X-B1,B1-2157,2157.0,s,35.45158160684176,0.015554540538511614,4.343616899898387,0.3647750708776494,RU,40.5,nM,dissociation,780.0,900.0
mAb-X-SCK,mAb-X,run-1,mAb-X-B1,B1-2158,2158.0,s,35.45192579663839,0.09359751141263518,4.466734343003732,-0.00944213966355153,RU,40.5,nM,dissociation,780.0,900.0
mAb-X-SCK,mAb-X,run-1,mAb-X-B1,B1-2159,2159.0,s,35.54297324466288,-0.16315774190979415,4.483562227036298,0.13774084841216752,RU,40.5,nM,dissociation,780.0,900.0
mAb-X-SCK,mAb-X,run-1,mAb-X-B1,B1-2160,2160.0,s,35.70969010743795,0.29987841387274294,4.0836037542472186,-0.11150351866070962,RU,40.5,nM,dissociation,780.0,900.0
mAb-X-SCK,mAb-X,run-1,mAb-X-B1,B1-2161,2161.0,s,35.24044675662058,-0.07178501370290317,4.565394790350224,0.16750558802673524,RU,40.5,nM,dissociation,780.0,900.0
mAb-X-SCK,mAb-X,run-1,mAb-X-B1,B1-2162,2162.0,s,35.37991795926834,-0.0726039327285518,4.220299926741776,-0.016939773388366365,RU,40.5,nM,dissociation,780.0,900.0
mAb-X-SCK,mAb-X,run-1,mAb-X-B1,B1-2163,2163.0,s,35.1689518495125,0.06689962033671856,4.381728159292381,0.08830143116432693,RU,40.5,nM,dissociation,780.0,900.0
mAb-X-SCK,mAb-X,run-1,mAb-X-B1,B1-2164,2164.0,s,35.31180105771628,-0.23046314453177888,4.492583291300919,-0.31928102847550177,RU,40.5,nM,dissociation,780.0,900.0
mAb-X-SCK,mAb-X,run-1,mAb-X-B1,B1-2165,2165.0,s,35.38843277733042,0.10450530426010941,4.238860281991936,-0.0018417408260717164,RU,40.5,nM,dissociation,780.0,900.0
mAb-X-SCK,mAb-X,run-1,mAb-X-B1,B1-2166,2166.0,s,35.26941897800006,-0.21320019252460873,4.572954149525633,-0.02102435359945972,RU,40.5,nM,dissociation,780.0,900.0
mAb-X-SCK,mAb-X,run-1,mAb-X-B1,B1-2167,2167.0,s,35.670583153953764,-0.274888532924542,4.233945212882168,-0.11845484609797377,RU,40.5,nM,dissociation,780.0,900.0
mAb-X-SCK,mAb-X,run-1,mAb-X-B1,B1-2168,2168.0,s,35.24536331890863,0.08375256480503596,4.3350289587741555,0.006946697233256849,RU,40.5,nM,dissociation,780.0,900.0
mAb-X-SCK,mAb-X,run-1,mAb-X-B1,B1-2169,2169.0,s,35.5365969877717,0.009825385533703225,4.255215957477188,-0.09491897569184478,RU,40.5,nM,dissociation,780.0,900.0
mAb-X-SCK,mAb-X,run-1,mAb-X-B1,B1-2170,2170.0,s,35.170817455716694,-0.10941219174717666,4.294734061486903,-0.0908793818544018,RU,40.5,nM,dissociation,780.0,900.0
mAb-X-SCK,mAb-X,run-1,mAb-X-B1,B1-2171,2171.0,s,35.35395597814447,0.03195929871762735,4.54654279358659,0.3212436125858316,RU,40.5,nM,dissociation,780.0,900.0
mAb-X-SCK,mAb-X,run-1,mAb-X-B1,B1-2172,2172.0,s,35.11110619209167,-0.21961650509510625,4.370875085373252,0.16488666212239714,RU,40.5,nM,dissociation,780.0,900.0
mAb-X-SCK,mAb-X,run-1,mAb-X-B1,B1-2173,2173.0,s,35.32779936280273,0.165244853828095,4.261439199133416,-0.09238782370932158,RU,40.5,nM,dissociation,780.0,900.0
mAb-X-SCK,mAb-X,run-1,mAb-X-B1,B1-2174,2174.0,s,35.42241745197587,-0.016726148620736916,4.4145811762443214,-0.2898777355707346,RU,40.5,nM,dissociation,780.0,900.0
mAb-X-SCK,mAb-X,run-1,mAb-X-B1,B1-2175,2175.0,s,35.43509175118073,0.07475856979166429,4.14397465472415,0.1288531371200766,RU,40.5,nM,dissociation,780.0,900.0
mAb-X-SCK,mAb-X,run-1,mAb-X-B1,B1-2176,2176.0,s,35.12520895410729,-0.2546270821860954,4.187644581172802,0.08148190031910288,RU,40.5,nM,dissociation,780.0,900.0
mAb-X-SCK,mAb-X,run-1,mAb-X-B1,B1-2177,2177.0,s,35.32483007179632,0.28670295444389543,4.47185512694077,0.031515204364649614,RU,40.5,nM,dissociation,780.0,900.0
mAb-X-SCK,mAb-X,run-1,mAb-X-B1,B1-2178,2178.0,s,35.321194063882935,-0.09147871604144683,4.0615667061895815,-0.05225717460257924,RU,40.5,nM,dissociation,780.0,900.0
mAb-X-SCK,mAb-X,run-1,mAb-X-B1,B1-2179,2179.0,s,35.21215869785058,0.2586637437578479,4.352287485683327,0.13210740999835166,RU,40.5,nM,dissociation,780.0,900.0
mAb-X-SCK,mAb-X,run-1,mAb-X-B1,B1-2180,2180.0,s,35.376151837830015,-0.04190881633295105,4.4121017359555985,-0.12166843524478876,RU,40.5,nM,dissociation,780.0,900.0
mAb-X-SCK,mAb-X,run-1,mAb-X-B1,B1-2181,2181.0,s,35.176083512997785,-0.14880864283277837,4.5568974606645485,0.13251266985753726,RU,40.5,nM,dissociation,780.0,900.0
mAb-X-SCK,mAb-X,run-1,mAb-X-B1,B1-2182,2182.0,s,35.00245152474657,-0.1580497904297304,4.612920560140345,0.11441414380251787,RU,40.5,nM,dissociation,780.0,900.0
mAb-X-SCK,mAb-X,run-1,mAb-X-B1,B1-2183,2183.0,s,34.85240463934954,0.0019875745585764826,4.322489986591536,-0.023179111027338745,RU,40.5,nM,dissociation,780.0,900.0
mAb-X-SCK,mAb-X,run-1,mAb-X-B1,B1-2184,2184.0,s,34.98636820091396,-0.0004459070281232087,4.175696755538703,-0.08980258177581635,RU,40.5,nM,dissociation,780.0,900.0
mAb-X-SCK,mAb-X,run-1,mAb-X-B1,B1-2185,2185.0,s,34.89298771933159,-0.056152608584020915,4.515917930768061,-0.17273671398113113,RU,40.5,nM,dissociation,780.0,900.0
mAb-X-SCK,mAb-X,run-1,mAb-X-B1,B1-2186,2186.0,s,35.054934006968466,-0.07417948231532091,4.179157373772668,-0.09754046782411957,RU,40.5,nM,dissociation,780.0,900.0
mAb-X-SCK,mAb-X,run-1,mAb-X-B1,B1-2187,2187.0,s,34.97192399443666,0.20852590321918332,4.311662315721903,0.13512718035748514,RU,40.5,nM,dissociation,780.0,900.0
mAb-X-SCK,mAb-X,run-1,mAb-X-B1,B1-2188,2188.0,s,35.074909146391796,-0.058321001216493196,4.441914057270207,-0.039035239183294226,RU,40.5,nM,dissociation,780.0,900.0
mAb-X-SCK,mAb-X,run-1,mAb-X-B1,B1-2189,2189.0,s,35.02956184213959,0.0002463728898729499,4.269267885195726,0.19319257722908847,RU,40.5,nM,dissociation,780.0,900.0
mAb-X-SCK,mAb-X,run-1,mAb-X-B1,B1-2190,2190.0,s,34.70765305448124,-0.036075931346145985,4.3355632014237635,0.13696143611282321,RU,40.5,nM,dissociation,780.0,900.0
mAb-X-SCK,mAb-X,run-1,mAb-X-B1,B1-2191,2191.0,s,35.071144815584304,0.3522699707234296,4.3190298495774035,0.01583446226654236,RU,40.5,nM,dissociation,780.0,900.0
mAb-X-SCK,mAb-X,run-1,mAb-X-B1,B1-2192,2192.0,s,34.985755968997566,0.082042873812626,4.293613838003921,0.08595614389313452,RU,40.5,nM,dissociation,780.0,900.0
mAb-X-SCK,mAb-X,run-1,mAb-X-B1,B1-2193,2193.0,s,34.99348722518988,-0.09198343125293376,4.468899430693206,0.15997611531805264,RU,40.5,nM,dissociation,780.0,900.0
mAb-X-SCK,mAb-X,run-1,mAb-X-B1,B1-2194,2194.0,s,35.094038704018125,0.06554942904189022,4.087928819640063,0.06218426489376706,RU,40.5,nM,dissociation,780.0,900.0
mAb-X-SCK,mAb-X,run-1,mAb-X-B1,B1-2195,2195.0,s,34.857460941388794,-0.23993729959018742,4.109620145213775,0.11147671116440575,RU,40.5,nM,dissociation,780.0,900.0
mAb-X-SCK,mAb-X,run-1,mAb-X-B1,B1-2196,2196.0,s,35.01405354071482,0.011311708217157634,4.488807535580866,0.29007811763101116,RU,40.5,nM,dissociation,780.0,900.0
mAb-X-SCK,mAb-X,run-1,mAb-X-B1,B1-2197,2197.0,s,34.996020190126124,-0.2095518423085901,4.331623723697359,-0.3578583261625594,RU,40.5,nM,dissociation,780.0,900.0
mAb-X-SCK,mAb-X,run-1,mAb-X-B1,B1-2198,2198.0,s,35.171431010611116,0.1533178994819073,4.500113752290686,-0.04640566371703255,RU,40.5,nM,dissociation,780.0,900.0
mAb-X-SCK,mAb-X,run-1,mAb-X-B1,B1-2199,2199.0,s,34.84357945747207,-0.09666973592722873,4.405378293246361,-0.18704831951577297,RU,40.5,nM,dissociation,780.0,900.0
mAb-X-SCK,mAb-X,run-1,mAb-X-B1,B1-2200,2200.0,s,34.900560282714004,-0.020707408620991075,4.117504852839433,-0.2642359613831222,RU,40.5,nM,dissociation,780.0,900.0
mAb-X-SCK,mAb-X,run-1,mAb-X-B1,B1-2201,2201.0,s,34.86663502404093,0.07012444820921418,4.037710864077348,0.040038582515178125,RU,40.5,nM,dissociation,780.0,900.0
mAb-X-SCK,mAb-X,run-1,mAb-X-B1,B1-2202,2202.0,s,35.028721346408936,0.036602135973500705,4.352319179631424,-0.1602893553966231,RU,40.5,nM,dissociation,780.0,900.0
mAb-X-SCK,mAb-X,run-1,mAb-X-B1,B1-2203,2203.0,s,34.97262158703745,-0.19194029970578153,4.372760857646923,0.07549307102244614,RU,40.5,nM,dissociation,780.0,900.0
mAb-X-SCK,mAb-X,run-1,mAb-X-B1,B1-2204,2204.0,s,34.88935800185133,0.41278992942867404,4.454672438796067,-0.02263646344108947,RU,40.5,nM,dissociation,780.0,900.0
mAb-X-SCK,mAb-X,run-1,mAb-X-B1,B1-2205,2205.0,s,34.89435495824526,-0.05947409032200329,4.2156967034357615,-0.1746112678042435,RU,40.5,nM,dissociation,780.0,900.0
mAb-X-SCK,mAb-X,run-1,mAb-X-B1,B1-2206,2206.0,s,34.96000508758144,-0.05095304449420212,4.493800564005445,0.019738778072510007,RU,40.5,nM,dissociation,780.0,900.0
mAb-X-SCK,mAb-X,run-1,mAb-X-B1,B1-2207,2207.0,s,34.834102617610675,0.07381149983737706,4.385406736434737,-0.03212709931745258,RU,40.5,nM,dissociation,780.0,900.0
mAb-X-SCK,mAb-X,run-1,mAb-X-B1,B1-2208,2208.0,s,34.8654062842291,0.01039483122768207,4.217471606112106,-0.0978690906537087,RU,40.5,nM,dissociation,780.0,900.0
mAb-X-SCK,mAb-X,run-1,mAb-X-B1,B1-2209,2209.0,s,34.66284977698932,-0.1627539960595871,4.4134324983957285,0.023172637613459574,RU,40.5,nM,dissociation,780.0,900.0
mAb-X-SCK,mAb-X,run-1,mAb-X-B1,B1-2210,2210.0,s,34.6378129950267,-0.010921237164042532,4.650547770605419,0.16312461187515198,RU,40.5,nM,dissociation,780.0,900.0
mAb-X-SCK,mAb-X,run-1,mAb-X-B1,B1-2211,2211.0,s,34.66341606143581,0.15798175337845252,4.302818062950797,0.2901969540365048,RU,40.5,nM,dissociation,780.0,900.0
mAb-X-SCK,mAb-X,run-1,mAb-X-B1,B1-2212,2212.0,s,34.78960095187769,0.08566087203288388,4.435656586185441,-0.07648559131830561,RU,40.5,nM,dissociation,780.0,900.0
mAb-X-SCK,mAb-X,run-1,mAb-X-B1,B1-2213,2213.0,s,34.70216549090526,-0.14330096965385966,4.466872828251717,-0.05059209626181823,RU,40.5,nM,dissociation,780.0,900.0
mAb-X-SCK,mAb-X,run-1,mAb-X-B1,B1-2214,2214.0,s,34.84809537175873,-0.05468715702847475,4.427118115399957,0.19527445731756185,RU,40.5,nM,dissociation,780.0,900.0
mAb-X-SCK,mAb-X,run-1,mAb-X-B1,B1-2215,2215.0,s,34.69669012335649,0.05646706850751155,4.6419279208517015,0.25630031489667415,RU,40.5,nM,dissociation,780.0,900.0
mAb-X-SCK,mAb-X,run-1,mAb-X-B1,B1-2216,2216.0,s,34.72068874159805,0.06571383953023141,4.31334375688541,-0.11969284843904308,RU,40.5,nM,dissociation,780.0,900.0
mAb-X-SCK,mAb-X,run-1,mAb-X-B1,B1-2217,2217.0,s,34.648012683358935,-0.2531396931284272,4.100987444528396,-0.17051430036328288,RU,40.5,nM,dissociation,780.0,900.0
mAb-X-SCK,mAb-X,run-1,mAb-X-B1,B1-2218,2218.0,s,34.735971477430944,0.08296997772253707,4.481896684301412,-0.0017601131048625937,RU,40.5,nM,dissociation,780.0,900.0
mAb-X-SCK,mAb-X,run-1,mAb-X-B1,B1-2219,2219.0,s,34.74284086988797,0.1915899725712234,4.560696426973132,-0.1867628319395938,RU,40.5,nM,dissociation,780.0,900.0
mAb-X-SCK,mAb-X,run-1,mAb-X-B1,B1-2220,2220.0,s,34.59059451635926,-0.16438165229738286,4.344101950271899,-0.07452292082386672,RU,40.5,nM,dissociation,780.0,900.0
mAb-X-SCK,mAb-X,run-1,mAb-X-B1,B1-2221,2221.0,s,34.60196197350426,-0.18278648202824194,4.596546763774039,-0.11226461020516888,RU,40.5,nM,dissociation,780.0,900.0
mAb-X-SCK,mAb-X,run-1,mAb-X-B1,B1-2222,2222.0,s,34.650668202848436,-0.056440738507266525,4.373775531618498,-0.2101850923366206,RU,40.5,nM,dissociation,780.0,900.0
mAb-X-SCK,mAb-X,run-1,mAb-X-B1,B1-2223,2223.0,s,34.75698858649868,0.14648796646026432,4.364319500780812,-0.037361479437143796,RU,40.5,nM,dissociation,780.0,900.0
mAb-X-SCK,mAb-X,run-1,mAb-X-B1,B1-2224,2224.0,s,34.49716991392872,-0.12495778632669888,4.418183859580184,-0.1260526593162339,RU,40.5,nM,dissociation,780.0,900.0
mAb-X-SCK,mAb-X,run-1,mAb-X-B1,B1-2225,2225.0,s,34.428995001377366,-0.2024328665841849,4.470169337695497,-0.009537652516056361,RU,40.5,nM,dissociation,780.0,900.0
mAb-X-SCK,mAb-X,run-1,mAb-X-B1,B1-2226,2226.0,s,34.5461964281387,-0.1806184571288891,4.44987124829357,0.14426078563462594,RU,40.5,nM,dissociation,780.0,900.0
mAb-X-SCK,mAb-X,run-1,mAb-X-B1,B1-2227,2227.0,s,34.80561894519813,-0.04320965272217628,4.52863602378707,0.2554686532970593,RU,40.5,nM,dissociation,780.0,900.0
mAb-X-SCK,mAb-X,run-1,mAb-X-B1,B1-2228,2228.0,s,34.49944060072563,-0.06096937650124819,4.523094234403895,0.016018257043030674,RU,40.5,nM,dissociation,780.0,900.0
mAb-X-SCK,mAb-X,run-1,mAb-X-B1,B1-2229,2229.0,s,34.70805435193697,0.16376060047673055,4.333922683715259,0.022070522279808758,RU,40.5,nM,dissociation,780.0,900.0
mAb-X-SCK,mAb-X,run-1,mAb-X-B1,B1-2230,2230.0,s,34.76385817315741,-0.025825586233646922,4.403012008991242,0.027427713600548034,RU,40.5,nM,dissociation,780.0,900.0
mAb-X-SCK,mAb-X,run-1,mAb-X-B1,B1-2231,2231.0,s,34.58256918679119,0.12476785305757308,4.386008931989038,-0.40453788112145705,RU,40.5,nM,dissociation,780.0,900.0
mAb-X-SCK,mAb-X,run-1,mAb-X-B1,B1-2232,2232.0,s,34.58568701621545,-0.00472581487671395,4.761943566354223,-0.10884401828584232,RU,40.5,nM,dissociation,780.0,900.0
mAb-X-SCK,mAb-X,run-1,mAb-X-B1,B1-2233,2233.0,s,34.46569387553254,0.09119979693371169,4.5412735332601395,0.052798379554087824,RU,40.5,nM,dissociation,780.0,900.0
mAb-X-SCK,mAb-X,run-1,mAb-X-B1,B1-2234,2234.0,s,34.43474038527383,-0.07524234631561039,4.323769624872688,0.24310407976257284,RU,40.5,nM,dissociation,780.0,900.0
mAb-X-SCK,mAb-X,run-1,mAb-X-B1,B1-2235,2235.0,s,34.35569361044387,-0.022142961289143913,4.489878151493878,-0.0672001429627888,RU,40.5,nM,dissociation,780.0,900.0
mAb-X-SCK,mAb-X,run-1,mAb-X-B1,B1-2236,2236.0,s,34.33323555904429,0.17703785522223003,4.369709526277478,-0.04224543632226929,RU,40.5,nM,dissociation,780.0,900.0
mAb-X-SCK,mAb-X,run-1,mAb-X-B1,B1-2237,2237.0,s,34.362000751533806,0.08404531099510078,4.609524405687792,-0.12664696605428566,RU,40.5,nM,dissociation,780.0,900.0
mAb-X-SCK,mAb-X,run-1,mAb-X-B1,B1-2238,2238.0,s,34.38607414449937,-0.09750499499443924,4.43871870104204,0.3619796392333845,RU,40.5,nM,dissociation,780.0,900.0
mAb-X-SCK,mAb-X,run-1,mAb-X-B1,B1-2239,2239.0,s,34.46306671520919,0.10912842475604774,4.336794469350044,-0.006005763429671959,RU,40.5,nM,dissociation,780.0,900.0
mAb-X-SCK,mAb-X,run-1,mAb-X-B1,B1-2240,2240.0,s,34.213886011315225,-0.2100790676692861,4.506608571633427,0.13835079672548076,RU,40.5,nM,dissociation,780.0,900.0
mAb-X-SCK,mAb-X,run-1,mAb-X-B1,B1-2241,2241.0,s,34.565156172893936,-0.024026623134063035,4.424274703110476,-0.021819594220874487,RU,40.5,nM,dissociation,780.0,900.0
mAb-X-SCK,mAb-X,run-1,mAb-X-B1,B1-2242,2242.0,s,34.409575873135964,-0.16897400330230908,4.802661114378358,0.021285476814654654,RU,40.5,nM,dissociation,780.0,900.0
mAb-X-SCK,mAb-X,run-1,mAb-X-B1,B1-2243,2243.0,s,34.4831971270897,0.10573175122641126,4.676047412838106,-0.16464350558960356,RU,40.5,nM,dissociation,780.0,900.0
mAb-X-SCK,mAb-X,run-1,mAb-X-B1,B1-2244,2244.0,s,34.34021921510425,0.1637446937192785,4.436645490452592,0.07854247105167048,RU,40.5,nM,dissociation,780.0,900.0
mAb-X-SCK,mAb-X,run-1,mAb-X-B1,B1-2245,2245.0,s,34.41719727760375,-0.08290779164733363,4.61501778236493,-0.16266940058121526,RU,40.5,nM,dissociation,780.0,900.0
mAb-X-SCK,mAb-X,run-1,mAb-X-B1,B1-2246,2246.0,s,34.38734009418575,-0.025736633130826404,4.559221986048707,0.12787233779225154,RU,40.5,nM,dissociation,780.0,900.0
mAb-X-SCK,mAb-X,run-1,mAb-X-B1,B1-2247,2247.0,s,34.353074962934286,0.20685370518594473,4.7589721614762555,-0.08737182636029238,RU,40.5,nM,dissociation,780.0,900.0
mAb-X-SCK,mAb-X,run-1,mAb-X-B1,B1-2248,2248.0,s,34.179299784652244,0.0014593981529201414,4.858625958732983,-0.04847741212499324,RU,40.5,nM,dissociation,780.0,900.0
mAb-X-SCK,mAb-X,run-1,mAb-X-B1,B1-2249,2249.0,s,34.12782423155582,0.023211963511897433,4.367344068069369,-0.22374880485500975,RU,40.5,nM,dissociation,780.0,900.0
mAb-X-SCK,mAb-X,run-1,mAb-X-B1,B1-2250,2250.0,s,34.237692207173694,0.043286353524892816,4.54026654116981,0.1478722717404565,RU,40.5,nM,dissociation,780.0,900.0
mAb-X-SCK,mAb-X,run-1,mAb-X-B1,B1-2251,2251.0,s,34.16705494483025,0.03685789942560723,4.331842575822402,0.062168882644433834,RU,40.5,nM,dissociation,780.0,900.0
mAb-X-SCK,mAb-X,run-1,mAb-X-B1,B1-2252,2252.0,s,34.221069629363114,-0.10737132248483472,4.5204776469585966,-0.008784580552513811,RU,40.5,nM,dissociation,780.0,900.0
mAb-X-SCK,mAb-X,run-1,mAb-X-B1,B1-2253,2253.0,s,34.09386438088529,-0.06751049105441606,4.606843414995776,0.02321025296482679,RU,40.5,nM,dissociation,780.0,900.0
mAb-X-SCK,mAb-X,run-1,mAb-X-B1,B1-2254,2254.0,s,34.14206171637561,0.2613636775521742,4.8427790953731655,-0.015000943022993067,RU,40.5,nM,dissociation,780.0,900.0
mAb-X-SCK,mAb-X,run-1,mAb-X-B1,B1-2255,2255.0,s,34.29698320245629,-0.05563816527695784,4.8192178247670014,0.09181721883953742,RU,40.5,nM,dissociation,780.0,900.0
mAb-X-SCK,mAb-X,run-1,mAb-X-B1,B1-2256,2256.0,s,34.15623382991536,0.11060419452673992,4.524860117626208,-0.07292508585899066,RU,40.5,nM,dissociation,780.0,900.0
mAb-X-SCK,mAb-X,run-1,mAb-X-B1,B1-2257,2257.0,s,34.255259584337864,0.018993859771332066,4.665751032060731,-0.09893460299637769,RU,40.5,nM,dissociation,780.0,900.0
mAb-X-SCK,mAb-X,run-1,mAb-X-B1,B1-2258,2258.0,s,34.18685708555817,0.1421280180430085,4.439840175626586,0.10750260946704877,RU,40.5,nM,dissociation,780.0,900.0
mAb-X-SCK,mAb-X,run-1,mAb-X-B1,B1-2259,2259.0,s,33.99546777082715,0.03519782423628332,4.526422370986648,-0.07341566084419694,RU,40.5,nM,dissociation,780.0,900.0
mAb-X-SCK,mAb-X,run-1,mAb-X-B1,B1-2260,2260.0,s,33.74586015843017,0.2253501976566389,4.626993438382951,-0.3382289432882105,RU,40.5,nM,dissociation,780.0,900.0
mAb-X-SCK,mAb-X,run-1,mAb-X-B1,B1-2261,2261.0,s,34.12457253700506,0.09436321148660996,4.371053566295207,0.01783088466779028,RU,40.5,nM,dissociation,780.0,900.0
mAb-X-SCK,mAb-X,run-1,mAb-X-B1,B1-2262,2262.0,s,34.06621125494699,-0.06638620846712759,4.4740141528791675,-0.03386137919216161,RU,40.5,nM,dissociation,780.0,900.0
mAb-X-SCK,mAb-X,run-1,mAb-X-B1,B1-2263,2263.0,s,34.01566674920198,0.011444107045151204,4.353405279128768,0.0034632503076777606,RU,40.5,nM,dissociation,780.0,900.0
mAb-X-SCK,mAb-X,run-1,mAb-X-B1,B1-2264,2264.0,s,34.10067753927692,-0.021957957393873448,4.264569568036738,0.009339411221771787,RU,40.5,nM,dissociation,780.0,900.0
mAb-X-SCK,mAb-X,run-1,mAb-X-B1,B1-2265,2265.0,s,34.23014489942763,0.16075441288886727,4.570699839106768,0.03405918242859936,RU,40.5,nM,dissociation,780.0,900.0
mAb-X-SCK,mAb-X,run-1,mAb-X-B1,B1-2266,2266.0,s,34.05638257944812,0.16829016690919935,4.392401605841937,0.24112620058932793,RU,40.5,nM,dissociation,780.0,900.0
mAb-X-SCK,mAb-X,run-1,mAb-X-B1,B1-2267,2267.0,s,33.98296209378375,-0.10616225382474397,4.642848620008344,0.08733587931624918,RU,40.5,nM,dissociation,780.0,900.0
mAb-X-SCK,mAb-X,run-1,mAb-X-B1,B1-2268,2268.0,s,34.206888486035766,-0.10109619073190398,4.5907594212698735,0.19774175841952762,RU,40.5,nM,dissociation,780.0,900.0
mAb-X-SCK,mAb-X,run-1,mAb-X-B1,B1-2269,2269.0,s,34.2241149198167,-0.15038503844433845,4.485613150481387,0.0945357912842152,RU,40.5,nM,dissociation,780.0,900.0
mAb-X-SCK,mAb-X,run-1,mAb-X-B1,B1-2270,2270.0,s,33.94473239054888,-0.15646861600545658,4.5490453717595445,-0.01308321307387692,RU,40.5,nM,dissociation,780.0,900.0
mAb-X-SCK,mAb-X,run-1,mAb-X-B1,B1-2271,2271.0,s,33.876511620977304,0.14915108812706157,4.348526731456968,-0.19235326231640607,RU,40.5,nM,dissociation,780.0,900.0
mAb-X-SCK,mAb-X,run-1,mAb-X-B1,B1-2272,2272.0,s,33.924882548129,0.25231812123799646,4.5449038128623265,-0.06282154559742863,RU,40.5,nM,dissociation,780.0,900.0
mAb-X-SCK,mAb-X,run-1,mAb-X-B1,B1-2273,2273.0,s,33.842460818043655,0.13187975799582424,4.553268949796314,-0.02330670414212592,RU,40.5,nM,dissociation,780.0,900.0
mAb-X-SCK,mAb-X,run-1,mAb-X-B1,B1-2274,2274.0,s,33.85096862204037,-0.04983229797949449,4.413830296127925,0.03898827907469526,RU,40.5,nM,dissociation,780.0,900.0
mAb-X-SCK,mAb-X,run-1,mAb-X-B1,B1-2275,2275.0,s,34.106052027058254,-0.03470364624722986,4.1703960432553435,0.12896067446260379,RU,40.5,nM,dissociation,780.0,900.0
mAb-X-SCK,mAb-X,run-1,mAb-X-B1,B1-2276,2276.0,s,33.53957803052797,-0.17331723498502194,4.372410329522119,0.2969589178374859,RU,40.5,nM,dissociation,780.0,900.0
mAb-X-SCK,mAb-X,run-1,mAb-X-B1,B1-2277,2277.0,s,33.81928026200562,-0.0904054418018233,4.616806162443638,-0.01490466742515798,RU,40.5,nM,dissociation,780.0,900.0
mAb-X-SCK,mAb-X,run-1,mAb-X-B1,B1-2278,2278.0,s,34.13206294329681,-0.1579449111193249,4.792077088835815,-0.25078031656517374,RU,40.5,nM,dissociation,780.0,900.0
mAb-X-SCK,mAb-X,run-1,mAb-X-B1,B1-2279,2279.0,s,34.068881365692576,-0.11614640272585522,4.5689243376703175,-0.19023602305020015,RU,40.5,nM,dissociation,780.0,900.0
mAb-X-SCK,mAb-X,run-1,mAb-X-B1,B1-2280,2280.0,s,34.12030792469228,0.15794359225903362,4.4600767058143225,0.035367342122897064,RU,40.5,nM,dissociation,780.0,900.0
mAb-X-SCK,mAb-X,run-1,mAb-X-B1,B1-2281,2281.0,s,34.00625253251648,0.12125781966070638,4.473940902878116,0.0169855261346709,RU,40.5,nM,dissociation,780.0,900.0
mAb-X-SCK,mAb-X,run-1,mAb-X-B1,B1-2282,2282.0,s,33.90488979969549,-0.06407267901188882,4.641769871159647,0.09668289444104392,RU,40.5,nM,dissociation,780.0,900.0
mAb-X-SCK,mAb-X,run-1,mAb-X-B1,B1-2283,2283.0,s,33.705898992155056,0.11179326613506659,4.6322326305069765,-0.1205226623420849,RU,40.5,nM,dissociation,780.0,900.0
mAb-X-SCK,mAb-X,run-1,mAb-X-B1,B1-2284,2284.0,s,33.587768468156405,-0.038877368580367395,4.354173727182715,0.24996996629359117,RU,40.5,nM,dissociation,780.0,900.0
mAb-X-SCK,mAb-X,run-1,mAb-X-B1,B1-2285,2285.0,s,33.6253545141633,-0.24403728743350603,4.5977007895094175,-0.196033276215724,RU,40.5,nM,dissociation,780.0,900.0
mAb-X-SCK,mAb-X,run-1,mAb-X-B1,B1-2286,2286.0,s,34.15490499486324,-0.24754497028362332,4.254206682359895,-0.09848271147681108,RU,40.5,nM,dissociation,780.0,900.0
mAb-X-SCK,mAb-X,run-1,mAb-X-B1,B1-2287,2287.0,s,33.57079921132168,0.05616039237855261,4.578496167249989,0.26275253328829384,RU,40.5,nM,dissociation,780.0,900.0
mAb-X-SCK,mAb-X,run-1,mAb-X-B1,B1-2288,2288.0,s,33.98184728778878,0.05313374756752059,4.707323953264149,0.07127005378573914,RU,40.5,nM,dissociation,780.0,900.0
mAb-X-SCK,mAb-X,run-1,mAb-X-B1,B1-2289,2289.0,s,33.55463984926617,0.2870659544271278,4.833639385488986,0.03232685335913078,RU,40.5,nM,dissociation,780.0,900.0
mAb-X-SCK,mAb-X,run-1,mAb-X-B1,B1-2290,2290.0,s,33.67509551404694,-0.319885866517083,4.589028896547194,0.031240413129979158,RU,40.5,nM,dissociation,780.0,900.0
mAb-X-SCK,mAb-X,run-1,mAb-X-B1,B1-2291,2291.0,s,33.97588558588096,-0.030351802607007476,4.627692704393955,-0.21688898221274971,RU,40.5,nM,dissociation,780.0,900.0
mAb-X-SCK,mAb-X,run-1,mAb-X-B1,B1-2292,2292.0,s,33.68664458825024,-0.20014908461633704,4.875258136654464,-0.0651768534182098,RU,40.5,nM,dissociation,780.0,900.0
mAb-X-SCK,mAb-X,run-1,mAb-X-B1,B1-2293,2293.0,s,33.594239830034034,-0.01673308709044233,4.574375933027375,0.021904725628174755,RU,40.5,nM,dissociation,780.0,900.0
mAb-X-SCK,mAb-X,run-1,mAb-X-B1,B1-2294,2294.0,s,33.59823518238438,0.05864379909035479,4.468593098568289,-0.03834656922403691,RU,40.5,nM,dissociation,780.0,900.0
mAb-X-SCK,mAb-X,run-1,mAb-X-B1,B1-2295,2295.0,s,33.570291112548844,-0.2119927227639085,4.675653656882237,-0.0315493516028556,RU,40.5,nM,dissociation,780.0,900.0
mAb-X-SCK,mAb-X,run-1,mAb-X-B1,B1-2296,2296.0,s,33.767512458742566,0.03660225765446088,4.645143854466855,0.11603177866794306,RU,40.5,nM,dissociation,780.0,900.0
mAb-X-SCK,mAb-X,run-1,mAb-X-B1,B1-2297,2297.0,s,33.628410450382525,0.2597546717739484,4.4192224070975925,-0.12143156831877402,RU,40.5,nM,dissociation,780.0,900.0
mAb-X-SCK,mAb-X,run-1,mAb-X-B1,B1-2298,2298.0,s,33.525121702519336,-0.12938741419974084,4.5715765183407395,-0.16477921354138153,RU,40.5,nM,dissociation,780.0,900.0
mAb-X-SCK,mAb-X,run-1,mAb-X-B1,B1-2299,2299.0,s,33.798719689776966,0.120388593145114,4.414896128396081,-0.256237294308691,RU,40.5,nM,dissociation,780.0,900.0
mAb-X-SCK,mAb-X,run-1,mAb-X-B1,B1-2300,2300.0,s,33.76913075469823,0.1920309482801152,4.658827769784561,0.1103475382825422,RU,40.5,nM,dissociation,780.0,900.0
mAb-X-SCK,mAb-X,run-1,mAb-X-B1,B1-2301,2301.0,s,33.32134968640988,0.31909794476083414,4.663356142645608,0.060337789251753746,RU,40.5,nM,dissociation,780.0,900.0
mAb-X-SCK,mAb-X,run-1,mAb-X-B1,B1-2302,2302.0,s,33.40166486664494,-0.013070563917190756,4.581877344785811,-0.1542734020535942,RU,40.5,nM,dissociation,780.0,900.0
mAb-X-SCK,mAb-X,run-1,mAb-X-B1,B1-2303,2303.0,s,33.44178728138148,-0.10771645692874206,4.4935640707128375,-0.13309850007266164,RU,40.5,nM,dissociation,780.0,900.0
mAb-X-SCK,mAb-X,run-1,mAb-X-B1,B1-2304,2304.0,s,33.547154186924146,0.06912327828403367,4.513232578112705,-0.11248230376237504,RU,40.5,nM,dissociation,780.0,900.0
mAb-X-SCK,mAb-X,run-1,mAb-X-B1,B1-2305,2305.0,s,33.445409985631215,0.18462384041943733,4.581241774880749,-0.19530932820207142,RU,40.5,nM,dissociation,780.0,900.0
mAb-X-SCK,mAb-X,run-1,mAb-X-B1,B1-2306,2306.0,s,33.47373546597651,-0.007581909893066631,4.554592654637851,0.14209124366672124,RU,40.5,nM,dissociation,780.0,900.0
mAb-X-SCK,mAb-X,run-1,mAb-X-B1,B1-2307,2307.0,s,33.229334957841104,0.02234498744157646,4.745441280849889,-0.09457134773435802,RU,40.5,nM,dissociation,780.0,900.0
mAb-X-SCK,mAb-X,run-1,mAb-X-B1,B1-2308,2308.0,s,33.50847226403826,0.2808220716192411,4.622707872055151,0.10130250514489035,RU,40.5,nM,dissociation,780.0,900.0
mAb-X-SCK,mAb-X,run-1,mAb-X-B1,B1-2309,2309.0,s,33.366087113819646,0.08326224386118776,4.659485135121787,-0.12393222218251342,RU,40.5,nM,dissociation,780.0,900.0
mAb-X-SCK,mAb-X,run-1,mAb-X-B1,B1-2310,2310.0,s,33.36377495196528,0.09642073695984661,4.421319295905815,-0.08620907105665003,RU,40.5,nM,dissociation,780.0,900.0
mAb-X-SCK,mAb-X,run-1,mAb-X-B1,B1-2311,2311.0,s,33.40719148752715,-0.05324842421369477,4.45972433569597,-0.017855811861870855,RU,40.5,nM,dissociation,780.0,900.0
mAb-X-SCK,mAb-X,run-1,mAb-X-B1,B1-2312,2312.0,s,33.45538904262954,0.10096909936115712,4.7726306809481445,0.10112666377684677,RU,40.5,nM,dissociation,780.0,900.0
mAb-X-SCK,mAb-X,run-1,mAb-X-B1,B1-2313,2313.0,s,33.4282285991623,-0.06664573579736179,4.723882170566105,0.10662424273259218,RU,40.5,nM,dissociation,780.0,900.0
mAb-X-SCK,mAb-X,run-1,mAb-X-B1,B1-2314,2314.0,s,33.2683687529462,-0.13078170753385365,4.477062459550618,-0.00357894475065061,RU,40.5,nM,dissociation,780.0,900.0
mAb-X-SCK,mAb-X,run-1,mAb-X-B1,B1-2315,2315.0,s,33.62560623625449,0.06133095417241848,4.812011819017223,0.13088273427933056,RU,40.5,nM,dissociation,780.0,900.0
mAb-X-SCK,mAb-X,run-1,mAb-X-B1,B1-2316,2316.0,s,33.340720844277705,-0.18023202277695613,4.888800885706206,0.021139985810696208,RU,40.5,nM,dissociation,780.0,900.0
mAb-X-SCK,mAb-X,run-1,mAb-X-B1,B1-2317,2317.0,s,33.37989832264323,-0.11152570301137964,4.417329667045946,0.16754398913291213,RU,40.5,nM,dissociation,780.0,900.0
mAb-X-SCK,mAb-X,run-1,mAb-X-B1,B1-2318,2318.0,s,33.11103710056469,0.023165284687203882,4.683771504937876,-0.012202928012242443,RU,40.5,nM,dissociation,780.0,900.0
mAb-X-SCK,mAb-X,run-1,mAb-X-B1,B1-2319,2319.0,s,33.512279232673606,0.004589779928229183,4.531887144162459,-0.005296570234598444,RU,40.5,nM,dissociation,780.0,900.0
mAb-X-SCK,mAb-X,run-1,mAb-X-B1,B1-2320,2320.0,s,33.34306570159493,-0.12364382535770083,4.533294669942587,-0.1473187855279608,RU,40.5,nM,dissociation,780.0,900.0
mAb-X-SCK,mAb-X,run-1,mAb-X-B1,B1-2321,2321.0,s,33.399924389396524,-0.1621753527736692,4.842351870209048,0.18015532148880414,RU,40.5,nM,dissociation,780.0,900.0
mAb-X-SCK,mAb-X,run-1,mAb-X-B1,B1-2322,2322.0,s,33.248457847139555,0.16219126645292595,4.597888085138098,-0.16637659300798704,RU,40.5,nM,dissociation,780.0,900.0
mAb-X-SCK,mAb-X,run-1,mAb-X-B1,B1-2323,2323.0,s,33.419293053558036,0.07258555370972862,4.731258477594081,0.10226475125960455,RU,40.5,nM,dissociation,780.0,900.0
mAb-X-SCK,mAb-X,run-1,mAb-X-B1,B1-2324,2324.0,s,33.35257492626651,-0.14000112385802221,4.781080293820461,0.04004651071743767,RU,40.5,nM,dissociation,780.0,900.0
mAb-X-SCK,mAb-X,run-1,mAb-X-B1,B1-2325,2325.0,s,33.44199896489003,-0.09606966441137073,4.8433723755166636,0.0527696734728948,RU,40.5,nM,dissociation,780.0,900.0
mAb-X-SCK,mAb-X,run-1,mAb-X-B1,B1-2326,2326.0,s,33.1848337474775,-0.00815911578735278,4.591700131303229,-0.10745601011755082,RU,40.5,nM,dissociation,780.0,900.0
mAb-X-SCK,mAb-X,run-1,mAb-X-B1,B1-2327,2327.0,s,33.39682287555787,0.16323752998119295,4.620358680660704,-0.017138545791797646,RU,40.5,nM,dissociation,780.0,900.0
mAb-X-SCK,mAb-X,run-1,mAb-X-B1,B1-2328,2328.0,s,33.28367025328904,0.3178847168844978,4.609970432215295,0.05342205013928112,RU,40.5,nM,dissociation,780.0,900.0
mAb-X-SCK,mAb-X,run-1,mAb-X-B1,B1-2329,2329.0,s,33.26764267115087,-0.15241338503113508,4.568405144258521,0.10281843316388818,RU,40.5,nM,dissociation,780.0,900.0
mAb-X-SCK,mAb-X,run-1,mAb-X-B1,B1-2330,2330.0,s,33.276444528473604,-0.11076699816210646,4.564228181922376,0.1953516825035507,RU,40.5,nM,dissociation,780.0,900.0
mAb-X-SCK,mAb-X,run-1,mAb-X-B1,B1-2331,2331.0,s,33.09356922143477,0.13836038518532512,4.661347322697159,0.3304129430958313,RU,40.5,nM,dissociation,780.0,900.0
mAb-X-SCK,mAb-X,run-1,mAb-X-B1,B1-2332,2332.0,s,33.18740203946809,0.15126756138897557,4.69621762700632,0.0543972776105683,RU,40.5,nM,dissociation,780.0,900.0
mAb-X-SCK,mAb-X,run-1,mAb-X-B1,B1-2333,2333.0,s,33.19188960487171,-0.38504328466244164,4.833183842801019,-0.149800532326769,RU,40.5,nM,dissociation,780.0,900.0
mAb-X-SCK,mAb-X,run-1,mAb-X-B1,B1-2334,2334.0,s,33.25904466857355,-0.23241276875473763,4.552154922721813,0.03243656582852183,RU,40.5,nM,dissociation,780.0,900.0
mAb-X-SCK,mAb-X,run-1,mAb-X-B1,B1-2335,2335.0,s,33.127545189129265,-0.14050599805032582,4.827859991457111,-0.0027290662591720224,RU,40.5,nM,dissociation,780.0,900.0
mAb-X-SCK,mAb-X,run-1,mAb-X-B1,B1-2336,2336.0,s,33.36470503471115,0.032626473981461596,4.790691805933112,0.0680221579060387,RU,40.5,nM,dissociation,780.0,900.0
mAb-X-SCK,mAb-X,run-1,mAb-X-B1,B1-2337,2337.0,s,33.08227390550674,-0.1200287325417331,4.484441117682957,0.19797522408110207,RU,40.5,nM,dissociation,780.0,900.0
mAb-X-SCK,mAb-X,run-1,mAb-X-B1,B1-2338,2338.0,s,33.158785022417575,0.00323033250719423,4.661811819474227,0.05930804723526331,RU,40.5,nM,dissociation,780.0,900.0
mAb-X-SCK,mAb-X,run-1,mAb-X-B1,B1-2339,2339.0,s,32.97500313041865,-0.2693528079563754,4.725654850097564,0.07750326188027903,RU,40.5,nM,dissociation,780.0,900.0
mAb-X-SCK,mAb-X,run-1,mAb-X-B1,B1-2340,2340.0,s,33.17019258783342,-0.2021653165934653,4.724755724471374,0.2978986837161983,RU,40.5,nM,dissociation,780.0,900.0
mAb-X-SCK,mAb-X,run-1,mAb-X-B1,B1-2341,2341.0,s,32.95351770559954,-0.08731823505589259,4.652632007153855,-0.11355369410238877,RU,40.5,nM,dissociation,780.0,900.0
mAb-X-SCK,mAb-X,run-1,mAb-X-B1,B1-2342,2342.0,s,33.057771894933296,0.23445772014083383,4.757564713470031,0.06384398883283326,RU,40.5,nM,dissociation,780.0,900.0
mAb-X-SCK,mAb-X,run-1,mAb-X-B1,B1-2343,2343.0,s,33.000302646316946,-0.023020982433331165,4.684223543903029,-0.02191291318253001,RU,40.5,nM,dissociation,780.0,900.0
mAb-X-SCK,mAb-X,run-1,mAb-X-B1,B1-2344,2344.0,s,33.219511348739616,0.2849092488392508,5.107530173564396,0.20766484466649424,RU,40.5,nM,dissociation,780.0,900.0
mAb-X-SCK,mAb-X,run-1,mAb-X-B1,B1-2345,2345.0,s,33.14838048090091,-0.17297864003737126,4.589323046378152,0.09038452165025433,RU,40.5,nM,dissociation,780.0,900.0
mAb-X-SCK,mAb-X,run-1,mAb-X-B1,B1-2346,2346.0,s,33.335708599020215,-0.21996887733770545,4.860285498846325,0.1559865170921077,RU,40.5,nM,dissociation,780.0,900.0
mAb-X-SCK,mAb-X,run-1,mAb-X-B1,B1-2347,2347.0,s,33.0618992441008,0.1152835940069692,4.595270321571166,-0.1037502985502217,RU,40.5,nM,dissociation,780.0,900.0
mAb-X-SCK,mAb-X,run-1,mAb-X-B1,B1-2348,2348.0,s,33.169501848113285,0.15374490511642394,4.531076779210463,-0.17619053088752978,RU,40.5,nM,dissociation,780.0,900.0
mAb-X-SCK,mAb-X,run-1,mAb-X-B1,B1-2349,2349.0,s,33.00572181575779,0.16461067123984993,4.658567345247481,-0.018453128534032363,RU,40.5,nM,dissociation,780.0,900.0
mAb-X-SCK,mAb-X,run-1,mAb-X-B1,B1-2350,2350.0,s,32.87607188298586,0.14543856512716957,4.708565976154109,0.18249749883513938,RU,40.5,nM,dissociation,780.0,900.0
mAb-X-SCK,mAb-X,run-1,mAb-X-B1,B1-2351,2351.0,s,33.10883618437102,-0.08065325527680284,4.585751648943692,0.13220809412112025,RU,40.5,nM,dissociation,780.0,900.0
mAb-X-SCK,mAb-X,run-1,mAb-X-B1,B1-2352,2352.0,s,32.584810852074476,0.0503135806694519,4.6947016996144075,-0.06244015301326345,RU,40.5,nM,dissociation,780.0,900.0
mAb-X-SCK,mAb-X,run-1,mAb-X-B1,B1-2353,2353.0,s,32.80872000375826,0.34103891599481057,4.773347521347441,-0.11293255705363703,RU,40.5,nM,dissociation,780.0,900.0
mAb-X-SCK,mAb-X,run-1,mAb-X-B1,B1-2354,2354.0,s,32.872303112150924,-0.07315069787511476,4.685034094998489,-0.15867382878290834,RU,40.5,nM,dissociation,780.0,900.0
mAb-X-SCK,mAb-X,run-1,mAb-X-B1,B1-2355,2355.0,s,33.08935681118318,0.05644192325281395,4.434729228953939,0.03164601224106286,RU,40.5,nM,dissociation,780.0,900.0
mAb-X-SCK,mAb-X,run-1,mAb-X-B1,B1-2356,2356.0,s,32.80148050194978,0.27945238438812114,4.863403318876439,-0.008087372110045106,RU,40.5,nM,dissociation,780.0,900.0
mAb-X-SCK,mAb-X,run-1,mAb-X-B1,B1-2357,2357.0,s,33.00898710885568,-0.14543565764656438,4.698295237708915,0.12455725053161976,RU,40.5,nM,dissociation,780.0,900.0
mAb-X-SCK,mAb-X,run-1,mAb-X-B1,B1-2358,2358.0,s,32.934109007908006,-0.004422351043058028,4.761005709913194,0.10743383228266255,RU,40.5,nM,dissociation,780.0,900.0
mAb-X-SCK,mAb-X,run-1,mAb-X-B1,B1-2359,2359.0,s,33.26389098875957,0.16820024933325764,4.943844514558613,-0.1819080141776193,RU,40.5,nM,dissociation,780.0,900.0
mAb-X-SCK,mAb-X,run-1,mAb-X-B1,B1-2360,2360.0,s,32.747840891900374,-0.03322404766413982,4.848157910862501,0.09361564428479939,RU,40.5,nM,dissociation,780.0,900.0
mAb-X-SCK,mAb-X,run-1,mAb-X-B1,B1-2361,2361.0,s,32.97913357293925,0.2715420065507957,4.6046577203552514,-0.09985683160541274,RU,40.5,nM,dissociation,780.0,900.0
mAb-X-SCK,mAb-X,run-1,mAb-X-B1,B1-2362,2362.0,s,32.626480679355524,-0.1557056662274196,4.6703732170758,-0.042528696688805795,RU,40.5,nM,dissociation,780.0,900.0
mAb-X-SCK,mAb-X,run-1,mAb-X-B1,B1-2363,2363.0,s,32.77649486528142,-0.293096981945379,4.69037356795392,-0.009115783775383262,RU,40.5,nM,dissociation,780.0,900.0
mAb-X-SCK,mAb-X,run-1,mAb-X-B1,B1-2364,2364.0,s,32.53974443167295,-0.015173137335520864,4.556713162011113,-0.014002391460230306,RU,40.5,nM,dissociation,780.0,900.0
mAb-X-SCK,mAb-X,run-1,mAb-X-B1,B1-2365,2365.0,s,33.05688879559463,0.06395067169788776,4.660334860235245,-0.1169556449483966,RU,40.5,nM,dissociation,780.0,900.0
mAb-X-SCK,mAb-X,run-1,mAb-X-B1,B1-2366,2366.0,s,32.971799350283305,0.06676270738645235,4.749069164706939,0.21900423416794843,RU,40.5,nM,dissociation,780.0,900.0
mAb-X-SCK,mAb-X,run-1,mAb-X-B1,B1-2367,2367.0,s,32.81573700597873,-0.08290730018498522,4.601043650979863,-0.09395768920187793,RU,40.5,nM,dissociation,780.0,900.0
mAb-X-SCK,mAb-X,run-1,mAb-X-B1,B1-2368,2368.0,s,32.74288886033776,-0.09832728155670674,4.351281055606374,-0.03187064521095183,RU,40.5,nM,dissociation,780.0,900.0
mAb-X-SCK,mAb-X,run-1,mAb-X-B1,B1-2369,2369.0,s,32.842297179839214,-0.06844558231921566,4.749905861413469,0.28384118689292304,RU,40.5,nM,dissociation,780.0,900.0
mAb-X-SCK,mAb-X,run-1,mAb-X-B1,B1-2370,2370.0,s,32.65922107559912,0.09557474719833221,4.741698069743027,-0.06938921414429298,RU,40.5,nM,dissociation,780.0,900.0
mAb-X-SCK,mAb-X,run-1,mAb-X-B1,B1-2371,2371.0,s,33.15060780578917,0.035023734126198344,4.593962284441701,-0.11046131626600694,RU,40.5,nM,dissociation,780.0,900.0
mAb-X-SCK,mAb-X,run-1,mAb-X-B1,B1-2372,2372.0,s,32.882892651711344,0.08460590015504574,4.81075501173738,0.10668038164603488,RU,40.5,nM,dissociation,780.0,900.0
mAb-X-SCK,mAb-X,run-1,mAb-X-B1,B1-2373,2373.0,s,32.70882966436345,-0.3415120498970873,4.668416137977237,0.01565519293961446,RU,40.5,nM,dissociation,780.0,900.0
mAb-X-SCK,mAb-X,run-1,mAb-X-B1,B1-2374,2374.0,s,32.6993087200915,0.02833322888322705,4.770043756875046,-0.1224975112201127,RU,40.5,nM,dissociation,780.0,900.0
mAb-X-SCK,mAb-X,run-1,mAb-X-B1,B1-2375,2375.0,s,32.5742709135275,0.18378696817169615,4.492698616700738,0.0594034969981213,RU,40.5,nM,dissociation,780.0,900.0
mAb-X-SCK,mAb-X,run-1,mAb-X-B1,B1-2376,2376.0,s,32.88811056586661,0.03915638617183139,4.908489949274033,-0.0071417187090220165,RU,40.5,nM,dissociation,780.0,900.0
mAb-X-SCK,mAb-X,run-1,mAb-X-B1,B1-2377,2377.0,s,32.40308977612565,0.05448117995485351,4.747818800298055,-0.31058073698017996,RU,40.5,nM,dissociation,780.0,900.0
mAb-X-SCK,mAb-X,run-1,mAb-X-B1,B1-2378,2378.0,s,32.73804989410178,-0.22752489057611752,5.029674873174717,-0.2525033971747793,RU,40.5,nM,dissociation,780.0,900.0
mAb-X-SCK,mAb-X,run-1,mAb-X-B1,B1-2379,2379.0,s,32.767328662753265,0.03906396972232333,4.674514659949276,-0.08496309549700957,RU,40.5,nM,dissociation,780.0,900.0
mAb-X-SCK,mAb-X,run-1,mAb-X-B1,B1-2380,2380.0,s,32.849916024871156,-0.0912374211900925,4.825513731990321,0.0441375416166203,RU,40.5,nM,dissociation,780.0,900.0
mAb-X-SCK,mAb-X,run-1,mAb-X-B1,B1-2381,2381.0,s,32.64134787352885,-0.04004596688207984,4.743752329097369,0.41729509696765316,RU,40.5,nM,dissociation,780.0,900.0
mAb-X-SCK,mAb-X,run-1,mAb-X-B1,B1-2382,2382.0,s,32.68069698059714,0.3860213631658902,4.7861977015972785,0.0720679335643143,RU,40.5,nM,dissociation,780.0,900.0
mAb-X-SCK,mAb-X,run-1,mAb-X-B1,B1-2383,2383.0,s,32.712552269675555,-0.013892201112261802,5.075959438879983,-0.21160198992361723,RU,40.5,nM,dissociation,780.0,900.0
mAb-X-SCK,mAb-X,run-1,mAb-X-B1,B1-2384,2384.0,s,32.584359837102035,0.006716361126215137,4.90062786849797,-0.29304143301260294,RU,40.5,nM,dissociation,780.0,900.0
mAb-X-SCK,mAb-X,run-1,mAb-X-B1,B1-2385,2385.0,s,32.75733132409544,-0.05616573445941107,4.871929372367829,0.08869704437244356,RU,40.5,nM,dissociation,780.0,900.0
mAb-X-SCK,mAb-X,run-1,mAb-X-B1,B1-2386,2386.0,s,32.512631194704376,0.012004129060341477,4.771952672095821,-0.02438310548195524,RU,40.5,nM,dissociation,780.0,900.0
mAb-X-SCK,mAb-X,run-1,mAb-X-B1,B1-2387,2387.0,s,32.682728354731516,0.01372922924275668,4.882689816613905,0.13239004127169282,RU,40.5,nM,dissociation,780.0,900.0
mAb-X-SCK,mAb-X,run-1,mAb-X-B1,B1-2388,2388.0,s,32.38369607371836,0.024955566528449106,4.724117135574089,-0.037652714061715865,RU,40.5,nM,dissociation,780.0,900.0
mAb-X-SCK,mAb-X,run-1,mAb-X-B1,B1-2389,2389.0,s,32.296014897989565,-0.10872459943074886,4.90122021690056,0.2109903503577245,RU,40.5,nM,dissociation,780.0,900.0
mAb-X-SCK,mAb-X,run-1,mAb-X-B1,B1-2390,2390.0,s,32.62292011853002,-0.25457746720551794,4.594755680273388,0.11337351995840027,RU,40.5,nM,dissociation,780.0,900.0
mAb-X-SCK,mAb-X,run-1,mAb-X-B1,B1-2391,2391.0,s,32.5482756137503,-0.10580964220672849,4.822414092772668,0.1836991408179178,RU,40.5,nM,dissociation,780.0,900.0
mAb-X-SCK,mAb-X,run-1,mAb-X-B1,B1-2392,2392.0,s,32.60091782849925,-0.048452767339347835,4.799114299187532,-0.05008938974106615,RU,40.5,nM,dissociation,780.0,900.0
mAb-X-SCK,mAb-X,run-1,mAb-X-B1,B1-2393,2393.0,s,32.397022131392525,0.19445680115684516,4.971662827990334,0.21589597648085176,RU,40.5,nM,dissociation,780.0,900.0
mAb-X-SCK,mAb-X,run-1,mAb-X-B1,B1-2394,2394.0,s,32.49356525583687,-0.045881979308011564,5.196489178836308,0.10602827769132207,RU,40.5,nM,dissociation,780.0,900.0
mAb-X-SCK,mAb-X,run-1,mAb-X-B1,B1-2395,2395.0,s,32.71279101660219,-0.31476571289655186,4.940326244578973,-0.20324325358750167,RU,40.5,nM,dissociation,780.0,900.0
mAb-X-SCK,mAb-X,run-1,mAb-X-B1,B1-2396,2396.0,s,32.519275979946016,0.24547449805691537,4.78291492543692,-0.12956254788998536,RU,40.5,nM,dissociation,780.0,900.0
mAb-X-SCK,mAb-X,run-1,mAb-X-B1,B1-2397,2397.0,s,32.55112141634539,0.1825730646003408,4.954002329869484,-0.04968042112062487,RU,40.5,nM,dissociation,780.0,900.0
mAb-X-SCK,mAb-X,run-1,mAb-X-B1,B1-2398,2398.0,s,32.69457459352418,0.10845635854601733,4.813715642616361,-0.014627907966910457,RU,40.5,nM,dissociation,780.0,900.0
mAb-X-SCK,mAb-X,run-1,mAb-X-B1,B1-2399,2399.0,s,32.541841114839265,0.036320436305136504,4.650419379036695,0.04169164191266512,RU,40.5,nM,dissociation,780.0,900.0
mAb-X-SCK,mAb-X,run-1,mAb-X-B1,B1-2400,2400.0,s,32.34630901790191,0.11302945728084407,4.642246666621386,0.055758149555789435,RU,40.5,nM,dissociation,780.0,900.0
mAb-X-SCK,mAb-X,run-1,mAb-X-B1,B1-2401,2401.0,s,32.47603737591792,0.032270546738147186,4.719082557510694,0.24499875700931228,RU,40.5,nM,dissociation,780.0,900.0
mAb-X-SCK,mAb-X,run-1,mAb-X-B1,B1-2402,2402.0,s,32.35439994520048,0.20747005316161102,4.694645277265677,-0.10327396715877345,RU,40.5,nM,dissociation,780.0,900.0
mAb-X-SCK,mAb-X,run-1,mAb-X-B1,B1-2403,2403.0,s,32.538182259458054,0.11346964245984557,4.864636859180108,0.045376261309097506,RU,40.5,nM,dissociation,780.0,900.0
mAb-X-SCK,mAb-X,run-1,mAb-X-B1,B1-2404,2404.0,s,32.391457803828494,0.12503031540029771,4.627441585531275,0.0773057600646784,RU,40.5,nM,dissociation,780.0,900.0
mAb-X-SCK,mAb-X,run-1,mAb-X-B1,B1-2405,2405.0,s,32.488244475067155,0.01364360222798958,4.7032644718444985,0.2163297320518673,RU,40.5,nM,dissociation,780.0,900.0
mAb-X-SCK,mAb-X,run-1,mAb-X-B1,B1-2406,2406.0,s,32.59511866910927,-0.10915449324927427,4.534815034386311,-0.1762905218872023,RU,40.5,nM,dissociation,780.0,900.0
mAb-X-SCK,mAb-X,run-1,mAb-X-B1,B1-2407,2407.0,s,32.105915282167096,0.11498473708274214,5.08998386404039,0.22495012967825923,RU,40.5,nM,dissociation,780.0,900.0
mAb-X-SCK,mAb-X,run-1,mAb-X-B1,B1-2408,2408.0,s,32.48697037106919,0.1653631428437476,4.532934450808229,0.18305403435070183,RU,40.5,nM,dissociation,780.0,900.0
mAb-X-SCK,mAb-X,run-1,mAb-X-B1,B1-2409,2409.0,s,32.359498341087615,0.2929818328129558,4.702623643238316,-0.07685698938437532,RU,40.5,nM,dissociation,780.0,900.0
mAb-X-SCK,mAb-X,run-1,mAb-X-B1,B1-2410,2410.0,s,32.41525726057679,0.21957015684720488,4.550177282428594,0.09593093644307048,RU,40.5,nM,dissociation,780.0,900.0
mAb-X-SCK,mAb-X,run-1,mAb-X-B1,B1-2411,2411.0,s,32.30679712317186,0.05417155802228028,4.875056037433783,0.08756877790121473,RU,40.5,nM,dissociation,780.0,900.0
mAb-X-SCK,mAb-X,run-1,mAb-X-B1,B1-2412,2412.0,s,32.1846361515442,-0.12439822251800324,4.815064655629296,0.2220546830503729,RU,40.5,nM,dissociation,780.0,900.0
mAb-X-SCK,mAb-X,run-1,mAb-X-B1,B1-2413,2413.0,s,31.985652211321824,0.06196922072894748,4.922566403422634,-0.09612150880029602,RU,40.5,nM,dissociation,780.0,900.0
mAb-X-SCK,mAb-X,run-1,mAb-X-B1,B1-2414,2414.0,s,32.144593591375966,0.11291333453672246,4.772646825110998,0.06222422871557848,RU,40.5,nM,dissociation,780.0,900.0
mAb-X-SCK,mAb-X,run-1,mAb-X-B1,B1-2415,2415.0,s,32.33374918858926,-0.12582289936714744,4.960188671177565,0.0109483623962925,RU,40.5,nM,dissociation,780.0,900.0
mAb-X-SCK,mAb-X,run-1,mAb-X-B1,B1-2416,2416.0,s,32.15229527732666,-0.05404234058215323,5.04953656985493,-0.35021031648179163,RU,40.5,nM,dissociation,780.0,900.0
mAb-X-SCK,mAb-X,run-1,mAb-X-B1,B1-2417,2417.0,s,32.26027612515853,0.19216535803809068,4.83816127417637,0.034860903703645495,RU,40.5,nM,dissociation,780.0,900.0
mAb-X-SCK,mAb-X,run-1,mAb-X-B1,B1-2418,2418.0,s,32.20161911591507,0.107769485558847,4.7328830927756655,-0.04491938768956157,RU,40.5,nM,dissociation,780.0,900.0
mAb-X-SCK,mAb-X,run-1,mAb-X-B1,B1-2419,2419.0,s,32.13705977865747,0.3132446619383738,4.799223315646887,-0.15192786023601018,RU,40.5,nM,dissociation,780.0,900.0
mAb-X-SCK,mAb-X,run-1,mAb-X-B1,B1-2420,2420.0,s,32.09949422348154,0.25841084593266017,4.955974616560433,-0.052758442218641566,RU,40.5,nM,dissociation,780.0,900.0
mAb-X-SCK,mAb-X,run-1,mAb-X-B1,B1-2421,2421.0,s,32.06957268050496,-0.07931264844691101,4.657198331302951,0.07776257302352886,RU,40.5,nM,dissociation,780.0,900.0
mAb-X-SCK,mAb-X,run-1,mAb-X-B1,B1-2422,2422.0,s,32.29550937292618,-0.020595954961426258,4.807478349399648,0.3872417541240312,RU,40.5,nM,dissociation,780.0,900.0
mAb-X-SCK,mAb-X,run-1,mAb-X-B1,B1-2423,2423.0,s,31.918556002073153,-0.14908199208869582,4.988083611266826,0.035310283420182366,RU,40.5,nM,dissociation,780.0,900.0
mAb-X-SCK,mAb-X,run-1,mAb-X-B1,B1-2424,2424.0,s,32.177657437617654,0.16389347908290972,4.897709589704599,0.1700978337064343,RU,40.5,nM,dissociation,780.0,900.0
mAb-X-SCK,mAb-X,run-1,mAb-X-B1,B1-2425,2425.0,s,32.29014597776558,-0.08854970237471584,4.587101262169315,-0.16024692070453214,RU,40.5,nM,dissociation,780.0,900.0
mAb-X-SCK,mAb-X,run-1,mAb-X-B1,B1-2426,2426.0,s,31.910380631417,-0.10654166904061568,4.917535728126682,0.2241529357657511,RU,40.5,nM,dissociation,780.0,900.0
mAb-X-SCK,mAb-X,run-1,mAb-X-B1,B1-2427,2427.0,s,31.990704769959738,0.05936831011930072,4.731810903930661,0.1807361386293866,RU,40.5,nM,dissociation,780.0,900.0
mAb-X-SCK,mAb-X,run-1,mAb-X-B1,B1-2428,2428.0,s,32.0921086365563,0.056879505091236834,4.521221396615547,-0.2558488762868339,RU,40.5,nM,dissociation,780.0,900.0
mAb-X-SCK,mAb-X,run-1,mAb-X-B1,B1-2429,2429.0,s,31.999547452636676,-0.03202444734899883,4.808652704005824,0.16271802128556964,RU,40.5,nM,dissociation,780.0,900.0
mAb-X-SCK,mAb-X,run-1,mAb-X-B1,B1-2430,2430.0,s,32.01998491822353,-0.028877413646832054,4.730366987796174,-0.11914862323238043,RU,40.5,nM,dissociation,780.0,900.0
mAb-X-SCK,mAb-X,run-1,mAb-X-B1,B1-2431,2431.0,s,32.40329243695388,-0.03630513017766069,4.878182492766515,-0.06975264797350035,RU,40.5,nM,dissociation,780.0,900.0
mAb-X-SCK,mAb-X,run-1,mAb-X-B1,B1-2432,2432.0,s,31.999091423327787,-0.15370397696500357,4.908400643613464,-0.09681892021241402,RU,40.5,nM,dissociation,780.0,900.0
mAb-X-SCK,mAb-X,run-1,mAb-X-B1,B1-2433,2433.0,s,32.11830723725586,0.06116407151753821,4.855274225274044,0.1481770192841093,RU,40.5,nM,dissociation,780.0,900.0
mAb-X-SCK,mAb-X,run-1,mAb-X-B1,B1-2434,2434.0,s,31.908770382894534,-0.08130957485332982,4.90085632496866,0.012144521284200066,RU,40.5,nM,dissociation,780.0,900.0
mAb-X-SCK,mAb-X,run-1,mAb-X-B1,B1-2435,2435.0,s,31.95583825014021,0.11341149031736052,4.739355834891494,-0.0802804238095928,RU,40.5,nM,dissociation,780.0,900.0
mAb-X-SCK,mAb-X,run-1,mAb-X-B1,B1-2436,2436.0,s,31.827002452851055,0.3080287516386281,4.667132394171286,-0.023125382290253554,RU,40.5,nM,dissociation,780.0,900.0
mAb-X-SCK,mAb-X,run-1,mAb-X-B1,B1-2437,2437.0,s,31.86332136133195,0.3503823950614692,4.792164013915925,-0.2655784502371369,RU,40.5,nM,dissociation,780.0,900.0
mAb-X-SCK,mAb-X,run-1,mAb-X-B1,B1-2438,2438.0,s,31.9289437145421,0.05912589255531586,4.974511366990509,-0.13597247449076363,RU,40.5,nM,dissociation,780.0,900.0
mAb-X-SCK,mAb-X,run-1,mAb-X-B1,B1-2439,2439.0,s,32.24587893618807,0.0772934733055714,4.68543582120041,0.11871520679088485,RU,40.5,nM,dissociation,780.0,900.0
mAb-X-SCK,mAb-X,run-1,mAb-X-B1,B1-2440,2440.0,s,32.19136558484675,-0.20572771749375005,4.751138886184766,0.18366764593555393,RU,40.5,nM,dissociation,780.0,900.0
mAb-X-SCK,mAb-X,run-1,mAb-X-B1,B1-2441,2441.0,s,31.862871336325025,-0.20099262881656413,4.930655144662344,0.11492548266000548,RU,40.5,nM,dissociation,780.0,900.0
mAb-X-SCK,mAb-X,run-1,mAb-X-B1,B1-2442,2442.0,s,31.871761731390052,0.1396252970566833,4.9276072288279815,-0.006655584622351757,RU,40.5,nM,dissociation,780.0,900.0
mAb-X-SCK,mAb-X,run-1,mAb-X-B1,B1-2443,2443.0,s,31.7917358138164,-0.27824153071262603,4.6900698197997865,-0.22669841449557335,RU,40.5,nM,dissociation,780.0,900.0
mAb-X-SCK,mAb-X,run-1,mAb-X-B1,B1-2444,2444.0,s,31.90843358849515,0.09455007516777442,5.006475638964618,-0.02349756112176149,RU,40.5,nM,dissociation,780.0,900.0
mAb-X-SCK,mAb-X,run-1,mAb-X-B1,B1-2445,2445.0,s,32.01021275221735,-0.15118260064832237,4.778806344562423,0.30167646880315946,RU,40.5,nM,dissociation,780.0,900.0
mAb-X-SCK,mAb-X,run-1,mAb-X-B1,B1-2446,2446.0,s,31.587657097708483,-0.008492446761805711,5.012523914109326,0.00884926144854694,RU,40.5,nM,dissociation,780.0,900.0
mAb-X-SCK,mAb-X,run-1,mAb-X-B1,B1-2447,2447.0,s,31.700618795369373,-0.04268452799572422,5.090906782048068,0.0726056673691053,RU,40.5,nM,dissociation,780.0,900.0
mAb-X-SCK,mAb-X,run-1,mAb-X-B1,B1-2448,2448.0,s,32.019056369166215,0.008207201432322632,5.241383543587176,0.22503617390807518,RU,40.5,nM,dissociation,780.0,900.0
mAb-X-SCK,mAb-X,run-1,mAb-X-B1,B1-2449,2449.0,s,31.79668861210929,0.10530232636724225,4.788257133860469,-0.22990395719836249,RU,40.5,nM,dissociation,780.0,900.0
mAb-X-SCK,mAb-X,run-1,mAb-X-B1,B1-2450,2450.0,s,31.866117075303116,-0.020522540536301984,4.8550159731653215,-0.1746448573392322,RU,40.5,nM,dissociation,780.0,900.0
mAb-X-SCK,mAb-X,run-1,mAb-X-B1,B1-2451,2451.0,s,31.84627580801814,-0.13757488096547235,4.818031713188037,0.14071181564907168,RU,40.5,nM,dissociation,780.0,900.0
mAb-X-SCK,mAb-X,run-1,mAb-X-B1,B1-2452,2452.0,s,31.66333415053908,-0.21271885348806444,5.000481197831005,0.22263751201872115,RU,40.5,nM,dissociation,780.0,900.0
mAb-X-SCK,mAb-X,run-1,mAb-X-B1,B1-2453,2453.0,s,31.79199935184606,0.18659315825088132,4.899480412511142,-0.04825334058196873,RU,40.5,nM,dissociation,780.0,900.0
mAb-X-SCK,mAb-X,run-1,mAb-X-B1,B1-2454,2454.0,s,31.79211573636004,-0.15919870529615987,4.792216389155342,0.1788580306822897,RU,40.5,nM,dissociation,780.0,900.0
mAb-X-SCK,mAb-X,run-1,mAb-X-B1,B1-2455,2455.0,s,31.937963943384723,-0.011861920225031315,4.585837086939728,0.13015088782515188,RU,40.5,nM,dissociation,780.0,900.0
mAb-X-SCK,mAb-X,run-1,mAb-X-B1,B1-2456,2456.0,s,32.09206892150553,-0.08399479316951615,4.697155829160416,-0.08882963066222045,RU,40.5,nM,dissociation,780.0,900.0
mAb-X-SCK,mAb-X,run-1,mAb-X-B1,B1-2457,2457.0,s,31.841091839688303,0.13699069561480504,4.941010339019939,-0.00921435707837253,RU,40.5,nM,dissociation,780.0,900.0
mAb-X-SCK,mAb-X,run-1,mAb-X-B1,B1-2458,2458.0,s,31.638537134768878,0.13272631835752002,5.234662992563787,-0.2167655681607055,RU,40.5,nM,dissociation,780.0,900.0
mAb-X-SCK,mAb-X,run-1,mAb-X-B1,B1-2459,2459.0,s,31.671966824805835,-0.17574416611156454,4.605452856901067,0.0414012885123133,RU,40.5,nM,dissociation,780.0,900.0
mAb-X-SCK,mAb-X,run-1,mAb-X-B1,B1-2460,2460.0,s,31.767240444141166,-0.1477900442007839,4.8214135188934275,0.14231425361032676,RU,40.5,nM,dissociation,780.0,900.0
mAb-X-SCK,mAb-X,run-1,mAb-X-B1,B1-2461,2461.0,s,31.58496798966777,0.21663050906787126,5.0958712208775285,0.1480024917035804,RU,40.5,nM,dissociation,780.0,900.0
mAb-X-SCK,mAb-X,run-1,mAb-X-B1,B1-2462,2462.0,s,31.74349948757818,0.053809799012396804,4.90913696235137,-0.07632145535911188,RU,40.5,nM,dissociation,780.0,900.0
mAb-X-SCK,mAb-X,run-1,mAb-X-B1,B1-2463,2463.0,s,31.682157734733757,0.08656776179644451,4.9541180448649955,-0.029918190092972922,RU,40.5,nM,dissociation,780.0,900.0
mAb-X-SCK,mAb-X,run-1,mAb-X-B1,B1-2464,2464.0,s,31.539143608166526,-0.032425430404561,4.974028404266904,0.1640442985263278,RU,40.5,nM,dissociation,780.0,900.0
mAb-X-SCK,mAb-X,run-1,mAb-X-B1,B1-2465,2465.0,s,31.648754641444388,-0.13820604165070982,4.920413615896832,-0.19085993403060544,RU,40.5,nM,dissociation,780.0,900.0
mAb-X-SCK,mAb-X,run-1,mAb-X-B1,B1-2466,2466.0,s,31.74072596614208,-0.23813735514228376,4.782905647422998,-0.012627628088378199,RU,40.5,nM,dissociation,780.0,900.0
mAb-X-SCK,mAb-X,run-1,mAb-X-B1,B1-2467,2467.0,s,31.443584131409494,0.0507731114178489,5.1298963319222874,0.35370425995128285,RU,40.5,nM,dissociation,780.0,900.0
mAb-X-SCK,mAb-X,run-1,mAb-X-B1,B1-2468,2468.0,s,31.81072634728679,-0.09062882662164999,5.213137458836964,0.08556913295296088,RU,40.5,nM,dissociation,780.0,900.0
mAb-X-SCK,mAb-X,run-1,mAb-X-B1,B1-2469,2469.0,s,31.533052817743638,0.12771109299839292,4.81704392985759,0.24597053081908962,RU,40.5,nM,dissociation,780.0,900.0
mAb-X-SCK,mAb-X,run-1,mAb-X-B1,B1-2470,2470.0,s,31.504598140987724,0.3599244402870762,4.97136542058721,-0.25812931607583894,RU,40.5,nM,dissociation,780.0,900.0
mAb-X-SCK,mAb-X,run-1,mAb-X-B1,B1-2471,2471.0,s,31.578598799154936,0.042530407319293015,4.778322370062495,0.03896544177532011,RU,40.5,nM,dissociation,780.0,900.0
mAb-X-SCK,mAb-X,run-1,mAb-X-B1,B1-2472,2472.0,s,31.353541959839177,0.0368922222940553,5.3057897706551795,-0.015094485413603188,RU,40.5,nM,dissociation,780.0,900.0
mAb-X-SCK,mAb-X,run-1,mAb-X-B1,B1-2473,2473.0,s,31.337912559315356,-0.17900124962081643,4.818205401168502,0.011092164135456533,RU,40.5,nM,dissociation,780.0,900.0
mAb-X-SCK,mAb-X,run-1,mAb-X-B1,B1-2474,2474.0,s,31.280191868234084,0.2230289982470232,4.833956289533256,-0.04540308939103457,RU,40.5,nM,dissociation,780.0,900.0
mAb-X-SCK,mAb-X,run-1,mAb-X-B1,B1-2475,2475.0,s,31.72886118562813,0.045733172599566295,5.1595603416239335,-0.10902980716529438,RU,40.5,nM,dissociation,780.0,900.0
mAb-X-SCK,mAb-X,run-1,mAb-X-B1,B1-2476,2476.0,s,31.333450869864446,0.17661465211267566,4.757445299004621,0.0553470988916416,RU,40.5,nM,dissociation,780.0,900.0
mAb-X-SCK,mAb-X,run-1,mAb-X-B1,B1-2477,2477.0,s,31.83058743449098,-0.12420061221992756,5.088269937894998,-0.28226746635051536,RU,40.5,nM,dissociation,780.0,900.0
mAb-X-SCK,mAb-X,run-1,mAb-X-B1,B1-2478,2478.0,s,31.324150288143436,0.16624555957512943,4.811852787338023,-0.28966265136812425,RU,40.5,nM,dissociation,780.0,900.0
mAb-X-SCK,mAb-X,run-1,mAb-X-B1,B1-2479,2479.0,s,31.487386443853502,0.0015311404045306482,4.877752188742242,-0.04902672237732519,RU,40.5,nM,dissociation,780.0,900.0
mAb-X-SCK,mAb-X,run-1,mAb-X-B1,B1-2480,2480.0,s,31.22355544445108,0.03630306482653433,4.6832852636951054,-0.10644508483464425,RU,40.5,nM,dissociation,780.0,900.0
mAb-X-SCK,mAb-X,run-1,mAb-X-B1,B1-2481,2481.0,s,31.562065580828286,0.18281892166061475,4.942045246376028,-0.1204883125401047,RU,40.5,nM,dissociation,780.0,900.0
mAb-X-SCK,mAb-X,run-1,mAb-X-B1,B1-2482,2482.0,s,31.294818510557047,-0.04889106016736966,4.989632816722617,-0.03419357675365473,RU,40.5,nM,dissociation,780.0,900.0
mAb-X-SCK,mAb-X,run-1,mAb-X-B1,B1-2483,2483.0,s,31.604603669545376,-0.2178022981587521,5.035700242517496,0.1642410808154272,RU,40.5,nM,dissociation,780.0,900.0
mAb-X-SCK,mAb-X,run-1,mAb-X-B1,B1-2484,2484.0,s,31.550965518355955,0.04247590178194794,5.062097295890055,-0.020209262531782252,RU,40.5,nM,dissociation,780.0,900.0
mAb-X-SCK,mAb-X,run-1,mAb-X-B1,B1-2485,2485.0,s,31.36669368258927,0.10634842984234996,5.127128999906736,0.10658933383668762,RU,40.5,nM,dissociation,780.0,900.0
mAb-X-SCK,mAb-X,run-1,mAb-X-B1,B1-2486,2486.0,s,31.372153302440722,-0.013590445590360411,5.053147273997856,-0.006727527521094551,RU,40.5,nM,dissociation,780.0,900.0
mAb-X-SCK,mAb-X,run-1,mAb-X-B1,B1-2487,2487.0,s,31.17470410219218,0.01946090690491036,4.8020218073618475,0.10481245802391188,RU,40.5,nM,dissociation,780.0,900.0
mAb-X-SCK,mAb-X,run-1,mAb-X-B1,B1-2488,2488.0,s,31.301154881930746,-0.05766189580509202,5.032558879696235,-0.20439741574983886,RU,40.5,nM,dissociation,780.0,900.0
mAb-X-SCK,mAb-X,run-1,mAb-X-B1,B1-2489,2489.0,s,31.4485049082262,-0.12002192993370688,5.133307887350336,-0.14067764680116523,RU,40.5,nM,dissociation,780.0,900.0
mAb-X-SCK,mAb-X,run-1,mAb-X-B1,B1-2490,2490.0,s,31.451116083878937,-0.005560103507266612,4.958519109229371,0.1302184939754956,RU,40.5,nM,dissociation,780.0,900.0
mAb-X-SCK,mAb-X,run-1,mAb-X-B1,B1-2491,2491.0,s,31.48027978326459,0.27041852008846096,4.93562559276219,-0.011786360192775834,RU,40.5,nM,dissociation,780.0,900.0
mAb-X-SCK,mAb-X,run-1,mAb-X-B1,B1-2492,2492.0,s,31.463455958155084,0.19084337481410574,4.981080743204651,-0.0734196804563587,RU,40.5,nM,dissociation,780.0,900.0
mAb-X-SCK,mAb-X,run-1,mAb-X-B1,B1-2493,2493.0,s,31.346595613144068,-0.14798987137635278,4.6342666718258325,-0.04612138280897165,RU,40.5,nM,dissociation,780.0,900.0
mAb-X-SCK,mAb-X,run-1,mAb-X-B1,B1-2494,2494.0,s,31.05062099689648,0.04577636843775019,5.150170037894351,-0.09296977927378765,RU,40.5,nM,dissociation,780.0,900.0
mAb-X-SCK,mAb-X,run-1,mAb-X-B1,B1-2495,2495.0,s,31.19479035517932,0.05754778574633757,4.821176346051147,-0.1911981711271343,RU,40.5,nM,dissociation,780.0,900.0
mAb-X-SCK,mAb-X,run-1,mAb-X-B1,B1-2496,2496.0,s,31.483249548427537,-0.09664489195663327,4.967264695798444,0.017053334710109436,RU,40.5,nM,dissociation,780.0,900.0
mAb-X-SCK,mAb-X,run-1,mAb-X-B1,B1-2497,2497.0,s,31.354134836981757,0.10930897621127213,4.8898546582997096,-0.08472872485819039,RU,40.5,nM,dissociation,780.0,900.0
mAb-X-SCK,mAb-X,run-1,mAb-X-B1,B1-2498,2498.0,s,31.40648016158382,-0.1876449490114536,4.936097817674051,-0.08963821713764533,RU,40.5,nM,dissociation,780.0,900.0
mAb-X-SCK,mAb-X,run-1,mAb-X-B1,B1-2499,2499.0,s,31.298258314957135,-0.08512813804167806,4.856695302475943,-0.382576548434758,RU,40.5,nM,dissociation,780.0,900.0
mAb-X-SCK,mAb-X,run-1,mAb-X-B1,B1-2500,2500.0,s,31.440772696925748,-0.2547928294981659,4.703750970154405,-0.09864324885500526,RU,40.5,nM,dissociation,780.0,900.0
mAb-X-SCK,mAb-X,run-1,mAb-X-B1,B1-2501,2501.0,s,31.269404261794296,-0.05750219233187629,5.016558660686415,0.16740896713595854,RU,40.5,nM,dissociation,780.0,900.0
mAb-X-SCK,mAb-X,run-1,mAb-X-B1,B1-2502,2502.0,s,30.95273143253498,0.17590042901901715,5.0786660802561485,-0.1563808043088942,RU,40.5,nM,dissociation,780.0,900.0
mAb-X-SCK,mAb-X,run-1,mAb-X-B1,B1-2503,2503.0,s,31.23847702405329,0.10381234171917168,5.154850572116885,0.007755629374330441,RU,40.5,nM,dissociation,780.0,900.0
mAb-X-SCK,mAb-X,run-1,mAb-X-B1,B1-2504,2504.0,s,31.101526627953938,0.20169947852141346,5.078319578688618,-0.029982577623465508,RU,40.5,nM,dissociation,780.0,900.0
mAb-X-SCK,mAb-X,run-1,mAb-X-B1,B1-2505,2505.0,s,31.289640730360507,-0.07562701304045401,4.897543665623024,-0.1839568945639921,RU,40.5,nM,dissociation,780.0,900.0
mAb-X-SCK,mAb-X,run-1,mAb-X-B1,B1-2506,2506.0,s,30.9133238271012,-0.37520395125414713,5.0440447901167165,0.014107991669964463,RU,40.5,nM,dissociation,780.0,900.0
mAb-X-SCK,mAb-X,run-1,mAb-X-B1,B1-2507,2507.0,s,31.228974229953007,-0.12319660010556104,4.907907867578296,0.04869616310973512,RU,40.5,nM,dissociation,780.0,900.0
mAb-X-SCK,mAb-X,run-1,mAb-X-B1,B1-2508,2508.0,s,31.102076179745982,-0.051135068792190035,5.067642696573905,0.0165052808113897,RU,40.5,nM,dissociation,780.0,900.0
mAb-X-SCK,mAb-X,run-1,mAb-X-B1,B1-2509,2509.0,s,31.084769074002583,-0.08240817099096351,5.135701407153639,-0.057293343067941,RU,40.5,nM,dissociation,780.0,900.0
mAb-X-SCK,mAb-X,run-1,mAb-X-B1,B1-2510,2510.0,s,31.412374188671656,-0.03859615125630612,4.964065045143773,0.1075381991021833,RU,40.5,nM,dissociation,780.0,900.0
mAb-X-SCK,mAb-X,run-1,mAb-X-B1,B1-2511,2511.0,s,31.39412617944386,0.048599785450624745,5.030609320570401,0.2018798843883407,RU,40.5,nM,dissociation,780.0,900.0
mAb-X-SCK,mAb-X,run-1,mAb-X-B1,B1-2512,2512.0,s,31.173869493153628,0.16599989301013515,5.038502627801132,0.06358193300314559,RU,40.5,nM,dissociation,780.0,900.0
mAb-X-SCK,mAb-X,run-1,mAb-X-B1,B1-2513,2513.0,s,31.10161708479901,0.14542206380750178,5.224638621767989,-0.19480262834760184,RU,40.5,nM,dissociation,780.0,900.0
mAb-X-SCK,mAb-X,run-1,mAb-X-B1,B1-2514,2514.0,s,30.990307019174146,0.05395703220856792,4.940616651362569,0.06816728199706817,RU,40.5,nM,dissociation,780.0,900.0
mAb-X-SCK,mAb-X,run-1,mAb-X-B1,B1-2515,2515.0,s,31.053507876432572,0.02618278146000141,5.105821274316024,0.21259515361866724,RU,40.5,nM,dissociation,780.0,900.0
mAb-X-SCK,mAb-X,run-1,mAb-X-B1,B1-2516,2516.0,s,31.039011053254814,-0.1417501375558671,5.070815106402565,-0.11633126013051262,RU,40.5,nM,dissociation,780.0,900.0
mAb-X-SCK,mAb-X,run-1,mAb-X-B1,B1-2517,2517.0,s,31.09124413124907,0.10497136863062015,5.228079381880078,0.016041609799921933,RU,40.5,nM,dissociation,780.0,900.0
mAb-X-SCK,mAb-X,run-1,mAb-X-B1,B1-2518,2518.0,s,31.178270511948817,0.057358234151684735,5.186397613919614,-0.040479701011385205,RU,40.5,nM,dissociation,780.0,900.0
mAb-X-SCK,mAb-X,run-1,mAb-X-B1,B1-2519,2519.0,s,30.95616116288447,0.029810140765757234,4.903432364785857,0.03307926599938865,RU,40.5,nM,dissociation,780.0,900.0
mAb-X-SCK,mAb-X,run-1,mAb-X-B1,B1-2520,2520.0,s,31.077875833232046,0.12002521428508561,4.972281049333834,0.25197051460849496,RU,40.5,nM,dissociation,780.0,900.0
mAb-X-SCK,mAb-X,run-1,mAb-X-B1,B1-2521,2521.0,s,31.09909997170225,0.021836260190591605,4.989966736150586,-0.00744059261898069,RU,40.5,nM,dissociation,780.0,900.0
mAb-X-SCK,mAb-X,run-1,mAb-X-B1,B1-2522,2522.0,s,30.943417833656504,0.0502879493203709,5.068527304857082,-0.041979034596880245,RU,40.5,nM,dissociation,780.0,900.0
mAb-X-SCK,mAb-X,run-1,mAb-X-B1,B1-2523,2523.0,s,31.03015398766162,-0.009461751857464045,5.109770204746729,0.03811425255262883,RU,40.5,nM,dissociation,780.0,900.0
mAb-X-SCK,mAb-X,run-1,mAb-X-B1,B1-2524,2524.0,s,31.17459442529081,-0.22897666356787638,5.244963523187459,-0.1715854963794769,RU,40.5,nM,dissociation,780.0,900.0
mAb-X-SCK,mAb-X,run-1,mAb-X-B1,B1-2525,2525.0,s,30.93806140010303,-0.15121782970100742,4.995876099593628,0.0161494662533101,RU,40.5,nM,dissociation,780.0,900.0
mAb-X-SCK,mAb-X,run-1,mAb-X-B1,B1-2526,2526.0,s,31.038933689728246,0.03816562055354036,5.26831096288991,0.060106582185338965,RU,40.5,nM,dissociation,780.0,900.0
mAb-X-SCK,mAb-X,run-1,mAb-X-B1,B1-2527,2527.0,s,30.439847573522325,0.010158337104779825,5.135781853864579,0.1979807965588102,RU,40.5,nM,dissociation,780.0,900.0
mAb-X-SCK,mAb-X,run-1,mAb-X-B1,B1-2528,2528.0,s,30.963182485417228,0.08882302467531708,5.160957577301163,-0.14805170581698615,RU,40.5,nM,dissociation,780.0,900.0
mAb-X-SCK,mAb-X,run-1,mAb-X-B1,B1-2529,2529.0,s,30.84379768481758,-0.09058710438206251,4.956579293610145,-0.10544044184454325,RU,40.5,nM,dissociation,780.0,900.0
mAb-X-SCK,mAb-X,run-1,mAb-X-B1,B1-2530,2530.0,s,30.98957837720825,-0.17113233519344376,5.068937785793884,-0.12383630778886537,RU,40.5,nM,dissociation,780.0,900.0
mAb-X-SCK,mAb-X,run-1,mAb-X-B1,B1-2531,2531.0,s,30.759508271232527,-0.06288553172547115,5.045026666188447,-0.0857426812979215,RU,40.5,nM,dissociation,780.0,900.0
mAb-X-SCK,mAb-X,run-1,mAb-X-B1,B1-2532,2532.0,s,30.926957810368137,0.10791194421897875,4.905505049572954,0.06275518314374874,RU,40.5,nM,dissociation,780.0,900.0
mAb-X-SCK,mAb-X,run-1,mAb-X-B1,B1-2533,2533.0,s,31.0426121772719,-0.0008966101860834869,5.092464098351877,-0.03396746159452361,RU,40.5,nM,dissociation,780.0,900.0
mAb-X-SCK,mAb-X,run-1,mAb-X-B1,B1-2534,2534.0,s,31.06992979323689,0.07215523826846865,4.829417810205416,0.03436303637707409,RU,40.5,nM,dissociation,780.0,900.0
mAb-X-SCK,mAb-X,run-1,mAb-X-B1,B1-2535,2535.0,s,30.731934724585255,-0.1519413970517853,4.856720607776903,0.08141180899754759,RU,40.5,nM,dissociation,780.0,900.0
mAb-X-SCK,mAb-X,run-1,mAb-X-B1,B1-2536,2536.0,s,31.09376753082519,0.13728199591278925,5.1184495495730555,0.06520197950652873,RU,40.5,nM,dissociation,780.0,900.0
mAb-X-SCK,mAb-X,run-1,mAb-X-B1,B1-2537,2537.0,s,31.204636588626506,-0.009769327150925166,5.197895742803513,-0.29258755527328306,RU,40.5,nM,dissociation,780.0,900.0
mAb-X-SCK,mAb-X,run-1,mAb-X-B1,B1-2538,2538.0,s,30.60885578015664,0.08061434233420381,5.198823937518218,0.06073785089893053,RU,40.5,nM,dissociation,780.0,900.0
mAb-X-SCK,mAb-X,run-1,mAb-X-B1,B1-2539,2539.0,s,30.84098154966322,0.20214301320783987,5.1275370449999835,0.08143653006485532,RU,40.5,nM,dissociation,780.0,900.0
mAb-X-SCK,mAb-X,run-1,mAb-X-B1,B1-2540,2540.0,s,31.137789805788724,-0.1870906086720952,5.246049566015045,-0.1953836670195583,RU,40.5,nM,dissociation,780.0,900.0
mAb-X-SCK,mAb-X,run-1,mAb-X-B1,B1-2541,2541.0,s,30.952327484233972,-0.2455846768281963,5.1362138833417665,0.06881180582614738,RU,40.5,nM,dissociation,780.0,900.0
mAb-X-SCK,mAb-X,run-1,mAb-X-B1,B1-2542,2542.0,s,30.95065162006895,-0.17791949287261452,5.22836933596153,-0.05942572719142669,RU,40.5,nM,dissociation,780.0,900.0
mAb-X-SCK,mAb-X,run-1,mAb-X-B1,B1-2543,2543.0,s,30.496131332460447,-0.0008140686898325905,5.261378242269237,0.18097966245925087,RU,40.5,nM,dissociation,780.0,900.0
mAb-X-SCK,mAb-X,run-1,mAb-X-B1,B1-2544,2544.0,s,30.83506097165216,0.1983898370243533,5.1566892199407315,-0.09572500168697408,RU,40.5,nM,dissociation,780.0,900.0
mAb-X-SCK,mAb-X,run-1,mAb-X-B1,B1-2545,2545.0,s,30.773902637428094,-0.057438761624971545,5.433231179539407,0.33373259924414717,RU,40.5,nM,dissociation,780.0,900.0
mAb-X-SCK,mAb-X,run-1,mAb-X-B1,B1-2546,2546.0,s,30.673784883314962,0.29036612484978985,5.026754676545071,-0.0828069698156473,RU,40.5,nM,dissociation,780.0,900.0
mAb-X-SCK,mAb-X,run-1,mAb-X-B1,B1-2547,2547.0,s,30.93854675179863,-0.12769179229176011,5.008383385734002,-0.06029661612545106,RU,40.5,nM,dissociation,780.0,900.0
mAb-X-SCK,mAb-X,run-1,mAb-X-B1,B1-2548,2548.0,s,30.703370948789765,-0.053171040639507346,5.239661787722215,-0.017975225346589935,RU,40.5,nM,dissociation,780.0,900.0
mAb-X-SCK,mAb-X,run-1,mAb-X-B1,B1-2549,2549.0,s,30.934049454239577,-0.18311956558056958,5.139957141097183,0.03720783610200867,RU,40.5,nM,dissociation,780.0,900.0
mAb-X-SCK,mAb-X,run-1,mAb-X-B1,B1-2550,2550.0,s,30.61206950723945,-0.1304427347388753,5.430210440034877,-0.033327990280806206,RU,40.5,nM,dissociation,780.0,900.0
mAb-X-SCK,mAb-X,run-1,mAb-X-B1,B1-2551,2551.0,s,30.732092232815738,0.05264318620497873,5.1164967622923605,-0.0830206123173154,RU,40.5,nM,dissociation,780.0,900.0
mAb-X-SCK,mAb-X,run-1,mAb-X-B1,B1-2552,2552.0,s,30.9269396709678,0.07528214222769695,5.2212883795244105,0.04785157960388321,RU,40.5,nM,dissociation,780.0,900.0
mAb-X-SCK,mAb-X,run-1,mAb-X-B1,B1-2553,2553.0,s,30.66180122253192,-0.14877776787058042,5.270844033342065,0.342017851301103,RU,40.5,nM,dissociation,780.0,900.0
mAb-X-SCK,mAb-X,run-1,mAb-X-B1,B1-2554,2554.0,s,30.52083832269906,0.16999148099181857,4.995953399371375,0.0005044192549757624,RU,40.5,nM,dissociation,780.0,900.0
mAb-X-SCK,mAb-X,run-1,mAb-X-B1,B1-2555,2555.0,s,30.565118261158382,-0.03593546404250741,4.88080998962703,-0.1988155822862734,RU,40.5,nM,dissociation,780.0,900.0
mAb-X-SCK,mAb-X,run-1,mAb-X-B1,B1-2556,2556.0,s,30.753226973929937,0.060918841065207466,5.039494878398513,-0.03956637107063112,RU,40.5,nM,dissociation,780.0,900.0
mAb-X-SCK,mAb-X,run-1,mAb-X-B1,B1-2557,2557.0,s,30.474391632623856,0.06956411140834774,4.839820230133956,-0.22350183321911005,RU,40.5,nM,dissociation,780.0,900.0
mAb-X-SCK,mAb-X,run-1,mAb-X-B1,B1-2558,2558.0,s,30.527819583926664,-0.05206590361300817,5.071774669288001,0.13378180587910143,RU,40.5,nM,dissociation,780.0,900.0
mAb-X-SCK,mAb-X,run-1,mAb-X-B1,B1-2559,2559.0,s,30.634914111453146,0.15818923172363186,4.950849708595085,-0.08219211225940802,RU,40.5,nM,dissociation,780.0,900.0
mAb-X-SCK,mAb-X,run-1,mAb-X-B1,B1-2560,2560.0,s,30.680154254655708,-0.0790123755812605,5.213251873306127,0.17164478659958712,RU,40.5,nM,dissociation,780.0,900.0
mAb-X-SCK,mAb-X,run-1,mAb-X-B1,B1-2561,2561.0,s,30.417429591777722,-0.2589562913098342,5.256235097683622,-0.30172138311870206,RU,40.5,nM,dissociation,780.0,900.0
mAb-X-SCK,mAb-X,run-1,mAb-X-B1,B1-2562,2562.0,s,30.44607286969757,-0.06539897507873542,5.14608691386409,0.024601819408801823,RU,40.5,nM,dissociation,780.0,900.0
mAb-X-SCK,mAb-X,run-1,mAb-X-B1,B1-2563,2563.0,s,30.415381553233118,0.016237121243927326,4.967714551926583,0.12860192569743517,RU,40.5,nM,dissociation,780.0,900.0
mAb-X-SCK,mAb-X,run-1,mAb-X-B1,B1-2564,2564.0,s,30.57405117867934,0.01060391757067921,5.315207030152794,-0.17724445762187593,RU,40.5,nM,dissociation,780.0,900.0
mAb-X-SCK,mAb-X,run-1,mAb-X-B1,B1-2565,2565.0,s,30.674913559460414,0.1336423406865809,5.198143258373366,-0.04316651124230004,RU,40.5,nM,dissociation,780.0,900.0
mAb-X-SCK,mAb-X,run-1,mAb-X-B1,B1-2566,2566.0,s,30.642986780488574,0.1763124466627549,5.007927637079873,0.015767936273351112,RU,40.5,nM,dissociation,780.0,900.0
mAb-X-SCK,mAb-X,run-1,mAb-X-B1,B1-2567,2567.0,s,30.456911251543858,-0.2068116930145738,5.195738773977056,0.3504618567636616,RU,40.5,nM,dissociation,780.0,900.0
mAb-X-SCK,mAb-X,run-1,mAb-X-B1,B1-2568,2568.0,s,30.669910699179578,0.10577622367972019,5.067986685086162,-0.2134222413471885,RU,40.5,nM,dissociation,780.0,900.0
mAb-X-SCK,mAb-X,run-1,mAb-X-B1,B1-2569,2569.0,s,30.274155986352717,0.13921792898620028,4.982553601135996,-0.0024401989425418117,RU,40.5,nM,dissociation,780.0,900.0
mAb-X-SCK,mAb-X,run-1,mAb-X-B1,B1-2570,2570.0,s,30.657256432428053,-0.08398258059521264,5.0715117200006175,-0.1146560073785192,RU,40.5,nM,dissociation,780.0,900.0
mAb-X-SCK,mAb-X,run-1,mAb-X-B1,B1-2571,2571.0,s,30.54265676124163,-0.07422485998785015,5.08641722472586,0.12959886101140297,RU,40.5,nM,dissociation,780.0,900.0
mAb-X-SCK,mAb-X,run-1,mAb-X-B1,B1-2572,2572.0,s,30.3966738172276,0.08608533120736919,5.153479609287559,-0.12673926068019298,RU,40.5,nM,dissociation,780.0,900.0
mAb-X-SCK,mAb-X,run-1,mAb-X-B1,B1-2573,2573.0,s,30.639866946034743,-0.09041055481359701,5.072749056789666,-0.09177178992265801,RU,40.5,nM,dissociation,780.0,900.0
mAb-X-SCK,mAb-X,run-1,mAb-X-B1,B1-2574,2574.0,s,30.36658411331895,0.05774161852445364,5.434586862241939,-0.024371022466420852,RU,40.5,nM,dissociation,780.0,900.0
mAb-X-SCK,mAb-X,run-1,mAb-X-B1,B1-2575,2575.0,s,30.475434611302813,0.2200268928761638,5.362506357609913,-0.04098734631634025,RU,40.5,nM,dissociation,780.0,900.0
mAb-X-SCK,mAb-X,run-1,mAb-X-B1,B1-2576,2576.0,s,30.487827367036292,0.08120937094620764,5.100250352990815,-0.11888992332067287,RU,40.5,nM,dissociation,780.0,900.0
mAb-X-SCK,mAb-X,run-1,mAb-X-B1,B1-2577,2577.0,s,30.410281790381447,-0.1495920389399015,5.141355060358169,0.10455679557511534,RU,40.5,nM,dissociation,780.0,900.0
mAb-X-SCK,mAb-X,run-1,mAb-X-B1,B1-2578,2578.0,s,30.1914521562547,0.11259060582036727,5.239273462345345,-0.16315312170126736,RU,40.5,nM,dissociation,780.0,900.0
mAb-X-SCK,mAb-X,run-1,mAb-X-B1,B1-2579,2579.0,s,30.27571439532226,-0.07770020860572342,4.983705043913487,0.027934728117107087,RU,40.5,nM,dissociation,780.0,900.0
mAb-X-SCK,mAb-X,run-1,mAb-X-B1,B1-2580,2580.0,s,30.53985538506863,0.06667545492072736,5.0505018836712905,0.23404831010059646,RU,40.5,nM,dissociation,780.0,900.0
mAb-X-SCK,mAb-X,run-1,mAb-X-B1,B1-2581,2581.0,s,30.333167715749436,0.1900021990960433,5.008072292374754,-0.08257001632618913,RU,40.5,nM,dissociation,780.0,900.0
mAb-X-SCK,mAb-X,run-1,mAb-X-B1,B1-2582,2582.0,s,30.201581620482045,-0.1567745792719467,5.196681907666843,0.30111905323577504,RU,40.5,nM,dissociation,780.0,900.0
mAb-X-SCK,mAb-X,run-1,mAb-X-B1,B1-2583,2583.0,s,30.256580192227386,-0.113933386016308,5.061254583611286,-0.19485020599682898,RU,40.5,nM,dissociation,780.0,900.0
mAb-X-SCK,mAb-X,run-1,mAb-X-B1,B1-2584,2584.0,s,30.535836541610863,0.18569956436106586,5.172452343751331,-0.005838139096248157,RU,40.5,nM,dissociation,780.0,900.0
mAb-X-SCK,mAb-X,run-1,mAb-X-B1,B1-2585,2585.0,s,30.235283960328857,-0.17776092017908912,5.277042028105043,-0.19455091616451353,RU,40.5,nM,dissociation,780.0,900.0
mAb-X-SCK,mAb-X,run-1,mAb-X-B1,B1-2586,2586.0,s,30.216687122891543,0.0923658743286115,5.325452812172992,0.1328251240410952,RU,40.5,nM,dissociation,780.0,900.0
mAb-X-SCK,mAb-X,run-1,mAb-X-B1,B1-2587,2587.0,s,30.38705095482164,0.09899198235284294,4.914150236868815,-0.0403590604571844,RU,40.5,nM,dissociation,780.0,900.0
mAb-X-SCK,mAb-X,run-1,mAb-X-B1,B1-2588,2588.0,s,30.370081249937055,-0.09523885125515481,5.264673778577753,0.17256271576919208,RU,40.5,nM,dissociation,780.0,900.0
mAb-X-SCK,mAb-X,run-1,mAb-X-B1,B1-2589,2589.0,s,30.41360996943352,-0.21598515761585727,5.264630330869238,0.17993459215750893,RU,40.5,nM,dissociation,780.0,900.0
mAb-X-SCK,mAb-X,run-1,mAb-X-B1,B1-2590,2590.0,s,30.275258618375247,0.03830155540142462,5.259586859103691,0.07437071039606374,RU,40.5,nM,dissociation,780.0,900.0
mAb-X-SCK,mAb-X,run-1,mAb-X-B1,B1-2591,2591.0,s,30.069814808583338,0.03123052562862708,5.283167892136187,-0.22703399293485993,RU,40.5,nM,dissociation,780.0,900.0
mAb-X-SCK,mAb-X,run-1,mAb-X-B1,B1-2592,2592.0,s,30.353708148893677,-0.25039108388223563,5.28451040418591,0.07896132633138696,RU,40.5,nM,dissociation,780.0,900.0
mAb-X-SCK,mAb-X,run-1,mAb-X-B1,B1-2593,2593.0,s,30.345493957353497,0.06085074645840285,4.957236913694387,0.039955586382642454,RU,40.5,nM,dissociation,780.0,900.0
mAb-X-SCK,mAb-X,run-1,mAb-X-B1,B1-2594,2594.0,s,30.526170483802833,0.09644208091928888,5.282331447772454,0.03436889230650444,RU,40.5,nM,dissociation,780.0,900.0
mAb-X-SCK,mAb-X,run-1,mAb-X-B1,B1-2595,2595.0,s,30.375071200773718,-0.038601320611672596,5.127888343711675,0.022509308249059976,RU,40.5,nM,dissociation,780.0,900.0
mAb-X-SCK,mAb-X,run-1,mAb-X-B1,B1-2596,2596.0,s,30.300679709537928,0.12059496361396227,5.0637331684341245,-0.18271084200219082,RU,40.5,nM,dissociation,780.0,900.0
mAb-X-SCK,mAb-X,run-1,mAb-X-B1,B1-2597,2597.0,s,30.49684546696522,-0.019253334980294832,5.363919334160001,-0.018635374730229262,RU,40.5,nM,dissociation,780.0,900.0
mAb-X-SCK,mAb-X,run-1,mAb-X-B1,B1-2598,2598.0,s,30.09620261282278,-0.0949331542488551,5.066441950679692,-0.09544450142843532,RU,40.5,nM,dissociation,780.0,900.0
mAb-X-SCK,mAb-X,run-1,mAb-X-B1,B1-2599,2599.0,s,30.288915093979917,0.09777138516986403,5.208977659746946,-0.02148923795830853,RU,40.5,nM,dissociation,780.0,900.0
mAb-X-SCK,mAb-X,run-1,mAb-X-B1,B1-2600,2600.0,s,29.98433492541123,0.2407226182101518,4.898462886500185,0.040670226658617414,RU,40.5,nM,dissociation,780.0,900.0
mAb-X-SCK,mAb-X,run-1,mAb-X-B1,B1-2601,2601.0,s,30.16394758316819,0.03171530296179052,5.164222654049041,-0.026718356310148194,RU,40.5,nM,dissociation,780.0,900.0
mAb-X-SCK,mAb-X,run-1,mAb-X-B1,B1-2602,2602.0,s,29.98975669748445,-0.06762253222994083,5.340747976310134,0.0017957451401291956,RU,40.5,nM,dissociation,780.0,900.0
mAb-X-SCK,mAb-X,run-1,mAb-X-B1,B1-2603,2603.0,s,30.014374360686656,0.15170087697116283,5.019634015361212,0.11375968506477789,RU,40.5,nM,dissociation,780.0,900.0
mAb-X-SCK,mAb-X,run-1,mAb-X-B1,B1-2604,2604.0,s,30.289630317150422,-0.19165015142038813,5.183461471863163,-0.27098222352556545,RU,40.5,nM,dissociation,780.0,900.0
mAb-X-SCK,mAb-X,run-1,mAb-X-B1,B1-2605,2605.0,s,29.96621995052227,-0.013206428618254116,5.19852907949075,0.1765383678045933,RU,40.5,nM,dissociation,780.0,900.0
mAb-X-SCK,mAb-X,run-1,mAb-X-B1,B1-2606,2606.0,s,30.09682809772205,0.16293325856718832,5.221941170102601,-0.1262542457056434,RU,40.5,nM,dissociation,780.0,900.0
mAb-X-SCK,mAb-X,run-1,mAb-X-B1,B1-2607,2607.0,s,30.11465608458857,-0.14355133950704305,5.488468964960526,-0.011991517429977701,RU,40.5,nM,dissociation,780.0,900.0
mAb-X-SCK,mAb-X,run-1,mAb-X-B1,B1-2608,2608.0,s,29.96824654356112,-0.06650793323685193,5.134872257889296,-0.12975079507239828,RU,40.5,nM,dissociation,780.0,900.0
mAb-X-SCK,mAb-X,run-1,mAb-X-B1,B1-2609,2609.0,s,30.05065551038362,-0.14339313115484437,4.940621899873774,-0.09882754637963803,RU,40.5,nM,dissociation,780.0,900.0
mAb-X-SCK,mAb-X,run-1,mAb-X-B1,B1-2610,2610.0,s,30.147218058574232,0.04990534528011449,5.234275459301343,-0.20406486497531603,RU,40.5,nM,dissociation,780.0,900.0
mAb-X-SCK,mAb-X,run-1,mAb-X-B1,B1-2611,2611.0,s,30.04855246333915,-0.18845896186369773,5.270579199174566,0.011853362029993082,RU,40.5,nM,dissociation,780.0,900.0
mAb-X-SCK,mAb-X,run-1,mAb-X-B1,B1-2612,2612.0,s,30.00014782411056,-0.07669279351863069,5.181497300567266,0.17508337853899883,RU,40.5,nM,dissociation,780.0,900.0
mAb-X-SCK,mAb-X,run-1,mAb-X-B1,B1-2613,2613.0,s,30.129991747241974,0.10934111997660258,5.352708306114646,0.018264638657653678,RU,40.5,nM,dissociation,780.0,900.0
mAb-X-SCK,mAb-X,run-1,mAb-X-B1,B1-2614,2614.0,s,30.08011685382314,0.053916050826640374,5.166169711617588,-0.10816374736066774,RU,40.5,nM,dissociation,780.0,900.0
mAb-X-SCK,mAb-X,run-1,mAb-X-B1,B1-2615,2615.0,s,29.905826804864112,0.026816773112521355,4.895287471986782,-0.0011116117030372543,RU,40.5,nM,dissociation,780.0,900.0
mAb-X-SCK,mAb-X,run-1,mAb-X-B1,B1-2616,2616.0,s,30.067581109673494,-0.26331679707492256,5.454621088287648,-0.17534017814340022,RU,40.5,nM,dissociation,780.0,900.0
mAb-X-SCK,mAb-X,run-1,mAb-X-B1,B1-2617,2617.0,s,30.041808897911007,-0.32018127784407585,5.100663913992676,-0.0901025316439955,RU,40.5,nM,dissociation,780.0,900.0
mAb-X-SCK,mAb-X,run-1,mAb-X-B1,B1-2618,2618.0,s,30.18526805378456,0.39098324530712525,5.467084533575931,0.07610718007127242,RU,40.5,nM,dissociation,780.0,900.0
mAb-X-SCK,mAb-X,run-1,mAb-X-B1,B1-2619,2619.0,s,29.809025759620173,-0.25183553231170763,5.219775848707088,0.20975806265533214,RU,40.5,nM,dissociation,780.0,900.0
mAb-X-SCK,mAb-X,run-1,mAb-X-B1,B1-2620,2620.0,s,29.907679439170597,0.2823235273297128,4.943452505487655,-0.02562475668003188,RU,40.5,nM,dissociation,780.0,900.0
mAb-X-SCK,mAb-X,run-1,mAb-X-B1,B1-2621,2621.0,s,29.709269051950077,-0.22704735229596232,5.3594970776486734,0.15346462625738722,RU,40.5,nM,dissociation,780.0,900.0
mAb-X-SCK,mAb-X,run-1,mAb-X-B1,B1-2622,2622.0,s,29.867276890032553,-0.051371406598085076,5.277146151815841,0.05513334176916851,RU,40.5,nM,dissociation,780.0,900.0
mAb-X-SCK,mAb-X,run-1,mAb-X-B1,B1-2623,2623.0,s,29.97633314096102,0.17309077540212595,5.19895807560668,-0.016094672880340593,RU,40.5,nM,dissociation,780.0,900.0
mAb-X-SCK,mAb-X,run-1,mAb-X-B1,B1-2624,2624.0,s,29.686193883227723,0.23371660640309966,5.047004984132205,-0.03688792786579833,RU,40.5,nM,dissociation,780.0,900.0
mAb-X-SCK,mAb-X,run-1,mAb-X-B1,B1-2625,2625.0,s,29.737406185751077,-0.1597143534149867,5.472909684283111,0.047311494209687534,RU,40.5,nM,dissociation,780.0,900.0
mAb-X-SCK,mAb-X,run-1,mAb-X-B1,B1-2626,2626.0,s,29.662117777721463,-0.08839752950636601,5.123385407931073,-0.0542646743519166,RU,40.5,nM,dissociation,780.0,900.0
mAb-X-SCK,mAb-X,run-1,mAb-X-B1,B1-2627,2627.0,s,29.958854350655823,-0.20503822876621333,5.244316537974701,0.07599245896494282,RU,40.5,nM,dissociation,780.0,900.0
mAb-X-SCK,mAb-X,run-1,mAb-X-B1,B1-2628,2628.0,s,29.672794805014757,-0.1563101106954124,5.386835270585841,-0.05524557269388796,RU,40.5,nM,dissociation,780.0,900.0
mAb-X-SCK,mAb-X,run-1,mAb-X-B1,B1-2629,2629.0,s,29.663277340225243,-0.06543564079365595,5.088792664621526,-0.0231506172565746,RU,40.5,nM,dissociation,780.0,900.0
mAb-X-SCK,mAb-X,run-1,mAb-X-B1,B1-2630,2630.0,s,29.92323913112727,0.16970580777967245,5.473712130041048,0.054783118453739496,RU,40.5,nM,dissociation,780.0,900.0
mAb-X-SCK,mAb-X,run-1,mAb-X-B1,B1-2631,2631.0,s,29.89328098309658,0.05694271570711635,5.5689070559282365,-0.045737225493322105,RU,40.5,nM,dissociation,780.0,900.0
mAb-X-SCK,mAb-X,run-1,mAb-X-B1,B1-2632,2632.0,s,29.78554932365988,-0.28577879141513884,5.4113901859689575,-0.0824482071126653,RU,40.5,nM,dissociation,780.0,900.0
mAb-X-SCK,mAb-X,run-1,mAb-X-B1,B1-2633,2633.0,s,29.929450261504993,0.022547916665257486,5.009852520069439,0.1137285453505808,RU,40.5,nM,dissociation,780.0,900.0
mAb-X-SCK,mAb-X,run-1,mAb-X-B1,B1-2634,2634.0,s,29.95714958033607,0.08508856353642513,5.206063818230097,-0.09663213153716876,RU,40.5,nM,dissociation,780.0,900.0
mAb-X-SCK,mAb-X,run-1,mAb-X-B1,B1-2635,2635.0,s,29.695169213618712,-0.13435967321386227,5.1627422277318855,0.3278127347943806,RU,40.5,nM,dissociation,780.0,900.0
mAb-X-SCK,mAb-X,run-1,mAb-X-B1,B1-2636,2636.0,s,29.62502011485732,0.0474357616290433,5.27997368462866,-0.07256653631662978,RU,40.5,nM,dissociation,780.0,900.0
mAb-X-SCK,mAb-X,run-1,mAb-X-B1,B1-2637,2637.0,s,29.765912014054468,0.40517583662802953,5.291386139922213,0.13982598115640155,RU,40.5,nM,dissociation,780.0,900.0
mAb-X-SCK,mAb-X,run-1,mAb-X-B1,B1-2638,2638.0,s,29.693413037363342,-0.10692313574669209,5.132494317016675,-0.14842372373668775,RU,40.5,nM,dissociation,780.0,900.0
mAb-X-SCK,mAb-X,run-1,mAb-X-B1,B1-2639,2639.0,s,29.65766070989282,0.20343763632098347,5.398755836284038,-0.1802026613938881,RU,40.5,nM,dissociation,780.0,900.0
mAb-X-SCK,mAb-X,run-1,mAb-X-B1,B1-2640,2640.0,s,30.1110205199623,-0.3111844848303717,5.346502961187894,-0.23628940521755704,RU,40.5,nM,dissociation,780.0,900.0
mAb-X-SCK,mAb-X,run-1,mAb-X-B1,B1-2641,2641.0,s,29.56595856954582,-0.0027286770551435855,5.249173044864918,0.12815929995670708,RU,40.5,nM,dissociation,780.0,900.0
mAb-X-SCK,mAb-X,run-1,mAb-X-B1,B1-2642,2642.0,s,29.948773924243188,0.13794978837221525,5.3552351978846975,0.1129639124823724,RU,40.5,nM,dissociation,780.0,900.0
mAb-X-SCK,mAb-X,run-1,mAb-X-B1,B1-2643,2643.0,s,29.717294225404665,0.28917365324088107,5.1073263103710795,0.09683511187568303,RU,40.5,nM,dissociation,780.0,900.0
mAb-X-SCK,mAb-X,run-1,mAb-X-B1,B1-2644,2644.0,s,30.01612505727494,0.15508344119608825,5.59182493957785,-0.07150648342158471,RU,40.5,nM,dissociation,780.0,900.0
mAb-X-SCK,mAb-X,run-1,mAb-X-B1,B1-2645,2645.0,s,29.821052942760307,0.031200970115686087,5.255867257243243,0.026115074320332304,RU,40.5,nM,dissociation,780.0,900.0
mAb-X-SCK,mAb-X,run-1,mAb-X-B1,B1-2646,2646.0,s,29.60466593753119,-0.053596415562183544,5.126113985734644,0.015744437080146483,RU,40.5,nM,dissociation,780.0,900.0
mAb-X-SCK,mAb-X,run-1,mAb-X-B1,B1-2647,2647.0,s,29.785134913585804,-0.09161419596964611,5.186732847758996,-0.21850031010175588,RU,40.5,nM,dissociation,780.0,900.0
mAb-X-SCK,mAb-X,run-1,mAb-X-B1,B1-2648,2648.0,s,29.772984341737583,-0.14656153001432337,5.278536701643661,0.27814157854740734,RU,40.5,nM,dissociation,780.0,900.0
mAb-X-SCK,mAb-X,run-1,mAb-X-B1,B1-2649,2649.0,s,29.652812512815423,0.11592533421450209,5.484278836280295,-0.11209405709769704,RU,40.5,nM,dissociation,780.0,900.0
mAb-X-SCK,mAb-X,run-1,mAb-X-B1,B1-2650,2650.0,s,29.67533470534371,0.12778248427398467,5.239692755231239,0.19230428131689348,RU,40.5,nM,dissociation,780.0,900.0
mAb-X-SCK,mAb-X,run-1,mAb-X-B1,B1-2651,2651.0,s,29.643589940664544,0.05916800197431896,5.117873667606511,-0.06407950925918296,RU,40.5,nM,dissociation,780.0,900.0
mAb-X-SCK,mAb-X,run-1,mAb-X-B1,B1-2652,2652.0,s,29.794758625276614,-0.1432731129612042,5.1698252446494966,0.20037573930948754,RU,40.5,nM,dissociation,780.0,900.0
mAb-X-SCK,mAb-X,run-1,mAb-X-B1,B1-2653,2653.0,s,29.822581548330213,-0.05767794223542528,5.086554735560376,-0.059414699837084015,RU,40.5,nM,dissociation,780.0,900.0
mAb-X-SCK,mAb-X,run-1,mAb-X-B1,B1-2654,2654.0,s,29.556862430697013,-0.17666864278042335,5.28492716079596,-0.1351111611843146,RU,40.5,nM,dissociation,780.0,900.0
mAb-X-SCK,mAb-X,run-1,mAb-X-B1,B1-2655,2655.0,s,29.606168723719218,0.100718980178642,5.149371075829347,0.18936879218452177,RU,40.5,nM,dissociation,780.0,900.0
mAb-X-SCK,mAb-X,run-1,mAb-X-B1,B1-2656,2656.0,s,29.607934858612268,-0.16076043206516138,5.307752338319346,-0.13897135552702036,RU,40.5,nM,dissociation,780.0,900.0
mAb-X-SCK,mAb-X,run-1,mAb-X-B1,B1-2657,2657.0,s,29.4943788537757,-0.15486369773902967,5.324172168317541,0.15808529070304547,RU,40.5,nM,dissociation,780.0,900.0
mAb-X-SCK,mAb-X,run-1,mAb-X-B1,B1-2658,2658.0,s,29.672993108632113,-0.1261062551252381,5.219214222323472,0.09055874690910146,RU,40.5,nM,dissociation,780.0,900.0
mAb-X-SCK,mAb-X,run-1,mAb-X-B1,B1-2659,2659.0,s,29.543994755033548,-0.0116459226401284,5.446302722267012,0.11791445956531472,RU,40.5,nM,dissociation,780.0,900.0
mAb-X-SCK,mAb-X,run-1,mAb-X-B1,B1-2660,2660.0,s,29.40053915411406,0.12156212908360159,5.0260176218027555,-0.0685162153439489,RU,40.5,nM,dissociation,780.0,900.0
mAb-X-SCK,mAb-X,run-1,mAb-X-B1,B1-2661,2661.0,s,29.554469723074536,-0.16100774190080405,5.321871604804055,0.11330763612594733,RU,40.5,nM,dissociation,780.0,900.0
mAb-X-SCK,mAb-X,run-1,mAb-X-B1,B1-2662,2662.0,s,29.57942039822555,-0.21374557588188767,5.138681712617482,0.0990331335569836,RU,40.5,nM,dissociation,780.0,900.0
mAb-X-SCK,mAb-X,run-1,mAb-X-B1,B1-2663,2663.0,s,29.196817632719764,0.04051938450934319,5.350042463719423,0.02923173646091056,RU,40.5,nM,dissociation,780.0,900.0
mAb-X-SCK,mAb-X,run-1,mAb-X-B1,B1-2664,2664.0,s,29.5844740852944,-0.10896318473215141,5.256671455721473,-0.22219684240872692,RU,40.5,nM,dissociation,780.0,900.0
mAb-X-SCK,mAb-X,run-1,mAb-X-B1,B1-2665,2665.0,s,29.573129108057575,0.15164424400023138,5.292407784088828,-0.01757505463400926,RU,40.5,nM,dissociation,780.0,900.0
mAb-X-SCK,mAb-X,run-1,mAb-X-B1,B1-2666,2666.0,s,29.35038354668123,0.0606682047141155,5.144813529456685,0.05942944811952417,RU,40.5,nM,dissociation,780.0,900.0
mAb-X-SCK,mAb-X,run-1,mAb-X-B1,B1-2667,2667.0,s,29.464187912125794,-0.13540299947405932,5.756498932069128,0.03348730835768752,RU,40.5,nM,dissociation,780.0,900.0
mAb-X-SCK,mAb-X,run-1,mAb-X-B1,B1-2668,2668.0,s,29.70925696993921,0.10821770110559094,5.320749709082783,-0.013321704805546593,RU,40.5,nM,dissociation,780.0,900.0
mAb-X-SCK,mAb-X,run-1,mAb-X-B1,B1-2669,2669.0,s,29.3231242967054,0.09567830604332879,5.336052125039383,-0.14725374223023,RU,40.5,nM,dissociation,780.0,900.0
mAb-X-SCK,mAb-X,run-1,mAb-X-B1,B1-2670,2670.0,s,29.579911782171134,-0.1157817486021349,5.382704866204048,0.3536383710010016,RU,40.5,nM,dissociation,780.0,900.0
mAb-X-SCK,mAb-X,run-1,mAb-X-B1,B1-2671,2671.0,s,29.32085632208985,-0.01566549273277589,5.2667465882492595,0.08970653754913019,RU,40.5,nM,dissociation,780.0,900.0
mAb-X-SCK,mAb-X,run-1,mAb-X-B1,B1-2672,2672.0,s,29.591298435852906,-0.09349577459675663,5.4228575707495175,0.25142118352418397,RU,40.5,nM,dissociation,780.0,900.0
mAb-X-SCK,mAb-X,run-1,mAb-X-B1,B1-2673,2673.0,s,29.296332375620317,0.08568377278717759,5.531387018068822,0.17250515263641553,RU,40.5,nM,dissociation,780.0,900.0
mAb-X-SCK,mAb-X,run-1,mAb-X-B1,B1-2674,2674.0,s,29.344384386126414,-0.18692995472782564,5.079784418435433,-0.24657024274068423,RU,40.5,nM,dissociation,780.0,900.0
mAb-X-SCK,mAb-X,run-1,mAb-X-B1,B1-2675,2675.0,s,29.309202528842096,0.09761511275867868,5.104974241924592,-0.13941655567099792,RU,40.5,nM,dissociation,780.0,900.0
mAb-X-SCK,mAb-X,run-1,mAb-X-B1,B1-2676,2676.0,s,29.590964064135896,-0.12974729348802297,5.129769984784674,-0.2435647445449104,RU,40.5,nM,dissociation,780.0,900.0
mAb-X-SCK,mAb-X,run-1,mAb-X-B1,B1-2677,2677.0,s,29.391741422624296,0.004335306650241592,5.615609989182884,-0.12937563812489714,RU,40.5,nM,dissociation,780.0,900.0
mAb-X-SCK,mAb-X,run-1,mAb-X-B1,B1-2678,2678.0,s,29.437781404888522,0.13272286532528918,5.28723481040197,-0.061582689083360155,RU,40.5,nM,dissociation,780.0,900.0
mAb-X-SCK,mAb-X,run-1,mAb-X-B1,B1-2679,2679.0,s,29.42437422684048,0.12882113670400497,5.435215940065632,-0.07171004023530536,RU,40.5,nM,dissociation,780.0,900.0
mAb-X-SCK,mAb-X,run-1,mAb-X-B1,B1-2680,2680.0,s,29.225694777861012,0.2034013069059286,5.253044650089464,-0.0774750391474445,RU,40.5,nM,dissociation,780.0,900.0
mAb-X-SCK,mAb-X,run-1,mAb-X-B1,B1-2681,2681.0,s,29.158167018504212,-0.06855215503462314,5.500608130277376,-0.06484477403485872,RU,40.5,nM,dissociation,780.0,900.0
mAb-X-SCK,mAb-X,run-1,mAb-X-B1,B1-2682,2682.0,s,29.359718299889394,0.12105185073870091,5.359599992219418,0.09322080012011048,RU,40.5,nM,dissociation,780.0,900.0
mAb-X-SCK,mAb-X,run-1,mAb-X-B1,B1-2683,2683.0,s,29.153815681974407,-0.34160794613902873,5.278966761111059,0.02430625043490108,RU,40.5,nM,dissociation,780.0,900.0
mAb-X-SCK,mAb-X,run-1,mAb-X-B1,B1-2684,2684.0,s,29.52350882247045,-0.19967670560772896,5.495113781456955,-0.15853578491409884,RU,40.5,nM,dissociation,780.0,900.0
mAb-X-SCK,mAb-X,run-1,mAb-X-B1,B1-2685,2685.0,s,29.020164646629965,0.07324542082079585,5.420791716611612,-0.053517885762042756,RU,40.5,nM,dissociation,780.0,900.0
mAb-X-SCK,mAb-X,run-1,mAb-X-B1,B1-2686,2686.0,s,29.49533179318339,0.0010080162783387768,5.313128711115035,0.20465331379030183,RU,40.5,nM,dissociation,780.0,900.0
mAb-X-SCK,mAb-X,run-1,mAb-X-B1,B1-2687,2687.0,s,29.034399127990103,-0.015032000205189378,5.091540462760058,-0.025613327592671015,RU,40.5,nM,dissociation,780.0,900.0
mAb-X-SCK,mAb-X,run-1,mAb-X-B1,B1-2688,2688.0,s,29.271216363530023,-0.17248210147159626,5.365164608970653,0.004069481089468346,RU,40.5,nM,dissociation,780.0,900.0
mAb-X-SCK,mAb-X,run-1,mAb-X-B1,B1-2689,2689.0,s,29.302837092918327,0.07975416822747393,5.44950642035678,-0.13418470846429176,RU,40.5,nM,dissociation,780.0,900.0
mAb-X-SCK,mAb-X,run-1,mAb-X-B1,B1-2690,2690.0,s,29.12257492688484,-0.20849949354848582,5.2953273425914364,-0.08337938654706041,RU,40.5,nM,dissociation,780.0,900.0
mAb-X-SCK,mAb-X,run-1,mAb-X-B1,B1-2691,2691.0,s,28.942026355249325,-0.08790126205325428,5.327785380318943,0.08586060263647964,RU,40.5,nM,dissociation,780.0,900.0
mAb-X-SCK,mAb-X,run-1,mAb-X-B1,B1-2692,2692.0,s,29.1525517206896,0.20909131027296057,5.397539121870085,-0.05089076049236191,RU,40.5,nM,dissociation,780.0,900.0
mAb-X-SCK,mAb-X,run-1,mAb-X-B1,B1-2693,2693.0,s,29.27891310705631,-0.027757702166326254,5.718420414794091,0.18138044650855775,RU,40.5,nM,dissociation,780.0,900.0
mAb-X-SCK,mAb-X,run-1,mAb-X-B1,B1-2694,2694.0,s,29.314498903908255,0.09073373551109015,5.086305344113024,0.14240351357753692,RU,40.5,nM,dissociation,780.0,900.0
mAb-X-SCK,mAb-X,run-1,mAb-X-B1,B1-2695,2695.0,s,29.230195256501958,0.13446923446176767,5.4801579097336,0.03905079920577808,RU,40.5,nM,dissociation,780.0,900.0
mAb-X-SCK,mAb-X,run-1,mAb-X-B1,B1-2696,2696.0,s,29.217668833906863,0.02758421076977431,5.353364315233738,0.03197441556749297,RU,40.5,nM,dissociation,780.0,900.0
mAb-X-SCK,mAb-X,run-1,mAb-X-B1,B1-2697,2697.0,s,28.960436217106736,-0.08465952606381606,5.362439567732396,0.009652550422121705,RU,40.5,nM,dissociation,780.0,900.0
mAb-X-SCK,mAb-X,run-1,mAb-X-B1,B1-2698,2698.0,s,29.22061880187135,0.08140471574366562,5.40829951875036,0.02858795113511456,RU,40.5,nM,dissociation,780.0,900.0
mAb-X-SCK,mAb-X,run-1,mAb-X-B1,B1-2699,2699.0,s,29.269468614919695,0.07618812974307952,5.569301009689865,-0.12278665003496698,RU,40.5,nM,dissociation,780.0,900.0
mAb-X-SCK,mAb-X,run-1,mAb-X-B1,B1-2700,2700.0,s,29.046467087350447,-0.0648511385236023,5.431932677733329,0.09961222249246714,RU,40.5,nM,dissociation,780.0,900.0
